㐀	qiū
㐁	tiàn
㐄	kuà
㐅	wǔ
㐆	yǐn
㐌	yí
㐖	xié
㐜	chóu
㐡	nuò
㐤	dān
㐤	qiú
㐨	xù
㐩	xíng
㐫	xiōng
㐬	liú
㐭	lǐn
㐮	xiāng
㐯	yōng
㐰	xìn
㐱	zhěn
㐲	dài
㐳	wù
㐴	pān
㐵	rú
㐷	mǎ
㐸	cì
㐸	qiàn
㐹	yì
㐺	yín
㐺	zhòng
㐻	nèi
㐼	chèng
㐽	fēng
㑁	zhuō
㑂	fǎng
㑃	ǎo
㑄	wǔ
㑅	zuò
㑇	zhòu
㑈	dòng
㑉	sù
㑊	yì
㑋	qióng
㑌	kuāng
㑌	wāng
㑍	lèi
㑎	nǎo
㑏	zhù
㑐	shū
㑔	xǔ
㑗	shēn
㑘	jiè
㑙	dié
㑚	nuó
㑛	sù
㑜	chì
㑜	yì
㑝	lòng
㑞	yìng
㑟	běng
㑣	lán
㑤	miáo
㑥	yì
㑦	lì
㑧	jì
㑨	yǔ
㑩	luó
㑪	chái
㑮	hún
㑯	xǔ
㑰	huì
㑱	rǎo
㑳	zhòu
㑳	zhū
㑵	hàn
㑶	xì
㑷	tài
㑸	yáo
㑹	huì
㑺	jùn
㑻	mà
㑼	lüè
㑽	táng
㑾	yáo
㑿	zhào
㒀	zhāi
㒀	zhǎ
㒁	yǔ
㒂	zhuó
㒃	èr
㒄	rǎn
㒅	qǐ
㒆	chì
㒇	wǔ
㒈	hàn
㒉	tǎng
㒊	sè
㒋	sī
㒌	qióng
㒍	léi
㒎	sà
㒑	huì
㒑	kuǐ
㒒	pú
㒓	tà
㒔	dú
㒔	shú
㒔	tù
㒕	yāng
㒖	ǒu
㒗	tái
㒙	mián
㒚	wěn
㒚	yìn
㒛	diào
㒜	yǔ
㒝	miè
㒝	wà
㒞	jùn
㒟	niǎo
㒠	xiè
㒡	yóu
㒤	chè
㒥	fēng
㒦	lèi
㒦	lěi
㒧	lì
㒩	luǒ
㒫	jì
㒰	quán
㒲	cái
㒳	liǎng
㒴	gǔ
㒵	mào
㒷	guǎ
㒸	suì
㒻	mào
㒼	mán
㒽	quān
㒾	shì
㒿	lí
㓁	wǎng
㓂	kòu
㓃	dù
㓄	zhèn
㓅	tīng
㓈	bìng
㓉	huò
㓊	dòng
㓋	gòng
㓌	chēng
㓎	qìn
㓎	qīn
㓎	qǐn
㓏	jiǒng
㓐	lù
㓑	xìng
㓓	nán
㓔	xiè
㓖	bì
㓗	jié
㓘	sù
㓚	gōng
㓜	yòu
㓝	xíng
㓞	qià
㓟	pí
㓠	diàn
㓠	diǎn
㓡	fǔ
㓡	guā
㓢	luò
㓣	gē
㓣	qià
㓤	qià
㓥	tāng
㓦	bāi
㓧	gān
㓨	cí
㓩	jiē
㓩	xuān
㓪	lǎng
㓭	shé
㓮	diāo
㓯	lí
㓰	huà
㓱	shū
㓱	tóu
㓲	piān
㓳	dī
㓴	ruǎn
㓵	è
㓶	qiè
㓷	yì
㓸	dōu
㓸	zhuō
㓹	cuì
㓹	jì
㓹	ruì
㓺	jiān
㓺	qián
㓼	chì
㓽	chóng
㓾	chí
㓾	xī
㔀	lüè
㔁	dēng
㔂	lín
㔃	jué
㔃	xuē
㔄	sù
㔅	xiào
㔆	zàn
㔉	zhǔ
㔊	dǎn
㔊	zhǎn
㔋	jiān
㔋	lán
㔌	cǒu
㔌	zòu
㔍	chuā
㔍	zhá
㔎	xiè
㔏	luǒ
㔏	lì
㔑	chì
㔒	xí
㔓	jiǎn
㔕	jí
㔗	bèi
㔗	fèi
㔗	fú
㔘	chù
㔙	bēng
㔚	jié
㔜	bá
㔝	liáng
㔝	liǎng
㔞	kuài
㔠	hé
㔠	xiā
㔡	biē
㔢	jué
㔢	xuē
㔣	léi
㔤	xìn
㔥	bài
㔥	pí
㔦	yǎng
㔧	lǜ
㔨	bèi
㔩	è
㔪	lǔ
㔭	chè
㔮	nuó
㔯	suǎn
㔯	xuán
㔰	héng
㔱	yǔ
㔳	guǐ
㔴	yì
㔵	xuǎn
㔶	gòng
㔶	gǎn
㔷	lòu
㔸	tī
㔹	lè
㔺	shì
㔼	sǔn
㔽	yào
㔾	jié
㔾	xiān
㔿	zòu
㕁	què
㕂	qín
㕂	yín
㕃	xī
㕄	zhǐ
㕅	jiá
㕆	hù
㕇	lā
㕈	yǐ
㕉	kè
㕊	fū
㕋	qín
㕌	ài
㕎	kè
㕏	chú
㕐	xiè
㕐	xiě
㕑	chú
㕒	wēi
㕕	huàn
㕖	sù
㕗	yòu
㕙	jùn
㕚	zhǎo
㕛	xù
㕜	shǐ
㕞	shuā
㕟	kuài
㕟	kuì
㕠	shuāng
㕡	hé
㕢	gài
㕢	hài
㕣	yǎn
㕤	qiú
㕥	shēn
㕦	huà
㕧	xī
㕨	fàn
㕩	pàng
㕪	dǎn
㕫	fēng
㕫	fǎng
㕬	gōng
㕬	sòng
㕭	ào
㕭	āo
㕮	fǔ
㕯	nè
㕰	ma
㕰	xuè
㕱	yóu
㕲	huá
㕲	yíng
㕴	chén
㕵	guó
㕶	ň
㕶	ňg
㕷	huà
㕷	pā
㕸	lì
㕹	fá
㕺	xiāo
㕻	pǒu
㕽	sì
㖀	lè
㖁	lìn
㖂	yì
㖃	hòu
㖃	hǒu
㖅	xù
㖆	qú
㖇	ér
㖊	xún
㖏	niè
㖐	wěi
㖑	xiè
㖒	tí
㖓	hóng
㖔	tǔn
㖕	niè
㖕	xīn
㖖	niè
㖗	yín
㖘	zhēn
㖞	wāi
㖟	shòu
㖠	nuò
㖡	yè
㖢	qí
㖣	tòu
㖤	hán
㖥	jùn
㖦	dǒng
㖧	hūn
㖧	wěn
㖨	lù
㖩	jū
㖩	sǒu
㖪	guó
㖪	huò
㖪	xù
㖫	líng
㖭	tiǎn
㖮	lún
㖵	gé
㖶	yè
㖶	yān
㖶	yīn
㖷	shí
㖷	tí
㖸	niā
㖸	xué
㖹	fèn
㖹	pēn
㖺	chǔn
㖻	niú
㖻	ròu
㖼	duǒ
㖽	zé
㖾	è
㖿	xié
㖿	yé
㗀	yōu
㗁	è
㗂	shěng
㗃	hūn
㗃	wěn
㗄	kū
㗅	hú
㗆	gé
㗇	xiá
㗇	ya
㗈	màn
㗉	lüè
㗉	è
㗊	jí
㗊	léi
㗋	hóu
㗌	zhì
㗏	wāi
㗑	bai
㗒	ài
㗓	zhuī
㗔	qiān
㗕	gòu
㗕	gōu
㗖	dàn
㗗	bēi
㗘	bó
㗙	chū
㗙	nà
㗙	zhōu
㗚	lì
㗛	xiào
㗜	xiù
㗢	dòng
㗢	hòng
㗢	hóng
㗣	tì
㗤	cù
㗥	guō
㗥	kuò
㗦	láo
㗧	dié
㗧	zhì
㗨	xiē
㗨	ǎi
㗩	xī
㗫	qiè
㗬	zhā
㗭	xī
㗰	cóng
㗱	jí
㗲	huò
㗳	dā
㗳	tǎ
㗴	yán
㗵	xù
㗶	pō
㗷	sǎi
㗻	guō
㗼	yè
㗽	xiǎng
㗾	xuē
㗿	hé
㗿	xià
㗿	xiā
㘀	zuò
㘁	yì
㘂	cí
㘄	lēng
㘅	xián
㘆	tǎi
㘇	róng
㘈	nǐ
㘈	yì
㘉	zhì
㘊	xī
㘊	yì
㘋	xián
㘌	jù
㘍	jí
㘎	hǎn
㘐	pào
㘑	lì
㘓	lán
㘔	sǎi
㘕	hǎn
㘕	lán
㘖	yán
㘗	qū
㘙	yán
㘚	hǎn
㘛	kān
㘜	chǐ
㘝	niè
㘞	huò
㘠	bì
㘡	xiá
㘢	wěng
㘣	xuán
㘣	yuán
㘤	wān
㘥	yóu
㘦	qín
㘧	xù
㘨	niè
㘩	bì
㘪	hào
㘫	jǐng
㘬	wù
㘬	ào
㘭	ào
㘰	zhēn
㘱	tān
㘲	jú
㘴	zuò
㘵	bù
㘶	jié
㘷	ài
㘸	zuò
㘸	zàng
㘹	cí
㘺	fá
㘿	niè
㙀	jiù
㙀	liù
㙁	méi
㙁	mù
㙂	duì
㙂	wèng
㙃	bāng
㙄	bì
㙅	bǎo
㙇	chù
㙈	xià
㙉	tiǎn
㙊	cháng
㙊	zhàng
㙍	duō
㙎	wēi
㙏	fù
㙐	duǒ
㙑	yǔ
㙒	yě
㙓	kuí
㙔	hán
㙔	wěi
㙕	kuài
㙗	wēi
㙘	yāo
㙙	lǒng
㙚	xīng
㙛	bǔ
㙜	chí
㙝	xié
㙞	niè
㙟	lǎng
㙠	yì
㙠	yī
㙡	zōng
㙢	mán
㙣	zhàng
㙤	xià
㙥	gùn
㙦	xié
㙨	jì
㙩	liáo
㙪	yì
㙫	jí
㙬	yín
㙮	da
㙮	dā
㙯	yì
㙰	xiè
㙱	hào
㙲	yǒng
㙳	hǎn
㙳	kǎn
㙴	chàn
㙵	tái
㙶	táng
㙷	zhé
㙷	zhí
㙸	bào
㙹	méng
㙺	guì
㙺	kuí
㙻	chán
㙼	lěi
㙾	xì
㚀	xī
㚁	qiào
㚂	nàng
㚃	yūn
㚅	lóng
㚆	fù
㚇	zōng
㚉	gǔ
㚊	kāi
㚋	diāo
㚌	huà
㚍	kuì
㚍	kuǐ
㚏	gǎo
㚐	tào
㚒	shǎn
㚓	lǎi
㚔	niè
㚔	xìng
㚕	fú
㚖	gǎo
㚖	zé
㚗	qié
㚘	bàn
㚘	fú
㚘	hè
㚙	jiā
㚚	kuāng
㚚	kōng
㚛	xì
㚜	xù
㚜	yù
㚝	zhuī
㚞	shěn
㚟	chuò
㚠	xiāo
㚡	jǐ
㚢	nú
㚢	wǔ
㚣	xiáo
㚤	yì
㚥	yú
㚦	yí
㚧	yǎn
㚨	shěn
㚩	rǎn
㚪	hào
㚫	sà
㚬	jūn
㚭	yóu
㚯	xín
㚰	bǐ
㚰	pēi
㚱	qiū
㚲	chān
㚲	diàn
㚲	diǎn
㚴	bù
㚵	dōng
㚶	sì
㚶	yí
㚷	ěr
㚹	liǔ
㚹	mǎo
㚺	yùn
㚻	jī
㚽	qiǎo
㚾	xiōng
㚿	páo
㛀	chú
㛁	pēng
㛂	nuǒ
㛃	jié
㛄	yī
㛅	èr
㛆	duò
㛆	duǒ
㛊	duǒ
㛍	qiè
㛍	xiá
㛍	xiǎn
㛎	lǚ
㛏	qiú
㛐	sǒu
㛑	càn
㛒	dòu
㛓	xī
㛔	fēng
㛔	péng
㛕	yì
㛕	è
㛖	suō
㛗	qiē
㛗	suō
㛗	zuō
㛘	pò
㛙	qiè
㛙	xīn
㛚	tǒng
㛚	yǒng
㛛	xìn
㛜	yóu
㛝	bèi
㛞	lòng
㛣	yún
㛤	lí
㛥	tà
㛦	lǎn
㛧	mǎn
㛨	qiǎng
㛩	zhóu
㛪	yàn
㛪	yān
㛫	xī
㛬	lù
㛭	xī
㛮	sǎo
㛯	fàn
㛯	miǎn
㛯	zhuàn
㛱	wēi
㛱	wěi
㛲	fà
㛳	yì
㛴	nǎo
㛵	chēng
㛶	tàn
㛷	jī
㛸	shù
㛹	pián
㛺	ān
㛻	kuā
㛼	chā
㛼	shà
㛾	xián
㛿	zhì
㜂	fēng
㜃	liàn
㜄	xún
㜅	xù
㜆	mì
㜇	huì
㜇	yè
㜈	mù
㜉	yōng
㜊	zhǎn
㜋	yì
㜌	gòu
㜌	kòu
㜌	nǒu
㜍	táng
㜎	xì
㜎	xī
㜏	yún
㜐	shù
㜑	fú
㜒	yì
㜓	dá
㜕	lián
㜖	cáo
㜗	cān
㜗	sēn
㜘	chá
㜘	jù
㜘	qù
㜙	lù
㜚	sù
㜛	nèn
㜜	ào
㜝	yǎn
㜝	ǎn
㜞	cán
㜞	qiàn
㜠	cuī
㜡	cōng
㜣	rán
㜣	rǎn
㜤	niǎn
㜤	tiǎn
㜤	tán
㜥	mái
㜦	xín
㜧	yuè
㜨	nái
㜩	ào
㜪	shēn
㜫	mà
㜮	làn
㜮	lán
㜯	xī
㜰	yuè
㜱	zhì
㜲	wěng
㜳	huái
㜴	mèng
㜵	niǎo
㜶	wǎn
㜷	mí
㜷	xiǎn
㜸	niè
㜹	qú
㜺	zàn
㜻	liàn
㜼	zhí
㜽	zǐ
㜾	hái
㜿	xù
㝀	hào
㝁	qióng
㝁	xuān
㝂	zhè
㝂	zhì
㝃	miǎn
㝄	chún
㝅	gòu
㝇	chún
㝈	luán
㝉	zhù
㝊	shǒu
㝋	liǎo
㝌	jiù
㝍	xiě
㝎	dìng
㝏	jiè
㝐	róng
㝑	máng
㝓	kè
㝔	yǎo
㝕	níng
㝖	yí
㝗	láng
㝗	lǎng
㝘	yóng
㝙	yín
㝚	yán
㝛	sù
㝝	lín
㝞	yà
㝞	yā
㝟	máo
㝠	míng
㝡	zuì
㝢	yǔ
㝣	yì
㝤	gòu
㝥	mǐ
㝦	jùn
㝧	wěn
㝩	kāng
㝪	diàn
㝫	lóng
㝭	xǐng
㝮	cuì
㝯	qiáo
㝰	mián
㝱	mèng
㝲	qǐn
㝴	wán
㝵	dé
㝵	ài
㝶	ài
㝸	biàn
㝹	nóu
㝺	lián
㝻	jǐn
㝼	yū
㝽	chuí
㝾	zuǒ
㝿	bǒ
㞀	huī
㞁	yào
㞂	tuì
㞂	tuǐ
㞃	jì
㞄	ān
㞅	luò
㞆	jǐ
㞇	wěi
㞈	bō
㞉	zā
㞊	xù
㞋	jí
㞋	niǎn
㞌	yùn
㞎	bǎ
㞎	pā
㞏	jié
㞏	zhé
㞐	jū
㞑	wěi
㞒	xiè
㞒	xì
㞓	jī
㞓	qì
㞔	yí
㞕	xiè
㞖	cì
㞖	cí
㞗	qiú
㞘	dū
㞙	niào
㞚	qì
㞚	zhǎ
㞛	jǐ
㞜	tuī
㞞	sóng
㞟	diàn
㞟	dǐng
㞠	láo
㞡	zhǎn
㞤	cén
㞤	yín
㞥	cén
㞦	jǐ
㞧	huì
㞨	zǐ
㞩	lán
㞪	náo
㞫	jù
㞬	qìn
㞭	dài
㞯	jié
㞰	xǔ
㞱	cōng
㞲	yòng
㞳	dǒu
㞴	chí
㞴	mín
㞶	mǐn
㞷	huáng
㞸	suì
㞹	kě
㞺	zú
㞻	hào
㞼	chéng
㞽	xuè
㞾	ní
㞿	chì
㟀	lián
㟁	àn
㟂	mǔ
㟃	sī
㟄	xiáng
㟅	yáng
㟆	huá
㟇	cuò
㟇	cuó
㟈	qiú
㟉	láo
㟊	fú
㟋	duì
㟌	máng
㟍	láng
㟍	lǎng
㟎	tuǐ
㟎	tuǒ
㟏	hán
㟐	mǎng
㟑	bó
㟒	qūn
㟓	qí
㟔	hán
㟖	lòng
㟖	lóng
㟗	bīn
㟘	tiáo
㟙	zé
㟚	qí
㟛	zàn
㟜	mí
㟝	péi
㟞	zhàn
㟟	xiàng
㟠	gǎng
㟢	qí
㟤	lù
㟥	cēn
㟦	yùn
㟧	è
㟨	duān
㟩	mín
㟪	wēi
㟪	wěi
㟫	quán
㟬	sǒu
㟭	mín
㟮	tū
㟰	mǐng
㟱	yǎo
㟲	jué
㟳	lì
㟴	kuài
㟵	gǎng
㟶	yuán
㟷	da
㟹	láo
㟺	lóu
㟻	qiàn
㟻	zhǎn
㟼	áo
㟽	biāo
㟽	biǎo
㟾	yōng
㟿	máng
㟿	mǎng
㠀	dǎo
㠂	áo
㠄	xí
㠅	fù
㠅	fú
㠆	dān
㠇	jiù
㠈	rùn
㠉	tóng
㠊	qū
㠋	è
㠌	qī
㠍	jí
㠎	jié
㠎	jí
㠏	huá
㠐	jiào
㠑	zuì
㠒	biǎo
㠓	méng
㠔	bài
㠕	wěi
㠖	yǐ
㠗	ào
㠘	yǔ
㠙	háo
㠚	duì
㠛	wò
㠜	nì
㠝	cuán
㠟	lí
㠠	lú
㠡	niǎo
㠢	huái
㠣	lì
㠥	léi
㠥	lěi
㠥	lǜ
㠦	fēng
㠧	mǐ
㠨	yù
㠪	jù
㠭	zhǎn
㠮	gāng
㠮	pēng
㠯	yǐ
㠱	jì
㠱	qǐ
㠲	bǐ
㠴	rèn
㠵	huāng
㠶	fán
㠷	gé
㠸	kù
㠹	jiè
㠺	miáo
㠺	shā
㠼	sī
㠽	tóng
㠾	yuān
㠿	cǐ
㠿	zī
㡀	bì
㡁	kuǎ
㡂	lì
㡃	huāng
㡄	xún
㡅	nuǒ
㡇	jiē
㡇	zhé
㡈	miǎn
㡈	mén
㡈	wèn
㡉	xián
㡊	qià
㡋	yé
㡋	ān
㡌	mào
㡎	shān
㡏	shù
㡏	shū
㡏	tóu
㡏	xū
㡑	jiǎo
㡑	qiāo
㡒	zhūn
㡓	kūn
㡔	wù
㡕	yīng
㡖	chuáng
㡗	tí
㡘	lián
㡘	lín
㡙	bī
㡚	gōu
㡛	máng
㡜	xiè
㡜	xuě
㡝	fèng
㡞	lóu
㡞	lǚ
㡟	zāo
㡠	zhèng
㡡	chú
㡢	màn
㡣	lóng
㡥	yìn
㡦	pīn
㡧	zhèng
㡨	jiān
㡨	qiān
㡩	luán
㡪	nié
㡫	yì
㡭	jì
㡮	jí
㡯	duó
㡯	dù
㡯	zhái
㡰	yǔ
㡱	jiǔ
㡲	huán
㡳	zhǐ
㡴	lā
㡵	líng
㡶	zhǐ
㡷	běn
㡸	chá
㡸	zhà
㡸	zhǎ
㡹	jū
㡺	dàn
㡻	liào
㡼	yì
㡽	zhào
㡾	xiàn
㡿	chì
㢀	cì
㢁	chǐ
㢁	shǐ
㢂	duī
㢂	tuí
㢂	yǎn
㢃	láng
㢄	dòu
㢅	lòng
㢆	chán
㢈	duī
㢈	tuí
㢉	chá
㢊	yǐ
㢊	ǎi
㢋	chǐ
㢍	yǐng
㢎	zhé
㢏	tóu
㢏	yú
㢏	yǔ
㢑	tuí
㢒	chá
㢓	yǎo
㢔	zǒng
㢖	bān
㢖	pān
㢗	qiào
㢘	lián
㢙	qín
㢚	lǔ
㢛	qiān
㢛	yàn
㢜	kàng
㢜	kāng
㢝	sū
㢞	yì
㢟	chān
㢠	jiǒng
㢡	jiǎng
㢣	jìng
㢥	dòng
㢧	juàn
㢨	hàn
㢩	dì
㢬	hóng
㢮	chí
㢯	diāo
㢯	mín
㢰	bì
㢲	xùn
㢳	lú
㢵	shè
㢵	xié
㢶	bì
㢸	bì
㢺	xián
㢻	ruì
㢼	biè
㢽	ěr
㢾	juàn
㣀	zhèn
㣁	bèi
㣂	è
㣃	yǔ
㣄	qú
㣅	zàn
㣆	mí
㣇	yì
㣈	sì
㣌	shàn
㣍	tái
㣎	mù
㣏	jìng
㣐	biàn
㣑	róng
㣒	cèng
㣓	càn
㣔	dīng
㣙	dí
㣙	zhòu
㣚	dòng
㣚	tóng
㣚	tǒng
㣛	huì
㣛	tà
㣜	xíng
㣝	sōng
㣞	duó
㣟	xì
㣠	tóng
㣠	tāo
㣢	tí
㣣	shàn
㣤	jiàn
㣥	zhì
㣦	wēi
㣧	yìn
㣪	huǎn
㣫	dòng
㣫	zhǒng
㣬	qì
㣭	zōng
㣯	xiè
㣰	xiè
㣱	zé
㣲	wéi
㣵	tà
㣶	zhān
㣷	nìng
㣺	xīn
㣻	yì
㣼	rěn
㣽	nù
㣽	shù
㣾	chà
㣿	diǎo
㣿	zhuó
㤁	miǎn
㤂	jí
㤃	fáng
㤄	pèi
㤅	jì
㤅	xì
㤅	ài
㤆	fàn
㤇	ǎo
㤈	qìn
㤉	qiā
㤉	yà
㤊	xiào
㤋	fēn
㤌	gān
㤍	qiāo
㤍	qiǎo
㤎	gē
㤏	tóng
㤐	chān
㤑	yòu
㤒	gāo
㤓	bèn
㤔	fù
㤕	chù
㤕	pò
㤖	zhù
㤘	zhòu
㤚	háng
㤛	nín
㤜	jué
㤝	chōng
㤞	chà
㤞	duó
㤞	zé
㤟	kǒng
㤠	liè
㤡	liè
㤡	lì
㤢	yù
㤤	yú
㤥	hài
㤦	lì
㤧	hóu
㤨	gǒng
㤩	kè
㤪	yuàn
㤫	dé
㤬	huì
㤭	jiāo
㤮	guàng
㤯	jiǒng
㤰	zuò
㤱	dòu
㤱	fù
㤲	qiè
㤳	běi
㤴	chè
㤴	dié
㤴	shè
㤵	cí
㤶	màng
㤶	máng
㤷	hān
㤸	xì
㤹	jiù
㤹	qiú
㤺	huǎng
㤽	chóu
㤾	sàn
㤾	tàn
㤿	yān
㥀	dé
㥀	zhí
㥁	dé
㥂	tè
㥃	mèn
㥄	líng
㥅	shòu
㥆	tuì
㥇	cán
㥈	dié
㥉	chè
㥊	péng
㥊	pēng
㥋	yī
㥌	jú
㥍	jì
㥎	lái
㥏	tiǎn
㥐	yuàn
㥒	cāi
㥒	cǎi
㥓	qī
㥔	yù
㥕	lián
㥖	cōng
㥚	yú
㥚	yǔ
㥛	jí
㥛	kè
㥜	wèi
㥝	mǐ
㥞	suì
㥟	xié
㥠	xū
㥡	chì
㥢	jiū
㥢	qiú
㥣	huì
㥥	yú
㥦	qiè
㥧	shùn
㥨	shuì
㥨	wěi
㥩	duǒ
㥪	lóu
㥬	páng
㥭	tài
㥮	chǎo
㥮	zhòu
㥯	yǐn
㥰	sāo
㥱	fěi
㥲	chēn
㥲	shèn
㥳	yuán
㥴	tí
㥴	yí
㥵	hùn
㥶	qiān
㥶	sè
㥷	yè
㥸	mǐn
㥹	fěn
㥺	hé
㥼	yìn
㥼	yān
㥽	cè
㥽	zé
㥾	nì
㥿	ào
㦀	féng
㦁	lián
㦁	liǎn
㦂	cháng
㦃	chǎn
㦄	má
㦅	chài
㦅	diē
㦅	dì
㦆	hū
㦆	xiā
㦇	lù
㦈	ài
㦉	yì
㦊	huá
㦋	zhā
㦌	hū
㦌	xù
㦍	è
㦎	huò
㦏	sǔn
㦏	xuàn
㦐	nì
㦑	hān
㦑	xiàn
㦒	lí
㦓	rǎn
㦓	xiàn
㦔	yàn
㦕	lóng
㦖	mèn
㦗	jìn
㦗	jīn
㦘	jī
㦚	biǎn
㦛	yú
㦛	yǔ
㦜	huò
㦜	xuè
㦝	miǎo
㦞	chóu
㦟	mái
㦡	lè
㦢	jié
㦣	wèi
㦤	yì
㦥	xiǎn
㦥	xuān
㦦	xì
㦧	cǎn
㦨	lán
㦩	yǐn
㦪	xiè
㦫	zā
㦬	luǒ
㦭	líng
㦮	qián
㦯	huò
㦰	jiān
㦱	wǒ
㦴	gé
㦵	zhū
㦶	dié
㦶	yǒng
㦷	yǒng
㦸	jǐ
㦹	yáng
㦺	rù
㦻	xí
㦼	shuàng
㦽	yù
㦾	yí
㦿	hù
㦿	qiǎn
㧀	jí
㧁	hé
㧁	qù
㧂	tián
㧃	jiū
㧃	shōu
㧄	qiǎn
㧅	dāo
㧅	mù
㧆	jīn
㧇	mǎo
㧈	yǐn
㧉	gài
㧉	hài
㧉	yè
㧊	bá
㧊	pō
㧋	xuǎn
㧌	mào
㧍	bēng
㧍	fǎng
㧎	qiā
㧎	yà
㧎	yá
㧏	gāng
㧐	sǒng
㧑	huī
㧒	yù
㧓	guā
㧔	guài
㧕	liǔ
㧖	è
㧗	jǐ
㧗	zhǐ
㧗	zǐ
㧘	zì
㧙	bié
㧙	bì
㧚	wǎ
㧛	lǎn
㧜	liè
㧟	kuǎi
㧡	hài
㧡	wèi
㧢	yīn
㧣	zhū
㧤	chòng
㧥	xiǎn
㧦	hōng
㧦	xuàn
㧨	qiú
㧩	pèi
㧪	guǐ
㧪	wěi
㧫	ruán
㧫	ruí
㧫	ér
㧬	gǒng
㧭	qióng
㧮	hū
㧯	lǎo
㧰	lì
㧱	chèn
㧲	sǎn
㧳	bāi
㧳	zhuò
㧴	wǒ
㧴	é
㧵	póu
㧶	kēng
㧷	tùn
㧸	pēng
㧹	tè
㧺	tà
㧻	dū
㧻	zhuó
㧻	zú
㧼	biào
㧽	gù
㧾	hū
㨀	bǐng
㨁	zhì
㨁	zhí
㨂	dǒng
㨃	chéng
㨃	duǐ
㨄	tiáo
㨄	zhào
㨄	zhōu
㨅	nèi
㨅	ruì
㨆	lǐn
㨇	pó
㨈	jǐ
㨉	mín
㨉	wěn
㨊	duò
㨊	tuǒ
㨊	wěi
㨋	chě
㨌	gòu
㨍	bāng
㨎	rú
㨏	tān
㨐	bǔ
㨑	zōng
㨒	kuī
㨓	láo
㨔	hàn
㨕	yíng
㨖	zhì
㨗	jié
㨘	xǐng
㨙	xié
㨙	xì
㨚	sǔn
㨚	xún
㨛	shàn
㨛	shǎn
㨜	qián
㨝	xiē
㨞	sù
㨟	hāi
㨠	mì
㨡	hún
㨢	pī
㨤	huì
㨥	nà
㨦	sǒng
㨧	bèn
㨨	chōu
㨨	liù
㨩	jié
㨪	huàng
㨪	huǎng
㨫	lǎn
㨭	hù
㨮	dōu
㨯	huò
㨰	gǔn
㨱	yáo
㨲	cè
㨳	guǐ
㨳	jì
㨴	jiàn
㨵	jiǎn
㨶	dǎo
㨷	jìn
㨸	mà
㨹	huì
㨹	xuě
㨺	miǎn
㨺	mén
㨻	chàn
㨻	cán
㨻	shǎn
㨻	zàn
㨼	lüè
㨽	pì
㨾	yàng
㨿	jù
㩀	jù
㩁	què
㩃	qiān
㩄	shāi
㩆	jiù
㩆	zú
㩇	huá
㩇	huò
㩇	zuó
㩈	yǔn
㩉	dá
㩉	lā
㩉	xié
㩉	xī
㩊	xuān
㩋	sù
㩋	xiāo
㩌	fèi
㩍	cè
㩎	yè
㩐	dèn
㩒	qín
㩓	huǐ
㩔	tún
㩖	qiáng
㩗	xí
㩘	nǐ
㩙	sāi
㩚	méng
㩛	tuán
㩜	lǎn
㩝	háo
㩞	cì
㩟	zhài
㩠	piǎo
㩠	póu
㩠	āo
㩡	luǒ
㩢	miè
㩢	mì
㩤	fū
㩦	xié
㩦	xī
㩧	bó
㩨	huì
㩩	qǐng
㩪	xié
㩭	bó
㩮	qián
㩯	pó
㩰	jiǎo
㩱	jué
㩲	kǔn
㩳	sǒng
㩴	jú
㩴	qú
㩵	è
㩶	niè
㩷	qiān
㩸	dié
㩹	dié
㩻	guì
㩻	guǐ
㩻	qī
㩼	zhī
㩽	chì
㩽	qí
㩽	è
㩾	qí
㩾	zhuì
㩿	kū
㪀	yú
㪁	kān
㪁	qiàn
㪁	qián
㪁	qín
㪂	kū
㪃	hé
㪄	fú
㪅	gèng
㪅	gēng
㪆	dǐ
㪇	xiàn
㪈	guì
㪉	hé
㪊	qún
㪋	hàn
㪋	hě
㪌	tǒng
㪍	bèi
㪍	bó
㪎	nà
㪎	shǎn
㪏	bǐ
㪐	lù
㪑	yè
㪒	ní
㪓	chuái
㪔	sàn
㪕	chuò
㪕	diào
㪖	lù
㪗	tǒu
㪘	liǎn
㪙	kě
㪚	sàn
㪛	zhěn
㪜	chuǎi
㪜	duǒ
㪝	liàn
㪞	mào
㪠	jiān
㪠	qiàn
㪠	qiān
㪡	kài
㪡	kě
㪢	shǎo
㪣	qiāo
㪣	xiāo
㪤	bì
㪥	zhā
㪦	yìn
㪧	xī
㪨	shàn
㪩	sù
㪪	sà
㪫	ruì
㪬	chuō
㪬	zhuó
㪭	lú
㪮	líng
㪯	chá
㪱	huàn
㪴	jiá
㪵	bàn
㪶	hú
㪷	dǒu
㪹	lǒu
㪺	jū
㪻	juàn
㪼	kě
㪽	suǒ
㪾	gé
㪾	luò
㪿	zhé
㫀	dǐng
㫁	duàn
㫂	zhù
㫃	yǎn
㫄	páng
㫅	chá
㫊	yǐ
㫊	ě
㫍	yóu
㫍	yǎo
㫎	gǔn
㫎	huī
㫏	yǎo
㫐	yǎo
㫑	shí
㫑	zhǐ
㫒	gǒng
㫓	qǐ
㫔	gèn
㫗	hòu
㫘	mì
㫙	fú
㫚	hū
㫛	guàng
㫜	tǎn
㫝	dī
㫟	yán
㫢	qù
㫤	chǎng
㫥	mǐng
㫦	tāo
㫧	bào
㫨	ān
㫫	xiǎn
㫯	mào
㫰	làng
㫰	lǎng
㫱	nàn
㫱	nǎn
㫲	bèi
㫳	chén
㫵	fēi
㫶	zhǒu
㫷	jī
㫸	jiē
㫹	shù
㫻	kùn
㫼	dié
㫽	lù
㬂	yú
㬃	tái
㬄	chàn
㬅	màn
㬆	mǐn
㬇	huàn
㬈	wēn
㬉	nuǎn
㬊	huǎn
㬋	hóu
㬌	jìng
㬍	bó
㬎	xiǎn
㬏	lì
㬐	jìn
㬐	zī
㬒	mǎng
㬓	piào
㬔	háo
㬕	yáng
㬗	xiàn
㬘	sù
㬙	wěi
㬚	chè
㬛	xī
㬜	jìn
㬝	céng
㬝	sōng
㬞	hè
㬟	fēn
㬠	shà
㬠	shài
㬡	líng
㬣	duì
㬤	qī
㬥	bó
㬥	pù
㬦	yuè
㬧	bó
㬩	huì
㬪	dié
㬫	yàn
㬬	jù
㬭	jiào
㬮	nàn
㬯	liè
㬰	yú
㬱	tì
㬲	tiān
㬳	wǔ
㬴	hǒng
㬵	xiáo
㬶	hào
㬸	tiāo
㬹	zhēng
㬻	huāng
㬻	huǎng
㬻	hāng
㬼	fù
㬿	tūn
㭁	réng
㭂	jiǎo
㭄	xìn
㭇	yuàn
㭈	jué
㭉	huá
㭋	bàng
㭌	móu
㭎	gāng
㭏	wěi
㭑	mèi
㭒	sì
㭓	biàn
㭔	lú
㭕	qū
㭘	gé
㭘	hé
㭙	zhé
㭚	lǚ
㭛	bà
㭛	pài
㭜	róng
㭝	qiú
㭝	òu
㭞	liè
㭟	gǒng
㭠	xiǎn
㭡	xì
㭡	xìn
㭢	xīn
㭤	niǎo
㭨	xié
㭩	liè
㭪	fū
㭫	cuán
㭫	cuó
㭬	zhuó
㭭	biē
㭭	bèi
㭭	bā
㭮	zuò
㭮	zǎn
㭯	dié
㭯	zhé
㭰	zuī
㭰	zuǐ
㭱	hé
㭲	jí
㭴	jiān
㭸	tú
㭹	xián
㭺	yàn
㭺	yǎn
㭺	ān
㭻	táng
㭼	tà
㭽	dǐ
㭾	jué
㭿	áng
㮀	hán
㮁	xiáo
㮂	jú
㮃	ruí
㮃	wēi
㮄	bǎng
㮅	zhuī
㮆	niè
㮇	tiàn
㮈	nài
㮋	yǒu
㮌	mián
㮏	nà
㮏	nài
㮏	nì
㮐	shěng
㮐	sì
㮑	chā
㮑	qì
㮒	yān
㮒	yīn
㮓	gèn
㮔	chòng
㮔	tóng
㮕	ruǎn
㮖	jiá
㮗	qín
㮘	máo
㮙	è
㮚	lì
㮛	chí
㮛	yí
㮜	zāng
㮝	hé
㮞	jié
㮟	kā
㮟	niǎn
㮡	guàn
㮢	hóu
㮣	gài
㮥	bèn
㮥	fàn
㮦	suǒ
㮦	sè
㮧	wēn
㮧	wū
㮨	jì
㮩	xī
㮪	qióng
㮫	hé
㮫	qià
㮫	xiá
㮬	wēng
㮭	xián
㮮	jié
㮯	huá
㮯	hún
㮰	pí
㮱	shēn
㮲	chōu
㮳	zhèn
㮵	zhān
㮶	shuò
㮷	jī
㮸	sòng
㮹	zhǐ
㮺	běn
㮾	lǎng
㮿	bì
㯀	xuàn
㯁	péi
㯂	dài
㯃	qī
㯄	zhī
㯅	bī
㯅	pí
㯆	chǎn
㯆	shàn
㯇	bì
㯈	sù
㯉	huò
㯊	hén
㯋	jiǒng
㯋	yǐng
㯌	chuán
㯍	jiǎng
㯎	nèn
㯏	gǔ
㯐	fǎng
㯓	dá
㯓	tà
㯔	cuì
㯕	xī
㯖	dé
㯗	xián
㯘	kuǎn
㯙	zhé
㯚	tā
㯛	hú
㯜	cuì
㯝	lù
㯞	juàn
㯟	lù
㯠	qiàn
㯡	pào
㯡	páo
㯢	zhèn
㯤	lì
㯥	cáo
㯥	zāo
㯦	qí
㯩	tì
㯪	líng
㯫	qú
㯬	liǎn
㯭	lǔ
㯮	shú
㯯	dǎn
㯯	gòng
㯯	jù
㯰	zhé
㯱	pāo
㯲	jìn
㯳	qíng
㯶	zōng
㯷	pú
㯸	jǐn
㯹	biǎo
㯺	jiàn
㯻	gǔn
㯽	bīn
㯾	zāo
㯿	liè
㯿	là
㰀	lí
㰁	luǒ
㰂	shěn
㰃	miàn
㰃	mián
㰄	jiàn
㰅	dí
㰅	zhé
㰆	bèi
㰈	liǎn
㰊	xián
㰋	pín
㰌	què
㰍	lóng
㰎	zuì
㰐	jué
㰑	shān
㰒	xué
㰔	xiè
㰖	lǎn
㰗	qí
㰘	yí
㰙	nuó
㰚	lí
㰛	yuè
㰝	yǐ
㰞	chī
㰟	jì
㰟	qì
㰠	hāng
㰡	xiè
㰢	kēng
㰣	zī
㰤	hē
㰤	qiè
㰥	huì
㰥	xì
㰦	qù
㰧	hāi
㰨	xiā
㰩	hāi
㰪	guī
㰫	chān
㰬	xún
㰭	xū
㰮	shèn
㰯	hòu
㰯	kòu
㰯	tòu
㰯	tǒu
㰰	hē
㰰	qiè
㰰	xiā
㰱	shà
㰲	xù
㰲	yū
㰳	yà
㰳	yā
㰴	pǒu
㰵	zú
㰶	yǒu
㰶	ǒu
㰷	zì
㰸	liǎn
㰹	hǎn
㰹	xiàn
㰹	xiān
㰺	xià
㰺	xiá
㰻	hòu
㰻	xī
㰻	yǐ
㰼	qiè
㰼	shà
㰽	yàn
㰾	jiào
㰿	xī
㱀	chǐ
㱁	kuǎn
㱁	shì
㱂	kāng
㱃	yǐn
㱄	hēi
㱄	mò
㱅	yì
㱆	xī
㱇	sè
㱇	xì
㱈	jìn
㱉	yè
㱊	yōu
㱋	què
㱌	chè
㱌	yé
㱍	luán
㱎	kūn
㱏	zhèng
㱔	xiē
㱖	cuì
㱗	xiū
㱘	àn
㱙	guǎ
㱙	xiǔ
㱚	cán
㱛	bù
㱛	chuǎn
㱜	zhá
㱞	lā
㱞	yì
㱟	pī
㱟	pǐ
㱠	gū
㱠	kū
㱡	shēng
㱢	láng
㱣	tuǐ
㱤	xī
㱥	lèng
㱥	líng
㱦	qī
㱧	wò
㱧	yuǎn
㱨	liàn
㱩	dú
㱪	mèn
㱫	làn
㱬	wěi
㱭	duàn
㱮	kuài
㱯	ái
㱰	zǎi
㱱	huì
㱲	yì
㱳	mò
㱴	zì
㱵	fèn
㱶	bēng
㱶	péng
㱸	bì
㱹	lì
㱺	lú
㱻	luò
㱼	hāi
㱽	qín
㱽	zhěn
㱾	gāi
㱾	kāi
㱿	hù
㱿	qiǎng
㱿	què
㲀	chēn
㲀	zhēn
㲁	kōng
㲁	zhōng
㲂	chéng
㲃	jiù
㲄	jué
㲄	kū
㲅	jì
㲆	líng
㲈	sháo
㲈	táo
㲉	què
㲊	ruì
㲋	chuò
㲌	nèng
㲍	zhī
㲎	lóu
㲏	pāo
㲒	bào
㲒	qú
㲓	róng
㲓	shù
㲔	xiān
㲕	lèi
㲖	xiāo
㲗	fū
㲘	qú
㲚	shā
㲛	zhǐ
㲜	tán
㲝	rǒng
㲞	sū
㲞	zú
㲟	yǐng
㲠	máo
㲡	nài
㲢	biàn
㲤	shuāi
㲥	táng
㲦	hàn
㲧	sào
㲨	róng
㲪	dēng
㲫	pú
㲬	jiāo
㲭	tǎn
㲯	rán
㲰	níng
㲱	liè
㲲	dié
㲳	dié
㲳	zhì
㲴	zhòng
㲶	lǜ
㲷	dàn
㲸	xī
㲹	guǐ
㲺	jí
㲻	nì
㲼	chà
㲼	yì
㲽	niàn
㲽	rěn
㲾	yǔ
㲿	wǎng
㳀	guò
㳁	zè
㳂	yán
㳃	cuì
㳄	xián
㳅	jiǎo
㳆	tǒu
㳇	fù
㳈	pèi
㳊	yōu
㳊	zhōng
㳋	qiū
㳌	yā
㳍	bù
㳎	biàn
㳏	shì
㳐	zhá
㳑	yì
㳒	biàn
㳔	duì
㳕	lán
㳖	yī
㳗	chà
㳗	chài
㳘	chōng
㳙	xuàn
㳚	xù
㳛	yóu
㳛	yú
㳜	xiū
㳠	tà
㳡	guō
㳥	lòng
㳦	xiè
㳧	chè
㳧	rè
㳨	jiǎn
㳩	tān
㳪	pì
㳫	zǎn
㳬	xuán
㳭	xián
㳮	niào
㳴	mì
㳵	jì
㳶	nǒu
㳶	rǔ
㳷	hū
㳷	mǐn
㳷	tuì
㳷	wěn
㳸	huā
㳹	wāng
㳹	wǎng
㳺	yóu
㳻	zé
㳼	bì
㳼	yù
㳽	mǐ
㳾	qiāng
㳿	xiè
㴀	fàn
㴀	fān
㴁	yì
㴂	tān
㴃	lèi
㴄	yǒng
㴆	jìn
㴇	máng
㴇	shè
㴈	yìn
㴉	jǐ
㴋	sù
㴎	nài
㴏	wǎng
㴐	miàn
㴐	miǎn
㴑	sù
㴒	yì
㴓	shāi
㴔	jí
㴔	sè
㴔	xī
㴔	yì
㴕	jí
㴖	luò
㴗	yōu
㴘	mào
㴙	zhá
㴙	zhǎ
㴚	suì
㴛	zhì
㴜	biàn
㴝	lí
㴥	qiào
㴦	guàn
㴧	xī
㴨	zhèn
㴩	yōng
㴪	niè
㴫	jùn
㴫	yá
㴬	xiè
㴭	yǎo
㴮	xiè
㴯	zhī
㴰	néng
㴲	sī
㴳	lǒng
㴴	chén
㴵	mì
㴶	hú
㴶	què
㴷	dān
㴸	shǎn
㴼	sù
㴽	xiè
㴾	bó
㴿	dǐng
㵀	zú
㵂	shù
㵃	shé
㵄	hàn
㵄	yù
㵅	tàn
㵅	tān
㵆	gǎo
㵊	nà
㵋	mì
㵌	xún
㵍	mèn
㵎	jiàn
㵏	cuǐ
㵐	jué
㵑	hè
㵒	bì
㵒	fèi
㵒	pài
㵓	shí
㵔	chě
㵕	shèn
㵖	nǜ
㵗	píng
㵘	màn
㵝	yì
㵞	chóu
㵠	kū
㵡	báo
㵢	léi
㵣	kě
㵤	shà
㵥	mì
㵦	suí
㵧	gé
㵧	yì
㵨	bó
㵨	pì
㵩	yì
㵪	xián
㵪	yàn
㵪	yán
㵫	nì
㵬	yíng
㵭	zhǔ
㵮	chún
㵯	féng
㵰	xù
㵱	piǎo
㵲	wǔ
㵳	liáo
㵴	cáng
㵵	jù
㵵	zòu
㵶	zuō
㵷	biàn
㵸	yào
㵹	huán
㵹	mò
㵺	pài
㵻	xiū
㵽	lěi
㵾	jìng
㵾	qìng
㵿	xiào
㶀	jiāo
㶁	guó
㶁	huò
㶄	yán
㶅	xué
㶆	chú
㶆	zhū
㶇	héng
㶈	yíng
㶉	xī
㶌	lián
㶍	xiǎn
㶎	huán
㶏	yīn
㶑	liàn
㶒	shěn
㶒	shǎn
㶒	tàn
㶓	cáng
㶔	bèi
㶕	jiǎn
㶖	shù
㶗	fàn
㶗	fán
㶘	diàn
㶚	bà
㶛	yú
㶞	nǎng
㶟	lěi
㶠	yì
㶡	dài
㶡	huǒ
㶣	chán
㶣	yín
㶤	chǎo
㶥	gān
㶦	jìn
㶧	nèn
㶫	liǎo
㶬	mò
㶭	yǒu
㶯	liù
㶰	hán
㶲	yòng
㶳	jìn
㶴	chǐ
㶵	rèn
㶶	nóng
㶹	hòng
㶺	tiàn
㶼	xī
㶼	āi
㶽	guā
㶾	biāo
㶿	bó
㷀	qióng
㷂	shù
㷃	chuǐ
㷄	huǐ
㷅	chǎo
㷆	fù
㷇	guài
㷇	huī
㷈	è
㷉	wèi
㷊	fén
㷋	tán
㷍	lún
㷎	hè
㷏	yǒng
㷐	huǐ
㷒	yú
㷓	zǒng
㷔	yàn
㷕	qiú
㷖	zhào
㷗	jiǒng
㷘	tái
㷟	tuì
㷠	lín
㷡	jiǒng
㷢	zhǎ
㷣	xīng
㷤	hù
㷤	xuè
㷦	xù
㷪	cuì
㷫	qǐng
㷬	mò
㷮	zāo
㷯	bèng
㷰	chī
㷰	lí
㷳	yàn
㷴	gé
㷵	mò
㷶	bèi
㷷	juǎn
㷸	dié
㷹	shào
㷹	zhào
㷻	wú
㷼	yàn
㷾	jué
㷿	xiān
㸀	tái
㸁	hǎn
㸃	diǎn
㸄	jì
㸅	jié
㸅	jí
㸆	kào
㸇	zuǎn
㸉	xiè
㸊	là
㸊	lài
㸋	fán
㸌	huò
㸍	xì
㸎	niè
㸏	mí
㸐	rán
㸑	cuàn
㸒	jīng
㸒	yín
㸓	mì
㸕	jué
㸖	qū
㸗	tóng
㸘	wàn
㸙	zhē
㸚	lì
㸚	lǐ
㸛	sháo
㸜	kòng
㸝	kǎn
㸝	xiān
㸞	zhé
㸟	zhī
㸠	tiǎo
㸡	shū
㸢	bèi
㸣	yè
㸤	piàn
㸥	chàn
㸦	hù
㸦	jià
㸧	kèn
㸨	jiū
㸩	ān
㸪	chún
㸫	qián
㸬	bèi
㸭	bā
㸮	fén
㸯	kē
㸰	tuó
㸱	tuó
㸲	zuó
㸳	líng
㸵	guǐ
㸶	yān
㸷	shì
㸸	hǒu
㸸	kǒu
㸸	ǒu
㸹	liè
㸹	luō
㸺	shā
㸻	sì
㸽	bèi
㸾	rèn
㸿	dú
㹀	bó
㹁	liáng
㹂	qiǎn
㹃	fèi
㹄	jì
㹅	zǒng
㹆	huī
㹇	hé
㹇	jiān
㹈	lí
㹉	wán
㹉	yuán
㹊	yuè
㹋	xiū
㹌	chǎn
㹌	shèng
㹍	dí
㹎	léi
㹏	jǐn
㹐	chóng
㹑	sì
㹒	pǔ
㹓	yǎo
㹔	jiāng
㹕	huān
㹖	huàn
㹗	tāo
㹘	rù
㹙	wěng
㹚	yíng
㹛	ráo
㹜	yín
㹝	shì
㹞	yá
㹞	yín
㹞	yǐn
㹟	jué
㹟	kuài
㹠	tún
㹡	xuán
㹢	gā
㹢	jiā
㹣	zhōng
㹤	qiè
㹥	zhù
㹦	diāo
㹨	yòu
㹫	yí
㹬	shǐ
㹭	yì
㹮	mò
㹱	què
㹲	xiào
㹲	xiāo
㹳	wú
㹴	gēng
㹵	yǐng
㹶	tíng
㹷	shǐ
㹸	ní
㹹	gēng
㹺	tà
㹻	wēi
㹻	wō
㹼	jú
㹽	chǎn
㹾	jiào
㹾	piǎo
㹿	zhuó
㹿	zhào
㺀	hū
㺀	náo
㺁	nǎo
㺂	gǎn
㺂	yán
㺃	gǒu
㺄	yú
㺄	yǔ
㺅	hóu
㺇	sī
㺈	chī
㺉	hù
㺊	yàng
㺋	wēng
㺌	xiàn
㺍	pín
㺎	róng
㺏	lóu
㺐	lǎo
㺐	sāo
㺑	shàn
㺑	shān
㺑	shǎn
㺑	sāo
㺒	nǎo
㺒	qiāo
㺒	xiào
㺒	xiāo
㺓	zé
㺔	huī
㺔	hài
㺕	biàn
㺕	fán
㺖	hǎn
㺗	chān
㺘	zhàn
㺚	tǎ
㺛	zhù
㺜	nóng
㺝	hàn
㺞	yú
㺟	zhuó
㺠	yòu
㺡	lì
㺢	huò
㺢	huō
㺣	xī
㺤	xiān
㺥	chán
㺦	lián
㺨	sī
㺩	jiù
㺩	qiú
㺪	pú
㺫	qiú
㺬	gǒng
㺭	zǐ
㺮	yú
㺱	réng
㺲	niǔ
㺳	méi
㺴	bā
㺵	jiú
㺷	xù
㺸	píng
㺹	biàn
㺺	mào
㺿	yí
㻀	yú
㻂	píng
㻃	qū
㻄	bǎo
㻅	huì
㻉	bù
㻊	máng
㻋	là
㻌	tú
㻍	wú
㻎	lì
㻏	líng
㻑	jì
㻒	jùn
㻓	zōu
㻔	duǒ
㻕	jué
㻖	dài
㻗	bèi
㻝	là
㻞	bān
㻞	bīn
㻟	suí
㻠	tú
㻡	dié
㻡	xuē
㻧	duò
㻪	suì
㻫	bì
㻬	tū
㻭	sè
㻮	càn
㻯	tú
㻰	miǎn
㻱	jīn
㻲	lǚ
㻵	zhàn
㻶	bǐ
㻷	jí
㻸	zēn
㻹	xuān
㻺	lì
㻽	suì
㻽	xuán
㻾	yōng
㻿	shǔ
㼂	é
㼆	yíng
㼇	qióng
㼈	luó
㼉	zhèn
㼊	tún
㼋	gū
㼋	rǔ
㼌	yǔ
㼍	lěi
㼎	bó
㼏	něi
㼐	pián
㼑	liàn
㼒	tǎng
㼓	lián
㼔	wēn
㼕	dāng
㼖	lì
㼗	tíng
㼘	wǎ
㼙	zhòu
㼚	gāng
㼛	xíng
㼜	àng
㼝	fàn
㼞	bèng
㼞	pèng
㼟	bó
㼠	tuó
㼡	shū
㼢	yí
㼣	bó
㼤	qiè
㼥	kǎo
㼥	tǒu
㼦	gǒng
㼧	tóng
㼨	hán
㼩	chéng
㼩	shèng
㼪	jié
㼫	huà
㼫	huàn
㼬	xìng
㼭	diàn
㼮	chāi
㼮	qì
㼯	dòng
㼰	pí
㼱	jùn
㼱	ruǎn
㼲	liè
㼳	shěng
㼴	ǒu
㼵	dì
㼶	yú
㼷	chuán
㼷	zhuān
㼸	róng
㼹	huāng
㼹	kāng
㼺	táng
㼻	cóng
㼼	piáo
㼽	chuǎng
㼽	shuǎng
㼾	lù
㼿	tóng
㼿	zhòng
㽀	zhèng
㽁	lì
㽂	sà
㽃	pān
㽄	sī
㽆	dāng
㽇	hú
㽈	yì
㽉	xiàn
㽊	xiè
㽋	luó
㽌	liù
㽎	tán
㽎	xīn
㽏	gàn
㽑	tán
㽕	yóu
㽖	nán
㽘	gǎng
㽙	jùn
㽚	chì
㽛	gōu
㽛	qú
㽜	wǎn
㽝	lì
㽞	liú
㽟	liè
㽠	xiá
㽡	bēi
㽢	ǎn
㽣	yù
㽤	jú
㽥	róu
㽦	xún
㽧	zī
㽨	cuó
㽩	càn
㽪	zěng
㽫	yōng
㽬	fù
㽬	pì
㽭	ruǎn
㽯	xí
㽰	shù
㽱	jiū
㽱	jiǎo
㽱	niú
㽲	jiǎo
㽲	xiǔ
㽳	xū
㽴	zhàng
㽷	shuì
㽸	chén
㽹	fàn
㽹	fǎn
㽺	jí
㽻	zhī
㽽	gù
㽾	wù
㾀	qiè
㾀	qǔ
㾁	shù
㾂	hāi
㾃	tuó
㾄	chóu
㾄	dú
㾅	zǐ
㾆	rán
㾇	mù
㾈	fù
㾉	líng
㾊	cì
㾊	jí
㾊	sè
㾋	xiù
㾋	xiū
㾌	xuǎn
㾍	nái
㾎	xiā
㾎	yā
㾏	jiè
㾏	yá
㾐	lì
㾑	da
㾑	dá
㾑	hè
㾒	rù
㾒	rú
㾓	yuān
㾔	lǚ
㾕	shěn
㾖	lǐ
㾗	liàng
㾘	gěng
㾙	xì
㾙	xìn
㾚	xiē
㾛	qǐn
㾜	qiè
㾝	chè
㾞	yóu
㾟	bù
㾠	kuáng
㾡	què
㾢	ài
㾣	qīn
㾤	qiāng
㾥	chù
㾦	pèi
㾦	pēi
㾧	kuò
㾧	luǒ
㾨	qǐ
㾨	yī
㾨	ǎi
㾩	guāi
㾪	shěng
㾫	piān
㾭	zhòu
㾮	huáng
㾯	huī
㾯	tuí
㾰	hú
㾱	bèi
㾴	zhā
㾵	jì
㾶	gǔ
㾷	xī
㾸	gǎo
㾹	chái
㾹	chí
㾹	zhài
㾺	mà
㾻	chú
㾻	zhù
㾼	tuǐ
㾽	tuí
㾽	zhuì
㾾	lián
㾾	xiān
㾿	láng
㿃	dài
㿃	zhì
㿄	ài
㿅	xiǎn
㿆	guō
㿇	xì
㿇	xí
㿉	tuǐ
㿊	cǎn
㿋	sào
㿌	xiān
㿍	jiè
㿎	fèn
㿎	fén
㿏	qún
㿑	yào
㿒	chóu
㿒	dǎo
㿒	zhòu
㿓	jiá
㿔	lěi
㿕	yán
㿖	lù
㿖	lú
㿗	tuí
㿘	yíng
㿙	pì
㿚	luò
㿛	lì
㿜	biě
㿞	mào
㿟	bái
㿠	huàng
㿢	yào
㿣	hē
㿤	chǔn
㿥	hé
㿦	nìng
㿧	chóu
㿨	lì
㿩	tǎng
㿪	huán
㿫	bì
㿬	bā
㿭	chè
㿭	lè
㿮	yàng
㿯	dá
㿰	bì
㿰	áo
㿱	xué
㿳	zī
㿴	dā
㿵	rǎn
㿶	bāng
㿷	cuó
㿷	cāo
㿸	mán
㿸	wǎn
㿹	tà
㿺	báo
㿻	gān
㿼	yán
㿽	xī
㿾	zhù
㿿	yǎ
䀀	fàn
䀁	yòu
䀂	ān
䀃	tuí
䀄	méng
䀅	shè
䀆	jìn
䀇	gǔ
䀈	jì
䀉	qiáo
䀊	jiǎo
䀋	yán
䀌	xì
䀍	kàn
䀎	miǎn
䀏	xuàn
䀏	xún
䀐	shān
䀑	wò
䀒	qiān
䀓	huàn
䀔	rèn
䀕	zhèn
䀖	tiān
䀗	jué
䀗	xuè
䀘	jī
䀘	xié
䀙	qì
䀚	áng
䀛	mà
䀛	mèi
䀛	wù
䀜	gǔ
䀞	tāo
䀟	fán
䀠	jù
䀡	chàn
䀡	diān
䀡	tàn
䀢	shùn
䀣	bì
䀣	mà
䀤	mào
䀥	shuò
䀦	gǔ
䀧	hǒng
䀨	guā
䀨	huà
䀩	luò
䀪	háng
䀫	jiá
䀫	tǔn
䀬	quán
䀭	gāi
䀮	huāng
䀯	bǔ
䀰	gǔ
䀱	fēng
䀲	mù
䀳	ài
䀴	kēng
䀴	yà
䀴	yǐng
䀵	shùn
䀶	liàng
䀶	lǎng
䀷	jié
䀸	chì
䀹	jiá
䀹	jié
䀹	shè
䀹	yà
䀹	zhǎ
䀺	chōu
䀺	tāo
䀻	pìng
䀼	chēn
䀼	rèn
䀽	yán
䀾	dǔ
䀿	dì
䁁	liàng
䁂	xiàn
䁃	biāo
䁄	xìng
䁅	mèng
䁅	měng
䁆	yè
䁇	mì
䁈	qì
䁉	qì
䁊	wò
䁋	xiè
䁋	zhé
䁌	yù
䁍	kān
䁍	qià
䁎	chéng
䁎	chēng
䁎	tíng
䁏	yǎo
䁐	yìng
䁐	yīng
䁑	yáng
䁒	jí
䁒	zí
䁓	jiè
䁓	zōng
䁓	zǒng
䁔	hàn
䁔	xuān
䁕	mín
䁖	lōu
䁗	kǎi
䁘	yǎo
䁙	yǎn
䁚	qióng
䁚	sǔn
䁛	guì
䁜	huàng
䁜	huǎng
䁝	yíng
䁝	yǐng
䁞	shěng
䁟	chá
䁠	lián
䁢	xuán
䁣	chuán
䁤	chè
䁤	huǐ
䁤	zhé
䁥	nì
䁦	qù
䁧	miáo
䁨	huò
䁩	yú
䁪	zhǎn
䁫	hú
䁫	méng
䁬	céng
䁭	biāo
䁮	qián
䁯	xié
䁯	xī
䁰	jiǎng
䁱	kōu
䁲	mái
䁳	mǎng
䁴	shǎn
䁴	zhǎn
䁵	biǎn
䁵	huán
䁶	jiǎo
䁶	jī
䁷	jué
䁷	wù
䁸	náng
䁸	nǒng
䁹	bì
䁺	shì
䁺	yì
䁻	lì
䁻	shuò
䁼	mò
䁽	liè
䁾	miè
䁿	mò
䂀	xī
䂁	chán
䂂	qú
䂃	jiào
䂄	huò
䂅	xiān
䂆	xù
䂇	niǔ
䂈	tóng
䂉	hóu
䂊	yù
䂌	chōng
䂍	bó
䂎	cuān
䂎	zuǎn
䂏	diāo
䂐	zhuō
䂑	jī
䂒	qià
䂔	xìng
䂕	huì
䂖	shí
䂗	kū
䂙	duī
䂚	yáo
䂛	yú
䂜	bàng
䂝	jié
䂞	zhè
䂟	jiā
䂠	shǐ
䂡	dǐ
䂢	dǒng
䂣	cí
䂤	fù
䂥	mín
䂦	zhēn
䂦	zhěn
䂧	zhěn
䂩	qìng
䂩	yàn
䂪	diào
䂪	qiǎo
䂫	hóng
䂫	hāng
䂬	gǒng
䂭	qiāo
䂮	lüè
䂯	guài
䂰	là
䂱	ruì
䂲	fǎ
䂳	chǎ
䂳	cuǒ
䂴	yán
䂵	gōng
䂶	jié
䂷	guāi
䂸	guó
䂹	suǒ
䂺	kē
䂺	wǒ
䂻	zhèng
䂼	niè
䂽	diào
䂾	lǎi
䂿	tà
䃀	cuì
䃁	yā
䃂	gǔn
䃅	dī
䃇	mián
䃈	jiē
䃉	mín
䃊	jǔ
䃋	yú
䃌	yīn
䃌	zhēn
䃍	zhào
䃎	zhà
䃎	zhǎ
䃏	xīng
䃑	bān
䃑	pán
䃒	hé
䃓	gòu
䃓	gōu
䃔	hóng
䃔	qióng
䃕	luò
䃕	láo
䃖	wù
䃗	bō
䃗	zhuó
䃘	kēng
䃙	lù
䃚	cù
䃚	zú
䃛	lián
䃜	yī
䃝	qiào
䃞	shú
䃠	xuàn
䃡	jīn
䃡	qín
䃢	qīn
䃣	huǐ
䃤	sù
䃥	chuáng
䃦	dūn
䃧	lóng
䃩	náo
䃪	tán
䃫	dǎn
䃬	kuǐ
䃬	lěi
䃬	wěi
䃭	gǎn
䃮	dá
䃯	lì
䃰	cā
䃱	xiàn
䃲	pán
䃳	liè
䃳	là
䃴	zhū
䃵	niǎo
䃶	guài
䃶	guī
䃶	huái
䃷	yíng
䃸	jīn
䃸	xiàn
䃹	làn
䃺	mó
䃻	bà
䃽	fú
䃽	guǐ
䃽	zhī
䃾	bǐ
䃿	fū
䄀	huò
䄁	yì
䄂	liù
䄃	yāng
䄄	yīn
䄅	juàn
䄆	huàn
䄆	huó
䄇	chéng
䄈	dòu
䄈	xiáng
䄉	é
䄋	yàn
䄋	yǎn
䄌	chuò
䄌	zhuì
䄍	zhà
䄎	qǐ
䄏	yú
䄐	quàn
䄑	huó
䄒	niè
䄓	huáng
䄔	jǔ
䄕	shè
䄘	péng
䄙	míng
䄚	cáo
䄛	lóu
䄜	chī
䄜	lí
䄝	chuāng
䄟	cuī
䄠	shàn
䄡	dān
䄢	qí
䄤	lài
䄤	lǎn
䄥	líng
䄦	liǎo
䄧	réng
䄨	yú
䄩	yì
䄪	diǎo
䄫	qǐ
䄬	yí
䄭	nián
䄮	fū
䄯	jiǎn
䄰	yá
䄱	fāng
䄲	ruì
䄳	xiān
䄶	bì
䄶	bó
䄷	shí
䄸	pò
䄹	nián
䄺	tí
䄺	zhì
䄻	cháo
䄻	tiāo
䄻	táo
䄼	tiǎn
䄽	tiǎn
䄾	rù
䄾	rǒng
䄿	yì
䅀	liè
䅁	àn
䅂	hé
䅃	jiòng
䅃	qióng
䅄	lì
䅅	guī
䅅	wā
䅆	zì
䅇	sù
䅈	yuàn
䅉	yà
䅊	chá
䅋	wǎn
䅌	juān
䅍	tǐng
䅎	yǒu
䅏	huì
䅐	jiǎn
䅑	ruí
䅒	máng
䅓	jǔ
䅔	zī
䅕	jū
䅖	yè
䅖	yān
䅖	yǎn
䅖	ān
䅖	ǎn
䅗	suì
䅘	lái
䅙	hùn
䅚	quǎn
䅛	chāng
䅜	chuí
䅜	duò
䅜	tuǒ
䅝	kōng
䅞	nè
䅟	cǎn
䅠	tí
䅡	xǔ
䅢	jiù
䅣	huáng
䅤	qì
䅥	gé
䅥	jié
䅦	máo
䅧	yìn
䅧	yān
䅩	qí
䅩	zhǐ
䅪	tuí
䅬	ài
䅭	páng
䅮	càng
䅯	táng
䅰	ěn
䅱	hùn
䅲	qí
䅳	chú
䅳	zōu
䅴	suǒ
䅵	zhuó
䅶	nòu
䅷	chú
䅷	tú
䅸	shēn
䅸	zú
䅹	lǒu
䅺	biāo
䅺	miǎo
䅻	lí
䅼	màn
䅼	mán
䅽	gǔ
䅽	xīn
䅾	cén
䅾	qián
䅿	huá
䅿	huáng
䆀	měi
䆁	gāo
䆂	lián
䆃	dào
䆄	zhǎn
䆅	zī
䆈	zhì
䆉	bà
䆊	cuì
䆊	mèi
䆋	qiū
䆍	lóng
䆎	xiān
䆏	fèi
䆏	fèn
䆐	guó
䆑	chéng
䆒	jiù
䆓	ruǎn
䆓	è
䆔	chōng
䆕	yuè
䆖	hóng
䆗	yǎo
䆘	yā
䆘	zā
䆙	yáo
䆚	dòng
䆚	tóng
䆛	zhà
䆜	yòu
䆝	xuè
䆝	zhú
䆞	yǎo
䆟	kè
䆟	āo
䆠	huàn
䆡	láng
䆢	yuè
䆣	chén
䆦	shèn
䆨	níng
䆩	míng
䆪	hōng
䆫	chuāng
䆬	yǔn
䆭	xuān
䆮	jìn
䆯	zhuó
䆰	yū
䆱	tān
䆲	kāng
䆳	qióng
䆵	chéng
䆶	jiū
䆷	xuè
䆸	zhēng
䆹	chōng
䆹	tǒng
䆺	pān
䆻	qiào
䆽	qú
䆾	làn
䆾	lán
䆿	yì
䇀	róng
䇁	sī
䇂	qiān
䇃	sì
䇅	fá
䇇	méng
䇈	huà
䇋	hài
䇌	qiào
䇍	chù
䇍	qì
䇎	què
䇏	duì
䇐	lì
䇑	bà
䇑	pī
䇒	jiè
䇓	xū
䇔	luò
䇔	nuò
䇖	yǔn
䇗	zhōng
䇘	hù
䇙	yǐn
䇚	pū
䇛	zhǐ
䇜	qiàn
䇜	qiǎn
䇞	gān
䇞	gǎn
䇟	jiàn
䇠	zhù
䇡	zhù
䇢	gù
䇢	kǔ
䇣	niè
䇤	ruì
䇥	zé
䇦	yīng
䇦	ǎng
䇧	jī
䇧	zhì
䇨	gòng
䇨	xiáng
䇩	yè
䇩	yì
䇪	chī
䇫	jī
䇬	chuǎng
䇬	shū
䇬	zhū
䇭	lǎo
䇮	rèn
䇯	róng
䇰	zhēng
䇱	nà
䇲	cè
䇵	yí
䇶	jué
䇶	wò
䇷	bié
䇸	chéng
䇸	tīng
䇹	jùn
䇺	dòu
䇻	wěi
䇼	yì
䇽	zhé
䇽	zhì
䇾	yán
䈀	sān
䈁	lún
䈂	píng
䈃	zhǎo
䈄	hán
䈅	yù
䈆	dài
䈇	zhào
䈈	bā
䈈	féi
䈉	qiè
䈉	shà
䈊	líng
䈋	tà
䈌	qū
䈍	máng
䈍	méng
䈎	yè
䈏	báo
䈏	fú
䈐	guì
䈑	guǎ
䈒	lǎn
䈒	nǎn
䈓	gé
䈓	qià
䈕	jī
䈕	shí
䈕	tí
䈕	yí
䈖	kē
䈗	suǒ
䈘	cí
䈙	zhòu
䈚	tái
䈛	kuài
䈜	qìn
䈝	xū
䈞	dǔ
䈟	cè
䈟	zhá
䈠	huǎn
䈠	yuàn
䈡	cōng
䈡	sōng
䈢	sǎi
䈢	xǐ
䈣	zhèng
䈤	qián
䈥	jīn
䈦	zōng
䈧	wěi
䈪	xì
䈫	nà
䈬	pú
䈭	huái
䈭	sōu
䈮	jù
䈯	zhēn
䈰	shāo
䈱	tāo
䈲	bān
䈲	pán
䈳	tà
䈴	qiàn
䈵	wēng
䈶	róng
䈷	luò
䈸	hú
䈹	sǒu
䈺	zhōng
䈻	pú
䈼	miè
䈼	mì
䈽	jīn
䈾	shuò
䈾	shāo
䈿	mì
䉀	shù
䉁	líng
䉂	lěi
䉃	jiǎng
䉄	léng
䉅	zhì
䉆	diǎo
䉈	sǎn
䉉	gū
䉉	hú
䉊	fàn
䉋	mèi
䉌	suì
䉍	jiǎn
䉎	táng
䉏	xiè
䉐	kū
䉑	wú
䉒	fán
䉓	luò
䉔	cān
䉕	céng
䉖	líng
䉗	yī
䉘	cóng
䉙	yún
䉚	méng
䉛	yù
䉛	ǎo
䉜	zhì
䉝	yǐ
䉞	dǎn
䉟	huò
䉠	wéi
䉡	tán
䉢	sè
䉣	xiè
䉤	sǒu
䉥	sǒng
䉦	qiān
䉧	liú
䉧	liǔ
䉨	yì
䉪	lèi
䉫	lí
䉬	fèi
䉭	liè
䉮	lìn
䉯	xiàn
䉰	jiǎo
䉰	xiào
䉱	ōu
䉲	mí
䉳	xiān
䉳	xiǎn
䉴	ráng
䉵	zhuàn
䉶	shuāng
䉷	yán
䉸	biàn
䉹	líng
䉺	hóng
䉻	qí
䉼	liào
䉽	bǎn
䉾	bì
䉿	hú
䊀	hú
䊂	cè
䊂	sè
䊃	pèi
䊄	qióng
䊅	míng
䊆	jiù
䊆	qiǔ
䊇	bù
䊈	méi
䊉	sǎn
䊊	wèi
䊍	lí
䊎	quǎn
䊎	qún
䊐	hún
䊑	xiǎng
䊓	shì
䊔	yíng
䊖	nǎn
䊗	huáng
䊘	jiù
䊙	yān
䊛	sà
䊜	tuán
䊝	xiè
䊞	chè
䊞	zhé
䊟	mén
䊠	xì
䊡	mán
䊣	huáng
䊤	dàn
䊤	tán
䊥	xiào
䊦	yè
䊧	bì
䊨	luó
䊩	fán
䊪	lì
䊫	cuǐ
䊬	chuā
䊭	chóu
䊭	dào
䊮	dí
䊯	kuàng
䊰	chú
䊱	xiān
䊲	chàn
䊲	chǎn
䊳	mí
䊳	mó
䊴	qiàn
䊵	qiú
䊶	zhèn
䊺	hù
䊻	gān
䊼	chǐ
䊽	guài
䊽	jué
䊾	mù
䊿	bó
䋀	huà
䋁	gěng
䋂	yáo
䋃	mào
䋄	wǎng
䋈	nǎ
䋈	rú
䋉	xué
䋊	zhēng
䋋	mín
䋌	jiǎng
䋎	zhàn
䋏	zhà
䋏	zuó
䋐	yuè
䋑	liè
䋓	zhòu
䋔	bì
䋕	rèn
䋖	yù
䋘	chuò
䋙	ěr
䋚	yì
䋛	mǐ
䋜	qìng
䋞	wǎng
䋟	jì
䋠	bǔ
䋢	biē
䋣	fán
䋣	pó
䋤	yuè
䋥	lí
䋦	fán
䋧	qú
䋨	fǔ
䋩	ér
䋪	ē
䋫	zhēng
䋬	tiān
䋭	yù
䋮	jìn
䋯	qǐ
䋰	jú
䋱	lái
䋲	chě
䋳	běi
䋴	niù
䋵	yè
䋵	yì
䋶	xié
䋶	xǔ
䋷	móu
䋸	xún
䋹	fú
䋻	nín
䋼	tīng
䋼	yíng
䋽	běng
䋾	nà
䋾	zhǎ
䋿	wēi
䌀	kē
䌁	yāo
䌂	òu
䌃	shuò
䌃	xiāo
䌄	gěng
䌅	táng
䌆	guì
䌇	huì
䌈	tà
䌈	tā
䌊	yáo
䌋	dā
䌌	qì
䌍	jǐn
䌎	lüè
䌏	mì
䌐	mì
䌑	jiān
䌒	lù
䌓	fán
䌔	ōu
䌕	mí
䌖	jié
䌗	fǔ
䌘	biè
䌘	bì
䌙	huàng
䌚	sū
䌛	yáo
䌜	niè
䌝	jìn
䌝	jīn
䌞	liǎn
䌟	bì
䌟	bó
䌠	jiān
䌡	tǐ
䌢	líng
䌣	zuǎn
䌤	shī
䌤	zhǐ
䌥	yǐn
䌦	dào
䌧	chóu
䌨	cài
䌨	cā
䌩	miè
䌪	yǎn
䌫	lǎn
䌬	chóng
䌭	jiāo
䌮	shuāng
䌯	guàn
䌯	quán
䌯	quān
䌰	niè
䌱	luò
䌳	shī
䌴	luò
䌵	zhú
䌷	chōu
䌸	juàn
䌹	jiǒng
䌺	ěr
䌻	yì
䌼	ruì
䌽	cǎi
䌾	rén
䌿	fú
䍀	lán
䍁	suì
䍂	yú
䍃	yóu
䍄	diǎn
䍅	líng
䍆	zhù
䍇	tà
䍈	píng
䍉	zhǎi
䍊	jiāo
䍋	chuí
䍌	bù
䍍	kòu
䍎	cùn
䍎	xiǎn
䍐	hǎn
䍑	hǎn
䍒	mǒu
䍓	hù
䍔	gōng
䍕	dī
䍕	dǐ
䍖	fú
䍗	xuàn
䍘	mí
䍙	méi
䍙	mǒu
䍚	làng
䍛	gù
䍜	zhào
䍝	tà
䍞	yù
䍟	zòng
䍠	lí
䍡	lù
䍢	wú
䍣	léi
䍤	jǐ
䍥	lì
䍦	lí
䍨	fèi
䍨	pō
䍩	yǎng
䍪	wà
䍫	tuó
䍬	pēng
䍮	zhào
䍯	guǐ
䍱	xú
䍲	nái
䍳	chuò
䍳	jué
䍳	què
䍴	wěi
䍵	zhēng
䍶	dōng
䍷	wěi
䍸	bó
䍺	huàn
䍻	xuàn
䍼	cán
䍼	zān
䍽	lì
䍾	yǎn
䍿	huáng
䎀	xuè
䎁	hú
䎂	bǎo
䎃	rǎn
䎄	tiáo
䎄	xiāo
䎅	pò
䎆	liào
䎇	zhōu
䎈	yì
䎉	xù
䎊	luò
䎊	pò
䎋	kào
䎌	chù
䎎	nà
䎏	hán
䎐	chǎo
䎑	lù
䎒	zhǎn
䎓	tà
䎔	fū
䎕	hōng
䎖	zēng
䎗	qiáo
䎘	sù
䎙	pīn
䎚	guàn
䎜	hūn
䎝	chú
䎟	ér
䎠	nuò
䎠	ér
䎡	ruǎn
䎢	qǐ
䎣	sì
䎤	jú
䎦	yǎn
䎧	bàng
䎧	póu
䎨	yè
䎨	àn
䎩	zī
䎪	nè
䎫	chuàng
䎬	bà
䎭	cāo
䎮	tì
䎯	hàn
䎯	hǎn
䎰	zuó
䎱	bà
䎱	bēi
䎲	zhé
䎳	wà
䎴	gēng
䎴	shèng
䎵	bì
䎶	èr
䎷	zhù
䎸	wù
䎹	wén
䎺	zhì
䎻	zhòu
䎼	lù
䎽	wén
䎾	gǔn
䎿	qiú
䏀	là
䏁	zǎi
䏂	sǒu
䏃	mián
䏃	míng
䏄	dǐ
䏄	zhì
䏅	qì
䏆	cáo
䏇	piào
䏈	lián
䏈	luán
䏉	shī
䏊	lóng
䏋	sù
䏌	qì
䏌	yì
䏍	yuàn
䏍	yuān
䏎	féng
䏏	xū
䏐	jué
䏑	dì
䏒	piàn
䏒	pàn
䏓	guǎn
䏔	niǔ
䏔	nǜ
䏔	ròu
䏔	zhǒu
䏕	rèn
䏖	yǐn
䏖	zhèn
䏗	gài
䏘	pì
䏙	dàn
䏙	tǎn
䏙	zhuàn
䏚	chǎo
䏚	miǎo
䏛	chǔn
䏜	hē
䏝	zhuān
䏞	mò
䏟	bié
䏟	bì
䏠	lā
䏠	qì
䏡	shì
䏢	bǐ
䏣	jué
䏤	sì
䏦	guā
䏦	tián
䏧	chǐ
䏧	nà
䏧	ná
䏨	duī
䏨	huǐ
䏩	xī
䏪	èr
䏫	xiū
䏬	móu
䏮	xí
䏯	zhì
䏰	rùn
䏱	jú
䏲	dié
䏲	tī
䏳	zhè
䏴	shào
䏵	máng
䏵	měng
䏵	mǎng
䏶	bì
䏷	hàn
䏸	yú
䏹	chēn
䏹	xiàn
䏺	pāng
䏻	néng
䏼	cán
䏼	zhàn
䏽	bù
䏽	péi
䏿	qǐ
䐀	jì
䐁	dū
䐁	zhuó
䐂	lù
䐃	jùn
䐃	zhūn
䐄	hàn
䐄	xiàn
䐅	xī
䐆	cǎi
䐇	chún
䐇	wěn
䐈	zhí
䐉	nǎo
䐉	zì
䐊	hùn
䐊	hún
䐊	kūn
䐋	cōng
䐌	tiǎn
䐍	chù
䐎	dī
䐏	chǔn
䐏	shǔn
䐐	qiū
䐑	zhé
䐒	zhā
䐓	róu
䐔	biàn
䐔	bǐn
䐕	jí
䐖	xī
䐗	dǔ
䐗	zhū
䐘	jué
䐙	gé
䐚	jī
䐛	dā
䐜	chēn
䐝	suò
䐞	ruò
䐟	gōu
䐟	xiǎng
䐠	huǎng
䐡	qí
䐢	chù
䐢	zhòu
䐢	zhù
䐣	sǔn
䐤	chāi
䐤	cuó
䐥	wěng
䐦	kē
䐧	hè
䐧	kào
䐨	gǔ
䐨	què
䐩	guī
䐩	gāi
䐩	kǎi
䐪	fàn
䐫	cōng
䐬	cáo
䐭	dì
䐭	zhì
䐮	chǎn
䐯	léi
䐯	lěi
䐰	xiū
䐱	zhài
䐲	zhé
䐳	yú
䐴	guì
䐵	gōng
䐵	huáng
䐶	jǐn
䐶	qián
䐶	zān
䐷	dān
䐸	guó
䐸	huò
䐹	sào
䐹	sōu
䐹	xiào
䐺	tàn
䐺	tán
䐻	gū
䐼	xì
䐽	mán
䐾	duó
䐿	ào
䐿	ǎo
䑀	pì
䑀	pǐ
䑁	wù
䑂	ǎi
䑃	méng
䑄	pì
䑄	yì
䑅	méng
䑆	yǎng
䑇	zhì
䑈	bó
䑉	yíng
䑊	wèi
䑊	wéi
䑋	rǎng
䑌	làn
䑌	lán
䑍	yàn
䑍	yān
䑍	yǐng
䑎	chǎn
䑏	huān
䑏	quán
䑐	zhěn
䑑	pú
䑓	tái
䑔	fèi
䑕	shǔ
䑗	dàng
䑘	cuó
䑙	rán
䑙	tiàn
䑙	tān
䑚	tián
䑛	chǐ
䑜	tiè
䑜	tà
䑝	jiǎ
䑞	shùn
䑟	huáng
䑠	liǎo
䑣	chēn
䑤	jìn
䑥	sà
䑥	è
䑦	gōu
䑧	fú
䑨	duò
䑪	è
䑫	bēng
䑬	tiāo
䑬	tāo
䑬	yào
䑭	dì
䑯	dì
䑰	bù
䑱	wǎn
䑲	zhào
䑳	lún
䑴	qí
䑵	mù
䑶	qiàn
䑸	zōng
䑹	sāo
䑹	sōu
䑻	yóu
䑼	zhōu
䑽	tà
䑿	sù
䒀	bù
䒁	xí
䒂	jiǎng
䒃	cào
䒄	fù
䒅	téng
䒆	chè
䒇	fù
䒈	fèi
䒉	wǔ
䒊	xī
䒋	yǎng
䒌	mìng
䒍	pǎng
䒎	mǎng
䒏	sēng
䒐	mèng
䒐	méng
䒑	cǎo
䒒	tiáo
䒓	kǎi
䒔	bài
䒕	xiǎo
䒖	xìn
䒗	qì
䒚	shǎo
䒛	huàn
䒜	niú
䒝	xiáo
䒞	chén
䒞	yín
䒟	dān
䒠	fēng
䒠	xiá
䒡	yǐn
䒢	áng
䒣	rǎn
䒤	rì
䒥	mán
䒦	fàn
䒧	qù
䒧	qū
䒨	shǐ
䒨	sì
䒩	hé
䒪	biàn
䒫	dài
䒬	mò
䒭	děng
䒰	kuāng
䒲	chà
䒳	duǒ
䒴	yǒu
䒵	hào
䒷	guā
䒸	xuè
䒹	lèi
䒺	jǐn
䒻	qǐ
䒼	qū
䒽	wǎng
䒾	yī
䒿	liáo
䓂	yán
䓃	yì
䓄	yín
䓅	qí
䓆	zhé
䓇	hè
䓇	kè
䓇	xì
䓈	yì
䓉	yé
䓉	yē
䓊	wú
䓊	yú
䓋	zhī
䓌	zhì
䓍	hǎn
䓎	chuò
䓏	fū
䓐	chún
䓑	píng
䓒	kuǎi
䓓	chóu
䓕	tuǒ
䓖	qióng
䓗	cōng
䓘	gāo
䓘	jiù
䓙	guāi
䓙	kuā
䓚	cú
䓚	qū
䓛	qū
䓜	zhī
䓝	mèng
䓞	lì
䓟	liè
䓟	zhōu
䓠	tà
䓡	zhī
䓢	gù
䓣	liǎng
䓤	hū
䓥	là
䓦	diǎn
䓧	cì
䓨	yīng
䓫	qí
䓬	zhuó
䓭	chà
䓮	mào
䓯	dú
䓰	yīn
䓱	chái
䓱	zuī
䓲	ruì
䓳	hěn
䓳	xié
䓴	ruǎn
䓵	fū
䓶	lài
䓷	xìng
䓸	jiān
䓹	yì
䓺	měi
䓼	hè
䓼	máng
䓽	jì
䓾	suō
䓿	hàn
䔁	lì
䔂	zǎi
䔂	zǐ
䔃	zǔ
䔄	yào
䔄	yáo
䔅	gē
䔆	lí
䔇	qǐ
䔇	ái
䔈	gòng
䔉	lì
䔉	suàn
䔊	bīng
䔋	suō
䔎	sù
䔏	chòu
䔐	jiān
䔑	tú
䔑	xié
䔑	yé
䔒	bèi
䔓	xǔ
䔔	jìng
䔕	pú
䔖	líng
䔗	xiáng
䔘	zuò
䔙	diào
䔚	chún
䔛	qǐng
䔜	nán
䔝	zhāi
䔞	lǜ
䔟	yí
䔠	shuò
䔠	shāo
䔠	shǎo
䔡	yú
䔢	huá
䔣	lí
䔤	pā
䔧	lí
䔪	shuǎng
䔬	yì
䔭	nìng
䔮	sī
䔯	kù
䔰	fù
䔱	yī
䔲	chéng
䔲	dēng
䔳	rán
䔴	chuà
䔴	cuì
䔴	cè
䔶	tái
䔶	tí
䔷	qín
䔸	biāo
䔸	biǎo
䔹	suì
䔺	wéi
䔺	wěi
䔻	duī
䔻	dūn
䔼	sè
䔼	zé
䔽	ài
䔾	qì
䔾	è
䔿	zǔn
䕀	kuǎn
䕁	fěi
䕃	yìn
䕅	sǎo
䕆	dòu
䕇	huì
䕈	xiè
䕉	zé
䕊	tán
䕋	táng
䕌	zhì
䕍	yì
䕎	fú
䕏	é
䕑	jùn
䕒	jiā
䕓	chuì
䕓	chá
䕔	xián
䕕	màn
䕗	bì
䕘	líng
䕘	lǐng
䕙	jié
䕚	kuì
䕛	jiá
䕝	chēng
䕞	làng
䕟	xīng
䕠	fèi
䕡	lǘ
䕢	zhǎ
䕣	hé
䕤	jī
䕥	nǐ
䕦	yíng
䕧	jiǎo
䕧	xiào
䕨	téng
䕩	lǎo
䕪	zé
䕫	kuí
䕭	qián
䕭	xián
䕮	jú
䕮	qū
䕯	piáo
䕰	fán
䕱	tóu
䕲	lǐn
䕳	mí
䕴	zhuó
䕵	xié
䕶	hù
䕷	mí
䕸	jiē
䕹	zá
䕺	cóng
䕻	lì
䕼	rán
䕽	zhú
䕾	yán
䕾	yín
䕿	hàn
䖁	yì
䖂	luán
䖃	lǎ
䖃	yuè
䖄	rán
䖅	líng
䖆	niàng
䖇	yù
䖈	nüè
䖊	yì
䖋	nüè
䖌	yì
䖍	qián
䖎	xiá
䖏	chǔ
䖐	yín
䖑	mì
䖒	xī
䖓	nà
䖔	hàn
䖔	kǎn
䖕	zǔ
䖖	xiá
䖗	yán
䖘	tú
䖙	tī
䖚	wū
䖛	suǒ
䖜	yín
䖝	chóng
䖞	zhǒu
䖟	mǎng
䖠	yuán
䖡	nǜ
䖢	miáo
䖣	zǎo
䖤	wǎn
䖥	lí
䖦	qū
䖦	zhuō
䖧	nà
䖨	shí
䖨	zhì
䖩	bì
䖪	cī
䖪	zī
䖫	bàng
䖭	juàn
䖭	juān
䖮	xiǎng
䖯	kuí
䖯	wā
䖰	pài
䖱	kuāng
䖲	xún
䖲	zōng
䖳	zhà
䖳	zhé
䖴	yáo
䖵	kūn
䖶	huī
䖷	xī
䖸	é
䖹	mǐ
䖹	yáng
䖺	tiáo
䖻	yóu
䖼	jué
䖽	lí
䖿	lí
䗀	chēng
䗁	jì
䗁	qī
䗂	hǔ
䗃	zhàn
䗄	fǔ
䗅	cháng
䗆	guān
䗆	guǎn
䗇	jú
䗇	qū
䗈	méng
䗉	chāng
䗊	tàn
䗋	móu
䗌	xīng
䗍	luó
䗍	lǐ
䗎	yān
䗏	sōu
䗐	shī
䗑	yì
䗒	bìng
䗓	cōng
䗔	hòu
䗔	hóu
䗕	wǎn
䗖	dì
䗗	jī
䗘	gé
䗙	hán
䗚	bó
䗛	xiū
䗜	liú
䗝	cán
䗞	cán
䗟	yì
䗠	xuán
䗡	yán
䗡	yān
䗢	zǎo
䗣	hàn
䗤	yóng
䗥	zōng
䗧	kāng
䗨	yú
䗩	qī
䗪	zhè
䗫	má
䗮	shuǎng
䗯	jìn
䗰	guàn
䗱	pù
䗱	pú
䗱	pǔ
䗲	lìn
䗴	tíng
䗵	jiāng
䗶	là
䗷	yì
䗸	yōng
䗹	cì
䗺	dàn
䗺	yǎn
䗻	jié
䗼	xūn
䗽	wèi
䗾	xiǎn
䗿	níng
䗿	nǐng
䘀	fù
䘁	gé
䘃	mò
䘄	zhù
䘅	nái
䘆	xiǎn
䘇	wén
䘈	lì
䘉	cán
䘊	miè
䘋	jiān
䘌	nì
䘍	chài
䘎	wān
䘏	xù
䘐	nǜ
䘑	mài
䘒	zuī
䘓	kàn
䘔	kā
䘕	háng
䘘	sù
䘘	yù
䘙	wèi
䘚	zhú
䘝	yì
䘟	diāo
䘠	fú
䘡	bǐ
䘢	zhǔ
䘣	zhì
䘣	zǐ
䘤	shù
䘥	jiá
䘥	xiá
䘦	ní
䘦	nǐ
䘨	jiǎo
䘩	xuàn
䘩	xún
䘪	chōng
䘫	nòu
䘬	róng
䘭	zhì
䘮	sāng
䘰	shān
䘱	yù
䘳	jīn
䘵	lù
䘶	hàn
䘶	hān
䘷	biē
䘸	yì
䘹	cuì
䘹	zuì
䘺	zhàn
䘻	yù
䘼	wǎn
䘽	ní
䘾	guàn
䘾	guǎn
䘿	jué
䙀	běng
䙁	cán
䙃	duò
䙄	qì
䙄	zhǎ
䙅	yào
䙅	yāo
䙆	kuì
䙇	nuǎn
䙇	ruán
䙈	hóu
䙉	xún
䙊	xiè
䙌	kuì
䙎	xié
䙎	xì
䙏	bó
䙐	kè
䙑	cuī
䙒	xù
䙓	bǎi
䙔	ōu
䙕	zǒng
䙗	tì
䙘	chǔ
䙘	zú
䙙	chí
䙚	niǎo
䙛	guàn
䙜	féng
䙝	xiè
䙞	dēng
䙟	wéi
䙠	jué
䙡	huì
䙡	kuì
䙢	zèng
䙣	sà
䙤	duǒ
䙥	líng
䙦	méng
䙨	guǒ
䙩	méng
䙪	lóng
䙬	yìng
䙮	guàn
䙯	cù
䙰	lí
䙱	dú
䙳	biāo
䙳	è
䙴	qiān
䙵	xī
䙷	dé
䙸	dé
䙹	xiàn
䙺	lián
䙼	jiāo
䙼	shào
䙽	xié
䙾	shī
䙿	wèi
䚂	hè
䚃	yóu
䚄	lù
䚅	lài
䚅	lái
䚆	yǐng
䚇	shěng
䚈	juàn
䚉	qì
䚊	jiǎn
䚋	yùn
䚍	qì
䚏	lìn
䚐	jí
䚑	mái
䚒	chuáng
䚒	zhuàng
䚓	niǎn
䚔	bīn
䚕	lì
䚖	líng
䚗	gāng
䚘	chéng
䚙	xuān
䚙	xī
䚚	xiǎn
䚛	hú
䚜	bēi
䚜	bī
䚝	zú
䚞	dǎi
䚟	dǎi
䚠	hùn
䚠	hún
䚡	sāi
䚢	chè
䚣	tí
䚥	nuò
䚥	ruò
䚦	zhì
䚧	liú
䚨	fèi
䚩	jiào
䚩	jiǎo
䚩	qiáo
䚪	guān
䚫	xí
䚫	áo
䚬	lín
䚭	xuān
䚮	réng
䚯	tǎo
䚯	xuān
䚰	pǐ
䚰	é
䚱	xìn
䚲	shàn
䚳	zhì
䚴	wà
䚵	tǒu
䚶	tiān
䚷	xì
䚷	yī
䚷	yǐ
䚸	xiè
䚹	pǐ
䚺	yáo
䚻	yáo
䚻	yóu
䚼	nǜ
䚽	hào
䚾	nín
䚾	rén
䚿	xī
䚿	yìn
䛀	bàn
䛀	fàn
䛀	fǎn
䛁	nán
䛂	yāo
䛃	wàn
䛄	yuǎn
䛅	xiá
䛆	zhòu
䛇	yuǎn
䛈	shì
䛉	miàn
䛊	xī
䛊	zhī
䛋	jì
䛌	páo
䛌	táo
䛍	fèi
䛎	xuè
䛏	nì
䛏	ní
䛏	nǐ
䛐	cí
䛑	mì
䛒	biàn
䛓	jiān
䛔	ná
䛕	yù
䛖	è
䛗	zhǐ
䛘	nín
䛘	rén
䛙	xù
䛚	lüè
䛛	huì
䛜	xùn
䛝	náo
䛞	hàn
䛟	jiá
䛠	dòu
䛡	huà
䛢	tū
䛣	chōu
䛣	pīng
䛤	cù
䛥	xì
䛥	xī
䛥	xīn
䛦	sòng
䛧	mí
䛨	xìn
䛩	qià
䛩	wù
䛩	è
䛪	qióng
䛫	zhèng
䛫	zhāng
䛬	táo
䛭	xìng
䛮	jiù
䛯	jù
䛰	hùn
䛱	tí
䛲	mán
䛳	yàn
䛳	yān
䛴	jī
䛴	qǐ
䛵	shòu
䛶	lěi
䛷	wǎn
䛸	chè
䛹	càn
䛹	xuàn
䛺	jiè
䛻	yòu
䛼	huǐ
䛽	chā
䛽	sà
䛽	zhǎ
䛾	sù
䛿	gé
䜀	nǎo
䜁	xì
䜃	duī
䜄	chí
䜅	chuī
䜅	wéi
䜆	mò
䜆	niè
䜆	zhé
䜇	gùn
䜇	gǔn
䜈	chāo
䜈	zhāo
䜉	chī
䜊	zào
䜊	zāo
䜋	huì
䜌	luán
䜍	liáo
䜎	lào
䜎	láo
䜏	tuō
䜐	huī
䜑	wù
䜒	ào
䜓	shè
䜔	suí
䜕	hài
䜕	mài
䜖	tàn
䜗	hàn
䜗	xìn
䜘	jǐng
䜙	án
䜙	è
䜚	tà
䜛	chán
䜜	wèi
䜝	tuǎn
䜞	jì
䜟	chén
䜠	chè
䜡	yù
䜢	xiǎn
䜣	xīn
䜧	nǎo
䜩	yàn
䜪	qiú
䜫	hóng
䜫	jiāng
䜬	sǒng
䜭	jùn
䜭	ruì
䜮	liáo
䜮	láo
䜯	jú
䜱	mǎn
䜲	liè
䜴	chù
䜴	shì
䜵	chǐ
䜶	xiáng
䜷	qīn
䜸	méi
䜸	měi
䜹	shù
䜺	chǎi
䜺	cè
䜻	chǐ
䜼	gú
䜼	móu
䜽	yú
䜾	yīn
䝀	liáo
䝀	liú
䝁	láo
䝂	shù
䝃	zhé
䝄	shuāng
䝅	huī
䝈	è
䝊	shà
䝋	zòng
䝌	jué
䝍	jùn
䝍	jūn
䝎	tuān
䝏	lóu
䝐	duò
䝐	wéi
䝑	chōng
䝒	zhù
䝓	liè
䝕	zhé
䝖	zhǎo
䝘	yì
䝙	chū
䝚	ní
䝛	bō
䝜	suān
䝝	yǐ
䝞	hào
䝟	yà
䝠	huán
䝡	màn
䝢	màn
䝣	qú
䝤	liáo
䝤	lǎo
䝥	háo
䝦	zhōng
䝧	mín
䝨	xián
䝩	zhèn
䝪	shǔ
䝫	zuó
䝬	zhù
䝭	gòu
䝮	xuàn
䝯	yì
䝰	zhì
䝱	xié
䝲	jìn
䝳	cán
䝳	hài
䝵	bù
䝶	liáng
䝷	zhì
䝷	zhī
䝸	jì
䝹	wǎn
䝺	guàn
䝻	jū
䝼	jìng
䝼	qíng
䝽	ài
䝾	fù
䝿	guì
䞀	hòu
䞁	yàn
䞂	ruǎn
䞃	zhì
䞄	biào
䞅	yí
䞆	suǒ
䞇	dié
䞈	guì
䞉	shèng
䞊	xùn
䞋	chèn
䞌	shé
䞍	qíng
䞐	chǔn
䞑	hóng
䞒	dòng
䞓	chēng
䞔	wěi
䞕	rú
䞕	yú
䞖	shǔ
䞗	chāi
䞗	cāi
䞘	jí
䞙	zá
䞚	kuí
䞚	qí
䞛	yān
䞜	fù
䞝	yù
䞞	fú
䞟	pò
䞠	zhī
䞡	tǎn
䞢	zuó
䞣	chè
䞣	chě
䞣	qiè
䞤	fǔ
䞤	qú
䞤	qǔ
䞥	yòu
䞦	hé
䞧	hòu
䞨	guǐ
䞩	xiá
䞩	è
䞪	jiàng
䞫	yǔn
䞬	tòu
䞭	cūn
䞭	qiǔ
䞮	tū
䞯	fù
䞯	fú
䞰	zuó
䞱	hú
䞳	bó
䞴	zhāo
䞵	juě
䞵	zhuò
䞶	tì
䞶	tāng
䞷	jué
䞸	fù
䞹	huáng
䞺	chūn
䞻	yǒng
䞼	chuǐ
䞽	suǒ
䞾	chí
䞾	dì
䞿	qiān
䟀	cāi
䟁	chāo
䟁	xiáo
䟁	xiāo
䟂	mán
䟃	cà
䟃	cān
䟄	qì
䟄	zuó
䟄	zè
䟅	jiàn
䟅	zàn
䟆	bì
䟇	jī
䟇	xī
䟈	zhí
䟉	shǔ
䟉	zhú
䟊	qú
䟋	zhǎn
䟌	jí
䟍	biān
䟍	dián
䟏	lì
䟐	lì
䟑	yuè
䟒	quán
䟓	chēng
䟓	dīng
䟓	zhēng
䟔	bó
䟔	fù
䟕	chà
䟖	tàng
䟗	shì
䟘	hàng
䟙	qiè
䟚	qí
䟛	bèi
䟛	bó
䟛	fèi
䟜	nà
䟝	tòu
䟞	chú
䟟	cù
䟠	yuè
䟡	dì
䟡	zhī
䟢	chén
䟣	chù
䟤	bié
䟤	bì
䟥	méng
䟦	bá
䟧	tián
䟨	mín
䟨	mǐn
䟩	liě
䟩	què
䟪	fěng
䟪	fǎn
䟫	chēng
䟫	shàng
䟬	qiù
䟭	tiáo
䟭	zuò
䟮	bó
䟮	fú
䟯	kuò
䟰	jiǎn
䟴	zhèn
䟵	qiú
䟶	cuò
䟶	zuò
䟷	chì
䟷	qì
䟸	guī
䟸	kuí
䟹	liè
䟺	bèi
䟺	pèi
䟻	dù
䟻	zhà
䟼	wǔ
䟾	juě
䟾	zhuó
䟿	lù
䠀	chǎng
䠀	tàng
䠀	tāng
䠂	chú
䠃	liǎng
䠄	tiǎn
䠅	kǔn
䠆	cháng
䠇	jué
䠈	tú
䠉	huàn
䠊	fèi
䠋	bì
䠋	bāi
䠋	bǐ
䠍	qiá
䠍	qié
䠍	xiā
䠎	wò
䠏	jì
䠏	kuí
䠐	qù
䠑	kuí
䠑	kuǐ
䠑	wěi
䠒	hú
䠓	cù
䠓	qiū
䠔	suì
䠕	cāi
䠗	qiù
䠗	xiòng
䠘	pì
䠙	páng
䠚	wà
䠚	wǎ
䠛	yáo
䠜	róng
䠜	rǒng
䠝	xūn
䠞	cù
䠟	dié
䠠	chì
䠠	dài
䠡	chá
䠡	cuó
䠢	mèng
䠣	xuǎn
䠤	duò
䠤	duǒ
䠥	bié
䠦	zhè
䠧	chú
䠨	chàn
䠩	guì
䠪	duàn
䠫	zòu
䠬	dèng
䠭	lái
䠮	téng
䠯	yuè
䠰	quán
䠱	zhú
䠲	líng
䠳	chēn
䠴	zhěn
䠵	fù
䠶	shè
䠷	tiǎo
䠸	kuā
䠹	ái
䠻	qióng
䠼	shù
䠽	hái
䠽	kǎi
䠾	shǎn
䠿	kuì
䠿	wài
䡀	zhàn
䡀	zhǎn
䡁	lǒng
䡂	jiù
䡂	jiū
䡃	lì
䡅	chūn
䡅	xún
䡆	róng
䡇	yuè
䡈	jiào
䡈	jué
䡉	kǎng
䡊	fǎn
䡋	qí
䡌	hóng
䡍	fú
䡎	lú
䡏	hóng
䡐	tuó
䡑	mín
䡒	tián
䡓	juàn
䡓	xuān
䡔	qǐ
䡕	zhěng
䡖	qìng
䡗	gòng
䡗	gǒng
䡘	tián
䡙	láng
䡚	mào
䡛	yìn
䡜	lù
䡝	yuān
䡝	yǔn
䡞	jú
䡟	pì
䡡	xié
䡢	biàn
䡣	hūn
䡣	xuān
䡤	zhū
䡥	róng
䡦	sǎng
䡧	wū
䡧	wǔ
䡨	chà
䡩	kēng
䡩	zhěn
䡪	shàn
䡫	péng
䡬	màn
䡭	xiū
䡯	cōng
䡯	zǒng
䡰	gǔ
䡰	kēng
䡰	kěng
䡱	zhuǎn
䡲	chán
䡲	dān
䡳	sī
䡴	chōng
䡵	suì
䡶	bèi
䡷	kài
䡷	kě
䡹	zhì
䡺	wèi
䡻	mín
䡼	líng
䡽	zuān
䡾	niè
䡾	yè
䡾	yǐ
䡿	líng
䢀	qì
䢁	yuè
䢃	yì
䢄	xǐ
䢅	chén
䢇	rǒng
䢈	chén
䢈	huì
䢉	nóng
䢊	yóu
䢋	jì
䢌	bó
䢍	fǎng
䢐	cú
䢑	dì
䢑	dǐ
䢒	jiāo
䢓	yú
䢔	hé
䢕	xù
䢖	lǜ
䢖	yù
䢗	qū
䢙	bài
䢚	gēng
䢚	háng
䢛	jiǒng
䢝	yà
䢞	shù
䢟	yóu
䢠	sòng
䢡	xiè
䢡	yè
䢡	zhuì
䢢	càng
䢣	yáo
䢤	shù
䢥	yán
䢦	shuài
䢧	liào
䢨	cōng
䢨	zōng
䢩	yù
䢪	bó
䢫	suí
䢭	xiàn
䢭	yàn
䢮	lèi
䢯	lín
䢰	tī
䢱	dú
䢲	yuè
䢳	jǐ
䢵	yún
䢸	jū
䢹	jǔ
䢹	qú
䢺	chū
䢻	chén
䢼	gōng
䢽	xiàng
䢾	xiǎn
䢿	ān
䣀	guǐ
䣀	qī
䣀	wéi
䣁	yǔ
䣂	lěi
䣄	tú
䣅	chén
䣆	xíng
䣇	qiú
䣈	hàng
䣊	dǎng
䣋	cǎi
䣌	dǐ
䣍	yān
䣍	yǎn
䣎	zī
䣐	yīng
䣑	chán
䣓	lì
䣓	lí
䣔	suǒ
䣕	mǎ
䣖	mǎ
䣘	táng
䣙	bēi
䣙	péi
䣙	pěng
䣚	lóu
䣛	qī
䣛	xī
䣜	cuó
䣝	tú
䣞	è
䣟	cán
䣟	cǎn
䣟	tì
䣠	jié
䣠	tì
䣠	zá
䣡	yí
䣢	jí
䣣	dǎng
䣤	jué
䣥	bǐ
䣦	lèi
䣧	yì
䣨	chún
䣩	chún
䣪	pò
䣫	lí
䣬	gē
䣬	zǎi
䣭	tài
䣮	pò
䣯	cú
䣯	tiǎn
䣰	jù
䣱	xù
䣲	fàn
䣴	xù
䣵	èr
䣶	huó
䣶	tián
䣷	zhū
䣸	nàn
䣸	nǎn
䣸	rǎn
䣹	fá
䣺	juān
䣻	hān
䣼	liáng
䣽	tǐ
䣽	zhī
䣾	mì
䣿	yū
䤁	cén
䤂	méi
䤃	yìn
䤃	yīn
䤃	ān
䤄	miǎn
䤅	tú
䤆	guì
䤆	kuí
䤉	mì
䤊	róng
䤋	guó
䤋	yù
䤌	qiāng
䤍	mí
䤎	jué
䤎	jú
䤏	pǐ
䤐	jǐn
䤑	wàng
䤒	jì
䤒	jǐ
䤓	méng
䤔	jiàn
䤕	hù
䤕	xuè
䤖	bào
䤗	gǎn
䤘	chǎn
䤘	qiǎn
䤙	lì
䤚	lǐ
䤛	qiú
䤜	dùn
䤝	yìng
䤞	yǔn
䤟	chén
䤠	zhǐ
䤡	rǎn
䤣	lüè
䤤	kāi
䤥	guǐ
䤥	wěi
䤦	yuè
䤧	huì
䤨	pì
䤩	chá
䤪	duǒ
䤫	chán
䤬	shā
䤭	shì
䤮	shè
䤯	xíng
䤰	yíng
䤱	shì
䤲	chì
䤳	yè
䤴	hán
䤵	fèi
䤵	fēi
䤵	pī
䤶	yè
䤶	ān
䤷	yǎn
䤸	zuàn
䤹	sōu
䤺	jīn
䤺	yǐn
䤻	duò
䤼	xiàn
䤽	guān
䤾	tāo
䤿	qiè
䥀	chǎn
䥁	hán
䥂	mèng
䥃	yuè
䥄	cù
䥅	qiàn
䥆	jǐn
䥇	shàn
䥈	mǔ
䥉	yuān
䥋	pēng
䥌	zhèng
䥍	zhì
䥎	chún
䥏	yǔ
䥐	móu
䥑	mài
䥒	jiàng
䥓	qī
䥔	sù
䥕	piě
䥖	tián
䥗	kuǎn
䥘	cù
䥙	suì
䥛	jié
䥛	jiē
䥛	qì
䥜	jiàn
䥝	áo
䥞	jiǎo
䥟	yè
䥡	yè
䥢	lóng
䥢	qī
䥣	záo
䥤	báo
䥥	lián
䥧	huán
䥨	lú
䥨	lǜ
䥩	wéi
䥪	xiǎn
䥫	tiě
䥬	bó
䥭	zhèng
䥮	zhú
䥯	bà
䥯	bēi
䥰	méng
䥱	xiě
䥲	ōu
䥳	yōu
䥵	xiǎo
䥶	lì
䥷	zhá
䥸	mí
䥺	yé
䥽	pō
䥾	xiě
䦂	shàn
䦃	zhuō
䦅	shàn
䦆	jué
䦇	jì
䦈	jiē
䦈	zuǒ
䦊	niǎo
䦋	áo
䦌	chù
䦍	wù
䦎	guǎn
䦎	kàng
䦏	xiè
䦐	tǐng
䦑	xuè
䦒	dàng
䦒	qiāo
䦓	chān
䦓	zhān
䦔	dǎn
䦔	tǎn
䦕	pēng
䦖	xiá
䦖	xié
䦗	xù
䦘	xiàn
䦙	shì
䦙	sì
䦚	kuà
䦛	zhèng
䦜	wú
䦝	huō
䦞	rùn
䦟	chuài
䦟	wěn
䦠	dū
䦡	huán
䦢	kuò
䦣	fù
䦤	chuài
䦥	xián
䦦	qín
䦧	qié
䦨	lán
䦪	yà
䦫	yīng
䦬	què
䦭	hāng
䦮	chǔn
䦯	zhì
䦱	kuā
䦱	wěi
䦲	chàn
䦲	qiàn
䦲	yán
䦳	xiàng
䦴	yì
䦵	nǐ
䦶	zhèng
䦷	chuài
䦹	shí
䦺	dīng
䦻	zǐ
䦼	jué
䦼	pì
䦽	xù
䦾	yuán
䧁	xǔ
䧂	dào
䧃	tián
䧄	gè
䧅	yí
䧆	hóng
䧇	yī
䧇	yǐ
䧉	lǐ
䧊	kū
䧋	xiàn
䧋	xiǎn
䧌	suī
䧍	xì
䧎	xuàn
䧑	dī
䧒	lái
䧓	zhōu
䧔	niàn
䧕	chéng
䧖	jiàn
䧗	bì
䧘	zhuàn
䧙	líng
䧚	hào
䧛	bàng
䧛	péng
䧜	táng
䧝	chī
䧝	zhì
䧞	fù
䧞	mà
䧟	xiàn
䧠	shuàn
䧡	yōng
䧢	qū
䧢	ōu
䧤	pú
䧥	huì
䧦	wéi
䧧	yǐ
䧨	yè
䧪	chè
䧫	háo
䧬	bīn
䧮	xiàn
䧮	xiǎn
䧯	chán
䧯	zhàn
䧰	hùn
䧲	hàn
䧳	cí
䧳	zhuī
䧴	zhī
䧵	qí
䧶	kuí
䧷	róu
䧹	yīng
䧺	xióng
䧼	hú
䧽	cuǐ
䧿	què
䧿	xī
䨀	dí
䨁	wù
䨂	qiū
䨄	yàn
䨅	liáo
䨆	bí
䨈	bīn
䨊	yuān
䨋	nüè
䨌	báo
䨍	yǐng
䨎	hóng
䨏	cí
䨐	qià
䨑	tí
䨒	yù
䨓	léi
䨔	báo
䨖	jì
䨗	fú
䨘	xiàn
䨙	cén
䨚	hū
䨛	sè
䨛	xī
䨜	bēng
䨝	qīng
䨞	yù
䨞	yǔ
䨟	wā
䨠	ǎi
䨡	hán
䨢	dàn
䨣	gé
䨤	dí
䨥	huò
䨥	shuāng
䨦	pāng
䨨	zhuī
䨩	líng
䨪	mái
䨫	mài
䨬	lián
䨭	xiāo
䨮	xuě
䨯	zhèn
䨰	pò
䨱	fù
䨲	nóu
䨲	wàn
䨳	xì
䨳	xī
䨴	duì
䨵	dàn
䨶	yǔn
䨷	xiàn
䨸	yǐn
䨹	shū
䨺	duì
䨻	bèng
䨼	hù
䨽	fěi
䨾	fèi
䨿	zá
䩀	bèi
䩁	fēi
䩂	xiān
䩃	shì
䩄	miǎn
䩅	nǎn
䩅	zhǎn
䩆	zhǎn
䩇	diān
䩇	zhān
䩈	huì
䩉	fǔ
䩊	wò
䩊	wǎn
䩋	mǒ
䩌	qiáo
䩍	liǎo
䩏	miè
䩐	gé
䩐	hū
䩐	jí
䩑	hóng
䩒	yú
䩓	qí
䩔	duò
䩔	pán
䩔	shān
䩕	yìng
䩕	áng
䩗	bà
䩘	dì
䩙	xiǎn
䩙	xuàn
䩚	dì
䩚	dī
䩛	bì
䩛	pèi
䩜	zhòu
䩝	páo
䩞	diē
䩞	tié
䩟	tì
䩟	yí
䩡	gé
䩡	jiá
䩢	dá
䩢	zhì
䩣	tú
䩤	xié
䩥	chān
䩥	dàn
䩦	tiáo
䩧	xiè
䩨	chàng
䩨	zhāng
䩩	yuǎn
䩪	guǎn
䩫	liǎng
䩬	běng
䩬	fěng
䩮	lù
䩯	jí
䩯	qì
䩰	xuàn
䩱	shù
䩱	shū
䩱	yú
䩲	dū
䩳	sōu
䩴	hú
䩵	yùn
䩶	chǎn
䩷	bāng
䩸	róng
䩸	rǒng
䩹	kuò
䩹	é
䩺	wēng
䩻	bà
䩼	féng
䩽	yū
䩾	zhè
䩿	fén
䪀	guǎn
䪁	bǔ
䪂	gé
䪃	dūn
䪄	huáng
䪅	dú
䪆	tǐ
䪇	bó
䪈	qiàn
䪉	liè
䪊	lóng
䪋	wèi
䪌	shān
䪌	zhàn
䪍	lán
䪎	suī
䪏	dā
䪏	nà
䪐	bì
䪑	tuó
䪒	zhù
䪓	diē
䪔	bǔ
䪔	fù
䪕	jú
䪖	pò
䪗	xiá
䪘	dī
䪘	wěi
䪙	fù
䪙	fú
䪙	pò
䪚	dā
䪚	tà
䪛	fán
䪛	fān
䪜	chàn
䪜	chān
䪜	yán
䪝	hù
䪞	zá
䪤	fán
䪥	xiè
䪦	hóng
䪧	chí
䪨	báo
䪩	yín
䪫	jīng
䪬	bó
䪭	ruǎn
䪮	chǒu
䪯	yīng
䪰	yī
䪱	gǎi
䪱	hái
䪲	kūn
䪳	yǔn
䪴	dàn
䪴	dǎn
䪴	zhěn
䪵	yǎ
䪶	jū
䪷	gòu
䪷	hòu
䪸	mén
䪸	mín
䪹	bāi
䪹	péi
䪹	pī
䪺	gé
䪻	biàn
䪻	fàn
䪼	zhuō
䪽	hào
䪾	zhěn
䪿	shěng
䫀	gěn
䫁	bì
䫂	duǒ
䫃	chún
䫃	zhèn
䫄	chuà
䫅	sàn
䫆	chéng
䫇	rán
䫈	chěn
䫈	cén
䫈	zèn
䫉	mào
䫊	péi
䫋	tuí
䫋	wēi
䫌	pǐ
䫍	fǔ
䫎	zhuō
䫏	qī
䫐	lín
䫑	qī
䫑	yī
䫒	mén
䫓	wú
䫔	kuí
䫔	qiè
䫔	qì
䫔	yà
䫕	dié
䫖	chěn
䫖	shèn
䫗	xiá
䫘	hé
䫘	jié
䫘	kě
䫙	sǎng
䫚	guā
䫛	hóu
䫜	āo
䫝	fǔ
䫞	fén
䫞	qiāo
䫟	hùn
䫠	pī
䫡	jiàn
䫡	qiàn
䫡	qiān
䫡	yán
䫢	sī
䫣	xí
䫤	míng
䫥	kuǐ
䫦	gé
䫦	kài
䫨	ào
䫩	sǎn
䫪	shuǎng
䫫	lóu
䫬	qǐn
䫬	zhěn
䫭	huì
䫮	chán
䫰	lìn
䫱	ná
䫲	hàn
䫲	kǎn
䫳	dú
䫴	jìn
䫵	mián
䫶	fán
䫷	è
䫸	chāo
䫹	hóng
䫺	hóng
䫻	yù
䫼	xuè
䫽	pāo
䫾	bì
䫾	bī
䫿	chāo
䬀	yǒu
䬁	yí
䬂	xuè
䬃	sà
䬄	xù
䬅	liè
䬅	lì
䬅	xié
䬆	lì
䬇	yuàn
䬈	duì
䬉	huò
䬊	shà
䬋	léng
䬌	pōu
䬍	hū
䬎	guó
䬎	xù
䬏	bù
䬏	fǒu
䬐	ruí
䬑	wèi
䬑	yù
䬒	sōu
䬒	xiāo
䬓	àn
䬔	yú
䬕	shǎng
䬕	xiāng
䬖	héng
䬗	yáng
䬘	xiāo
䬙	yáo
䬛	bì
䬝	héng
䬞	táo
䬟	liú
䬟	liǔ
䬡	zhù
䬣	gē
䬣	qì
䬣	xì
䬤	zhān
䬤	zàn
䬥	yì
䬦	dòu
䬦	shè
䬧	yuán
䬨	jiù
䬪	bó
䬫	tí
䬬	yǐng
䬮	yí
䬯	nián
䬯	tiǎn
䬰	shào
䬱	bèn
䬲	gōu
䬳	bǎn
䬴	mò
䬵	gāi
䬵	ài
䬶	èn
䬷	shě
䬹	zhì
䬺	yàng
䬻	jiàn
䬼	yuàn
䬽	duì
䬽	shuì
䬾	tí
䬿	wèi
䬿	wěi
䭀	xùn
䭁	zhì
䭂	yì
䭃	niè
䭃	rěn
䭄	shì
䭅	hú
䭆	nè
䭇	yì
䭇	yē
䭈	jiàn
䭉	suǐ
䭊	yǐng
䭋	bǎo
䭌	hú
䭍	hú
䭎	yè
䭐	yàng
䭑	lián
䭑	qiàn
䭑	xiàn
䭒	xī
䭓	èn
䭔	duī
䭕	jiǎn
䭕	zǎn
䭖	zhù
䭗	yǐng
䭘	yǐng
䭙	jiàn
䭙	jǐn
䭚	chuáng
䭛	dàn
䭝	kuài
䭞	yì
䭟	yè
䭠	jiǎn
䭡	èn
䭢	níng
䭣	cí
䭤	qiǎn
䭥	xuè
䭦	bō
䭧	mǐ
䭨	shuì
䭩	mó
䭪	liáng
䭫	qǐ
䭬	qǐ
䭭	shǒu
䭮	fú
䭯	bó
䭰	bèng
䭱	bié
䭲	yǐ
䭳	wèi
䭴	huán
䭵	fán
䭶	qí
䭷	máo
䭸	fù
䭹	áng
䭺	ǎng
䭻	fù
䭻	fēn
䭼	qí
䭽	qún
䭾	tuó
䭿	yì
䮀	bó
䮁	pián
䮂	bá
䮄	xuán
䮇	yù
䮈	chí
䮉	lú
䮊	yí
䮋	lì
䮍	niǎo
䮎	xì
䮏	wú
䮑	luò
䮑	lèi
䮒	pū
䮓	chào
䮓	zhuō
䮔	zuī
䮕	zhuó
䮖	chāng
䮗	yàn
䮗	àn
䮘	ér
䮙	yù
䮚	lèng
䮚	líng
䮛	fù
䮜	yè
䮜	zhá
䮝	hún
䮞	chǔn
䮟	sōu
䮟	sǒu
䮠	bī
䮡	bì
䮡	bó
䮢	zhá
䮤	hé
䮥	lì
䮧	hàn
䮧	hán
䮨	zǎi
䮩	gú
䮪	chéng
䮫	lóu
䮫	lǘ
䮬	mò
䮭	mì
䮮	mài
䮯	ào
䮰	zhé
䮱	zhú
䮲	huáng
䮳	fán
䮴	dèng
䮴	tēng
䮵	tóng
䮷	dú
䮸	wò
䮹	guì
䮹	wèi
䮺	jì
䮻	chì
䮼	lín
䮽	biāo
䮾	lòng
䮾	lóng
䮿	jiǎn
䯀	niè
䯁	luó
䯂	jí
䯂	shēn
䯄	guā
䯅	niè
䯆	yì
䯇	kū
䯈	wán
䯉	wā
䯊	kē
䯊	qià
䯋	bó
䯋	fèi
䯌	kāo
䯍	líng
䯎	gàn
䯏	guā
䯏	huá
䯐	hái
䯑	kuāng
䯒	héng
䯓	kuī
䯔	zé
䯕	tīng
䯖	láng
䯗	bì
䯘	huàn
䯙	pò
䯚	yǎo
䯛	wàn
䯜	tì
䯜	xī
䯝	suǐ
䯞	kuā
䯟	duì
䯟	xiá
䯠	ǎo
䯡	jiàn
䯢	mó
䯢	mǒ
䯣	guì
䯣	kuì
䯤	kuài
䯥	qì
䯥	àn
䯦	mà
䯧	qìng
䯧	qǐng
䯨	hè
䯨	qiāo
䯪	kào
䯪	kǎo
䯫	hào
䯬	duǒ
䯭	xiān
䯮	nái
䯯	suō
䯰	jiè
䯱	fù
䯱	pēi
䯱	pī
䯲	bà
䯲	pā
䯳	sōng
䯴	cháng
䯵	niè
䯶	mián
䯶	mán
䯷	sōng
䯸	cì
䯹	xiān
䯺	kuò
䯼	dí
䯽	bǎo
䯽	póu
䯽	pǒu
䯾	diāo
䯾	tiáo
䯿	suì
䯿	zuì
䯿	zú
䰀	wǒ
䰁	fèi
䰂	cài
䰃	fǎng
䰃	pèng
䰃	péng
䰄	shì
䰄	sāi
䰆	róu
䰇	qí
䰈	cuó
䰉	bān
䰉	pán
䰊	bó
䰋	mán
䰌	cōng
䰌	zǒng
䰍	cì
䰎	kuì
䰏	jì
䰐	lán
䰒	méng
䰓	mián
䰔	pán
䰕	lú
䰖	zuǎn
䰗	jiū
䰘	jiǎo
䰘	liú
䰙	yǐ
䰚	wén
䰛	gé
䰛	lì
䰜	lì
䰝	zèng
䰞	zhǔ
䰟	hún
䰠	shén
䰡	chì
䰢	xìng
䰣	wǎng
䰤	dōng
䰥	huò
䰥	yù
䰦	pǐ
䰧	hū
䰨	mèi
䰩	chě
䰩	dū
䰪	mèi
䰫	cháo
䰫	chāo
䰫	zhào
䰬	jú
䰭	nòu
䰯	yì
䰰	rú
䰱	líng
䰱	lóng
䰲	yà
䰴	qì
䰵	zī
䰷	bàng
䰸	gōng
䰹	zé
䰺	jiè
䰻	yú
䰼	qín
䰼	shèn
䰼	yín
䰽	bèi
䰾	bà
䰾	bā
䰿	tuó
䱀	yāng
䱁	qiáo
䱂	yǒu
䱃	zhì
䱄	jiè
䱅	mò
䱆	shéng
䱇	shàn
䱈	qí
䱉	shàn
䱊	mǐ
䱋	gǒng
䱌	yí
䱍	gèng
䱎	gèng
䱏	tǒu
䱐	fū
䱑	xué
䱒	yè
䱓	tíng
䱓	tǐng
䱔	chóu
䱔	tiáo
䱕	méi
䱕	móu
䱖	liú
䱗	cān
䱘	lí
䱙	shū
䱚	lù
䱛	huò
䱛	xù
䱛	yì
䱜	cuò
䱝	bēi
䱝	pái
䱞	liú
䱟	jù
䱟	jū
䱠	zhàn
䱡	jú
䱢	zhēng
䱣	zú
䱤	xiàn
䱥	jì
䱥	zhì
䱨	là
䱫	là
䱬	xū
䱭	gèng
䱮	é
䱯	mú
䱰	zhòng
䱱	dì
䱱	tí
䱲	yuán
䱳	zhān
䱴	gèng
䱵	wēng
䱶	láng
䱷	yú
䱸	qiū
䱸	sōu
䱹	zhǎ
䱺	hái
䱻	huá
䱼	zhǎn
䱽	chāng
䱾	lóu
䱿	chàn
䲀	zhì
䲁	wèi
䲂	xuán
䲃	cháo
䲃	suǒ
䲃	zǎo
䲄	mín
䲅	guī
䲆	sū
䲉	sī
䲊	duò
䲊	tuò
䲊	wěi
䲋	cén
䲌	kuǎn
䲍	téng
䲎	něi
䲏	láo
䲐	lǔ
䲑	yí
䲒	xiè
䲓	yán
䲓	yǎn
䲔	qíng
䲕	pū
䲖	chóu
䲗	xián
䲘	guǎn
䲙	jié
䲚	lài
䲛	méng
䲜	yè
䲝	chāng
䲞	lì
䲟	yìn
䲠	chūn
䲡	qiū
䲢	téng
䲣	yú
䲦	dài
䲧	dù
䲨	hóng
䲪	xì
䲬	qí
䲮	yuán
䲯	jí
䲰	yùn
䲱	fǎng
䲲	gōng
䲲	sōng
䲳	háng
䲴	zhèn
䲵	què
䲸	jiè
䲹	pí
䲺	gàn
䲻	xuán
䲻	yuān
䲼	shēng
䲽	diǎo
䲽	shí
䲾	qiǎo
䲿	cí
䳀	dié
䳀	yì
䳁	bó
䳂	chāo
䳂	diāo
䳂	tiáo
䳂	xiāo
䳃	wǎn
䳄	cí
䳅	zhì
䳅	zhǐ
䳆	bái
䳇	wǔ
䳈	bǎo
䳉	dàn
䳉	dōng
䳊	bá
䳋	tóng
䳋	tōng
䳋	xiāo
䳍	gōng
䳎	jiù
䳏	guì
䳏	jué
䳐	cì
䳑	yǒu
䳒	yuán
䳓	lǎo
䳔	jiù
䳔	jú
䳕	fú
䳖	niè
䳗	é
䳘	é
䳙	xǐng
䳚	hé
䳚	kàn
䳛	yàn
䳜	tú
䳝	bù
䳝	pǒu
䳞	běng
䳟	míng
䳠	shuì
䳠	zhù
䳡	yàn
䳡	zhuī
䳢	qí
䳣	yuán
䳤	biē
䳦	xuān
䳧	hóu
䳨	huáng
䳩	yāo
䳪	juàn
䳫	kuí
䳬	è
䳭	jí
䳮	mò
䳯	chóng
䳯	chǒng
䳰	bǎo
䳱	wù
䳲	zhèn
䳳	xù
䳴	dá
䳴	tà
䳵	chì
䳶	jī
䳶	qī
䳶	xī
䳷	cóng
䳸	má
䳹	kòu
䳺	yàn
䳻	cán
䳻	zhàn
䳽	hè
䳾	dēng
䳿	rán
䴀	tóng
䴁	yù
䴁	yú
䴂	xiàng
䴃	náo
䴄	shùn
䴅	fén
䴆	pú
䴆	pū
䴇	líng
䴈	ǎo
䴉	huán
䴉	xuán
䴊	yí
䴋	huán
䴋	xuán
䴌	méng
䴍	yīng
䴎	lěi
䴏	yàn
䴐	bǎo
䴑	dié
䴒	líng
䴓	shī
䴔	jiāo
䴕	liè
䴖	jīng
䴗	jú
䴘	tī
䴙	pì
䴚	gǎng
䴛	xiāo
䴜	wāi
䴝	chuài
䴞	dí
䴟	huán
䴠	yǎo
䴡	lì
䴢	mí
䴣	hū
䴤	shēng
䴥	jiā
䴦	yín
䴧	wēi
䴩	piáo
䴪	lù
䴫	líng
䴬	yì
䴭	cái
䴮	shàn
䴯	hū
䴰	shú
䴰	yì
䴱	tuō
䴲	mò
䴳	huá
䴴	nián
䴴	tiè
䴵	bǐng
䴶	péng
䴷	huàn
䴷	hún
䴸	fū
䴹	guǒ
䴹	hún
䴹	luǒ
䴺	bù
䴻	lí
䴼	chàn
䴽	pí
䴾	cuó
䴿	méng
䵀	suò
䵀	suǒ
䵁	qiàng
䵂	zhí
䵃	huáng
䵃	kuàng
䵄	bí
䵅	áo
䵆	méng
䵇	xiàn
䵈	kù
䵉	tóu
䵊	tuān
䵋	wěi
䵌	xiān
䵎	tuān
䵏	lǎo
䵐	chǎn
䵑	nì
䵒	nì
䵓	lí
䵔	dǒng
䵕	jù
䵖	qiàn
䵖	qīn
䵗	bí
䵗	bó
䵘	shài
䵙	zhā
䵙	zhǎ
䵚	tǎo
䵛	qiàn
䵜	nǒng
䵝	yà
䵝	yì
䵞	jìng
䵟	gǎn
䵠	dí
䵠	zhuó
䵡	jiǎn
䵢	mèi
䵣	dá
䵤	jiǎn
䵤	xiàn
䵥	yù
䵦	wū
䵦	xiè
䵧	zài
䵨	máng
䵩	lí
䵪	gùn
䵪	hùn
䵫	xūn
䵫	yù
䵬	tà
䵭	zhè
䵮	yàng
䵯	tuǎn
䵰	shāng
䵱	xì
䵱	xī
䵲	qiāo
䵳	wèi
䵴	yìng
䵴	yùn
䵴	zèng
䵵	chuā
䵵	zhuó
䵶	gōu
䵶	qú
䵷	wā
䵹	zhī
䵺	dǐng
䵺	tiǎn
䵺	tǐng
䵻	gǔ
䵻	huì
䵼	shāng
䵽	cà
䵾	fú
䵾	fǔ
䵿	tiè
䶀	tà
䶁	tà
䶂	jué
䶂	zhuó
䶃	hán
䶄	píng
䶅	hé
䶆	zhuī
䶇	zhòu
䶈	bó
䶉	liú
䶊	nǜ
䶋	xī
䶌	pào
䶍	dì
䶎	hē
䶏	tì
䶏	tǐ
䶐	huì
䶐	wài
䶑	tì
䶒	qí
䶓	jì
䶔	chí
䶕	bà
䶕	bā
䶖	jìn
䶗	kè
䶗	qiā
䶗	qiǎ
䶘	lì
䶙	jù
䶚	qǔ
䶛	là
䶜	gǔ
䶝	qià
䶞	qí
䶟	xiàn
䶠	jiǎn
䶡	shí
䶡	zé
䶢	jiān
䶢	xián
䶣	gāi
䶣	ái
䶤	huá
䶥	chǔ
䶥	jǔ
䶥	zhā
䶦	zé
䶧	yǎo
䶨	zhān
䶩	jì
䶪	chà
䶫	yàn
䶫	yán
䶬	jiān
䶮	yǎn
䶰	jiāo
䶱	tóng
䶲	nán
䶳	yuè
䶵	chí
䶷	jiào
䶹	zuǒ
一	yī
丁	dīng
丁	zhēng
丂	kǎo
丂	qiǎo
丂	yú
七	qī
丄	shàng
丅	xià
丆	hǎn
万	mò
万	wàn
丈	zhàng
三	sān
上	shàng
上	shǎng
下	xià
丌	jī
丌	qí
不	bù
不	fōu
不	fū
不	fǒu
与	yǔ
丏	miǎn
丐	gài
丑	chǒu
丒	chǒu
专	zhuān
且	cú
且	jū
且	qiě
丕	pī
世	shì
丗	shì
丘	qiū
丙	bìng
丙	bǐng
业	yè
丛	cóng
东	dōng
丝	sī
丞	chéng
丞	shèng
丞	zhēng
丞	zhěng
丟	diū
丠	qiū
両	liǎng
丢	diū
丣	yǒu
两	liǎng
严	yán
並	bàn
並	bàng
並	bìng
丧	sàng
丨	gǔn
丩	jiū
个	gàn
个	gè
丫	yā
丬	qiáng
中	zhòng
中	zhōng
丮	jǐ
丯	jiè
丰	fēng
丱	guàn
丱	kuàng
串	chuàn
串	guàn
串	quàn
丳	chuàn
丳	chǎn
临	lín
丵	zhuó
丶	zhǔ
丷	bā
丸	wán
丹	dān
为	wèi
主	zhù
主	zhǔ
丼	dǎn
丼	jǐng
丽	lì
举	jǔ
丿	piě
丿	yì
乀	fú
乁	jí
乁	yí
乂	yì
乂	ài
乃	nǎi
乃	ǎi
乄	wǔ
久	jiǔ
乆	jiǔ
乇	tuō
乇	zhé
么	ma
么	me
么	mó
么	yāo
义	yì
乊	yī
之	zhì
之	zhī
之	zhū
乌	wū
乍	zhà
乍	zuò
乎	hū
乏	fá
乐	lè
乑	pān
乑	yín
乑	zhòng
乒	pīng
乓	pāng
乔	qiáo
乕	hǔ
乖	guāi
乗	chéng
乘	chéng
乘	shèng
乙	jué
乙	yì
乙	yǐ
乚	yǐn
乛	ya
乜	miē
乜	niè
九	jiū
九	jiǔ
乞	qì
乞	qǐ
也	yí
也	yě
习	xí
乡	xiāng
乢	gài
乣	jiǔ
乤	xià
乥	hù
书	shū
乧	dǒu
乨	shǐ
乩	jī
乪	náng
乫	jiā
乬	jù
乭	shí
乮	mǎo
乯	hū
买	mǎi
乱	luàn
乲	zī
乳	rǔ
乴	xué
乵	yǎn
乶	fǔ
乷	shā
乸	nǎ
乹	gān
乺	suǒ
乻	yú
乼	cui
乽	zhě
乾	gān
乾	qián
乿	luàn
乿	zhì
亀	guī
亁	gān
亂	luàn
亃	lìn
亃	lǐn
亄	yì
亅	jué
了	le
了	liào
了	liǎo
亇	ma
予	yú
予	yǔ
予	zhù
争	zhēng
亊	shì
事	shì
事	zì
二	èr
亍	chù
于	wéi
于	xū
于	yú
于	yū
亏	kuī
亏	yú
亐	yú
云	yún
互	hù
亓	qí
五	wǔ
井	jìng
井	jǐng
亖	sì
亗	suì
亘	gèn
亘	gèng
亘	xuān
亙	gèn
亙	gèng
亚	yà
些	suò
些	suō
些	xiē
亜	yà
亝	qí
亝	zhāi
亞	yà
亞	yā
亞	è
亟	jí
亟	qì
亠	tóu
亡	wáng
亡	wú
亢	gāng
亢	gēng
亢	kàng
亣	dà
交	jiāo
亥	hài
亥	jiē
亦	yì
产	chǎn
亨	hēng
亨	pēng
亨	xiǎng
亩	mǔ
亪	ye
享	xiǎng
京	jīng
亭	tíng
亮	liàng
亮	liáng
亯	xiǎng
亰	jīng
亱	yè
亲	qīn
亳	bó
亴	yòu
亵	xiè
亶	chán
亶	dàn
亶	dǎn
亶	zhān
亷	lián
亸	duǒ
亹	mén
亹	wěi
人	rén
亻	rén
亼	jí
亽	jí
亾	wáng
亿	yì
什	shén
什	shí
仁	rén
仂	lè
仂	lì
仃	dīng
仃	dǐng
仄	zè
仅	fù
仅	jǐn
仅	nú
仆	pú
仆	pū
仇	chóu
仇	jū
仇	qiú
仈	bā
仉	zhǎng
今	jīn
介	gè
介	jiè
仌	bīng
仍	réng
从	cóng
仏	fó
仐	sǎn
仑	lún
仒	bīng
仓	cāng
仔	zī
仔	zǎi
仔	zǐ
仕	shì
他	tuó
他	tā
仗	zhàng
付	fù
仙	xiān
仙	xiǎn
仚	xiān
仛	chà
仛	duó
仛	tuō
仛	zhé
仜	hóng
仝	tóng
仞	rèn
仟	qiān
仠	gǎn
仠	hàn
仡	gē
仡	wù
仡	yì
仢	bó
代	dài
令	lián
令	lìng
令	líng
令	lǐng
以	sì
以	yǐ
仦	chào
仧	cháng
仨	sā
仩	cháng
仪	yí
仫	mù
们	men
仭	rèn
仮	fǎn
仯	chào
仯	miǎo
仰	yǎng
仰	áng
仱	jīng
仱	qián
仲	zhòng
仳	bì
仳	pí
仳	pǐ
仴	wò
仵	wǔ
件	jiàn
件	móu
价	jie
价	jià
价	jiè
仸	fó
仸	yǎo
仹	fēng
仺	cāng
任	lìn
任	rèn
任	rén
仼	wáng
份	bīn
份	fèn
仾	dī
仿	fǎng
仿	páng
伀	zhōng
企	qǐ
伂	pèi
伃	xù
伃	yú
伃	yǔ
伄	diào
伅	dùn
伆	wù
伇	yì
伈	lǐn
伈	xǐn
伉	gāng
伉	kàng
伉	kǎng
伊	yī
伋	fán
伋	jí
伌	ài
伍	wǔ
伎	jì
伎	qì
伎	qí
伎	zhì
伏	fù
伏	fú
伐	fá
休	xiū
休	xù
伒	jìn
伒	yín
伓	pī
伔	dǎn
伕	fū
伖	tǎng
众	yín
众	zhòng
优	yóu
优	yōu
伙	huo
伙	huǒ
会	huì
伛	yǔ
伜	cuì
伝	yún
伞	sǎn
伟	wěi
传	chuán
伡	chē
伢	yá
伣	qiàn
伤	shāng
伥	chāng
伦	lún
伧	cāng
伨	xùn
伩	xìn
伪	wěi
伫	zhù
伬	ze
伭	xián
伮	nǔ
伯	bà
伯	bó
伯	mò
估	gù
估	gū
伱	nǐ
伲	nì
伲	ní
伲	nǐ
伳	xiè
伴	bàn
伴	pàn
伵	xù
伶	líng
伷	zhòu
伸	shēn
伹	qū
伹	zù
伺	cì
伺	sì
伻	bēng
似	shì
似	sì
伽	gā
伽	jiā
伽	qié
伾	pī
伿	yì
佀	sì
佁	chì
佁	sì
佁	yǐ
佁	ǎi
佂	zhēng
佃	diàn
佃	tián
佄	gàn
佄	hān
佅	mài
但	dàn
但	tǎn
但	yàn
佇	zhù
佈	bù
佉	qiā
佉	qū
佊	bǐ
佋	shào
佋	sháo
佋	zhāo
佌	cǐ
位	lì
位	wèi
低	dī
住	zhù
佐	zuǒ
佑	yòu
佒	yāng
佒	yǎng
体	bèn
体	cuì
体	tǐ
佔	chān
佔	diān
佔	zhàn
何	hè
何	hé
佖	bì
佗	tuò
佗	tuó
佗	tuō
佗	yí
佘	shé
余	tú
余	xú
余	yù
余	yú
佚	dié
佚	yì
佛	bì
佛	bó
佛	fó
佛	fú
作	zuò
作	zuó
作	zuō
佝	gōu
佝	jū
佝	kòu
佞	nìng
佟	tóng
你	nǐ
佡	xiān
佢	qú
佣	yòng
佣	yōng
佤	wǎ
佥	qiān
佦	shi
佧	kǎ
佨	bāo
佩	pèi
佪	huái
佪	huí
佫	gé
佫	hè
佬	liáo
佬	lǎo
佭	xiáng
佮	gé
佮	é
佯	yáng
佰	bǎi
佰	mò
佱	fǎ
佲	mǐng
佳	jiā
佴	nài
佴	èr
併	bìng
佶	jí
佷	héng
佷	hěn
佸	huó
佹	guī
佹	guǐ
佺	quán
佻	diǎo
佻	dào
佻	tiào
佻	tiáo
佻	tiāo
佻	yáo
佻	zhào
佼	jiāo
佼	jiǎo
佼	xiáo
佽	cì
佾	yì
使	shǐ
侀	xíng
侁	shēn
侂	tuō
侃	kǎn
侄	zhí
侅	gāi
侅	hài
來	lài
來	lái
侇	yí
侈	chǐ
侉	huá
侉	kuǎ
侉	wú
侉	è
侊	guāng
例	liè
例	lì
侌	yīn
侍	shì
侎	mǐ
侏	zhōu
侏	zhū
侐	xù
侑	yòu
侒	ān
侒	ǎn
侓	lù
侔	máo
侔	móu
侕	ér
侖	lùn
侖	lún
侗	dòng
侗	tóng
侗	tōng
侗	tǒng
侘	chà
侙	chī
侚	xùn
侚	xún
供	gòng
供	gōng
侜	zhōu
依	yī
依	yǐ
侞	rú
侟	cún
侟	jiàn
侠	xiá
価	sì
侢	dài
侣	lǚ
侤	ta
侥	jiǎo
侦	zhēn
侧	cè
侨	qiáo
侩	kuài
侪	chái
侫	nìng
侬	nóng
侭	jǐn
侮	wǔ
侯	hòu
侯	hóu
侰	jiǒng
侱	chěng
侱	tǐng
侲	chēn
侲	zhèn
侲	zhēn
侳	zuò
侴	chǒu
侵	qīn
侵	qǐn
侶	lǚ
侷	jú
侸	dōu
侸	shù
侹	tǐng
侺	shèn
侻	tuì
侻	tuō
侼	bó
侽	nán
侾	xiāo
便	biàn
便	biān
便	pián
俀	tuǐ
俁	yǔ
係	xì
促	chuò
促	cù
俄	é
俅	qiú
俆	shū
俆	xú
俇	guàng
俈	kù
俉	wú
俉	wǔ
俊	dūn
俊	jùn
俊	shùn
俋	yì
俌	fǔ
俍	liáng
俍	lǎng
俎	zǔ
俏	qiào
俏	xiào
俏	xiāo
俐	lì
俑	yǒng
俒	hùn
俓	jìng
俓	yíng
俔	qiàn
俔	xiàn
俕	sàn
俖	pěi
俗	sú
俘	fú
俙	xī
俚	lì
俚	lǐ
俛	fǔ
俛	miǎn
俜	pīng
保	bǎo
俞	yú
俟	qí
俟	sì
俠	xiá
信	shēn
信	xìn
俢	xiū
俣	yǔ
俤	dì
俥	chē
俥	jū
俦	chóu
俧	zhì
俨	yǎn
俩	liǎ
俪	lì
俫	lái
俬	sī
俭	jiǎn
修	xiū
俯	fǔ
俰	huò
俱	jù
俱	jū
俲	xiào
俳	pái
俴	jiàn
俵	biào
俶	chù
俶	shū
俶	tì
俷	fèi
俸	běng
俸	fèng
俹	yà
俹	yā
俺	yàn
俺	ǎn
俻	bèi
俼	yù
俽	xīn
俾	bì
俾	bēi
俾	bǐ
俾	pì
俿	chí
俿	hǔ
倀	chéng
倀	chāng
倀	zhèng
倁	zhī
倂	bìng
倃	jiù
倄	yáo
倅	cuì
倅	zú
倆	liǎ
倆	liǎng
倇	wǎn
倈	liē
倈	lài
倈	lái
倉	chuàng
倉	cāng
倊	zòng
個	gè
個	gě
倌	guān
倍	bèi
倍	péi
倎	tiǎn
倏	shū
倐	shū
們	men
們	mèn
們	mén
倒	dào
倒	dǎo
倓	dàn
倓	tàn
倓	tán
倔	juè
倔	jué
倕	chuí
倕	zhuì
倖	xìng
倗	péng
倗	píng
倗	pěng
倘	cháng
倘	tǎng
候	hòu
倚	jī
倚	yī
倚	yǐ
倛	qì
倛	qí
倛	qī
倜	diào
倜	tì
倜	zhōu
倝	gàn
倞	jìng
倞	liàng
借	jiè
倠	suī
倡	chàng
倡	chāng
倢	jié
倢	qiè
倣	fǎng
値	zhí
倥	kōng
倥	kǒng
倦	juàn
倧	zōng
倨	jù
倩	qiàn
倩	qìng
倪	niè
倪	nì
倪	ní
倫	lún
倬	zhuō
倭	wēi
倭	wō
倭	wǒ
倮	luǒ
倯	sōng
倰	lèng
倰	líng
倱	hùn
倲	dòng
倲	dōng
倳	zì
倴	bèn
倴	bēn
倵	wǔ
倶	jù
倷	nǎi
倸	cǎi
倹	jiǎn
债	zhài
倻	yē
值	zhí
倽	shà
倾	qīng
倿	nìng
偀	yīng
偁	chēng
偂	qián
偃	yǎn
偄	ruǎn
偄	rú
偅	chōng
偅	tóng
偅	zhòng
偆	chǔn
假	gé
假	jie
假	jià
假	jiǎ
假	xià
假	xiá
偈	jié
偈	jì
偈	qì
偉	wěi
偊	yǔ
偋	bìng
偋	bǐng
偌	ruò
偌	rè
偍	tí
偎	wēi
偏	piān
偐	yàn
偑	fēng
偒	dàng
偒	tǎng
偓	wò
偔	è
偕	jiē
偕	xié
偖	chě
偗	shěng
偘	kǎn
偙	dì
做	zuò
偛	chā
停	tíng
偝	bèi
偞	xiè
偞	yè
偞	zhá
偟	huáng
偠	yǎo
偡	zhàn
偢	chǒu
偢	qiào
偢	zōu
偣	yān
偤	yóu
健	jiàn
偦	xū
偦	xǔ
偧	zhā
偨	cī
偩	fù
偪	bī
偪	fù
偫	zhì
偬	cōng
偬	zǒng
偭	miǎn
偮	jí
偯	yǐ
偰	xiè
偱	xún
偲	cāi
偲	sī
偲	sǐ
偳	duān
側	cè
側	zhāi
側	zè
偵	zhēn
偵	zhēng
偶	ǒu
偷	tōu
偸	tōu
偹	bèi
偺	zá
偻	lóu
偼	jié
偽	guì
偽	wéi
偽	wěi
偽	é
偾	fèn
偿	cháng
傀	guī
傀	kuài
傀	kuǐ
傁	sǒu
傂	sī
傂	zhì
傃	sù
傄	xiā
傅	fù
傅	fū
傆	yuàn
傆	yuán
傇	rǒng
傈	lì
傉	nù
傊	yùn
傋	gòu
傋	jiǎng
傌	mà
傌	mǎ
傍	bàng
傍	bēng
傍	páng
傍	péng
傎	diān
傏	táng
傐	hào
傑	jié
傒	xì
傒	xī
傓	shàn
傔	jiān
傔	qiàn
傕	jué
傕	què
傖	chen
傖	chéng
傖	cāng
傗	chù
傘	sǎn
備	bèi
傚	xiào
傛	róng
傛	yǒng
傜	yáo
傝	tà
傝	tàn
傞	suō
傟	yǎng
傠	fá
傡	bìng
傢	jiā
傢	xiàng
傣	dǎi
傤	zài
傥	tǎng
傦	gǔ
傧	bīn
储	chǔ
傩	nuó
傪	càn
傪	cā
傪	cān
傪	sēn
傪	sǎn
傫	lěi
催	cuī
傭	chōng
傭	yòng
傭	yōng
傮	cáo
傮	zāo
傯	zǒng
傰	bēng
傰	péng
傱	shuǎng
傱	sǒng
傲	ào
傲	áo
傳	chuán
傳	zhuàn
傴	yǔ
債	zhài
傶	qī
傶	zú
傷	shāng
傸	chuǎng
傹	jìng
傺	chì
傻	shǎ
傼	hàn
傽	zhāng
傾	qīng
傾	qǐng
傿	yàn
傿	yìn
傿	yān
僀	dì
僁	sù
僁	xiè
僂	liǔ
僂	lóu
僃	bèi
僄	biāo
僄	piào
僅	jìn
僅	jǐn
僆	liàn
僆	lián
僇	liáo
僇	lù
僈	màn
僈	mán
僉	qiān
僊	xiān
僋	làn
僋	tàn
僋	tǎn
僌	yíng
働	dòng
僎	zhuàn
僎	zūn
像	xiàng
僐	shàn
僑	jiǎo
僑	qiáo
僒	jiǒng
僓	tuí
僓	tuǐ
僔	cuán
僔	zǔn
僕	bú
僕	pú
僕	pū
僖	xī
僗	lào
僗	láo
僘	chǎng
僙	guāng
僚	liáo
僚	liǎo
僚	lǎo
僛	qī
僜	chēng
僜	dèng
僜	dēng
僜	téng
僝	chán
僝	zhuàn
僞	wěi
僟	jī
僠	bō
僡	huì
僢	chuǎn
僢	chǔn
僣	jiàn
僣	tiě
僤	chán
僤	chǎn
僤	dàn
僤	dá
僤	shàn
僥	jiāo
僥	jiǎo
僥	yáo
僦	jiù
僧	céng
僧	sēng
僨	fèn
僩	xiàn
僪	jú
僪	yù
僫	è
僬	jiào
僬	jiāo
僬	jiǎo
僭	jiàn
僭	zèn
僮	chòng
僮	tóng
僮	zhuàng
僯	lìn
僯	lǐn
僰	bó
僱	gù
僲	xiān
僳	sù
僴	xiàn
僵	jiāng
僶	mǐn
僷	yè
僸	jìn
價	jie
價	jià
價	qiǎ
僺	qiào
僻	pì
僼	fēng
僽	zhòu
僽	zhōu
僾	ài
僿	sài
儀	yí
儁	jùn
儂	nóng
儃	chán
儃	dàn
儃	shàn
儃	tǎn
儃	zhǎn
億	yì
億	yī
儅	dàng
儅	dāng
儆	jǐng
儇	xuán
儇	xuān
儈	kuài
儉	jiǎn
儊	chù
儋	dàn
儋	dān
儋	shàn
儌	jiāo
儌	jiǎo
儍	shǎ
儎	zài
儏	càn
儐	bìn
儐	bīn
儑	àn
儑	án
儒	rú
儓	tài
儓	tái
儔	chóu
儔	dào
儕	chái
儖	lán
儗	nǐ
儗	yì
儗	yí
儗	ài
儘	jìn
儘	jǐn
儙	qiàn
儚	méng
儛	wǔ
儜	níng
儝	qióng
儞	nǐ
償	cháng
儠	liè
儠	là
儡	lèi
儡	léi
儡	lěi
儢	lǚ
儣	kuǎng
儤	bào
儥	dí
儥	dú
儥	yù
儦	biāo
儧	zǎn
儨	zhì
儩	sì
優	yōu
儫	háo
儬	qìng
儭	chèn
儭	qìn
儭	qīn
儮	lì
儯	téng
儰	wěi
儱	lòng
儱	lóng
儱	lǒng
儲	chú
儲	chǔ
儳	chàn
儳	chán
儴	ráng
儴	xiāng
儵	shū
儵	tiáo
儶	huì
儶	xié
儷	lì
儷	lí
儸	luó
儹	zǎn
儺	nuó
儻	chǎng
儻	tàng
儻	tǎng
儼	yǎn
儽	luǒ
儽	léi
儽	lěi
儾	nàng
儿	rén
儿	ér
兀	wù
允	yuán
允	yǔn
兂	zān
元	yuán
兄	kuàng
兄	xiōng
充	chōng
兆	zhào
兇	xiōng
先	xiān
光	guàng
光	guāng
兊	duì
克	kè
兌	duì
免	miǎn
免	wèn
免	wǎn
兎	tù
兏	cháng
児	ér
兑	duì
兑	duó
兑	ruì
兒	ní
兒	ér
兓	jīn
兓	zàn
兔	chān
兔	tù
兔	tú
兕	sì
兖	yǎn
兗	yǎn
兘	shǐ
党	dǎng
兛	qiān
兜	dōu
兝	fēn
兞	máo
兟	shēn
兠	dōu
兢	jīng
兣	lǐ
兤	huǎng
入	rù
兦	wáng
內	nèi
全	quán
兩	liàng
兩	liǎng
兪	shù
兪	shū
兪	yù
兪	yú
兪	zhū
八	bā
公	gōng
六	liù
六	lù
兮	xī
兯	han
兰	lán
共	gòng
共	gōng
共	gǒng
共	hóng
兲	tiān
关	guān
兴	xìng
兵	bīng
其	jì
其	jī
其	qí
具	jù
典	diǎn
典	tiǎn
兹	zī
兺	fēn
养	yǎng
兼	jiān
兽	shòu
兾	jì
兿	yì
冀	jì
冁	chǎn
冂	jiōng
冂	jiǒng
冃	mào
冄	rǎn
内	nà
内	nèi
内	ruì
円	yuán
冇	mǎo
冈	gāng
冉	dān
冉	nán
冉	rǎn
冊	cè
冋	jiōng
冋	jiǒng
册	cè
册	zhà
再	zài
冎	guǎ
冏	jiōng
冏	jiǒng
冐	mào
冑	zhòu
冒	mào
冒	mò
冓	gòu
冓	gōu
冔	xǔ
冕	miǎn
冖	mì
冗	rǒng
冘	yín
冘	yóu
写	xiě
冚	kǎn
军	jūn
农	nóng
冝	yí
冞	mí
冟	shì
冠	guàn
冠	guān
冡	méng
冢	zhǒng
冣	jù
冤	yuān
冥	miàn
冥	mián
冥	míng
冦	kòu
冧	lín
冨	fù
冩	xiě
冪	mì
冫	bīng
冬	dōng
冭	tài
冮	gāng
冯	féng
冰	bīng
冰	níng
冱	hù
冲	chōng
决	jué
冴	hù
况	kuàng
冶	yě
冷	líng
冷	lěng
冷	lǐng
冸	pàn
冹	fú
冺	mǐn
冻	dòng
冼	shěng
冼	xiǎn
冽	liè
冾	qià
冿	jiān
净	chēng
净	jìng
凁	sōu
凂	měi
凃	tú
凄	qī
凅	gù
准	zhǔn
凇	sōng
凈	jìng
凉	liáng
凊	qìng
凋	diāo
凌	lìng
凌	líng
凍	dòng
凎	gàn
减	jiǎn
凐	yīn
凑	còu
凒	ái
凓	lì
凔	chuàng
凔	cāng
凕	mǐng
凖	zhǔn
凗	cuī
凘	sī
凙	duó
凚	jìn
凛	lǐn
凜	lǐn
凝	níng
凞	xī
凟	dú
几	jī
几	jǐ
凡	fán
凢	fán
凣	fán
凤	fèng
凥	jū
処	chǔ
凧	zhēng
凨	fēng
凩	mù
凪	zhǐ
凫	fú
凬	fēng
凭	píng
凮	fēng
凯	kǎi
凰	huáng
凱	kǎi
凲	gān
凳	dèng
凴	píng
凵	kǎn
凵	qiǎn
凶	xiōng
凷	kuài
凸	tū
凹	wā
凹	āo
出	chū
击	jī
凼	dàng
函	hán
凾	hán
凿	záo
刀	diāo
刀	dāo
刁	diāo
刂	dāo
刃	rèn
刄	rèn
刅	chuāng
分	bàn
分	fèn
分	fén
分	fēn
切	qiè
切	qiē
切	qì
刈	yì
刉	jī
刊	kān
刋	qiàn
刌	cǔn
刍	chú
刎	wěn
刏	jī
刐	dǎn
刑	xíng
划	guò
划	guǒ
划	huà
划	huá
刓	wán
刔	jué
刕	lí
刖	yuè
列	liè
列	lì
刘	liú
则	zé
刚	gāng
创	chuàng
刜	fú
初	chū
刞	qù
刟	diāo
删	shān
刡	mǐn
刢	líng
刣	zhōng
判	pàn
別	bié
刦	jié
刧	jié
刨	bào
刨	páo
利	lì
刪	shān
别	biè
别	bié
刬	chàn
刭	jǐng
刮	guā
刯	gēng
到	dào
刱	chuàng
刲	kuī
刳	kōu
刳	kū
刴	duò
刵	èr
制	zhì
刷	shuà
刷	shuā
券	quàn
券	xuàn
刹	chà
刹	shā
刺	cì
刺	cī
刺	qì
刻	kè
刻	kēi
刼	jié
刽	guì
刾	cì
刿	guì
剀	kǎi
剁	duò
剂	jì
剃	tì
剄	jǐng
剅	dōu
剅	lóu
剆	luǒ
則	zé
剈	yuān
剉	cuò
削	qiào
削	shào
削	xiāo
削	xuē
剋	kè
剋	kēi
剌	là
剌	lá
前	jiǎn
前	qián
剎	shā
剏	chuàng
剐	guǎ
剑	jiàn
剒	cuò
剓	lí
剔	tì
剔	tī
剕	fèi
剖	pōu
剖	pǒ
剗	chàn
剗	chǎn
剘	qí
剙	chuàng
剚	zì
剛	gāng
剜	wān
剝	bō
剞	jī
剟	chì
剟	duō
剠	lüè
剠	qíng
剡	shàn
剡	yǎn
剢	dū
剢	zhuó
剣	jiàn
剤	jì
剥	bāo
剥	bō
剥	pū
剦	yān
剧	jù
剨	huò
剨	huō
剩	shèng
剪	jiǎn
剫	duó
剫	dù
剬	duān
剬	tuán
剬	zhì
剭	wū
剮	guǎ
副	fù
副	pì
剰	shèng
剱	jiàn
割	gē
剳	dá
剳	zhá
剴	kǎi
剴	āi
創	chuàng
創	chuāng
創	qiāng
剶	chuān
剷	chǎn
剸	tuán
剸	zhuàn
剸	zhuān
剹	jiū
剹	lù
剺	lí
剻	pěng
剼	shān
剽	biāo
剽	biǎo
剽	piào
剽	piáo
剽	piāo
剾	kōu
剿	jiǎo
劀	guā
劁	qiáo
劁	qiāo
劂	jué
劃	huai
劃	huà
劃	huá
劄	zhá
劄	zhā
劅	zhuó
劆	lián
劇	jù
劈	pī
劈	pǐ
劉	liú
劊	guì
劋	chāo
劋	jiǎo
劌	guì
劍	jiàn
劎	jiàn
劏	tāng
劐	huá
劐	huò
劐	huō
劑	jì
劒	jiàn
劓	yì
劔	jiàn
劕	zhì
劖	chán
劗	jiǎn
劗	zuān
劘	mí
劘	mó
劙	lí
劚	zhǔ
力	lì
劜	yà
劝	quàn
办	bàn
功	gōng
加	jiā
务	wù
劢	mài
劣	liè
劤	jìn
劥	kēng
劦	liè
劦	xié
劧	zhǐ
动	dòng
助	chú
助	zhù
努	nǔ
劫	jié
劬	qú
劭	shào
劮	yì
劯	zhū
劰	mò
励	lì
劲	jìn
劳	láo
労	láo
劵	juàn
劶	kǒu
劷	yáng
劸	wā
効	xiào
劺	móu
劻	kuāng
劼	jié
劽	liè
劾	hé
劾	kài
势	shì
勀	kè
勁	jìn
勁	jìng
勂	gào
勃	bó
勄	mǐn
勅	chì
勆	láng
勇	yǒng
勈	yǒng
勉	miǎn
勊	kè
勋	xūn
勌	juàn
勌	juān
勍	qíng
勎	lù
勏	bù
勐	měng
勑	chì
勑	lài
勒	lei
勒	lè
勒	lēi
勓	kài
勔	miǎn
動	dòng
勖	mào
勖	xù
勗	xù
勘	kān
務	mào
務	máo
務	wù
務	wú
務	wǔ
勚	yì
勛	xūn
勜	wěng
勜	yǎng
勝	shèng
勞	liáo
勞	lào
勞	láo
募	bó
募	mù
勠	lù
勡	piào
勢	shì
勣	jī
勤	qí
勤	qín
勥	jiàng
勥	jiǎng
勥	qiǎng
勦	cháo
勦	chāo
勦	jiǎo
勧	quàn
勨	xiàng
勩	yì
勪	jué
勫	fān
勬	juān
勭	dòng
勭	tóng
勮	jù
勯	dān
勰	xié
勱	mài
勲	xūn
勳	xūn
勴	lǜ
勵	lì
勶	chè
勷	ráng
勷	xiāng
勸	quàn
勹	bāo
勺	dì
勺	shuò
勺	sháo
勺	zhuó
勻	yún
勼	jiū
勽	bào
勾	gòu
勾	gōu
勿	mò
勿	wù
匀	jūn
匀	yùn
匀	yún
匁	wén
匂	xiōng
匃	gài
匄	gài
包	bāo
包	fú
包	páo
匆	cōng
匇	yì
匈	xiōng
匉	pēng
匊	jū
匋	táo
匋	yáo
匌	gé
匍	pú
匎	è
匏	páo
匐	fú
匑	gōng
匒	dá
匓	jiù
匔	gōng
匕	bǐ
匕	pìn
化	huà
化	huò
化	huā
北	bèi
北	běi
匘	nǎo
匙	chí
匙	shi
匚	fàng
匚	fāng
匛	jiù
匜	yí
匝	zā
匞	jiàng
匟	kàng
匠	jiàng
匡	kuāng
匡	wāng
匢	hū
匣	xiá
匤	qū
匥	fán
匦	guǐ
匧	qiè
匨	cáng
匨	zāng
匩	kuāng
匪	fēi
匪	fēn
匪	fěi
匫	hū
匬	yǔ
匭	guǐ
匮	kuì
匯	huì
匰	dān
匱	guì
匱	kuì
匲	lián
匳	lián
匴	suǎn
匵	dú
匶	jiù
匷	jué
匸	xì
匹	pǐ
区	qū
医	yì
医	yī
匼	kē
匼	ē
匼	ǎn
匽	yàn
匽	yǎn
匾	biǎn
匿	nì
匿	tè
區	gōu
區	kòu
區	qiū
區	qū
區	ōu
十	shí
卂	xùn
千	qiān
卄	niàn
卅	sà
卆	zú
升	shēng
午	wǔ
卉	huì
半	bàn
半	pàn
卋	shì
卌	xì
卍	wàn
华	huá
协	xié
卐	wàn
卑	bì
卑	bān
卑	bēi
卑	bǐ
卑	pí
卒	cuì
卒	cù
卒	zú
卓	zhuó
卓	zhuō
協	xié
单	dān
卖	mài
南	nán
南	nā
単	dān
卙	chì
卙	jí
博	bó
卛	shuài
卜	bo
卜	bǔ
卜	pū
卝	guàn
卝	kuàng
卞	biàn
卞	pán
卟	bǔ
卟	jī
占	tiē
占	zhàn
占	zhān
卡	kǎ
卡	qiǎ
卢	lú
卣	yǒu
卤	lǔ
卤	xī
卥	xī
卦	guà
卧	wò
卨	xiè
卩	jié
卪	jié
卫	wèi
卬	yǎng
卬	áng
卭	qióng
卮	zhī
卯	mǎo
印	yì
印	yìn
危	wēi
卲	shào
即	jí
却	què
卵	kūn
卵	luǎn
卶	chǐ
卷	gǔn
卷	juàn
卷	juǎn
卷	jùn
卷	quán
卷	quān
卸	xiè
卹	sū
卹	xù
卺	jǐn
卻	jiǎo
卻	què
卻	xì
卼	wù
卽	jí
卾	è
卿	qīng
厀	xī
厁	sān
厂	chǎng
厂	hǎn
厂	yán
厂	ān
厃	wěi
厃	yán
厄	è
厄	ě
厅	tīng
历	lì
厇	zhái
厇	zhé
厈	hǎn
厈	àn
厉	lì
厊	yǎ
压	yā
厌	yàn
厍	shè
厎	dǐ
厎	zhǐ
厏	zhǎ
厏	zhǎi
厐	páng
厑	yá
厒	qiè
厓	yá
厓	ái
厔	shī
厔	zhì
厕	cè
厖	máng
厗	tí
厘	chán
厘	lí
厙	shè
厚	hòu
厛	tīng
厜	zuī
厝	cuò
厝	jí
厞	fèi
原	yuán
厠	cè
厡	yuán
厢	xiāng
厣	yǎn
厤	lì
厥	jué
厦	shà
厧	diān
厨	chú
厩	jiù
厪	jǐn
厫	áo
厬	guǐ
厭	yàn
厭	yì
厭	yā
厭	yān
厭	yǎn
厮	sī
厯	lì
厰	chǎng
厱	lán
厱	qiān
厲	lài
厲	lì
厳	yán
厴	yǎn
厵	yuán
厶	mǒu
厶	sī
厷	gōng
厷	hóng
厸	lín
厸	min
厹	qiú
厹	róu
厺	qù
去	qù
去	qū
厼	ěr
厽	lěi
厾	dū
厾	dǔ
县	xiàn
叀	huì
叀	zhuān
叁	sān
参	cān
參	càn
參	cān
參	cēn
參	shēn
參	sān
參	sǎn
叄	cān
叅	cān
叆	ài
叇	dài
又	yòu
叉	chà
叉	chá
叉	chā
叉	chǎ
及	jí
友	yǒu
双	shuāng
反	fàn
反	fǎn
収	shōu
叏	guài
叐	bá
发	fā
叒	ruò
叓	lì
叓	shì
叔	shū
叕	jué
叕	lì
叕	yǐ
叕	zhuó
取	qū
取	qǔ
受	dào
受	shòu
变	biàn
叙	xù
叚	jiǎ
叚	xiá
叛	pàn
叜	sǒu
叝	jí
叞	wèi
叟	sōu
叟	sǒu
叟	xiāo
叠	dié
叡	ruì
叢	cóng
口	kǒu
古	gù
古	gǔ
古	kū
句	gòu
句	gōu
句	jù
句	qú
另	lìng
叧	guǎ
叨	dāo
叨	tāo
叩	kòu
只	zhī
只	zhǐ
叫	jiào
召	shào
召	zhào
叭	ba
叭	bā
叭	pā
叮	dīng
可	gē
可	kè
可	kě
台	sì
台	tái
台	yí
叱	chì
叱	huà
叱	é
史	shǐ
右	yòu
叴	qiú
叵	pǒ
叶	xié
叶	yè
号	hào
号	háo
号	xiāo
司	cí
司	sì
司	sī
叹	tàn
叹	yòu
叹	yǐ
叺	chǐ
叻	lè
叻	lì
叼	diāo
叽	jiào
叽	jī
叾	liǎo
叿	hóng
叿	hōng
吀	miē
吁	xū
吁	yù
吂	màng
吂	máng
吃	chī
吃	qī
各	gè
各	gě
吅	sòng
吅	xuān
吆	yāo
吇	jí
吇	zǐ
合	gě
合	hé
吉	jí
吊	diào
吋	cùn
吋	dòu
同	tòng
同	tóng
名	mìng
名	míng
后	hòu
吏	lì
吐	tù
吐	tǔ
向	xiàng
吒	zhà
吒	zhā
吓	hà
吓	xià
吔	yē
吔	yě
吕	lǚ
吖	yā
吖	ā
吗	ma
吘	ǒu
吙	huō
吚	xī
吚	yī
君	jūn
吜	chǒu
吝	lìn
吞	tiān
吞	tūn
吟	jìn
吟	yín
吟	yǐn
吠	fèi
吡	bì
吡	bǐ
吢	qìn
吣	qìn
吤	gè
吤	jiè
吤	xiè
吥	bù
吥	pōu
否	fǒu
否	pǐ
吧	ba
吧	bā
吧	pā
吨	dūn
吨	tún
吨	tǔn
吩	fēn
吩	pèn
吪	huā
吪	é
含	hàn
含	hán
听	tīng
听	yí
听	yǐn
吭	hàng
吭	háng
吭	kēng
吮	shǔn
启	qǐ
吰	hóng
吱	qì
吱	zhī
吱	zī
吲	shěn
吲	yǐn
吳	wú
吳	yú
吴	tūn
吴	wú
吵	chào
吵	chāo
吵	chǎo
吵	miǎo
吶	nà
吷	chuò
吷	jué
吷	xuè
吸	xī
吹	chuì
吹	chuī
吺	dōu
吺	rú
吻	wěn
吼	hǒu
吽	hōng
吽	hǒu
吽	ōu
吾	wú
吾	yá
吾	yú
吿	gào
呀	xiā
呀	ya
呀	yā
呁	jùn
呂	lǚ
呃	e
呃	ài
呃	è
呄	gé
呅	méi
呅	wěn
呆	bǎo
呆	dāi
呆	ái
呇	mèn
呇	qǐ
呈	chéng
呈	chěng
呈	kuáng
呉	wú
告	gào
告	gù
告	jū
呋	fū
呌	jiào
呍	hōng
呎	chǐ
呏	shēng
呐	na
呐	nuò
呐	nà
呐	nè
呑	tūn
呒	ḿ
呓	yì
呔	dāi
呔	tǎi
呕	ǒu
呖	lì
呗	bei
员	yuán
呙	guō
呚	wen
呛	qiāng
呜	wū
呝	è
呞	shī
呟	juǎn
呠	pěn
呡	mǐn
呡	wěn
呢	ne
呢	ní
呢	nī
呢	nǐ
呣	móu
呣	m̀
呣	ḿ
呤	lìng
呤	líng
呥	rán
呦	yōu
呧	dǐ
周	zhōu
呩	shì
呪	zhòu
呫	chè
呫	tiè
呬	chì
呬	xì
呭	yì
呮	qì
呮	zhī
呯	píng
呰	cī
呰	jī
呰	xì
呰	zǐ
呱	guā
呱	guǎ
呱	gū
呲	cí
呲	cī
呲	zī
味	mèi
味	wèi
呴	gòu
呴	gōu
呴	gū
呴	hōu
呴	hǒu
呴	xǔ
呵	a
呵	huō
呵	hā
呵	hē
呵	kē
呵	ā
呶	ná
呶	náo
呶	nǔ
呷	gā
呷	jiǎ
呷	xiá
呷	xiā
呸	pēi
呹	chì
呹	yì
呺	háo
呺	xiāo
呻	shēn
呼	hè
呼	hū
呼	xià
呼	xiāo
呼	xū
命	mìng
呾	dàn
呾	dá
呾	tǎ
呾	yà
呿	kā
呿	qù
咀	jǔ
咁	gàn
咁	hán
咁	xián
咂	zā
咃	tuō
咄	duō
咅	pǒu
咆	páo
咇	bié
咇	bì
咈	fú
咉	yāng
咉	yǎng
咊	hé
咋	zhà
咋	zhā
咋	zé
咋	zǎ
和	huò
和	huó
和	hè
和	hé
和	hú
咍	hāi
咍	tāi
咎	gāo
咎	jiù
咏	yǒng
咐	fù
咐	fú
咑	dā
咒	zhòu
咓	wǎ
咔	kā
咔	kǎ
咔	nòng
咕	gu
咕	gū
咖	gā
咖	jiā
咖	kā
咗	zuo
咘	bù
咙	lóng
咚	dōng
咛	níng
咜	ta
咝	sī
咞	xiàn
咞	xián
咟	huò
咠	qì
咡	èr
咡	ér
咢	è
咣	guāng
咣	gōng
咤	zhà
咥	dié
咥	xì
咥	xī
咥	zhì
咦	xī
咦	yí
咧	lie
咧	liè
咧	lié
咧	liē
咧	liě
咨	zī
咩	mie
咩	miē
咪	miē
咪	mī
咪	mǎi
咪	mǐ
咫	zhǐ
咬	jiāo
咬	jiǎo
咬	yāo
咬	yǎo
咭	jī
咭	qià
咭	xī
咮	rú
咮	zhòu
咮	zhù
咮	zhū
咯	gē
咯	kā
咯	kǎ
咯	lo
咯	luò
咰	shù
咰	xún
咱	zan
咱	zá
咱	zán
咱	zǎ
咲	xiào
咳	gāi
咳	hái
咳	hāi
咳	ké
咴	huī
咴	hái
咵	kuǎ
咶	guā
咶	guō
咶	huà
咶	huài
咶	shì
咷	tiào
咷	táo
咸	jiān
咸	jiǎn
咸	xián
咹	àn
咹	è
咹	ń
咺	xuān
咺	xuǎn
咻	xiāo
咻	xiū
咻	xù
咻	xǔ
咼	guō
咼	guǎ
咼	hé
咼	wāi
咼	wō
咼	wǒ
咽	yuān
咽	yàn
咽	yè
咽	yān
咾	lǎo
咿	yī
哀	āi
品	pǐn
哂	shěn
哃	tóng
哄	hòng
哄	hōng
哄	hǒng
哅	hōng
哅	xiōng
哆	chì
哆	chǐ
哆	diě
哆	duò
哆	duō
哆	zhà
哇	guī
哇	huá
哇	wa
哇	wá
哇	wā
哈	hà
哈	hé
哈	hā
哈	hē
哈	hǎ
哈	shà
哈	tà
哉	zāi
哊	yòu
哋	diè
哋	dì
哌	gū
哌	pài
响	xiǎng
哎	āi
哏	gén
哏	hěn
哏	ǹ
哐	kuāng
哐	qiāng
哑	yǎ
哒	dā
哓	xiāo
哔	bì
哕	huì
哖	nián
哗	huā
哘	xing
哙	kuài
哚	duǒ
哛	fēn
哜	jì
哝	nóng
哞	mōu
哟	yō
哠	hào
員	yuán
員	yùn
員	yún
哢	lòng
哣	pǒu
哤	máng
哥	gē
哦	é
哦	ó
哧	chī
哧	hè
哧	xià
哨	shào
哨	sào
哨	sāo
哨	xiào
哨	xiāo
哩	li
哩	lì
哩	lī
哩	lǐ
哩	mái
哪	na
哪	niè
哪	nuó
哪	nà
哪	né
哪	nǎ
哪	nǎi
哫	zú
哬	hé
哭	kū
哮	xiào
哮	xuē
哯	xiàn
哰	láo
哱	bèi
哱	bó
哱	bā
哱	bō
哱	pò
哲	zhé
哳	zhā
哴	liàng
哴	láng
哵	bā
哶	miē
哷	liè
哷	lǜ
哸	suī
哹	fú
哺	bū
哺	bǔ
哺	fǔ
哻	hān
哼	hng
哼	hēng
哽	gěng
哽	yìng
哽	yǐng
哽	ń
哽	ńg
哾	shuō
哾	yuè
哿	gě
唀	yòu
唁	yàn
唂	gū
唃	gǔ
唄	bei
唄	bài
唅	hán
唆	shuà
唆	suō
唇	chún
唇	zhèn
唇	zhēn
唈	yì
唉	ài
唉	āi
唉	ǎi
唊	jiá
唊	qiǎn
唋	tū
唌	dàn
唌	xián
唌	yán
唍	wǎn
唎	lì
唏	xiè
唏	xī
唐	táng
唑	shì
唑	zuò
唒	qiú
唓	chē
唔	wù
唔	wú
唔	ńg
唔	ḿ
唕	zào
唖	yǎ
唗	dōu
唘	qǐ
唙	dí
唚	qìn
唚	qīn
唛	mài
唜	mò
唝	hǒng
唞	dǒu
唟	qù
唠	láo
唡	liǎng
唢	suǒ
唣	zào
唤	huàn
唥	lang
唦	shā
唧	jié
唧	jī
唨	zǔ
唩	wěi
唩	wō
唪	běng
唪	fěng
唫	jìn
唫	yín
唬	guó
唬	háo
唬	hǔ
唬	xià
唬	xiāo
唭	qì
售	shòu
售	shú
唯	wéi
唯	wěi
唰	shuā
唱	chàng
唲	wā
唲	ér
唳	lì
唴	qiàng
唵	n
唵	ng
唵	ǎn
唶	jiè
唶	zé
唷	yù
唷	yō
唸	diàn
唸	niàn
唹	yū
唺	tiǎn
唻	lài
唻	lái
唼	qiè
唼	shà
唽	xī
唾	tuò
唿	hū
啀	ái
啁	diào
啁	dāo
啁	tiáo
啁	zhāo
啁	zhōu
啂	nǒu
啃	kěn
啄	zhuó
啄	zhòu
啅	zhuó
啅	zhào
商	shāng
啇	dì
啇	shì
啇	zhāi
啈	hèng
啈	hēng
啈	zá
啈	è
啉	lán
啉	lèn
啉	lín
啊	a
啊	à
啊	á
啊	è
啊	ā
啊	ǎ
啋	cāi
啋	cǎi
啋	xiāo
啌	qiāng
啌	xiāng
啍	duǐ
啍	tuī
啍	tūn
啍	xiāng
啍	zhūn
啎	wǔ
問	wèn
啐	chuài
啐	cuì
啐	zá
啐	zú
啐	è
啑	dié
啑	jié
啑	shà
啑	tì
啑	zā
啒	gǔ
啓	qǐ
啔	qǐ
啕	táo
啖	dàn
啗	dàn
啘	wā
啘	yè
啙	cī
啙	zǐ
啚	bǐ
啚	tú
啛	cuì
啜	chuài
啜	chuò
啜	zhuó
啝	hé
啞	yā
啞	yǎ
啞	è
啟	qǐ
啠	zhé
啡	bài
啡	fēi
啡	pái
啡	pèi
啡	pēi
啢	liǎng
啣	xián
啤	pí
啥	shà
啥	shá
啦	la
啦	lā
啧	zé
啨	qíng
啨	yīng
啩	guà
啪	pā
啫	zhě
啬	sè
啭	zhuàn
啮	niè
啯	guō
啰	luō
啱	yán
啲	dī
啳	jué
啳	quán
啴	chǎn
啵	bo
啵	bō
啶	dìng
啷	lāng
啸	xiào
啹	jú
啺	táng
啻	chì
啻	dì
啼	tí
啽	án
啽	ān
啾	jiū
啿	dàn
喀	ke
喀	kè
喀	kā
喁	yóng
喁	yú
喂	wèi
喃	nán
喃	nǎn
善	shàn
喅	yù
喆	zhé
喇	la
喇	lá
喇	lā
喇	lǎ
喈	jiē
喈	xiè
喉	hóu
喊	hǎn
喊	jiān
喊	kàn
喋	dié
喋	qiè
喋	zhá
喌	zhōu
喍	chái
喎	wāi
喏	nuò
喏	rě
喐	yù
喑	yìn
喑	yīn
喑	yǐn
喒	zan
喒	zà
喒	zá
喒	zán
喒	zǎn
喓	yāo
喔	o
喔	wō
喔	wū
喔	ō
喕	miǎn
喖	hú
喗	yǔn
喘	chuǎn
喙	huì
喙	zhòu
喚	huàn
喛	huàn
喛	hé
喛	xuǎn
喛	yuán
喜	chì
喜	xī
喜	xǐ
喝	hè
喝	hē
喝	kài
喝	yè
喞	jī
喟	huài
喟	kuì
喠	chǒng
喠	zhǒng
喡	wèi
喡	wéi
喢	chè
喢	shà
喣	xù
喤	huáng
喥	duó
喥	zhà
喦	niè
喦	yì
喧	xuān
喧	xuǎn
喨	liàng
喩	yù
喪	sàng
喪	sāng
喫	chī
喫	kài
喬	jiǎo
喬	qiáo
喭	yàn
喭	yǎn
單	chán
單	chǎn
單	dàn
單	dān
單	dǎn
單	shàn
單	tán
單	zhàn
喯	bēn
喯	pèn
喰	cān
喰	qī
喰	sūn
喱	lí
喲	yo
喲	yō
喳	zha
喳	zhā
喴	wēi
喵	miāo
営	yíng
喷	pēn
喸	bǔ
喹	kuí
喺	xí
喻	yù
喻	yú
喼	jiē
喽	lóu
喾	kù
喿	qiāo
喿	zào
嗀	hù
嗁	tí
嗂	yáo
嗃	hè
嗃	hù
嗃	xiào
嗃	xiāo
嗄	a
嗄	shà
嗄	xià
嗄	á
嗅	xiù
嗆	chéng
嗆	qiàng
嗆	qiāng
嗇	sè
嗈	yōng
嗉	sù
嗊	gòng
嗊	gǒng
嗊	hǒng
嗋	xié
嗌	wò
嗌	yì
嗌	ài
嗍	shuò
嗍	suō
嗎	ma
嗎	mà
嗎	má
嗎	mǎ
嗏	chā
嗐	hài
嗑	hé
嗑	kè
嗑	kē
嗑	xiá
嗒	da
嗒	dā
嗒	tà
嗓	sǎng
嗔	chēn
嗔	tián
嗕	rù
嗖	sòu
嗖	sù
嗖	sōu
嗗	gū
嗗	wā
嗘	jī
嗙	bàng
嗙	bēng
嗙	pǎng
嗚	wù
嗚	wū
嗛	qiàn
嗛	qiè
嗛	qiān
嗛	qiǎn
嗛	xián
嗜	shì
嗝	gé
嗞	zī
嗟	jiè
嗟	jiē
嗠	lào
嗡	wēng
嗡	wěng
嗢	wà
嗣	sì
嗤	chī
嗥	háo
嗦	suō
嗨	hāi
嗨	hēi
嗩	suǒ
嗪	qín
嗫	niè
嗬	hē
嗭	zhí
嗮	sài
嗯	en
嗯	ń
嗯	ńg
嗯	ň
嗯	ňg
嗯	ǹ
嗯	ǹg
嗰	gě
嗱	ná
嗲	diē
嗲	diǎ
嗳	ǎi
嗴	qiāng
嗵	tōng
嗶	bì
嗷	áo
嗸	áo
嗹	lián
嗺	suī
嗺	zuī
嗺	zuǐ
嗻	zhe
嗻	zhè
嗻	zhù
嗻	zhē
嗼	mò
嗽	shuò
嗽	shù
嗽	sòu
嗾	sǒu
嗿	tǎn
嘀	dí
嘀	dī
嘀	zhé
嘁	qī
嘁	zú
嘁	zā
嘂	jiào
嘃	chōng
嘄	dǎo
嘄	jiào
嘄	jiāo
嘅	gé
嘅	kài
嘅	kǎi
嘆	tàn
嘇	càn
嘇	shān
嘇	shěn
嘈	cáo
嘉	jiā
嘊	ái
嘋	xiào
嘌	piào
嘌	piāo
嘍	lou
嘍	lóu
嘍	lǒu
嘎	gá
嘎	gā
嘎	gǎ
嘏	gǔ
嘏	jiǎ
嘐	bào
嘐	jiāo
嘐	láo
嘐	miù
嘐	xiāo
嘑	hù
嘑	hū
嘒	huì
嘓	guō
嘔	chū
嘔	ou
嘔	xū
嘔	òu
嘔	ōu
嘔	ǒu
嘕	xiān
嘖	zé
嘗	cháng
嘘	shī
嘘	xū
嘙	pó
嘚	dé
嘚	dāi
嘚	dē
嘛	ma
嘛	má
嘜	mà
嘝	hú
嘞	lei
嘞	lē
嘟	dū
嘠	gā
嘡	tāng
嘢	yě
嘣	bēng
嘤	yīng
嘥	sāi
嘦	jiào
嘧	mì
嘨	xiào
嘩	huá
嘩	huā
嘪	mǎi
嘫	rán
嘬	chuài
嘬	zuō
嘭	pēng
嘮	chāo
嘮	lào
嘮	láo
嘮	xiāo
嘯	chì
嘯	xiào
嘰	jī
嘱	zhǔ
嘲	cháo
嘲	zhāo
嘳	kuì
嘴	zuǐ
嘵	xiāo
嘶	sī
嘷	háo
嘸	fǔ
嘸	m̄
嘸	wǔ
嘹	liào
嘹	liáo
嘺	qiào
嘺	qiáo
嘻	xī
嘼	chù
嘼	shòu
嘼	xù
嘽	chān
嘽	chǎn
嘽	dǎn
嘽	tuō
嘽	tān
嘾	dàn
嘾	tán
嘿	hēi
嘿	mò
嘿	mù
噀	xùn
噁	wò
噁	wù
噁	ě
噂	zǔn
噃	bo
噃	fān
噄	chī
噅	huī
噆	cǎn
噆	zǎn
噇	chuáng
噈	cù
噈	hé
噈	zā
噉	dàn
噊	yù
噋	kuò
噋	tūn
噌	chēng
噌	cēng
噍	jiào
噍	jiāo
噍	jiū
噎	shà
噎	yì
噎	yē
噏	xī
噐	qì
噑	háo
噒	lián
噓	xū
噔	dēng
噕	huī
噖	yín
噗	pū
噘	juē
噙	qín
噚	xún
噛	niè
噜	lū
噝	sī
噞	yǎn
噟	yìng
噠	dá
噠	dā
噡	dān
噡	zhān
噢	yù
噢	yǔ
噢	ào
噢	ō
噣	dú
噣	zhuó
噣	zhòu
噣	zhú
噤	jìn
噥	náng
噥	nóng
噦	huì
噦	yuē
噧	xiè
器	qì
噩	è
噪	zào
噫	yì
噫	yī
噫	ǎi
噬	shì
噭	chī
噭	jiào
噭	qiào
噮	yuàn
噯	ài
噯	āi
噯	ǎi
噰	yōng
噰	yǒng
噱	jué
噱	xué
噲	guài
噲	kuài
噲	kuò
噲	wèi
噳	yǔ
噴	fèn
噴	pèn
噴	pēn
噵	dào
噶	gá
噶	gé
噷	hm
噷	hēn
噷	xīn
噸	dūn
噹	dāng
噺	xīn
噻	sāi
噼	pī
噽	pǐ
噾	yīn
噿	zuǐ
嚀	níng
嚁	dí
嚂	hǎn
嚂	làn
嚃	tà
嚃	tā
嚄	huò
嚄	huō
嚄	wò
嚅	rú
嚆	hāo
嚇	hè
嚇	xià
嚈	yè
嚉	duō
嚊	pì
嚊	xiù
嚊	xì
嚋	chóu
嚋	zhōu
嚌	jiē
嚌	jì
嚌	zhāi
嚍	jìn
嚎	háo
嚏	tì
嚐	cháng
嚑	xūn
嚒	mē
嚓	chā
嚓	cā
嚔	tì
嚔	zhì
嚕	lū
嚕	lǔ
嚖	huì
嚗	bào
嚗	bó
嚗	pào
嚘	yōu
嚙	niè
嚙	yǎo
嚚	yín
嚛	hù
嚛	yo
嚜	ma
嚜	me
嚜	mèi
嚝	hōng
嚞	zhé
嚟	lí
嚠	liú
嚡	hai
嚢	náng
嚣	xiāo
嚤	mó
嚥	yàn
嚦	lì
嚧	lú
嚨	lóng
嚩	mó
嚪	dàn
嚫	chèn
嚬	pín
嚭	pǐ
嚮	xiàng
嚮	xiǎng
嚯	huò
嚯	xuè
嚰	mó
嚱	xì
嚲	duǒ
嚳	kù
嚴	yán
嚴	yǎn
嚵	chán
嚵	chān
嚶	yīng
嚷	rāng
嚷	rǎng
嚸	diǎn
嚹	la
嚹	lá
嚺	tà
嚻	xiāo
嚼	jiáo
嚼	jué
嚽	chuò
嚾	huàn
嚾	huān
嚿	huò
囀	zhuàn
囁	niè
囁	zhé
囂	xiāo
囂	áo
囃	cà
囃	zhā
囃	zǎ
囄	lí
囅	chǎn
囆	chài
囇	lì
囈	yì
囉	luo
囉	luó
囉	luō
囊	náng
囊	nāng
囋	cān
囋	zàn
囋	zá
囌	sū
囍	xǐ
囎	zen
囏	jiān
囐	niè
囐	yàn
囐	zá
囐	è
囑	zhǔ
囒	lán
囓	niè
囔	nang
囔	nāng
囕	lǎn
囖	lo
囗	guó
囗	wéi
囘	huí
囙	yīn
囚	qiú
四	sì
囜	nín
囝	jiǎn
囝	nān
囝	yuè
回	huí
囟	xìn
因	yīn
囡	niè
囡	nān
团	qiú
团	tuán
団	tuán
囤	dùn
囤	tún
囥	kàng
囦	yuān
囧	jiǒng
囨	piān
囩	yún
囪	cōng
囫	hú
囬	huí
园	wán
园	yuán
囮	é
囯	guó
困	kùn
囱	chuāng
囱	cōng
囲	tōng
図	tú
围	wéi
囵	lún
囶	guó
囷	qūn
囸	rì
囹	líng
固	gù
囻	guó
囼	tāi
国	guó
图	tú
囿	yòu
圀	guó
圁	yín
圂	huàn
圂	hùn
圃	pǔ
圄	yǔ
圅	hán
圆	yuán
圇	lún
圈	juàn
圈	juān
圈	juǎn
圈	quán
圈	quān
圉	yǔ
圊	qīng
國	guó
圌	chuán
圌	chuí
圍	wéi
圎	yuán
圏	quān
圐	kū
圑	pǔ
園	yuán
圓	yuán
圔	yà
圕	tú
圖	tú
圗	tú
團	chuán
團	tuán
圙	lüè
圚	huì
圛	yì
圜	huán
圜	yuán
圝	luán
圞	luán
土	chǎ
土	dù
土	tú
土	tǔ
圠	yà
圡	tǔ
圢	tǐng
圣	kū
圣	shèng
圤	pú
圥	lù
圦	kuài
圧	yā
在	zài
圩	wéi
圩	xū
圩	yú
圪	gē
圪	yì
圫	tuō
圫	yù
圫	zhūn
圬	wū
圭	guī
圮	pǐ
圯	yí
地	de
地	dì
圱	qiān
圱	sú
圲	qiān
圳	chóu
圳	huái
圳	quǎn
圳	zhèn
圴	zhuó
圵	dàng
圶	qià
圷	xià
圸	shān
圹	kuàng
场	chǎng
圻	qí
圻	yín
圼	niè
圽	mò
圾	jié
圾	jí
圾	jī
圿	jiá
址	zhǐ
坁	zhì
坁	zhǐ
坂	bǎn
坃	xūn
坄	yì
坅	qǐn
坆	fén
坆	méi
均	jūn
均	yùn
坈	kēng
坈	rǒng
坉	dùn
坉	tún
坊	fáng
坊	fāng
坋	bèn
坋	fèn
坌	bèn
坍	tān
坎	kàn
坎	kǎn
坏	huài
坏	péi
坏	pī
坐	zuò
坑	kàng
坑	kēng
坒	bì
坓	jǐng
坓	xíng
坔	dì
坔	làn
坕	jīng
坖	jì
块	kuài
块	yué
坘	dǐ
坙	jīng
坚	jiān
坛	tán
坜	lì
坝	bà
坞	wù
坟	fén
坠	zhuì
坡	pō
坢	bàn
坢	pàn
坢	pǎn
坣	táng
坤	kūn
坥	jù
坥	qū
坦	tǎn
坧	zhī
坨	tuó
坨	yí
坩	gān
坪	píng
坫	diàn
坫	zhēn
坬	guà
坭	ní
坮	tái
坯	huài
坯	pī
坰	jiōng
坱	yǎng
坲	fó
坳	yǒu
坳	ào
坳	āo
坴	lù
坵	qiū
坶	méi
坶	mù
坶	mǔ
坷	kē
坷	kě
坸	gòu
坹	xuè
坺	bá
坻	chí
坻	dǐ
坼	chè
坽	líng
坾	zhù
坿	fù
坿	fú
垀	hū
垁	zhì
垂	chuí
垂	zhuì
垃	la
垃	lā
垄	lǒng
垅	lǒng
垆	lú
垇	ào
垈	dài
垉	páo
垊	min
型	xíng
垌	dòng
垌	tóng
垌	tǒng
垍	jì
垍	jī
垎	hè
垏	lǜ
垐	cí
垑	chǐ
垒	lěi
垓	gāi
垔	yīn
垕	hòu
垖	duī
垗	zhào
垘	fú
垙	guāng
垚	yáo
垛	duò
垛	duǒ
垜	duǒ
垝	guǐ
垞	chá
垟	yáng
垠	kèn
垠	yín
垡	fá
垢	gòu
垣	yuán
垤	dié
垥	xié
垦	kěn
垦	yín
垧	jiōng
垧	shǎng
垨	shǒu
垩	shèng
垩	è
垪	bìng
垫	diàn
垬	hóng
垭	yā
垮	kuǎ
垯	da
垰	kǎ
垱	dàng
垲	kǎi
垳	háng
垴	nǎo
垵	ān
垵	ǎn
垶	xīng
垷	xiàn
垸	huán
垸	yuàn
垹	bāng
垺	fóu
垺	fú
垺	fū
垺	póu
垺	pēi
垻	bà
垻	bèi
垼	yì
垽	yìn
垾	hàn
垾	àn
垿	xù
埀	chuí
埁	qín
埂	gěng
埃	zhì
埃	āi
埄	běng
埄	fēng
埅	dì
埅	fáng
埅	fāng
埆	jué
埆	què
埇	yǒng
埈	jùn
埉	jiā
埉	xiá
埊	dì
埋	mái
埋	mán
埌	làng
埍	juǎn
城	chéng
埏	shān
埏	yán
埐	jīn
埐	qín
埑	zhé
埒	liè
埓	liè
埔	bù
埔	pǔ
埕	chéng
埖	huā
埗	bù
埘	shí
埙	xūn
埚	guō
埛	jiōng
埜	yě
埝	diàn
埝	niàn
埝	niè
埞	dī
域	yù
埠	bù
埡	wǔ
埡	yà
埡	yā
埡	è
埢	juǎn
埢	quán
埣	suì
埣	sù
埤	bì
埤	bēi
埤	pì
埤	pí
埥	qīng
埥	zhēng
埦	wān
埦	wǎn
埧	jù
埨	lùn
埨	lǔn
埩	chéng
埩	zhēng
埪	kōng
埫	chǒng
埫	shǎng
埫	tǎng
埬	dōng
埭	dài
埮	tàn
埮	tán
埯	yǎn
埯	ǎn
埰	cài
埰	cǎi
埱	chù
埱	tòu
埲	bàng
埲	běng
埳	kǎn
埳	xiàn
埴	zhí
埵	duǒ
埶	shì
埶	yì
執	zhí
埸	yì
培	péi
培	pī
培	pǒu
基	jī
埻	duī
埻	guó
埻	zhǔn
埼	qí
埽	sào
埽	sǎo
埾	jù
埿	bàn
埿	nì
埿	ní
堀	kū
堁	kè
堂	táng
堃	kūn
堄	nì
堅	jiān
堆	duī
堇	jìn
堇	jǐn
堇	qín
堈	gāng
堉	yù
堊	yà
堊	è
堋	bèng
堋	péng
堋	pēng
堋	pīng
堌	gù
堍	tù
堎	lèng
堏	fang
堐	yá
堑	qiàn
堒	kūn
堓	àn
堔	shēn
堕	duò
堖	nǎo
堗	tū
堘	chéng
堙	yīn
堚	hún
堛	bì
堜	liàn
堝	guō
堝	wō
堞	dié
堟	zhuàn
堠	hòu
堡	bǎo
堡	bǔ
堡	pù
堢	bǎo
堣	yú
堤	dī
堤	dǐ
堤	shí
堤	tí
堤	wéi
堥	máo
堥	móu
堥	wǔ
堦	jiē
堧	nuò
堧	ruán
堨	yè
堨	ài
堨	è
堩	gèng
堪	chěn
堪	kān
堫	zōng
堬	yú
堭	huáng
堮	è
堯	yáo
堰	yàn
報	bào
報	fù
堲	cí
堲	jí
堳	méi
場	cháng
場	chǎng
場	dàng
場	shāng
堵	dū
堵	dǔ
堵	zhě
堶	tuó
堷	pǒu
堷	yìn
堸	féng
堹	zhòng
堺	jiè
堻	jīn
堼	hèng
堽	gāng
堾	chūn
堿	jiǎn
堿	kǎn
堿	xián
塀	píng
塁	lěi
塂	jiǎng
塂	xiàng
塃	huāng
塄	léng
塅	duàn
塆	wān
塇	xuān
塈	jì
塈	xì
塉	jí
塊	kuài
塋	yíng
塌	dā
塌	tā
塍	chéng
塎	yǒng
塏	kǎi
塐	sù
塑	sù
塒	shí
塓	mì
塔	dā
塔	tǎ
塕	wěng
塖	chéng
塗	dù
塗	tú
塘	táng
塙	qiāo
塙	què
塚	zhǒng
塛	lì
塜	péng
塜	zhǒng
塝	bàng
塞	sài
塞	sè
塞	sāi
塟	zàng
塠	duī
塡	tián
塢	wù
塢	wǔ
塣	zhèng
塤	xūn
塥	gé
塦	zhèn
塧	ài
塨	gōng
塩	yán
塪	kǎn
填	chén
填	tián
填	tiǎn
填	zhèn
塬	yuán
塭	wēn
塮	xiè
塯	liù
塰	hǎi
塱	lǎng
塲	cháng
塲	shāng
塳	péng
塴	bèng
塵	chén
塶	lù
塷	lǔ
塸	ōu
塹	jiàn
塹	qiàn
塺	méi
塻	mò
塼	tuán
塼	zhuān
塽	shuǎng
塾	shú
塿	lǒu
墀	chí
墁	màn
墂	biāo
境	jìng
墄	cè
墅	shù
墅	yě
墆	dì
墆	zhì
墇	zhàng
墈	kàn
墉	yōng
墊	diàn
墋	chěn
墌	zhuó
墌	zhí
墍	xì
墎	guō
墏	qiǎng
墐	jìn
墐	qín
墑	dì
墒	shāng
墓	mù
墔	cuī
墕	yàn
墖	tǎ
増	zēng
墘	qián
墙	qiáng
墚	liáng
墛	wèi
墜	zhuì
墝	qiào
墝	qiāo
增	céng
增	zèng
增	zēng
墟	xū
墠	chǎn
墠	shàn
墡	shàn
墢	bá
墢	fèi
墣	pú
墤	kuài
墤	tuí
墥	dǒng
墥	tuǎn
墦	fán
墦	fān
墧	qiáo
墧	què
墨	mèi
墨	mò
墩	dūn
墪	dūn
墫	cūn
墫	zūn
墬	dì
墭	shèng
墮	duò
墮	huì
墮	huī
墯	duò
墰	tán
墱	dèng
墱	dēng
墲	mú
墲	wú
墳	fèn
墳	fén
墴	huáng
墵	tán
墶	da
墷	yè
墸	zhù
墹	jiàn
墺	ào
墻	qiáng
墼	jī
墽	qiào
墽	qiāo
墽	áo
墾	kěn
墿	tú
墿	yì
壀	pí
壁	bì
壂	diàn
壃	jiāng
壄	yě
壅	wèng
壅	yōng
壆	bó
壆	jué
壆	xué
壇	dàn
壇	shàn
壇	tán
壇	tǎn
壈	lǎn
壉	jù
壊	huài
壋	dàng
壌	rǎng
壍	qiàn
壎	xùn
壎	xūn
壏	làn
壏	xiàn
壐	xǐ
壑	huò
壑	hè
壒	ài
壓	yà
壓	yā
壔	dǎo
壕	háo
壖	ruán
壗	jìn
壘	léi
壘	lěi
壘	lǜ
壙	kuàng
壙	kuǎng
壚	lú
壛	yán
壜	tán
壝	wěi
壞	huài
壞	huái
壞	huì
壟	lǒng
壠	lǒng
壡	ruì
壢	lì
壣	lín
壤	rǎng
壥	chán
壦	xūn
壧	yán
壨	léi
壩	bà
壪	wān
士	shì
壬	rén
壭	san
壮	zhuàng
壯	zhuàng
壯	zhuāng
声	qìng
声	shēng
壱	yī
売	mài
壳	ké
壴	zhù
壵	zhuàng
壶	hú
壷	hú
壸	kǔn
壹	yī
壹	yīn
壺	hú
壻	xù
壼	kǔn
壽	shòu
壾	mǎng
壿	zūn
夀	shòu
夁	yī
夂	zhōng
夂	zhǐ
夃	gǔ
夃	yíng
处	chù
夅	jiàng
夆	féng
夆	páng
备	bèi
夈	zhāi
変	biàn
夊	suī
夋	qūn
夌	líng
复	fù
夎	cuò
夏	jiǎ
夏	xià
夐	xiòng
夐	xuàn
夑	xiè
夒	náo
夓	xià
夔	kuí
夕	xī
夕	yì
外	wài
夗	wān
夗	wǎn
夗	yuàn
夗	yuān
夘	mǎo
夘	wān
夙	sù
多	duō
夛	duō
夜	yè
夝	qíng
夞	wài
够	gòu
夠	gòu
夡	qì
夢	mèng
夢	méng
夣	mèng
夤	yín
夥	huǒ
夦	chěn
大	dà
大	dài
大	tài
夨	zè
天	tiān
太	tài
太	tā
夫	fú
夫	fū
夬	guài
夬	jué
夭	wò
夭	wāi
夭	yāo
央	yāng
央	yīng
夯	bèn
夯	hāng
夰	gǎo
失	shī
失	yì
夲	běn
夲	tāo
夳	tài
头	tóu
夵	tāo
夵	yǎn
夶	bǐ
夷	yí
夸	kuà
夸	kuā
夸	kuǎ
夹	jiā
夺	duó
夻	huà
夼	kuǎng
夽	yǔn
夾	gā
夾	jiá
夾	jiā
夾	xiá
夾	xié
夿	bā
奀	ēn
奁	lián
奂	huàn
奃	dī
奃	tì
奄	yān
奄	yǎn
奅	pào
奆	juàn
奇	jī
奇	qí
奇	yǐ
奇	ǎi
奈	nài
奉	fèng
奊	liè
奊	pí
奊	xié
奊	xǐ
奋	fèn
奋	kǎng
奌	diǎn
奍	quān
奎	kuí
奎	kuǐ
奏	còu
奏	zòu
奐	huàn
契	jié
契	qiè
契	qì
契	xiè
奒	kāi
奓	chǐ
奓	shē
奓	zhà
奓	zhā
奔	bèn
奔	bēn
奔	fèn
奕	yì
奖	jiǎng
套	tào
套	tǎo
奘	zhuǎng
奘	zàng
奙	běn
奚	xī
奛	huǎng
奜	fēi
奜	fěi
奝	diāo
奞	xùn
奟	bēng
奟	kēng
奠	diàn
奠	dìng
奠	tíng
奠	zhèng
奠	zūn
奡	xiào
奡	ào
奢	shē
奣	wěng
奤	hǎ
奤	pò
奤	tǎi
奥	yù
奥	yōu
奥	ào
奦	wù
奧	ào
奨	jiǎng
奩	lián
奪	duì
奪	duó
奫	yūn
奬	jiǎng
奭	shì
奮	fèn
奯	huò
奰	bì
奱	luán
奲	chě
奲	duǒ
女	nǚ
女	nǜ
女	rǔ
奴	nú
奵	dīng
奵	dǐng
奵	tiǎn
奶	nǎi
奷	qiān
奸	gān
奸	jiān
她	chí
她	jiě
她	tā
奺	jiǔ
奻	nuán
奼	chà
好	hào
好	hǎo
奾	xiān
奿	fàn
妀	jǐ
妁	shuò
妁	yuē
如	rú
妃	fēi
妃	pèi
妄	wàng
妄	wáng
妅	hóng
妆	zhuāng
妇	fù
妈	mā
妉	dān
妊	rèn
妊	rén
妋	fū
妋	yōu
妌	jìng
妍	yán
妎	hài
妎	jiè
妏	wèn
妐	zhōng
妑	pā
妒	dù
妓	jì
妓	jī
妔	háng
妔	kēng
妕	zhòng
妖	jiǎo
妖	yāo
妗	jìn
妗	xiān
妘	yún
妙	miào
妙	miǎo
妚	fǒu
妚	pēi
妚	pī
妛	chī
妜	jué
妜	yuè
妝	zhuāng
妞	hào
妞	niū
妟	yàn
妠	nà
妠	nàn
妡	xīn
妢	fén
妣	bǐ
妤	yú
妥	tuǒ
妦	fēng
妧	wàn
妧	yuán
妨	fáng
妩	wǔ
妪	yù
妫	guī
妬	dù
妭	bá
妭	bō
妮	ní
妮	nī
妯	chōu
妯	zhóu
妰	zhuó
妱	zhāo
妲	dá
妳	nǎi
妳	nǐ
妴	yuàn
妵	tǒu
妶	xián
妶	xuán
妶	xù
妷	yì
妷	zhí
妸	ē
妸	ě
妹	mèi
妺	mò
妻	qì
妻	qī
妼	bì
妽	shēn
妾	qiè
妿	ē
姀	hé
姁	xū
姁	xǔ
姂	fá
姃	zhēng
姄	mín
姅	bàn
姆	mǔ
姇	fú
姇	fū
姈	líng
姉	zǐ
姊	zǐ
始	shǐ
姌	rǎn
姍	pān
姍	shān
姍	xiān
姎	yāng
姏	mán
姐	jiě
姐	jù
姐	xù
姐	zū
姑	gū
姒	sì
姓	shēng
姓	xìng
委	wèi
委	wēi
委	wěi
姕	cī
姕	cǐ
姕	zī
姖	jù
姗	shān
姘	pín
姘	pīn
姙	rèn
姚	tiào
姚	táo
姚	yào
姚	yáo
姛	dòng
姜	jiāng
姝	shū
姞	jí
姟	gāi
姠	xiàng
姡	huá
姡	huó
姢	juān
姣	jiāo
姣	jiǎo
姣	xiáo
姤	gòu
姥	lǎo
姥	mǔ
姦	jiān
姧	jiān
姨	yí
姩	niàn
姩	nián
姪	zhí
姫	jī
姫	zhěn
姬	jī
姬	yí
姭	xiàn
姮	héng
姯	guāng
姰	jūn
姰	xuàn
姰	xīn
姰	xūn
姱	hù
姱	kuā
姲	yàn
姳	mǐng
姴	liè
姵	pèi
姶	yà
姶	è
姷	yòu
姸	yán
姹	chà
姺	shēn
姺	xiān
姻	yīn
姼	jì
姼	shí
姼	tí
姽	guǐ
姽	wá
姾	quán
姿	zì
姿	zī
娀	sōng
威	wēi
娂	hóng
娃	guì
娃	wá
娃	wā
娄	lóu
娅	yà
娆	ráo
娇	jiāo
娈	luán
娉	pìn
娉	pīng
娊	dān
娊	xiàn
娋	shào
娋	shāo
娌	lǐ
娍	chéng
娍	shèng
娎	xiè
娏	máng
娐	fū
娑	suò
娑	suō
娑	suǒ
娒	méi
娒	mǔ
娒	wǔ
娓	wěi
娔	kè
娕	chuò
娕	cù
娕	lài
娖	chuò
娖	cù
娗	tiǎn
娗	tǐng
娘	niáng
娙	xíng
娚	nán
娛	yú
娜	nuó
娜	nà
娝	bǐ
娝	pōu
娞	něi
娞	suī
娟	juān
娠	shēn
娡	zhì
娢	hán
娣	dì
娤	zhuāng
娥	é
娦	pín
娧	tuì
娨	xiàn
娩	miǎn
娩	wèn
娩	wǎn
娪	wù
娪	wú
娪	yú
娫	yán
娬	wǔ
娭	xī
娭	āi
娮	yán
娯	yú
娰	sì
娱	yú
娲	wā
娳	lì
娴	xián
娵	jū
娶	jū
娶	qǔ
娶	shū
娷	shuì
娷	zhuì
娸	qī
娹	xián
娺	zhuó
娻	dòng
娻	dōng
娼	chāng
娽	lù
娾	ái
娾	è
娾	ǎi
娿	ē
娿	ě
婀	ē
婀	ě
婁	léi
婁	lóu
婁	lǘ
婁	lǚ
婂	mián
婃	cóng
婄	bù
婄	péi
婄	pǒu
婅	jú
婆	pó
婇	cǎi
婈	líng
婉	wǎn
婊	biǎo
婋	xiāo
婌	shú
婍	qǐ
婎	huī
婏	fàn
婏	fù
婐	wǒ
婑	něi
婑	ruí
婑	wǒ
婒	tán
婓	fēi
婔	fēi
婕	jié
婕	qiè
婖	tiān
婗	ní
婗	nǐ
婘	juàn
婘	quán
婙	jìng
婚	hūn
婛	jīng
婜	jǐn
婜	qiān
婝	diàn
婞	xìng
婟	hù
婠	guàn
婠	wān
婡	lài
婡	lái
婢	bì
婣	yīn
婤	chōu
婤	zhōu
婥	chuò
婥	nào
婦	fù
婧	jìng
婨	lún
婩	nüè
婩	àn
婪	lán
婪	lǎn
婫	hùn
婫	kūn
婬	yín
婭	yà
婭	yā
婭	yǎ
婮	jū
婯	lì
婰	diǎn
婱	xián
婲	huā
婳	huà
婴	yīng
婵	chán
婶	shěn
婷	tíng
婸	dàng
婸	yáng
婹	yǎo
婺	móu
婺	mù
婺	wù
婻	nàn
婼	chuò
婼	ruò
婽	jiǎ
婾	tōu
婿	xù
媀	yù
媀	yú
媁	wéi
媁	wěi
媂	dì
媂	tí
媃	róu
媄	měi
媅	dān
媆	nèn
媆	nùn
媆	ruǎn
媇	qīn
媈	huī
媉	wò
媊	qián
媋	chūn
媌	miáo
媍	fù
媎	jiě
媏	duān
媐	xī
媐	yí
媑	zhòng
媒	mèi
媒	méi
媓	huáng
媔	mián
媔	miǎn
媕	yǎn
媕	è
媕	ān
媖	yīng
媗	xuān
媘	jiē
媙	wēi
媚	mèi
媛	yuàn
媛	yuán
媜	zhēng
媝	qiū
媞	dài
媞	shì
媞	tí
媞	zhī
媟	xiè
媠	duò
媠	nuǒ
媠	tuǒ
媡	liàn
媢	mào
媣	rǎn
媤	sī
媥	piān
媦	wèi
媧	wā
媨	cù
媩	hú
媪	wò
媪	yǔn
媪	ǎo
媫	jié
媬	bǎo
媭	xū
媮	tōu
媮	yú
媯	guì
媯	guī
媰	chú
媰	zòu
媱	yáo
媲	bī
媲	pì
媲	pí
媳	xí
媴	yuán
媵	shèng
媵	yìng
媶	róng
媷	rù
媸	chī
媹	liú
媺	měi
媻	pán
媼	ǎo
媽	mā
媾	gòu
媿	chǒu
媿	kuì
嫀	qín
嫀	shēn
嫁	jià
嫂	sǎo
嫃	zhēn
嫃	zhěn
嫄	yuán
嫅	jiē
嫅	suǒ
嫆	róng
嫇	méng
嫇	míng
嫇	mǐng
嫈	xīng
嫈	yíng
嫈	yīng
嫉	jí
嫊	sù
嫋	niǎo
嫌	xián
嫍	tāo
嫎	bàng
嫎	páng
嫏	láng
嫐	nǎo
嫑	báo
嫒	ài
嫓	pì
嫔	pín
嫕	yì
嫖	biāo
嫖	piào
嫖	piáo
嫗	kōu
嫗	yù
嫗	yǔ
嫘	léi
嫙	xuán
嫚	màn
嫚	mān
嫚	yuān
嫛	yī
嫜	zhāng
嫝	kāng
嫞	yōng
嫟	nì
嫠	lí
嫡	dí
嫢	guī
嫢	zuī
嫣	yān
嫤	jìn
嫤	jǐn
嫥	tuán
嫥	zhuān
嫦	cháng
嫧	cè
嫧	zé
嫨	hān
嫨	nǎn
嫩	nèn
嫪	lào
嫪	láo
嫫	mó
嫬	zhē
嫭	hù
嫮	hù
嫯	ào
嫰	nèn
嫱	qiáng
嫲	ma
嫳	piè
嫴	gū
嫵	wǔ
嫶	jiāo
嫶	qiáo
嫷	tuǒ
嫸	zhǎn
嫹	miáo
嫺	xián
嫻	xián
嫼	mò
嫽	liào
嫽	liáo
嫽	liǎo
嫽	lǎo
嫾	lián
嫿	huà
嬀	guī
嬁	dēng
嬂	zhí
嬃	xū
嬄	yī
嬅	huà
嬆	xī
嬇	kuì
嬈	ráo
嬈	rǎo
嬈	yǎo
嬉	xī
嬉	xǐ
嬊	yàn
嬋	chán
嬌	jiāo
嬍	měi
嬎	fàn
嬎	fù
嬏	fān
嬐	jìn
嬐	xiān
嬐	yǎn
嬑	yì
嬒	huì
嬓	jiào
嬔	fù
嬕	shì
嬖	bì
嬗	chán
嬗	shàn
嬘	suì
嬙	qiáng
嬚	liǎn
嬛	huán
嬛	qióng
嬛	xuán
嬛	xuān
嬜	xīn
嬝	niǎo
嬞	dǒng
嬟	yì
嬟	yǐ
嬠	cān
嬡	ài
嬢	niáng
嬣	níng
嬤	mā
嬥	diào
嬥	tiǎo
嬦	chóu
嬧	jìn
嬨	cí
嬩	yú
嬪	pín
嬫	róng
嬬	nòu
嬬	rú
嬭	nì
嬭	nǎi
嬭	ěr
嬮	yàn
嬮	yān
嬯	tái
嬰	yìng
嬰	yīng
嬱	qiàn
嬲	niǎo
嬳	yuè
嬴	yíng
嬵	mián
嬶	bí
嬷	mó
嬸	shěn
嬹	xìng
嬹	xīng
嬺	nì
嬻	dú
嬼	liǔ
嬽	yuān
嬾	lǎn
嬿	yàn
孀	shuāng
孁	líng
孂	jiǎo
孃	niáng
孃	ráng
孄	lǎn
孅	qiān
孅	xiān
孆	yīng
孇	shuāng
孈	huì
孈	xié
孉	huān
孉	quán
孊	mǐ
孋	lì
孋	lí
孌	liàn
孌	luán
孌	luǎn
孍	yán
孍	yǎn
孎	chuò
孎	shú
孎	zhú
孏	lǎn
子	zi
子	zǐ
孑	jié
孒	jué
孓	jué
孔	kǒng
孕	yùn
孖	mā
孖	zī
字	zì
存	cún
孙	sūn
孚	fú
孛	bèi
孛	bó
孜	zī
孝	xiào
孞	xìn
孟	mèng
孠	sì
孡	tāi
孢	bāo
季	jì
孤	gū
孥	nú
学	xué
孧	yòu
孨	nì
孨	zhuǎn
孩	hái
孪	luán
孫	sūn
孫	xùn
孬	nāo
孭	miē
孮	cóng
孯	qiān
孰	shú
孱	chán
孱	càn
孱	jiān
孱	zhàn
孲	yā
孳	zī
孴	nì
孴	nǐ
孴	yì
孵	fū
孶	zī
孷	lí
學	huá
學	jiào
學	xué
孹	bò
孺	rú
孻	nái
孼	niè
孽	niè
孾	yīng
孿	luán
宀	mián
宁	nìng
宁	níng
宁	zhù
宂	rǒng
它	tuó
它	tā
它	yí
宄	guǐ
宅	chè
宅	dù
宅	zhái
宆	qióng
宇	yǔ
守	shòu
守	shǒu
安	ān
宊	jiā
宊	tū
宋	sòng
完	kuān
完	wán
宍	ròu
宎	yāo
宎	yǎo
宏	hóng
宐	yí
宑	jǐng
宒	zhūn
宓	fú
宓	mì
宔	zhǔ
宕	dàng
宖	hóng
宗	zōng
官	guān
宙	zhòu
定	dìng
宛	wǎn
宛	yuān
宛	yù
宛	yǔn
宜	yí
宝	bǎo
实	shí
実	shí
宠	chǒng
审	shěn
客	kè
客	qià
宣	xuān
室	shì
宥	yòu
宦	huàn
宧	yí
宨	tiǎo
宩	shǐ
宪	xiàn
宪	xiòng
宫	gōng
宬	chéng
宭	qún
宮	gōng
宯	xiāo
宰	zǎi
宱	zhà
宲	bǎo
宲	shí
害	hài
害	hé
宴	yàn
宵	xiāo
家	gū
家	jia
家	jie
家	jià
家	jiā
宷	shěn
宸	chén
容	róng
容	yǒng
宺	huǎng
宻	mì
宼	kòu
宽	kuān
宾	bīn
宿	qī
宿	sù
宿	xiù
宿	xiǔ
寀	cǎi
寁	zǎn
寂	jì
寃	yuān
寄	jì
寅	yín
密	mì
寇	kòu
寈	qīng
寉	hè
寊	zhēn
寋	jiàn
富	fù
寍	níng
寎	bìng
寎	bǐng
寏	huán
寐	mèi
寑	qǐn
寒	hán
寓	yù
寔	shí
寕	níng
寖	jìn
寗	níng
寘	tián
寘	zhì
寙	yǔ
寚	bǎo
寛	kuān
寜	níng
寝	qǐn
寞	mò
察	chá
察	cuì
寠	jù
寠	lóu
寠	lǜ
寡	guǎ
寢	qǐn
寣	hū
寤	wù
寥	liáo
實	shí
實	zhì
寧	nìng
寧	níng
寨	qiān
寨	sè
寨	zhài
審	pán
審	shěn
寪	wéi
寪	wěi
寫	xiè
寫	xiě
寬	kuān
寭	huì
寮	liáo
寯	jùn
寰	huán
寰	xiàn
寱	yì
寲	yí
寳	bǎo
寴	qìn
寴	qīn
寵	chǒng
寵	lóng
寶	bǎo
寷	fēng
寸	cùn
寸	cǔn
对	duì
寺	shì
寺	sì
寻	xún
导	dǎo
寽	lüè
寽	lǜ
対	duì
寿	shòu
尀	pǒ
封	biǎn
封	fēng
専	zhuān
尃	bù
尃	fū
尃	fǔ
尃	pò
射	shè
射	yè
射	yì
尅	kè
将	jiāng
將	jiàng
將	jiāng
將	jiǎng
將	qiāng
將	yáng
專	shuàn
專	tuán
專	zhuān
尉	wèi
尉	yù
尉	yùn
尊	zūn
尋	xín
尋	xún
尌	shù
尌	zhù
對	duì
導	dào
導	dǎo
小	xiǎo
尐	jié
尐	jí
少	shào
少	shǎo
尒	ěr
尓	ěr
尔	ěr
尕	gǎ
尖	jiān
尗	shú
尗	shū
尘	chén
尙	shàng
尚	cháng
尚	shàng
尛	mó
尜	gá
尝	cháng
尞	liào
尞	liáo
尟	xiǎn
尠	xiǎn
尡	kun
尢	wāng
尢	yóu
尣	wāng
尤	yóu
尥	liào
尥	niǎo
尦	liào
尧	yáo
尨	máng
尨	méng
尨	páng
尩	wāng
尪	wāng
尫	wāng
尬	gà
尭	yáo
尮	duò
尯	kuì
尯	kuǐ
尰	zhǒng
就	jiù
尲	gān
尳	gǔ
尴	gān
尵	tuí
尵	zhuài
尶	gān
尷	gān
尸	shī
尹	yún
尹	yǐn
尺	chě
尺	chǐ
尻	kāo
尼	ní
尼	nǐ
尽	jìn
尽	jǐn
尾	wěi
尾	yǐ
尿	niào
尿	suī
局	jú
屁	pì
层	céng
屃	xì
屄	bī
居	jī
居	jū
屆	jiè
屇	tián
屈	jué
屈	jú
屈	què
屈	qū
屉	tì
届	jiè
屋	wū
屌	diǎo
屍	shì
屍	shī
屎	shǐ
屎	xī
屏	bìng
屏	bīng
屏	bǐng
屏	píng
屐	jī
屑	xiè
屒	zhěn
屓	xiè
屔	ní
展	zhǎn
屖	xī
屗	wěi
屘	mǎn
屙	ē
屚	lòu
屛	píng
屜	tì
屝	fèi
属	shǔ
屟	tì
屟	xiè
屠	tú
屡	lǚ
屢	lǚ
屣	xǐ
層	céng
履	lǚ
屦	jù
屧	xiè
屨	jù
屩	juē
屪	liáo
屫	jué
屬	shǔ
屬	zhǔ
屭	xì
屮	chè
屮	cǎo
屯	tún
屯	zhūn
屰	jí
屰	nì
屰	pò
山	shān
屲	wā
屳	xiān
屴	lì
屵	yǎn
屵	è
屶	huì
屷	huì
屸	hóng
屸	lóng
屹	gē
屹	yì
屺	qǐ
屻	rèn
屼	wù
屽	hàn
屽	àn
屾	shēn
屿	yǔ
岀	chū
岁	suì
岂	qǐ
岃	rèn
岄	yuè
岅	bǎn
岆	yǎo
岇	áng
岈	xiā
岈	yá
岉	wù
岊	jié
岋	jí
岋	è
岌	jí
岍	qiān
岎	chà
岎	fén
岏	wán
岐	qí
岑	cén
岒	qián
岓	qí
岔	chà
岕	jiè
岖	qū
岗	gǎng
岘	xiàn
岙	ào
岚	lán
岛	dǎo
岜	bā
岝	zuò
岞	zuò
岟	yǎng
岠	jù
岡	gāng
岢	kě
岣	gǒu
岤	xué
岥	pō
岦	lì
岧	tiáo
岨	jǔ
岨	qū
岨	zǔ
岩	yán
岪	fú
岫	xiù
岬	jiá
岬	jiǎ
岭	líng
岭	lǐng
岮	tuó
岯	pí
岰	ào
岱	dài
岲	kuàng
岳	yuè
岴	qū
岵	hù
岶	pò
岷	mín
岸	àn
岹	tiáo
岺	líng
岻	chí
岼	píng
岽	dōng
岾	hàn
岿	kuī
峀	xiù
峁	mǎo
峂	tóng
峃	xué
峄	yì
峅	biàn
峆	hé
峇	bā
峇	kè
峈	luò
峉	è
峊	fù
峊	niè
峋	xún
峌	dié
峍	lù
峎	ěn
峏	ér
峐	gāi
峑	quān
峒	dòng
峒	tóng
峓	yí
峔	mǔ
峕	shí
峖	ān
峗	wéi
峗	wěi
峘	huán
峙	shì
峙	zhì
峚	mì
峛	liè
峛	lǐ
峜	jì
峝	tóng
峞	wéi
峞	wěi
峟	yòu
峠	qiǎ
峡	xiá
峢	lǐ
峣	yáo
峤	jiào
峥	zhēng
峦	luán
峧	jiāo
峨	é
峩	é
峪	yù
峫	xié
峫	yé
峬	bū
峭	qiào
峮	qūn
峯	fēng
峰	fēng
峱	náo
峲	lǐ
峳	yóu
峴	xiàn
峵	róng
島	dǎo
峷	shēn
峸	chéng
峹	tú
峺	gěng
峻	jùn
峼	gào
峽	xiá
峾	yín
峿	wú
峿	yǔ
崀	làng
崀	lǎng
崁	kàn
崂	láo
崃	lái
崄	xiǎn
崅	què
崆	kōng
崇	chóng
崈	chóng
崉	tà
崊	lín
崋	huà
崌	jū
崍	lái
崎	qí
崎	qǐ
崎	yī
崏	mín
崐	kūn
崑	kūn
崒	cuì
崒	zú
崓	gù
崔	cuī
崕	yá
崖	yá
崗	gāng
崗	gǎng
崘	lún
崙	lún
崚	léng
崚	líng
崛	jué
崛	yù
崜	duō
崜	duǒ
崝	zhēng
崞	guō
崟	yín
崠	dòng
崠	dōng
崡	hán
崢	zhēng
崣	wěi
崤	xiáo
崤	yáo
崥	bǐ
崥	pí
崦	yān
崧	sōng
崨	jié
崩	bēng
崪	zú
崫	jué
崫	kū
崬	dōng
崭	zhǎn
崮	gù
崯	yín
崰	zī
崱	zè
崲	huáng
崳	yú
崴	wēi
崴	wěi
崴	wǎi
崵	dàng
崵	yáng
崶	fēng
崷	qiú
崸	yáng
崹	tí
崺	yǐ
崻	zhì
崼	dié
崼	shì
崽	zǎi
崾	yào
崾	yǎo
崿	è
嵀	zhù
嵁	kān
嵁	zhàn
嵂	lǜ
嵃	yàn
嵃	yǎn
嵄	měi
嵅	hán
嵆	jī
嵇	jī
嵇	xí
嵈	huàn
嵉	tíng
嵊	chéng
嵊	shèng
嵋	méi
嵌	hǎn
嵌	kàn
嵌	qiàn
嵍	máo
嵍	wù
嵎	yú
嵏	zōng
嵐	lán
嵑	jié
嵑	kě
嵒	niè
嵒	yán
嵓	yán
嵔	wěi
嵕	zōng
嵖	chá
嵗	suì
嵘	róng
嵙	kē
嵚	qīn
嵛	yú
嵜	qí
嵝	lǒu
嵞	tú
嵟	duī
嵠	xī
嵡	wěng
嵢	cāng
嵣	dàng
嵣	táng
嵤	róng
嵤	yíng
嵥	jié
嵦	kǎi
嵦	ái
嵧	liú
嵨	wù
嵩	sōng
嵪	kāo
嵪	qiāo
嵫	zī
嵬	wéi
嵬	wěi
嵭	bēng
嵮	diān
嵯	cuó
嵯	cī
嵰	qiǎn
嵱	yóng
嵱	yǒng
嵲	niè
嵳	cuó
嵴	jǐ
嵵	shí
嵶	ruò
嵷	sǒng
嵸	zōng
嵹	jiàng
嵺	jiāo
嵺	liáo
嵻	kāng
嵼	chǎn
嵽	dié
嵽	dì
嵾	cān
嵾	cēn
嵿	dǐng
嶀	tū
嶁	lǒu
嶂	zhàng
嶃	zhǎn
嶄	chán
嶄	zhǎn
嶅	ào
嶅	áo
嶆	cáo
嶇	qū
嶈	qiāng
嶉	cuī
嶉	zuǐ
嶊	zuǐ
嶋	dǎo
嶌	dǎo
嶍	xí
嶎	yù
嶏	pèi
嶏	pǐ
嶐	lóng
嶑	xiàng
嶒	céng
嶒	zhēng
嶓	bō
嶔	qīn
嶕	jiāo
嶖	yān
嶗	láo
嶘	zhàn
嶙	lín
嶙	lǐn
嶚	liáo
嶛	liáo
嶜	jīn
嶜	qín
嶝	dèng
嶞	duò
嶟	zūn
嶠	jiào
嶠	qiáo
嶡	guì
嶡	jué
嶢	yáo
嶣	jiāo
嶤	yáo
嶥	jué
嶦	shàn
嶦	zhān
嶧	yì
嶨	xué
嶩	náo
嶪	yè
嶫	yè
嶬	yí
嶬	yǐ
嶭	niè
嶮	xiǎn
嶮	yǎn
嶯	jí
嶰	jiè
嶰	xiè
嶱	kě
嶲	xī
嶳	dì
嶴	ào
嶵	zuǐ
嶶	wēi
嶷	nì
嶷	yí
嶸	róng
嶹	dǎo
嶺	lǐng
嶻	jié
嶼	xù
嶼	yǔ
嶽	yuè
嶾	yǐn
嶿	ru
巀	jié
巁	liè
巁	lì
巂	guī
巂	juàn
巂	xī
巃	lóng
巄	lóng
巅	diān
巆	hōng
巆	róng
巆	yíng
巇	xī
巈	jú
巉	chán
巊	yǐng
巋	kuì
巋	kuī
巋	wěi
巌	yán
巍	wēi
巎	náo
巏	quán
巐	chǎo
巑	cuán
巒	luán
巓	diān
巔	diān
巕	niè
巖	yán
巗	yán
巘	yǎn
巙	kuí
巙	náo
巚	yǎn
巛	chuān
巛	shùn
巜	huān
巜	kuài
川	chuān
州	zhōu
巟	huāng
巠	jīng
巠	xíng
巡	shùn
巡	xún
巡	yán
巢	chào
巢	cháo
巣	cháo
巤	liè
工	gōng
左	zuǒ
巧	qiǎo
巨	jù
巨	qú
巩	gǒng
巪	jù
巫	wū
巬	pu
巭	pu
差	chà
差	chài
差	chā
差	chāi
差	cuō
差	cī
差	jiē
巯	qiú
巰	qiú
己	jǐ
己	qǐ
已	yǐ
巳	sì
巳	yǐ
巴	bā
巵	zhī
巶	zhāo
巷	hàng
巷	xiàng
巸	yí
巹	jǐn
巺	xùn
巻	juàn
巼	bā
巽	xùn
巽	zhuàn
巾	jīn
巿	fú
巿	pó
帀	zā
币	bì
币	yìn
市	shì
布	bù
帄	dīng
帅	shuài
帆	fàn
帆	fán
帆	fān
帇	niè
师	shī
帉	fēn
帊	pà
帊	pā
帋	zhǐ
希	xī
帍	hù
帎	dàn
帏	wéi
帐	zhàng
帑	nú
帑	tǎng
帒	dài
帓	mò
帓	wà
帔	pèi
帔	pī
帕	mò
帕	pà
帖	tiè
帖	tiē
帖	tiě
帗	bō
帗	fú
帘	chén
帘	lián
帙	zhì
帚	zhǒu
帛	bó
帜	zhì
帝	dì
帞	mò
帟	yì
帠	yì
帡	píng
帢	qià
帣	juàn
帣	juǎn
帤	rú
帥	shuài
带	dài
帧	zhēn
帨	shuì
帩	qiào
帪	zhēn
師	shī
帬	qún
席	xí
帮	bāng
帯	dài
帰	guī
帱	chóu
帲	píng
帳	zhàng
帴	jiān
帴	jiǎn
帴	sàn
帵	wān
帶	dài
帷	wéi
常	cháng
帹	qiè
帹	shà
帺	jì
帺	qí
帻	zé
帼	guó
帽	mào
帾	dǔ
帿	hóu
幀	zhèng
幁	xū
幂	mì
幃	wéi
幄	wò
幅	bī
幅	fú
幆	kài
幆	yì
幇	bāng
幈	píng
幉	dié
幊	gōng
幋	pán
幌	huǎng
幍	tāo
幎	mì
幏	jià
幐	téng
幑	huī
幒	zhōng
幓	qiāo
幓	shān
幓	shēn
幔	màn
幕	màn
幕	mù
幖	biāo
幗	guó
幘	cè
幘	zé
幙	mù
幚	bāng
幛	zhàng
幜	jǐng
幝	chàn
幝	chǎn
幞	fú
幟	zhì
幠	hū
幠	wú
幡	fān
幢	chuáng
幢	zhuàng
幣	bì
幤	bì
幥	zhǎng
幦	mì
幧	qiāo
幨	chàn
幨	chān
幩	fèn
幩	fén
幪	méng
幪	měng
幫	bāng
幬	chóu
幬	dào
幭	miè
幮	chú
幯	jié
幰	xiǎn
幱	lán
干	gàn
干	gān
干	àn
平	bìng
平	bēng
平	pián
平	píng
年	nián
年	nìng
幵	jiān
幵	qiān
并	bìng
幷	bìng
幷	bīng
幸	niè
幸	xìng
幹	guǎn
幹	gàn
幹	gān
幹	hán
幺	mì
幺	yāo
幻	huàn
幼	yào
幼	yòu
幽	yōu
幾	jì
幾	jī
幾	jǐ
幾	qí
广	guǎng
广	yǎn
广	ān
庀	pǐ
庁	tīng
庂	zè
広	guǎng
庄	péng
庄	zhuāng
庅	mó
庆	qìng
庇	bì
庇	pí
庇	pǐ
庈	qín
庉	dùn
庉	tún
床	chuáng
庋	guì
庋	guǐ
庌	yá
庌	yǎ
庍	bài
庍	tīng
庍	xìn
庎	jiè
序	xù
庐	lú
庑	wǔ
庒	zhuāng
库	kù
应	yīng
底	de
底	dǐ
庖	páo
店	diàn
庘	yā
庙	miào
庚	gēng
庛	cì
府	fǔ
庝	tóng
庞	páng
废	fèi
庠	xiáng
庡	yǐ
庢	zhì
庣	tiāo
庤	zhì
庥	xiū
度	duó
度	dù
度	zhái
座	zuò
庨	xiāo
庩	tú
庪	guǐ
庫	kù
庬	máng
庬	méng
庭	tíng
庮	yóu
庮	yǒu
庯	bū
庰	bìng
庰	bǐng
庱	chěng
庲	lái
庳	bì
庳	pí
庴	jí
庴	jī
庵	yǎn
庵	è
庵	ān
庶	shù
庶	zhù
庶	zhē
康	kàng
康	kāng
庸	yóng
庸	yōng
庹	tuǒ
庺	sōng
庻	shù
庼	qǐng
庽	yù
庾	yú
庾	yǔ
庿	miào
廀	sōu
廁	cè
廁	cì
廁	si
廁	zè
廂	xiāng
廃	fèi
廄	jiù
廅	è
廆	guī
廆	huì
廆	wěi
廇	liù
廈	shà
廈	xià
廉	lián
廊	láng
廋	sōu
廌	zhì
廍	bù
廎	qìng
廎	qīng
廎	qǐng
廏	jiù
廐	jiù
廑	jǐn
廑	qín
廒	áo
廓	kuò
廔	lóu
廕	yìn
廖	liào
廖	liáo
廗	dài
廘	lù
廙	yì
廚	chú
廛	chán
廜	tú
廝	sī
廞	qiàn
廞	xīn
廟	miào
廠	chǎng
廡	wú
廡	wǔ
廢	fèi
廣	guàng
廣	guāng
廣	guǎng
廣	kuàng
廤	kù
廥	kuài
廦	bì
廧	qiáng
廧	sè
廨	xiè
廩	lǎn
廩	lǐn
廪	lǐn
廫	liáo
廬	lú
廬	lǘ
廭	jì
廮	yǐng
廯	xiān
廰	tīng
廱	yōng
廲	lí
廳	tīng
廴	yìn
廴	yǐn
廵	xún
延	yán
廷	tíng
廸	dí
廹	pǎi
建	jiàn
廻	huí
廼	nǎi
廽	huí
廾	gǒng
廿	niàn
开	kāi
弁	biàn
弁	pán
异	yì
异	yí
弃	qì
弄	lòng
弄	nòng
弅	fèn
弆	jǔ
弆	qǔ
弇	nán
弇	yān
弇	yǎn
弈	yì
弉	zàng
弊	bì
弋	yì
弌	yī
弍	èr
弎	sān
式	shì
式	tè
弐	èr
弑	shì
弒	shì
弓	gōng
弔	diào
弔	dì
引	yǐn
弖	hù
弗	fú
弘	hóng
弙	wū
弚	tuí
弛	chí
弜	jiàng
弝	bà
弞	shěn
弟	dì
弟	tuí
弟	tì
张	zhāng
弡	jué
弡	zhāng
弢	tāo
弣	fǔ
弤	dǐ
弥	mí
弦	xián
弧	hú
弨	chāo
弩	nǔ
弪	jìng
弫	zhěn
弬	yí
弭	mǐ
弮	juàn
弮	quān
弯	wān
弰	shāo
弱	ruò
弲	xuān
弲	yuān
弳	jìng
弴	diāo
張	zhàng
張	zhāng
弶	jiàng
強	qiáng
弸	péng
弸	pēng
弹	dàn
强	jiàng
强	qiáng
强	qiǎng
弻	bì
弼	bì
弽	shè
弾	dàn
弿	jiǎn
彀	gòu
彀	kōu
彁	gē
彂	fā
彃	bì
彄	kōu
彅	jiǎn
彆	biè
彇	xiāo
彈	dàn
彈	tán
彉	guō
彊	jiàng
彊	jiāng
彊	qiáng
彊	qiǎng
彋	hóng
彌	mí
彌	mǐ
彌	ní
彍	guō
彎	wān
彏	jué
彐	jì
彑	jì
归	guī
当	dāng
彔	lù
录	lù
彖	shǐ
彖	tuàn
彗	huì
彗	suì
彘	zhì
彙	huì
彚	huì
彛	yí
彜	yí
彝	yí
彞	yí
彟	yuē
彠	yuē
彡	shān
彡	xiǎn
形	xíng
彣	wén
彤	tóng
彥	yàn
彦	pán
彦	yàn
彧	yù
彨	chī
彩	cǎi
彪	biāo
彫	diāo
彬	bān
彬	bīn
彭	bāng
彭	páng
彭	péng
彭	pēng
彮	yǒng
彯	miǎo
彯	piào
彯	piāo
彰	zhāng
影	yǐng
彲	chī
彳	chì
彳	fú
彴	bó
彴	zhuó
彵	tuǒ
彵	yí
彶	jí
彷	fáng
彷	fǎng
彷	páng
彸	zhōng
役	yì
彺	wáng
彻	chè
彼	bǐ
彽	dī
彾	líng
彾	lǐng
彿	fú
往	wàng
往	wǎng
征	zhēng
徂	cú
徃	wǎng
径	jìng
待	dài
待	dāi
徆	xī
徇	xùn
很	hěn
徉	yáng
徊	huái
徊	huí
律	lǜ
後	hòu
徍	wā
徍	wǎng
徎	chěng
徎	zhèng
徏	zhì
徐	xú
徑	jìng
徑	jīng
徒	tú
従	cóng
徔	zhi
徕	lái
徖	cóng
得	de
得	dé
得	děi
徘	pái
徙	sī
徙	xǐ
徚	dōng
徛	jì
徜	cháng
徝	zhì
從	cóng
從	cōng
從	zòng
從	zōng
從	zǒng
徟	zhōu
徠	lài
徠	lái
御	yà
御	yù
徢	xiè
徣	jiè
徤	jiàn
徥	shì
徥	tǐ
徦	jiǎ
徦	xiá
徧	biàn
徧	pián
徧	piān
徨	huáng
復	fù
循	xún
徫	wěi
徬	bàng
徬	páng
徭	yáo
微	wēi
徯	xí
徯	xī
徰	zhēng
徱	piào
徲	chí
徲	tí
徳	dé
徴	zhēng
徵	chéng
徵	zhēng
徵	zhǐ
徶	bié
德	dé
徸	chōng
徸	zhōng
徸	zhǒng
徹	chè
徺	jiǎo
徻	huì
徼	jiào
徼	jiāo
徼	jiǎo
徼	yāo
徽	huī
徾	méi
徿	lòng
徿	lǒng
忀	rǎng
忀	xiāng
忁	bào
忂	jù
忂	qú
心	xīn
忄	xin
必	bì
忆	yì
忇	lè
忈	rén
忉	dāo
忊	dìng
忊	tìng
忋	gǎi
忌	jì
忍	rèn
忍	rěn
忎	rén
忏	chàn
忏	qiān
忏	qiǎn
忐	kěng
忐	tǎn
忑	dǎo
忑	tè
忒	tuī
忒	tè
忓	gān
忓	hàn
忔	qì
忔	yì
忕	shì
忕	tài
忖	cǔn
志	zhì
忘	wàng
忙	máng
忚	liě
忚	xī
忛	fān
応	yīng
忝	tiǎn
忞	mín
忞	wěn
忟	wěn
忠	zhōng
忡	chōng
忢	wù
忣	jí
忤	wù
忤	wǔ
忥	xì
忦	jiá
忧	yòu
忧	yōu
忨	wàn
忨	wán
忩	cōng
忪	sōng
忪	zhōng
快	kuài
忬	shū
忬	yù
忭	biàn
忮	qí
忮	zhì
忯	qí
忯	shì
忰	cuì
忱	chén
忱	dàn
忲	tài
忳	dùn
忳	tún
忳	zhūn
忴	qián
忴	qín
念	niàn
忶	hún
忷	xiōng
忸	niǔ
忹	kuáng
忹	wǎng
忺	xiān
忻	xīn
忼	hàng
忼	hāng
忼	kāng
忽	hū
忾	kài
忾	qì
忿	fèn
怀	fù
怀	huái
态	tài
怂	sǒng
怃	wǔ
怄	òu
怅	chàng
怆	chuàng
怇	jù
怈	yì
怉	bào
怉	bǎo
怊	chāo
怋	mén
怋	mín
怌	pēi
怍	zhà
怍	zuò
怎	zěn
怏	yàng
怏	yāng
怐	jù
怐	kòu
怑	bàn
怒	nù
怓	niú
怓	náo
怔	zhēng
怕	bó
怕	pà
怖	bù
怗	tiē
怗	zhān
怘	gù
怘	hù
怙	hù
怚	cū
怚	jù
怚	qū
怚	zū
怛	dàn
怛	dá
怜	lián
怜	líng
怜	lǐng
思	sāi
思	sī
怞	chóu
怞	yóu
怟	dì
怠	dài
怠	yí
怡	yí
怢	dié
怢	tuì
怢	tū
怣	yóu
怤	fū
急	jí
怦	pēng
性	xìng
怨	yuàn
怨	yùn
怩	ní
怪	guài
怫	bèi
怫	fèi
怫	fú
怬	xì
怭	bì
怮	yào
怮	yōu
怯	qiè
怰	xuàn
怱	cōng
怲	bǐng
怳	huǎng
怴	xuè
怴	xù
怵	chù
怵	xù
怶	bì
怶	pī
怷	shù
怸	xī
怹	tān
怺	yǒng
总	zǒng
怼	duì
怽	mo
怾	zhǐ
怿	yì
恀	shì
恁	nèn
恁	nín
恁	rèn
恂	shùn
恂	xún
恃	shì
恃	zhì
恄	xì
恅	lǎo
恆	gèng
恆	héng
恇	kuāng
恈	móu
恉	zhǐ
恊	xié
恋	liàn
恌	tiāo
恌	yáo
恍	guāng
恍	huǎng
恎	dié
恏	hào
恐	kǒng
恑	guǐ
恑	wéi
恒	héng
恓	qī
恓	xù
恓	xī
恔	jiǎo
恔	xiào
恕	shù
恖	sī
恗	hū
恗	kuā
恘	qiū
恙	yàng
恚	huì
恛	huí
恜	chì
恝	jiá
恝	qì
恞	yí
恟	xiōng
恠	guài
恡	lìn
恢	huī
恣	zì
恤	xù
恥	chǐ
恦	shàng
恧	nǜ
恨	hèn
恩	ēn
恪	kè
恫	dòng
恫	tōng
恬	tián
恭	gōng
恮	quān
恮	zhuān
息	xī
恰	qià
恱	yuè
恲	pēng
恳	kěn
恴	dé
恵	huì
恶	è
恷	xiao
恸	tòng
恹	yān
恺	kǎi
恻	cè
恼	nǎo
恽	yùn
恾	máng
恿	tōng
恿	yǒng
悀	yǒng
悁	juàn
悁	yuān
悂	bī
悂	pī
悂	pǐ
悃	kǔn
悄	qiào
悄	qiāo
悄	qiǎo
悅	yuè
悆	shū
悆	yù
悇	tú
悇	yú
悈	jiè
悈	kè
悉	xī
悊	zhé
悋	lìn
悌	tì
悍	hàn
悎	hào
悎	jiào
悏	qiè
悐	tì
悑	bù
悒	yì
悓	qiàn
悔	huǐ
悕	xī
悖	bèi
悖	běi
悗	mán
悗	mèn
悘	yì
悘	yī
悙	hèng
悙	hēng
悚	sǒng
悛	quān
悛	xún
悜	chěng
悝	kuī
悞	wù
悟	wù
悠	yōu
悡	lí
悢	liàng
悢	lǎng
患	huàn
悤	cōng
悥	yì
悦	yuè
悧	lì
您	nín
悩	nǎo
悪	è
悫	què
悬	xuán
悭	qiān
悮	wù
悯	mǐn
悰	cóng
悱	fěi
悲	bēi
悳	dé
悴	cuì
悵	chàng
悶	mèn
悶	mēn
悷	lì
悸	jì
悹	guàn
悺	guàn
悻	xìng
悼	dào
悽	qì
悽	qī
悾	kōng
悾	kǒng
悿	tiǎn
惀	lùn
惀	lún
惁	xī
惂	kǎn
惃	gǔn
惄	nì
情	qíng
惆	chóu
惆	dāo
惆	qiū
惇	dūn
惈	guǒ
惉	zhān
惊	jīng
惊	liáng
惋	wǎn
惌	wǎn
惌	yuān
惌	yù
惍	jīn
惎	jì
惏	lán
惏	lín
惐	xù
惐	yù
惑	huò
惒	hé
惓	juàn
惓	quán
惔	dàn
惔	tán
惕	tì
惖	tì
惗	niè
惘	wǎng
惙	chuì
惙	chuò
惚	hū
惛	hūn
惛	hǔn
惛	mèn
惜	xī
惝	chǎng
惝	tǎng
惞	xīn
惟	wéi
惟	wěi
惠	huì
惡	hū
惡	wù
惡	wū
惡	è
惡	ě
惢	ruǐ
惢	suǒ
惣	zǒng
惤	jiān
惥	yǒng
惦	diàn
惧	jù
惨	cǎn
惩	chéng
惪	dé
惫	bèi
惬	qiè
惭	cán
惮	dàn
惯	guàn
惰	duò
惰	tuó
惱	nǎo
惲	yùn
想	xiǎng
惴	chuǎn
惴	guà
惴	zhuì
惵	dié
惵	tiē
惶	huáng
惷	chǔn
惸	qióng
惹	ruò
惹	rě
惺	xīng
惻	cè
惼	biǎn
惽	hūn
惽	mǐn
惾	zōng
惿	shì
惿	tí
愀	qiù
愀	qiǎo
愁	chóu
愁	jiū
愁	qiǎo
愂	bèi
愃	xuān
愄	wēi
愅	gé
愆	qiān
愇	wěi
愈	yù
愉	tōu
愉	yú
愉	yǔ
愊	bì
愋	xuān
愌	huàn
愍	fēn
愍	mǐn
愎	bì
意	yì
意	yī
愐	miǎn
愑	yǒng
愒	hè
愒	kài
愒	qì
愓	dàng
愓	shāng
愓	táng
愓	yáng
愔	yīn
愕	è
愖	chén
愖	dān
愖	xìn
愗	mào
愘	kè
愘	qià
愘	qiā
愙	kè
愚	yú
愛	ài
愜	qiè
愝	yǎn
愞	nuò
感	gǎn
感	hàn
愠	wěn
愠	yùn
愠	yǔn
愡	zǒng
愢	sāi
愢	sī
愢	sǐ
愣	lèng
愤	fèn
愥	yīng
愦	kuì
愧	kuì
愨	què
愩	gòng
愩	gōng
愩	hǒng
愪	yún
愫	sù
愬	sè
愬	sù
愭	qí
愮	yào
愮	yáo
愯	sǒng
愰	huàng
愰	huǎng
愱	jí
愲	gǔ
愳	jù
愴	chuàng
愴	chuǎng
愵	nì
愶	xié
愷	kǎi
愸	zhěng
愹	yǒng
愺	cǎo
愻	xùn
愼	shèn
愽	bó
愾	kài
愾	qì
愾	xì
愿	yuàn
慀	xié
慀	xì
慁	hùn
慂	yǒng
慃	yǎng
慄	lì
慅	cǎo
慅	sāo
慆	tāo
慇	yīn
慈	cí
慉	chù
慉	xù
慊	qiàn
慊	qiè
慊	qiǎn
慊	xián
態	tài
慌	huang
慌	huāng
慌	huǎng
慍	yùn
慎	shèn
慎	zhèn
慏	mǐng
慐	gong
慑	shè
慒	cáo
慒	cóng
慓	piào
慓	piāo
慔	mù
慕	mù
慖	guó
慗	chì
慘	cǎn
慙	cán
慚	cán
慛	cuī
慜	mǐn
慝	nì
慝	tè
慞	zhāng
慟	tòng
慠	ào
慠	áo
慡	shuǎng
慢	màn
慢	mán
慣	guàn
慤	què
慥	cào
慥	zào
慦	jiù
慧	huì
慨	kǎi
慩	lián
慪	òu
慪	ōu
慫	sǒng
慬	jìn
慬	jǐn
慬	qín
慭	yìn
慮	lǘ
慮	lǜ
慯	shāng
慰	wèi
慱	tuán
慲	mán
慳	qiān
慳	xián
慴	shè
慴	zhé
慵	yōng
慶	qiāng
慶	qìng
慶	qīng
慷	kāng
慸	chì
慸	dì
慹	zhé
慹	zhí
慺	lóu
慺	lǚ
慻	juàn
慼	qī
慽	qī
慾	yù
慿	píng
憀	liáo
憁	còng
憁	sōng
憂	yōu
憃	chōng
憄	zhì
憅	tòng
憆	chēng
憇	qì
憈	qū
憉	péng
憊	bèi
憋	biē
憌	qióng
憍	jiāo
憎	zēng
憏	chì
憐	lián
憑	píng
憒	kuì
憓	huì
憔	qiáo
憕	chéng
憕	dèng
憕	zhèng
憖	xìn
憖	yìn
憖	yín
憗	yìn
憘	xī
憘	xǐ
憙	xǐ
憚	chǎn
憚	dàn
憚	dá
憛	tán
憜	duò
憝	duì
憞	duì
憞	dùn
憞	tūn
憟	sù
憠	jué
憡	cè
憢	jiāo
憢	xiāo
憣	fān
憤	fèn
憥	láo
憦	lào
憦	láo
憧	chōng
憧	zhuàng
憨	hān
憩	qì
憪	xiàn
憪	xián
憫	mǐn
憬	jǐng
憭	liáo
憭	liǎo
憮	wú
憮	wǔ
憯	cǎn
憰	jué
憱	cù
憲	xiàn
憲	xiǎn
憳	tǎn
憴	shéng
憵	pī
憶	yì
憷	chù
憷	chǔ
憸	xiān
憹	náng
憹	náo
憹	nóng
憹	nǎo
憺	dàn
憻	tǎn
憼	jìng
憼	jǐng
憽	sōng
憾	dàn
憾	hàn
憿	jiǎo
憿	jī
懀	wèi
懁	huān
懁	xuān
懂	dǒng
懃	qín
懄	qín
懅	jù
懆	cǎo
懆	sào
懆	sāo
懇	kěn
懈	xiè
應	yìng
應	yīng
懊	yù
懊	ào
懋	mào
懌	yì
懍	lǐn
懎	sè
懏	jùn
懐	huái
懑	mèn
懒	lǎn
懓	ài
懔	lǎn
懔	lǐn
懕	yàn
懕	yè
懕	yān
懖	kuò
懗	xià
懘	chì
懙	yǔ
懚	yìn
懛	dāi
懜	mèng
懜	méng
懜	měng
懝	nì
懝	nǐ
懝	ài
懞	méng
懞	měng
懟	duì
懠	jì
懠	jī
懠	qí
懡	mǒ
懢	lán
懢	xiàn
懣	mèn
懤	chóu
懥	zhì
懦	nuò
懧	nuò
懨	yān
懩	yǎng
懪	bó
懫	zhì
懬	kuàng
懭	kuǎng
懮	yōu
懮	yǒu
懯	fū
懰	liú
懰	liǔ
懱	miè
懲	chéng
懳	hui
懴	chàn
懵	mèng
懵	měng
懶	lài
懶	lǎn
懷	huái
懸	xuán
懹	ràng
懺	chàn
懻	jì
懼	jù
懽	guàn
懽	huān
懾	shè
懿	yì
懿	yī
戀	liàn
戁	nǎn
戂	mí
戂	mó
戃	tǎng
戄	jué
戅	gàng
戆	gàng
戇	gàng
戇	zhuàng
戈	gē
戉	yuè
戊	wù
戋	jiān
戌	qu
戌	xū
戍	shù
戎	róng
戎	rēng
戏	xì
成	chéng
我	wǒ
戒	jiè
戓	gē
戔	cán
戔	jiān
戕	qiāng
戕	zāng
或	huò
或	yù
戗	qiāng
战	zhàn
戙	dòng
戚	cù
戚	qī
戛	jiá
戜	dié
戝	zéi
戞	jiá
戟	jǐ
戠	zhí
戠	zhī
戡	kān
戡	zhěn
戢	jí
戣	kuí
戤	gài
戥	děng
戦	zhàn
戧	chuāng
戧	qiàng
戧	qiāng
戨	gē
戩	jiǎn
截	jié
戫	yù
戬	jiǎn
戭	yǎn
戭	yǒu
戮	lù
戯	hū
戰	zhàn
戱	xì
戲	huī
戲	hū
戲	suō
戲	xì
戲	xī
戲	yī
戳	chuō
戴	dài
戵	qú
戶	hù
户	hù
戸	hù
戹	è
戺	shì
戺	yí
戻	tì
戼	mǎo
戽	hù
戾	lì
房	fáng
房	páng
所	suǒ
扁	biān
扁	biǎn
扁	pián
扁	piān
扂	diàn
扃	jiōng
扃	jiǒng
扄	jiōng
扄	shǎng
扅	yí
扆	yǐ
扇	shàn
扇	shān
扈	hù
扉	fēi
扊	yǎn
手	shǒu
扌	shou
才	cái
才	zāi
扎	zhá
扎	zhā
扎	zhǎ
扎	zā
扏	qiú
扐	cái
扐	lè
扐	lì
扑	pì
扑	pū
扒	bié
扒	bài
扒	bā
扒	pá
打	dá
打	dǎ
扔	rèng
扔	rēng
払	fǎn
扖	rù
扗	zài
托	tuō
扙	zhàng
扚	diǎo
扚	dí
扚	lì
扚	yuē
扛	gāng
扛	káng
扜	wū
扜	yū
扝	kū
扝	wū
扞	gǎn
扞	hàn
扟	shēn
扠	chā
扠	chāi
扠	zhǎ
扡	chǐ
扡	tuō
扡	yǐ
扢	gē
扢	gǔ
扢	jié
扢	qì
扣	kòu
扤	wù
扥	dèn
扦	qiān
执	zhí
扨	rèn
扩	kuò
扪	mén
扫	sǎo
扬	yáng
扭	chǒu
扭	niǔ
扭	zhòu
扭	zhǒu
扮	bàn
扮	fēn
扮	fěn
扮	huǒ
扯	chě
扰	rǎo
扰	yòu
扱	chā
扱	qì
扱	xī
扲	qián
扲	qín
扳	bān
扳	pān
扴	jiá
扵	yú
扶	fú
扶	pú
扷	ào
扸	xī
扸	zhé
批	pí
批	pī
扺	qí
扺	zhǐ
扻	kǎn
扻	sǔn
扻	zhì
扼	è
扽	dèn
找	huá
找	zhǎo
承	chéng
承	zhèng
承	zhěng
技	jì
技	qí
抁	yǎn
抂	kuáng
抂	wǎng
抃	biàn
抄	chào
抄	chāo
抄	chǎo
抄	suō
抅	jū
抆	wěn
抇	hú
抈	yuè
抉	jué
把	bà
把	bǎ
把	pá
抋	qìn
抌	dǎn
抌	shěn
抍	zhěng
抎	yǔn
抏	wán
抐	nà
抐	nè
抐	nì
抐	ruì
抑	yì
抒	shū
抓	zhuā
抔	póu
投	dòu
投	tóu
抖	dǒu
抗	gāng
抗	kàng
折	shé
折	tí
折	zhé
折	zhē
抙	póu
抚	fǔ
抛	pāo
抜	bá
抝	ǎo
択	zé
抟	tuán
抠	kōu
抡	lūn
抢	qiǎng
抣	yun
护	hù
报	bào
抦	bǐng
抧	zhǎi
抧	zhǐ
抨	bēng
抨	pēng
抩	nán
抪	bá
抪	bù
抪	pū
披	pī
抬	chī
抬	tái
抭	tāo
抭	yǎo
抮	zhěn
抯	zhā
抰	yāng
抱	bào
抱	pāo
抱	pǒu
抲	hè
抲	hē
抲	qiā
抳	ní
抳	nǐ
抴	shé
抴	yè
抵	dǐ
抵	qí
抵	zhǐ
抶	chì
抷	pēi
抷	pī
抸	jiā
抹	mò
抹	mā
抹	mǒ
抺	mèi
抻	chēn
抻	shēn
押	jiǎ
押	xiá
押	yā
抽	chōu
抾	qū
抿	mǐn
拀	chù
拁	jiā
拁	yá
拂	bì
拂	fèi
拂	fú
拂	pì
拃	zhà
拃	zhá
拃	zhǎ
拃	zhǎn
拄	zhǔ
担	dàn
担	dān
担	dǎn
担	jiē
拆	chè
拆	chì
拆	chāi
拆	cā
拇	mǔ
拈	diān
拈	niān
拈	niǎn
拉	la
拉	là
拉	lá
拉	lā
拉	lǎ
拊	bǔ
拊	fū
拊	fǔ
拋	pāo
拌	bàn
拌	pān
拍	bó
拍	pāi
拎	līn
拎	līng
拏	ná
拐	guǎi
拑	qián
拒	jù
拒	jǔ
拓	tuò
拓	tà
拓	zhí
拔	bié
拔	bá
拔	bèi
拔	bō
拔	fá
拕	tuō
拖	chǐ
拖	tuō
拗	niù
拗	yù
拗	ào
拗	ǎo
拘	gōu
拘	jú
拘	jū
拘	jǔ
拙	zhuō
拚	biàn
拚	fèn
拚	fān
拚	pàn
拚	pīn
招	qiáo
招	sháo
招	zhāo
拜	bài
拝	bài
拞	dǐ
拟	nǐ
拠	jù
拡	kuò
拢	lǒng
拣	jiǎn
拤	qiá
拥	yōng
拦	lán
拧	níng
拨	bō
择	zé
拪	qiān
拫	hén
括	kuò
拭	shì
拮	jiá
拮	jié
拯	zhěng
拰	nǐn
拱	gǒng
拱	jú
拲	gǒng
拳	quán
拴	quán
拴	shuān
拵	cún
拵	zùn
拶	zā
拶	zǎn
拷	kǎo
拸	chǐ
拸	hài
拸	yí
拹	xié
拺	chuò
拺	cè
拺	sè
拻	huī
拼	bìng
拼	pīn
拽	yè
拽	zhuài
拽	zhuāi
拾	jiè
拾	shè
拾	shí
拿	ná
挀	bāi
持	chí
挂	guà
挃	dié
挃	zhì
挄	guāng
挄	kuò
挅	duò
挅	duǒ
挆	duǒ
指	zhǐ
挈	jiá
挈	qià
挈	qiè
挈	qì
挈	shì
按	àn
挊	nòng
挋	zhèn
挌	gé
挌	hé
挍	jiào
挍	jiāo
挎	kuà
挎	kōu
挎	kū
挏	dòng
挐	ná
挐	nú
挐	rú
挑	diào
挑	tiao
挑	tiáo
挑	tiāo
挑	tiǎo
挑	táo
挒	liè
挓	zhā
挔	lǚ
挕	dié
挕	shè
挖	wā
挗	jué
挘	liě
挙	jǔ
挚	zhì
挛	luán
挜	yà
挝	wō
挞	tà
挟	xié
挠	náo
挡	dǎng
挢	jiǎo
挣	zhèng
挣	zhēng
挤	jǐ
挥	huī
挦	xián
挧	yǔ
挨	ái
挨	āi
挩	tuō
挪	nuó
挫	cuò
挫	zuò
挬	bó
挭	gěng
挮	tì
挮	tǐ
振	zhèn
振	zhēn
振	zhěn
挰	chéng
挱	sā
挲	shā
挲	suō
挲	sā
挳	kēng
挴	měi
挵	nòng
挶	jū
挷	péng
挸	jiǎn
挹	yì
挺	tíng
挺	tǐng
挻	shān
挻	yán
挼	luò
挼	ruá
挼	ruó
挼	suī
挽	wǎn
挾	jiā
挾	xié
挿	chā
捀	féng
捁	jiǎo
捁	kù
捂	wǔ
捃	jùn
捄	jiù
捄	jū
捄	qiú
捅	tǒng
捆	hún
捆	kǔn
捇	chì
捇	huò
捈	chá
捈	shū
捈	tú
捉	zhuō
捊	fū
捊	póu
捊	pōu
捋	luō
捋	lǚ
捌	bié
捌	bā
捍	gǎn
捍	hàn
捍	xiàn
捎	qiào
捎	shào
捎	shāo
捎	shǎo
捎	xiāo
捏	niē
捐	juān
捐	yuán
捑	zè
捒	shù
捒	sōu
捒	sǒng
捓	yé
捓	yú
捔	jué
捔	zhuó
捕	bǔ
捖	guā
捖	wán
捗	bù
捗	pú
捗	zhì
捘	zùn
捙	yè
捚	zhāi
捛	lǚ
捜	sōu
捝	shuì
捝	tuō
捝	yǎn
捞	lāo
损	sǔn
捠	bāng
捡	jiǎn
换	huàn
捣	dǎo
捤	wěi
捥	wàn
捥	wān
捥	wǎn
捥	yù
捦	qín
捧	fèng
捧	pěng
捨	shě
捩	liè
捩	lì
捪	mín
捫	mén
捬	bǔ
捬	fù
捬	fǔ
捭	bā
捭	bǎi
捭	bǐ
据	jù
据	jū
捯	dáo
捯	dǎo
捰	luò
捰	luǒ
捰	wǒ
捱	ái
捱	āi
捲	juàn
捲	juǎn
捲	quán
捳	yuè
捴	zǒng
捵	chēn
捵	niǎn
捵	tiǎn
捶	chuí
捶	duǒ
捷	chā
捷	jié
捷	qiè
捸	tū
捹	bèn
捺	nà
捻	niān
捻	niē
捻	niǎn
捼	ruó
捼	ré
捼	wěi
捼	wō
捽	cù
捽	sū
捽	zuó
捽	zùn
捾	wò
捾	xiá
捿	qī
掀	hén
掀	xiān
掁	chéng
掂	diān
掃	sào
掃	sǎo
掄	lún
掄	lūn
掅	qìng
掆	gàng
掆	gāng
掇	duó
掇	duō
掇	zhuō
授	shòu
掉	diào
掉	nuó
掊	fù
掊	péi
掊	póu
掊	pǒu
掋	dì
掋	dǐ
掌	zhǎng
掍	hùn
掎	jǐ
掎	yǐ
掏	tāo
掐	qiā
掑	qí
排	bài
排	pái
排	pǎi
掓	shū
掔	qiān
掔	wàn
掕	líng
掖	yè
掖	yē
掗	yà
掗	yǎ
掘	jué
掘	kū
掙	zhēng
掚	liǎng
掛	guà
掜	niè
掜	nái
掜	nǐ
掜	yì
掝	huò
掝	xù
掞	shàn
掞	yàn
掞	yǎn
掟	dìng
掟	zhěng
掠	lüè
掠	lüě
採	cǎi
探	tàn
探	xián
掣	chè
掤	bīng
接	chā
接	jiē
接	shà
接	xié
掦	tì
控	kòng
控	kōng
控	qiāng
推	tuī
掩	yàn
掩	yǎn
措	cuò
措	cì
措	zé
掫	chōu
掫	zhōu
掫	zōu
掬	jū
掭	tiàn
掮	qián
掯	kèn
掰	bāi
掱	pá
掱	shǒu
掲	jiē
掳	lǔ
掴	guāi
掵	ming
掶	jié
掷	zhì
掸	dǎn
掹	meng
掺	chān
掻	sāo
掼	guàn
掽	pèng
掾	chuán
掾	yuàn
掿	nuò
揀	jiǎn
揁	kēng
揁	zhēng
揂	jiū
揂	yóu
揃	jiān
揃	jiǎn
揃	qiān
揄	chōu
揄	shū
揄	yáo
揄	yóu
揄	yú
揅	yán
揆	kuí
揇	nǎn
揈	hóng
揈	hōng
揈	jū
揈	xuàn
揉	róu
揊	chè
揊	pì
揋	wēi
揌	cāi
揌	sāi
揍	còu
揍	zòu
揎	xuān
描	miáo
描	mào
提	chí
提	dī
提	dǐ
提	shí
提	tí
揑	niē
插	chā
插	zhǎ
揓	shì
揔	sōng
揔	zǒng
揕	zhèn
揕	zhēn
揖	jí
揖	yī
揗	xún
揘	huáng
揘	yóng
揙	biàn
揙	biān
揚	yáng
換	huàn
揜	yǎn
揝	zuàn
揝	zǎn
揞	yàn
揞	yè
揞	ǎn
揟	jū
揟	xū
揠	yà
握	wò
握	òu
揢	ké
揢	qiā
揣	chuài
揣	chuāi
揣	chuǎi
揣	duǒ
揣	tuán
揣	zhuī
揤	jí
揥	dì
揥	tì
揦	là
揦	lá
揧	là
揨	chén
揩	jiá
揩	kāi
揪	jiū
揫	jiū
揬	tú
揭	hé
揭	jiē
揭	qì
揮	huī
揮	hún
揯	gèn
揰	chòng
揰	dǒng
揱	shuò
揱	xiān
揱	xiāo
揲	dié
揲	shé
揲	yè
揳	jiá
揳	xiè
揳	xié
揳	xiē
援	huàn
援	yuán
揵	jiàn
揵	jiǎn
揵	qián
揶	yé
揷	chā
揸	zhā
揹	bēi
揺	yáo
揻	wēi
揼	beng
揽	lǎn
揾	wèn
揾	wù
揿	qìn
搀	chān
搁	gē
搂	lǒu
搃	zǒng
搄	gèn
搅	jiǎo
搆	gòu
搆	gōu
搇	qìn
搈	róng
搉	huō
搉	què
搊	chōu
搊	zhū
搊	zǒu
搋	chuāi
搋	chǐ
搋	yí
搌	zhǎn
損	sǔn
搎	sūn
搏	bó
搐	chù
搑	náng
搑	nǎng
搑	róng
搒	bàng
搒	bēng
搒	bǎng
搒	péng
搓	chāi
搓	cuō
搓	cuǒ
搔	sào
搔	sāo
搕	kē
搕	è
搖	yáo
搗	dǎo
搘	zhī
搙	nuò
搙	nòu
搙	nù
搚	lā
搚	xiàn
搚	xié
搛	jiān
搛	lián
搜	shǎo
搜	sòu
搜	sōu
搜	xiāo
搝	qiǔ
搞	gǎo
搞	kào
搞	qiāo
搟	xiān
搟	xiǎn
搠	shuò
搡	sǎng
搢	jìn
搣	miè
搤	yì
搤	è
搥	chuí
搥	duī
搦	nuò
搧	shān
搨	dá
搨	tà
搩	jié
搩	zhǎ
搪	táng
搫	bān
搫	pán
搫	pó
搬	bān
搬	sù
搭	dā
搭	tà
搮	lì
搯	tāo
搰	hú
搰	kū
搱	nái
搱	zhì
搲	wà
搲	wā
搲	wǎ
搳	huá
搳	qiā
搳	xiá
搴	qiān
搵	wèn
搶	chéng
搶	chēng
搶	qiàng
搶	qiāng
搶	qiǎng
搷	shēn
搷	tián
搸	zhēn
搹	è
携	xié
搻	nuò
搼	quán
搽	chá
搾	zhà
搿	gé
摀	wǔ
摁	èn
摂	shè
摃	káng
摄	shè
摅	shū
摆	bǎi
摇	yáo
摈	bìn
摉	sōu
摊	tān
摋	shā
摋	shǎi
摋	sà
摌	chǎn
摌	sùn
摍	suō
摎	jiū
摎	jiǎo
摎	liáo
摎	liú
摎	náo
摏	chōng
摐	chuāng
摑	guó
摑	guāi
摒	bìng
摓	féng
摓	pěng
摔	shuāi
摕	dì
摕	tú
摕	zhí
摖	chá
摖	qì
摗	sōu
摗	sǒng
摘	zhāi
摙	liàn
摙	liǎn
摚	chēng
摛	chī
摜	guàn
摝	lù
摞	luò
摟	lōu
摟	lǒu
摠	zǒng
摡	gài
摡	xì
摢	chū
摢	hù
摣	zhuā
摣	zhā
摤	chuǎng
摥	tàng
摦	huà
摧	cuò
摧	cuī
摧	zuì
摨	nái
摨	zhì
摩	mí
摩	mó
摩	mā
摪	jiāng
摪	qiàng
摫	guī
摬	yǐng
摭	zhí
摮	qiāo
摮	áo
摯	zhì
摰	chè
摰	niè
摱	màn
摱	mán
摲	chàn
摲	cán
摳	kōu
摳	ōu
摴	chī
摴	chū
摵	mí
摵	shè
摵	sù
摶	tuán
摶	zhuàn
摶	zhuān
摷	chāo
摷	jiǎo
摸	mó
摸	mō
摹	mó
摹	mō
摺	lā
摺	xié
摺	zhé
摻	chān
摻	càn
摻	shān
摻	shǎn
摻	sēn
摼	kēng
摼	qiān
摽	biào
摽	biāo
摽	piāo
摽	pāo
摾	jiàng
摿	yáo
撀	gòu
撁	qiàn
撁	qiān
撂	liào
撃	jī
撄	yīng
撅	guì
撅	juè
撅	jué
撅	juē
撆	piē
撇	biē
撇	piē
撇	piě
撈	lāo
撉	dūn
撊	xiàn
撋	ruán
撋	ruí
撋	ruó
撋	rún
撋	suī
撌	guì
撍	qián
撍	zān
撍	zēn
撍	zǎn
撎	yì
撏	xián
撏	xún
撐	chēng
撑	chēng
撒	sā
撒	sǎ
撓	náo
撓	rào
撓	xiāo
撔	hòng
撕	sī
撕	xī
撖	hàn
撖	qiǎn
撗	guàng
撘	dā
撙	zǔn
撚	niǎn
撛	lǐn
撜	chéng
撜	zhěng
撝	huī
撝	wéi
撞	zhuàng
撟	jiāo
撟	jiǎo
撟	kǎo
撠	jǐ
撡	cāo
撢	dàn
撢	dǎn
撢	tàn
撢	xín
撣	chán
撣	dàn
撣	dǎn
撣	shàn
撣	tián
撣	tān
撣	zhǎn
撤	chè
撥	bō
撥	fá
撦	chě
撧	juē
撨	fǔ
撨	sōu
撨	xiāo
撩	liào
撩	liáo
撩	liāo
撩	liǎo
撩	lào
撪	bèn
撫	fǔ
撫	mó
撬	qiào
播	bō
播	bǒ
撮	chuā
撮	cuō
撮	zuì
撮	zuān
撮	zuǒ
撯	zhuó
撰	suàn
撰	xuǎn
撰	zhuàn
撱	tuǒ
撱	wěi
撲	bǔ
撲	pū
撳	qìn
撴	dūn
撵	niǎn
撶	huá
撷	xié
撸	lū
撹	jiǎo
撺	cuān
撻	tà
撼	hàn
撽	jī
撽	qiào
撽	yāo
撾	wō
撾	zhuā
撿	jiǎn
撿	liàn
擀	gǎn
擁	yōng
擂	lèi
擂	léi
擃	nǎng
擄	lǔ
擅	shàn
擆	zhuó
擇	yì
擇	zhái
擇	zé
擈	pū
擉	chuò
擊	jì
擊	jī
擊	xí
擋	dàng
擋	dǎng
擌	sè
操	cāo
擎	qíng
擏	jìng
擏	jǐng
擏	qíng
擐	huàn
擐	juǎn
擐	xuān
擑	jiē
擒	qín
擓	kuǎi
擔	dàn
擔	dān
擔	shàn
擕	xié
擖	guā
擖	gē
擖	jiā
擖	kā
擖	liè
擖	qiā
擖	yè
擖	zhá
擗	bò
擗	pǐ
擘	bò
擙	ào
據	jù
擛	yè
擜	è
擝	mēng
擞	sǒu
擟	mí
擠	jǐ
擡	tái
擢	zhuó
擣	chóu
擣	dǎo
擤	xǐng
擥	lǎn
擦	cā
擧	jǔ
擨	yé
擩	nòu
擩	nǔ
擩	ruán
擩	rù
擩	rǔ
擪	yè
擫	yè
擬	nǐ
擭	huò
擭	hù
擭	wò
擮	jié
擯	bìn
擰	nìng
擰	níng
擰	nǐng
擱	gé
擱	gē
擲	zhì
擳	jié
擳	zhì
擴	guàng
擴	kuò
擴	tǎng
擵	mó
擶	jiàn
擷	xié
擸	liè
擸	là
擹	tān
擺	bǎi
擻	sòu
擻	sǒu
擼	lū
擼	lǔ
擽	lì
擽	lüè
擽	yuè
擾	rǎo
擿	tī
擿	zhì
擿	zhāi
攀	pān
攁	yǎng
攂	lèi
攃	cā
攃	sǎ
攄	lù
攄	shū
攅	zǎn
攆	niǎn
攇	xiǎn
攈	jùn
攈	pèi
攉	huò
攉	huō
攉	què
攊	lì
攋	là
攋	lài
攌	huǎn
攍	yíng
攎	luó
攎	lú
攏	lǒng
攐	qiān
攑	qiān
攒	zǎn
攓	qiān
攔	lán
攕	jiān
攕	xiān
攖	yīng
攗	méi
攘	níng
攘	ràng
攘	rǎng
攘	xiǎng
攙	chān
攙	shàn
攚	wěng
攛	cuān
攜	xié
攝	niè
攝	shà
攝	shè
攝	zhé
攞	luó
攞	luǒ
攟	jùn
攠	mí
攠	mó
攡	chī
攢	cuán
攢	zuān
攢	zàn
攢	zǎn
攣	liàn
攣	luán
攤	nàn
攤	tān
攥	zuàn
攦	lì
攦	shài
攧	diān
攨	wā
攩	dǎng
攩	tǎng
攪	jiǎo
攫	jué
攬	lǎn
攭	luǒ
攭	lì
攮	nǎng
支	qí
支	zhì
支	zhī
攰	guì
攱	guì
攱	guǐ
攲	jī
攲	qī
攳	xún
攴	pū
攵	pū
收	shōu
攷	kǎo
攸	yōu
改	gǎi
攺	yǐ
攻	gōng
攼	gān
攼	hàn
攽	bān
攽	bīn
放	fàng
放	fāng
放	fǎng
政	zhèng
政	zhēng
敀	pò
敁	diān
敂	kòu
敃	fēn
敃	mǐn
敄	móu
敄	wù
故	gù
敆	hé
敇	cè
效	xiào
敉	mǐ
敊	chù
敊	shōu
敋	gé
敌	dí
敌	huá
敍	xù
敎	jiào
敏	mǐn
敐	chén
救	jiù
救	jiū
敒	shēn
敓	duó
敔	yù
敔	yǔ
敕	chì
敕	sōu
敖	ào
敖	áo
敗	bài
敘	xù
教	jiào
教	jiāo
敚	duó
敛	liǎn
敜	niè
敝	bì
敞	chèng
敞	chǎng
敞	zhèng
敟	diǎn
敠	duō
敠	què
敡	yì
敢	gǎn
散	sàn
散	sān
散	sǎn
敤	kě
敥	jiǎo
敥	yàn
敦	diāo
敦	duì
敦	duī
敦	dào
敦	dùn
敦	dūn
敦	tuán
敦	tún
敦	tūn
敦	zhǔn
敧	jī
敧	qǐ
敨	tǒu
敩	xiào
敪	duō
敫	jiào
敫	jiǎo
敫	qiāo
敬	jìng
敭	yáng
敮	xiá
敯	mǐn
数	shù
敱	zhú
敱	ái
敲	qiāo
敳	ái
整	zhěng
敵	dí
敶	zhèn
敷	fū
數	shuò
數	shù
數	shǔ
敹	liáo
敺	qū
敺	ōu
敻	xiòng
敼	yǐ
敽	jiǎo
敾	shàn
敿	jiǎo
斀	zhuó
斀	zhú
斁	dù
斁	tú
斁	yì
斂	lián
斂	liǎn
斃	bì
斄	lí
斄	tái
斅	xiào
斅	xué
斆	xiào
文	wén
斈	xué
斉	qí
斊	qí
斋	zhāi
斌	bīn
斍	jué
斎	zhāi
斏	láng
斐	fěi
斑	bān
斒	bān
斓	lán
斔	yǔ
斕	lán
斖	wěi
斗	dòu
斗	dǒu
斗	zhǔ
斘	shēng
料	liào
料	liáo
斚	jiǎ
斛	hú
斜	chá
斜	xiá
斜	xié
斜	yé
斝	jiǎ
斞	yǔ
斟	zhēn
斠	jiào
斡	guǎn
斡	wò
斢	tiǎo
斢	tǒu
斣	dòu
斤	jīn
斥	chè
斥	chì
斥	zhè
斦	yín
斦	zhì
斧	fǔ
斨	qiāng
斩	zhǎn
斪	qú
斫	chuò
斫	zhuó
斬	zhàn
斬	zhǎn
断	duàn
斮	cuò
斮	zhuó
斯	shǐ
斯	sī
新	xīn
斱	zhuó
斲	zhuó
斳	jǐn
斳	qín
斴	lín
斵	zhuó
斶	chù
斷	duàn
斸	zhú
斸	zhǔ
方	fáng
方	fāng
方	fēng
方	fǎng
方	páng
方	wǎng
斺	chǎn
斺	jiè
斻	háng
於	wū
於	yú
施	shī
施	shǐ
施	yì
斾	pèi
斿	liú
斿	yóu
旀	mèi
旁	bàng
旁	bēng
旁	páng
旁	pēng
旂	qí
旃	zhān
旄	mào
旄	máo
旄	wù
旅	lǚ
旆	pèi
旇	bì
旇	pī
旈	liú
旉	fū
旊	fǎng
旋	xuàn
旋	xuán
旌	jīng
旍	jīng
旎	nǐ
族	còu
族	sǒu
族	zòu
族	zú
旐	zhào
旑	yǐ
旒	liú
旓	shāo
旔	jiàn
旕	yú
旖	yǐ
旗	qí
旘	zhì
旙	fān
旚	piāo
旛	fān
旜	zhān
旝	kuài
旞	suì
旟	yú
无	wú
旡	jì
既	jì
既	xì
旣	jì
旤	huò
日	rì
旦	dàn
旧	jiù
旨	zhǐ
早	zǎo
旪	xié
旫	tiāo
旬	jūn
旬	xún
旭	xù
旮	gā
旮	xù
旯	lá
旰	gàn
旰	hàn
旱	hàn
旲	tái
旲	yīng
旳	dì
旴	xū
旵	chǎn
时	shí
旷	kuàng
旸	yáng
旹	shí
旺	wàng
旻	mín
旼	mín
旽	tūn
旽	zhùn
旾	chūn
旿	wù
旿	wǔ
昀	yún
昁	bèi
昂	yàng
昂	áng
昃	zè
昄	bǎn
昅	jié
昆	hún
昆	kùn
昆	kūn
昇	shēng
昈	hù
昉	fǎng
昊	hào
昋	guì
昋	jiǒng
昌	chàng
昌	chāng
昍	xuān
明	mèng
明	míng
昏	hùn
昏	hūn
昐	fēn
昑	qǐn
昒	hū
易	yì
昔	cuò
昔	xī
昕	xuān
昕	xīn
昖	yán
昗	zè
昘	fǎng
昙	tán
昙	yù
昚	shèn
昛	jù
昜	yáng
昝	zǎn
昞	bǐng
昞	fǎng
星	xīng
映	yìng
映	yǎng
昡	xuàn
昢	pèi
昢	pò
昣	zhěn
昤	líng
春	chūn
春	chǔn
昦	hào
昧	mèi
昧	mò
昧	wěn
昨	zuó
昩	mò
昪	biàn
昫	xiǒng
昫	xù
昬	hūn
昭	zhào
昭	zhāo
昮	zòng
是	shì
是	tí
昰	shì
昰	xià
昱	yù
昲	fèi
昳	diè
昳	dié
昳	yì
昴	mǎo
昵	nì
昵	nǐ
昵	zhì
昶	chǎng
昷	wēn
昸	dōng
昹	ǎi
昺	bǐng
昻	áng
昼	zhòu
昽	lóng
显	xiǎn
昿	kuàng
晀	tiǎo
晁	chào
晁	cháo
晁	zhāo
時	shí
晃	huàng
晃	huǎng
晄	huǎng
晅	xuān
晅	xuǎn
晆	kuí
晇	kuā
晇	xū
晈	jiǎo
晉	jìn
晊	zhì
晋	jìn
晌	shǎng
晍	tóng
晎	hǒng
晏	yàn
晐	gāi
晑	xiǎng
晒	shài
晓	xiǎo
晔	yè
晕	yūn
晖	huī
晗	hán
晘	hàn
晙	jùn
晚	wǎn
晛	xiàn
晜	kūn
晝	zhòu
晞	xī
晟	chéng
晟	jīng
晟	shèng
晠	shèng
晡	bū
晢	zhé
晢	zhì
晣	zhé
晤	wù
晥	wǎn
晦	huì
晧	hào
晨	chén
晩	wǎn
晪	tiǎn
晫	zhuó
晬	zuì
晭	zhǒu
普	pǔ
景	jǐng
景	yǐng
晰	xī
晱	shǎn
晲	nǐ
晳	xī
晴	qíng
晵	dù
晵	qǐ
晶	jīng
晷	guǐ
晸	zhěng
晹	yì
智	zhì
晻	yǎn
晻	àn
晻	ǎn
晼	wǎn
晽	lín
晾	liàng
晿	chāng
暀	wàng
暀	wǎng
暁	xiǎo
暂	zàn
暃	fēi
暄	xuān
暅	gèng
暅	xuǎn
暆	yí
暇	jiǎ
暇	xià
暇	xiá
暈	yùn
暈	yūn
暉	huī
暊	xǔ
暋	mín
暋	mǐn
暌	kuí
暍	yē
暎	yìng
暏	dǔ
暏	shǔ
暐	wěi
暑	shǔ
暒	qíng
暓	mào
暔	nán
暕	jiǎn
暕	lán
暖	nuǎn
暖	xuān
暗	àn
暘	yáng
暙	chūn
暚	yáo
暛	suǒ
暜	pǔ
暝	míng
暞	jiǎo
暟	kǎi
暠	gǎo
暠	hào
暡	wěng
暢	chàng
暣	qì
暤	hào
暥	yàn
暦	lì
暧	ài
暨	jiè
暨	jì
暩	jì
暪	mèn
暫	zàn
暬	xiè
暭	hào
暮	mù
暯	mò
暰	cōng
暱	nì
暲	zhāng
暳	huì
暴	bào
暴	bó
暴	pù
暵	hàn
暶	xuán
暷	chuán
暸	liáo
暹	xiān
暺	tǎn
暻	jǐng
暼	piē
暽	lín
暾	tūn
暿	xī
暿	xǐ
曀	yì
曁	jì
曂	huàng
曃	dài
曄	yè
曅	yè
曆	lì
曇	tán
曈	tóng
曉	xiǎo
曊	fèi
曋	shěn
曌	zhào
曍	hào
曎	yì
曏	shǎng
曏	xiàng
曏	xiǎng
曐	xīng
曑	shēn
曒	jiǎo
曓	bào
曔	jìng
曕	yàn
曖	ài
曗	yè
曘	rú
曙	shǔ
曚	méng
曛	xūn
曜	yào
曝	pù
曞	lì
曟	chén
曠	kuàng
曡	dié
曢	liǎo
曣	yàn
曤	huò
曥	lú
曦	xī
曧	róng
曨	lóng
曩	nǎng
曪	luǒ
曫	luán
曬	shài
曭	tǎng
曮	yǎn
曯	zhú
曰	yuē
曱	yuē
曲	qū
曲	qǔ
曳	yè
更	gèng
更	gēng
曵	yè
曶	hū
曷	hè
曷	hé
曷	è
書	shū
曹	cáo
曺	cáo
曻	shēng
曼	màn
曽	cēng
曾	céng
曾	zēng
替	tì
最	cuō
最	zuì
朁	cǎn
朁	jiàn
朁	qián
朂	xù
會	huì
會	kuài
會	kuò
朄	yǐn
朅	qiè
朆	fēn
朇	pí
月	rù
月	yuè
有	wěi
有	yòu
有	yǒu
朊	ruǎn
朊	wǎn
朋	péng
朌	bān
朌	fén
服	bì
服	bó
服	fù
服	fú
朎	líng
朏	fěi
朏	kū
朐	chǔn
朐	qú
朐	xù
朐	xū
朑	tì
朒	nǜ
朓	tiào
朓	tiǎo
朓	yóu
朔	shuò
朕	zhèn
朖	lǎng
朗	lǎng
朘	juān
朘	zuī
朙	míng
朚	huāng
朚	máng
朚	mèng
朚	wáng
望	wàng
朜	tūn
朝	cháo
朝	zhāo
朝	zhū
朞	jī
朞	qī
期	qī
朠	yīng
朡	zōng
朢	wàng
朣	chuáng
朣	tóng
朤	lǎng
朥	láo
朦	méng
朦	mǎng
朧	lóng
朧	lǒng
木	mù
朩	děng
未	wèi
末	mò
本	bēn
本	běn
札	yà
札	zhá
朮	shù
朮	zhú
术	shù
术	shú
术	zhú
朰	mù
朱	shū
朱	zhū
朲	rén
朳	bā
朴	piáo
朴	pò
朴	pō
朴	pū
朴	pǔ
朵	duǒ
朶	duǒ
朷	dāo
朷	mù
朷	tiáo
朸	lì
朹	guǐ
朹	qiú
机	jī
机	wèi
朻	jiū
朼	bǐ
朽	xiǔ
朾	chéng
朾	chēng
朾	tīng
朾	zhēng
朿	cì
杀	shā
杁	rù
杂	duǒ
杂	zá
权	quán
杄	qiān
杅	wū
杅	yú
杆	gàn
杆	gān
杆	gǎn
杇	wū
杈	chà
杈	chā
杉	shā
杉	shān
杊	xún
杋	fán
杌	wò
杌	wù
杍	zǐ
李	lǐ
杏	xìng
材	cái
村	cūn
杒	rèn
杒	ér
杓	biāo
杓	dí
杓	shuó
杓	sháo
杓	zhuó
杔	tuō
杔	zhé
杕	duò
杕	dì
杖	zhàng
杗	máng
杘	chì
杙	yì
杚	gài
杚	gé
杛	gōng
杜	dù
杜	dǔ
杜	tú
杝	duò
杝	lí
杝	tuò
杝	yí
杝	zhì
杞	qǐ
束	shù
杠	gàng
杠	gāng
杠	gōng
条	tiáo
杢	jié
杣	mián
杣	shān
杤	wàn
来	lái
杦	jiǔ
杧	máng
杨	yáng
杩	mà
杪	miǎo
杫	sì
杫	xǐ
杫	zhǐ
杬	yuàn
杬	yuán
杭	háng
杭	kàng
杭	kāng
杮	bèi
杮	fèi
杯	bēi
杰	jié
東	dōng
杲	gǎo
杳	yǎo
杴	qiān
杴	xiān
杵	chǔ
杶	chūn
杷	bà
杷	pá
杸	duì
杸	shū
杹	huà
杺	xīn
杻	chǒu
杻	niǔ
杼	shù
杼	zhù
杽	chǒu
松	sōng
板	bǎn
枀	sōng
极	jí
枂	wò
枂	yuè
枃	jìn
构	gòu
枅	jī
枆	máo
枇	bì
枇	bǐ
枇	pí
枇	pī
枈	bì
枈	pī
枉	kuáng
枉	wǎng
枊	àng
枋	bǐng
枋	fāng
枋	fǎng
枌	fén
枍	yì
枎	fú
枎	fū
枏	nán
析	sī
析	xī
枑	hù
枒	yà
枒	yá
枒	yā
枒	yē
枓	dǒu
枓	zhǔ
枔	xín
枕	chén
枕	zhěn
枖	yāo
枖	yǎo
林	lín
枘	nèn
枘	ruì
枙	è
枙	ě
枚	méi
枛	zhào
果	guàn
果	guǒ
果	luǒ
枝	qí
枝	zhī
枞	cōng
枟	yùn
枠	huà
枡	shēng
枢	shū
枣	zǎo
枤	dì
枥	lì
枦	lú
枧	jiǎn
枨	chéng
枩	sōng
枪	qiāng
枫	fēng
枬	zhān
枭	xiāo
枮	xiān
枮	zhēn
枯	gū
枯	kū
枰	píng
枱	cí
枱	sì
枱	tái
枲	xǐ
枳	zhī
枳	zhǐ
枴	guǎi
枵	xiāo
架	jià
枷	jià
枷	jiā
枸	gōu
枸	gǒu
枸	jǔ
枸	qú
枹	bāo
枹	fú
枺	mò
枻	xiè
枻	yì
枼	yè
枽	yè
枾	shì
枿	niè
柀	bǐ
柁	duò
柁	tuó
柁	tuǒ
柂	duò
柂	lí
柂	yí
柃	líng
柄	bǐng
柅	chì
柅	nǐ
柆	lā
柇	hé
柈	bàn
柈	pàn
柈	pán
柉	fán
柊	zhōng
柋	dài
柌	cí
柍	yàng
柍	yīng
柍	yǎng
柎	fù
柎	fū
柎	fǔ
柏	bò
柏	bó
柏	bǎi
某	méi
某	mǒu
柑	gān
柑	qián
柒	qī
染	rǎn
柔	róu
柕	mào
柖	shào
柖	sháo
柗	sōng
柘	zhè
柙	jiǎ
柙	xiá
柚	yòu
柚	yóu
柚	zhóu
柛	shēn
柜	guì
柜	jǔ
柝	tuò
柞	zhà
柞	zuò
柞	zé
柟	nán
柟	rán
柠	chǔ
柠	níng
柠	zhù
柡	yǒng
柢	chí
柢	dì
柢	dǐ
柣	dié
柣	zhì
柤	zhā
柤	zū
柤	zǔ
查	chá
查	chái
查	zhā
柦	dàn
柧	gū
柨	bù
柨	pū
柩	jiù
柪	ào
柪	āo
柫	fú
柬	jiǎn
柭	biē
柭	bó
柭	bā
柭	fú
柭	pèi
柮	duò
柮	wù
柮	zuó
柯	kē
柰	nài
柱	zhù
柱	zhǔ
柲	bié
柲	bì
柳	liǔ
柴	chái
柴	cī
柴	zhài
柴	zì
柵	shān
柵	zhà
柶	sì
柷	zhù
柸	bēi
柸	pēi
柹	fèi
柹	shì
柺	guǎi
査	zhā
柼	yǎo
柽	chēng
柽	jué
柾	jiù
柿	shì
栀	zhī
栁	liǔ
栂	méi
栃	lì
栄	róng
栅	cè
栅	shān
栅	zhà
栆	zǎo
标	biāo
栈	zhàn
栉	zhì
栊	lóng
栋	dòng
栌	lú
栍	shēng
栎	lì
栏	lán
栐	yǒng
树	shù
栒	sǔn
栒	xún
栓	quán
栓	shuàn
栓	shuān
栔	qì
栕	zhēn
栖	qī
栗	liè
栗	lì
栘	yí
栙	xiáng
栚	zhèn
栛	lì
栜	cì
栜	sè
栝	guā
栝	kuò
栝	tiǎn
栞	kān
栟	bēn
栟	bīng
栠	rěn
校	jiào
校	jiǎo
校	qiāo
校	xiào
栢	bǎi
栣	rěn
栤	bìng
栥	zī
栦	chóu
栧	yì
栨	cì
栩	xǔ
栩	yǔ
株	zhū
栫	jiàn
栫	zùn
栬	zuì
栭	ér
栮	ěr
栯	yù
栯	yǒu
栰	fá
栱	gǒng
栲	kǎo
栳	lǎo
栴	zhān
栵	liè
栶	yīn
样	yàng
样	yáng
核	gāi
核	hé
核	kài
根	gēn
栺	yì
栺	zhī
栺	zhǐ
栻	shì
格	gé
格	gē
格	hè
格	luò
栽	zài
栽	zāi
栾	luán
栿	fú
桀	jié
桁	hàng
桁	háng
桁	héng
桂	guì
桃	tiāo
桃	táo
桃	zhào
桄	guàng
桄	guāng
桅	guǐ
桅	wéi
框	kuàng
框	kuáng
框	kuāng
桇	rú
案	àn
桉	àn
桉	ān
桊	juàn
桊	quān
桋	tí
桋	yí
桌	zhuō
桍	kū
桎	zhì
桏	qióng
桐	dòng
桐	tóng
桐	tōng
桑	sāng
桒	sāng
桓	huán
桔	jié
桔	jú
桔	xié
桕	jiù
桖	xuè
桗	duò
桘	zhuì
桙	móu
桙	yú
桚	zǎn
桜	yīng
桝	jié
桞	liǔ
桟	zhàn
桠	yā
桡	ráo
桢	zhēn
档	dàng
桤	qī
桥	qiáo
桦	huà
桧	guì
桨	jiǎng
桩	zhuāng
桪	xún
桫	suō
桬	shā
桭	chén
桭	zhèn
桭	zhēn
桮	bēi
桯	tīng
桯	yíng
桰	kuò
桱	jìng
桲	bó
桲	po
桳	bèn
桴	fú
桵	ruí
桶	tǒng
桷	jué
桸	xī
桹	láng
桺	liǔ
桻	fèng
桻	fēng
桼	qī
桽	wěn
桾	jūn
桿	gǎn
桿	hàn
梀	sù
梀	yìn
梁	liáng
梂	qiú
梃	tìng
梃	tǐng
梄	yǒu
梅	méi
梆	bāng
梇	lòng
梈	pēng
梉	zhuāng
梊	dì
梋	juān
梋	xié
梋	xuān
梌	chá
梌	tú
梌	tū
梍	zào
梎	yòu
梎	āo
梏	gù
梏	jué
梐	bì
梑	dí
梒	hán
梓	zǐ
梔	zhī
梕	rèn
梖	bèi
梗	gěng
梘	jiàn
梘	jiǎn
梘	xiàn
梙	huàn
梚	wǎn
梛	nuó
梜	jiā
條	tiáo
條	tiāo
梞	jì
梟	xiāo
梠	lǚ
梡	hún
梡	kuǎn
梢	shào
梢	shāo
梢	xiāo
梣	chén
梣	cén
梤	fén
梥	sōng
梦	mèng
梧	wù
梧	wú
梧	yǔ
梨	lí
梩	lí
梩	qǐ
梩	sì
梪	dòu
梫	qīn
梫	qǐn
梬	yǐng
梭	suō
梭	xùn
梮	jū
梯	tí
梯	tī
械	xiè
梱	hún
梱	kǔn
梲	zhuó
梳	shū
梴	chān
梵	fàn
梶	wěi
梷	jìng
梸	lí
梹	bīn
梹	bīng
梺	xià
梻	fó
梼	táo
梽	zhì
梾	lái
梿	lián
检	jiǎn
棁	ruì
棁	tuō
棁	zhuō
棂	líng
棃	lí
棄	qì
棅	bǐng
棆	lún
棇	cōng
棇	sōng
棈	qiàn
棉	mián
棊	qí
棋	jī
棋	qí
棌	cài
棍	gùn
棍	gǔn
棍	hùn
棍	āo
棎	chán
棏	dé
棏	zhé
棐	féi
棐	fěi
棑	bèi
棑	pái
棑	pèi
棒	bàng
棓	bàng
棓	bèi
棓	bēi
棓	péi
棓	pǒu
棔	hūn
棕	zōng
棖	cháng
棖	chéng
棗	zǎo
棘	jí
棙	liè
棙	lì
棚	péng
棛	yù
棜	yù
棝	gù
棞	jùn
棟	dòng
棠	táng
棡	gāng
棢	wǎng
棣	dài
棣	dì
棣	tì
棤	cuò
棥	fán
棦	chēng
棧	chén
棧	zhàn
棧	zhǎn
棨	qǐ
棩	yuān
棪	yàn
棪	yǎn
棫	yù
棬	juàn
棬	quán
棬	quān
棭	yì
森	sēn
棯	rěn
棯	shěn
棰	chuí
棰	duǒ
棱	chēng
棱	lèng
棱	léng
棱	líng
棱	lēng
棲	qī
棲	xī
棳	zhuō
棴	fú
棴	sù
棵	kuǎn
棵	kē
棵	kě
棶	lái
棷	sǒu
棷	zōu
棸	zōu
棹	zhuō
棹	zhào
棺	guàn
棺	guān
棻	fēn
棼	fèn
棼	fén
棼	fēn
棽	chēn
棽	shēn
棾	qíng
棿	niè
棿	ní
椀	wǎn
椁	guǒ
椂	lù
椃	háo
椄	jié
椄	jiē
椄	qiè
椅	yī
椅	yǐ
椆	chóu
椆	diāo
椆	zhòu
椇	jǔ
椈	jú
椉	chéng
椊	cuì
椊	zuó
椋	liáng
椌	kōng
椌	qiāng
植	zhí
椎	chuí
椎	zhuī
椏	yā
椏	ě
椐	jū
椑	bì
椑	bēi
椑	pái
椑	pí
椒	jiāo
椓	zhuó
椔	zī
椕	bīn
椖	péng
椗	dìng
椘	chǔ
椙	chāng
椚	mēn
椛	huā
検	jiǎn
椝	guī
椞	xì
椟	dú
椠	qiàn
椡	dào
椢	guì
椣	diǎn
椤	luó
椥	zhī
椦	quan
椧	mìng
椨	fǔ
椩	gēng
椪	pèng
椫	shàn
椬	yí
椭	tuǒ
椮	sēn
椯	chuán
椯	duǒ
椰	yē
椱	fù
椲	huī
椲	wěi
椳	wēi
椴	duàn
椵	jiā
椵	jiǎ
椶	zōng
椷	hán
椷	jiān
椸	yí
椹	shèn
椹	zhēn
椺	xí
椻	yà
椻	yàn
椼	yǎn
椽	chuán
椾	jiān
椾	zhàn
椿	chūn
楀	yǔ
楁	hé
楂	chá
楂	zhā
楃	wò
楄	pián
楅	bī
楆	yāo
楇	guō
楇	huò
楇	kuǎ
楈	xū
楉	ruò
楊	yáng
楋	là
楌	yán
楍	běn
楎	huī
楏	kuí
楐	jiè
楑	kuí
楒	sī
楓	fán
楓	fēng
楔	xiè
楔	xiē
楕	tuǒ
楖	jí
楖	zhì
楗	jiàn
楗	jiǎn
楘	mù
楙	mào
楚	chǔ
楛	hù
楛	kǔ
楜	hú
楝	liàn
楞	lèng
楞	léng
楟	tíng
楠	nán
楡	yú
楢	yóu
楢	yǒu
楣	méi
楣	měi
楤	cōng
楤	sǒng
楥	xuàn
楥	yuán
楦	xuàn
楧	yǎng
楨	zhēn
楩	pián
楪	dié
楪	yè
楫	jí
楬	jié
楬	qià
業	yè
楮	chǔ
楮	zhū
楯	chūn
楯	dùn
楯	shǔn
楰	yú
楱	cōu
楱	zòu
楲	wēi
楳	méi
楴	dǐ
楴	shì
楴	tì
極	jí
極	jǐ
楶	jié
楷	jiè
楷	kǎi
楸	qiū
楹	yíng
楺	ròu
楺	rǒu
楻	huáng
楼	lóu
楽	lè
楾	quán
楿	xiāng
榀	pǐn
榁	shǐ
概	guì
概	gài
概	jié
榃	tán
榄	lǎn
榅	wēn
榅	yùn
榆	yú
榇	chèn
榈	lǘ
榉	jǔ
榊	shén
榋	chu
榌	bī
榍	xiè
榎	jiǎ
榏	yì
榐	chǎn
榐	niàn
榐	zhèn
榐	zhǎn
榑	bó
榑	fù
榑	fú
榒	nuò
榓	mì
榔	láng
榔	lǎng
榕	róng
榖	gǔ
榗	jiàn
榗	jìn
榘	jǔ
榙	tā
榚	yǎo
榛	zhēn
榜	bàng
榜	bēng
榜	bǎng
榜	páng
榝	shā
榝	xiè
榞	yuán
榟	zǐ
榠	míng
榡	sù
榢	jià
榣	yáo
榤	jié
榥	huàng
榦	gàn
榦	hán
榧	fěi
榨	zhà
榩	qián
榪	mà
榪	mǎ
榫	sǔn
榬	yuán
榭	xiè
榮	róng
榯	shí
榰	zhī
榱	cuī
榲	wēn
榳	tíng
榴	liú
榵	róng
榶	táng
榷	què
榸	zhāi
榹	sī
榺	shèng
榻	tà
榼	kē
榽	xī
榾	gǔ
榿	qī
槀	gǎo
槀	kào
槁	gāo
槁	gǎo
槁	kào
槂	sūn
槃	pán
槄	tāo
槅	gé
槆	chūn
槇	diān
槇	zhēn
槇	zhěn
槈	nòu
槉	jí
槊	shuò
構	gòu
構	jué
槌	chuí
槌	duī
槌	zhuì
槍	chēng
槍	qiāng
槍	qiǎng
槎	chá
槏	lián
槏	qiǎn
槏	xiàn
槐	huái
槑	méi
槒	xù
槓	gàng
槔	gāo
槕	zhuō
槖	tuó
槗	qiáo
様	yàng
槙	diān
槚	jiǎ
槛	kǎn
槜	zuì
槝	dǎo
槞	lóng
槟	bīn
槠	zhū
槡	sāng
槢	dié
槢	xí
槣	guī
槣	jī
槤	lián
槤	liǎn
槥	huì
槦	yōng
槧	qiàn
槨	guǒ
槩	gài
槪	gài
槫	quán
槫	shuàn
槫	tuán
槬	huà
槭	cù
槭	qì
槭	qī
槭	sè
槭	zú
槮	shěn
槮	sēn
槯	cuī
槯	zuǐ
槰	péng
槱	chǎo
槱	yǒu
槲	hú
槳	jiāng
槳	jiǎng
槴	hù
槵	huàn
槶	guì
槷	niè
槷	xiè
槷	yì
槸	yì
槹	gāo
槺	kāng
槻	guī
槼	guī
槽	cáo
槽	zāo
槾	màn
槾	mán
槾	wàn
槿	jǐn
槿	qín
樀	dí
樀	zhé
樀	zhí
樁	chōng
樁	zhuāng
樂	liáo
樂	luò
樂	lè
樂	yuè
樂	yào
樃	lǎng
樄	chén
樅	cōng
樅	zōng
樆	chī
樆	lí
樇	xiū
樈	qíng
樉	shuǎng
樊	fàn
樊	fán
樋	tōng
樌	guàn
樍	zé
樎	sù
樏	léi
樏	lěi
樐	lǔ
樑	liáng
樒	mì
樓	lóu
樓	lǘ
樔	cháo
樔	chāo
樔	jiǎo
樕	sù
樖	kē
樗	chū
樘	chēng
樘	táng
標	biào
標	biāo
樚	dú
樚	lù
樛	jiū
樛	liáo
樜	zhè
樝	zhā
樞	shū
樞	ōu
樟	zhāng
樠	lǎng
樠	mán
模	mó
模	mú
樢	mù
樢	niǎo
樣	xiàng
樣	yàng
樤	tiáo
樥	péng
樦	zhù
樧	shā
樨	xī
権	quán
横	guàng
横	guāng
横	huàng
横	huáng
横	hèng
横	héng
樫	jiān
樬	cōng
樭	jī
樮	yān
樯	qiáng
樰	xuě
樱	yīng
樲	zhì
樲	èr
樳	xún
樴	yì
樴	zhí
樵	qiáo
樶	zuī
樷	cóng
樸	pú
樸	pǔ
樹	shù
樺	huà
樻	kuì
樼	zhēn
樽	zūn
樾	yuè
樿	shàn
橀	xī
橁	chūn
橂	diàn
橃	fá
橃	fèi
橄	gǎn
橅	mó
橆	wú
橆	wǔ
橇	qiāo
橈	náo
橈	ráo
橉	lìn
橊	liú
橋	jiào
橋	jiāo
橋	jiǎo
橋	qiáo
橋	qiāo
橌	xiàn
橍	rùn
橎	fán
橏	jiǎn
橏	zhǎn
橐	dù
橐	luò
橐	tuó
橑	liáo
橑	lǎo
橒	yún
橓	shùn
橔	dūn
橔	tuí
橕	chēng
橖	chēng
橖	táng
橗	méng
橘	jú
橙	chéng
橙	dèng
橚	qiū
橚	sù
橚	xiāo
橛	jué
橜	jué
橝	diàn
橝	tán
橝	xín
橞	huì
機	jī
橠	nuó
橠	nuǒ
橡	xiàng
橢	duǒ
橢	tuǒ
橣	nǐng
橤	ruǐ
橥	zhū
橦	chuáng
橦	chōng
橦	tóng
橦	zhōng
橧	céng
橧	zēng
橨	fèi
橨	fèn
橨	fén
橩	qióng
橪	rǎn
橪	yān
橫	héng
橬	qián
橬	qín
橭	gū
橮	liǔ
橯	lào
橰	gāo
橱	chú
橲	xǐ
橳	shèng
橴	zǐ
橵	san
橶	jí
橷	dōu
橸	jīng
橹	lǔ
橺	jian
橻	chu
橼	yuán
橽	tà
橾	qiāo
橾	shū
橾	sāo
橿	jiāng
檀	shàn
檀	tán
檁	lǐn
檂	nóng
檃	yǐn
檄	xí
檅	huì
檆	shān
檇	zuì
檈	xuán
檉	chēng
檊	gàn
檋	jú
檌	zuì
檍	yì
檎	qín
檏	pǔ
檐	dān
檐	yán
檑	lèi
檑	léi
檒	fēng
檓	huǐ
檔	dàng
檔	dāng
檕	jì
檖	suì
檗	bì
檗	bò
檘	bò
檘	píng
檙	chéng
檚	chǔ
檛	zhuā
檜	guì
檜	huì
檜	kuài
檝	jí
檞	jiě
檞	xiè
檟	jiǎ
檠	jìng
檠	qíng
檡	shì
檡	tú
檡	zhái
檢	jiǎn
檣	qiáng
檤	dào
檥	yǐ
檦	biǎo
檧	sōng
檨	shē
檩	lǐn
檪	lì
檫	chá
檫	sà
檬	méng
檭	yín
檮	chóu
檮	dào
檮	táo
檯	tái
檰	mián
檱	qí
檲	tuán
檳	bīn
檳	bīng
檴	huà
檴	huò
檵	jì
檶	qiān
檷	mí
檷	nǐ
檸	níng
檹	yī
檺	gǎo
檻	jiàn
檻	kǎn
檼	yìn
檽	nòu
檽	ruǎn
檽	rú
檾	qǐng
檿	yǎn
櫀	qí
櫁	mì
櫂	dí
櫂	zhào
櫃	guì
櫄	chūn
櫅	jì
櫅	jī
櫆	kuí
櫇	pó
櫈	dèng
櫉	chú
櫊	gé
櫋	mián
櫌	yōu
櫍	zhì
櫎	guàng
櫎	guǒ
櫎	gǔ
櫎	huǎng
櫏	qiān
櫐	lěi
櫑	léi
櫑	lěi
櫒	sà
櫓	lǔ
櫔	lì
櫕	cuán
櫖	chū
櫖	lǜ
櫗	miè
櫗	mèi
櫘	huì
櫙	ōu
櫚	lǘ
櫛	zhì
櫜	gāo
櫝	dú
櫞	yuán
櫟	luò
櫟	lì
櫟	yuè
櫠	fèi
櫡	zhuó
櫡	zhù
櫢	sǒu
櫣	lián
櫤	jiàng
櫥	chú
櫦	qìng
櫧	zhū
櫨	lú
櫨	lǘ
櫩	yán
櫩	yǎn
櫪	lì
櫫	zhū
櫬	chèn
櫬	guàn
櫬	qìn
櫭	jié
櫭	jì
櫮	è
櫯	sū
櫰	guī
櫰	huái
櫱	niè
櫲	yù
櫳	lóng
櫴	lài
櫵	jiao
櫶	xiǎn
櫷	guī
櫸	jǔ
櫹	qiū
櫹	xiāo
櫹	xiū
櫺	líng
櫻	yīng
櫼	jiān
櫼	shān
櫽	yǐn
櫾	yòu
櫾	yóu
櫿	yíng
欀	ràng
欀	xiāng
欁	nóng
欂	bó
欃	chán
欃	zhàn
欄	liàn
欄	lán
欅	jǔ
欆	shuāng
欇	shè
欈	wéi
欈	zuì
欉	cóng
權	guàn
權	quán
欋	qú
欌	cáng
欍	jiù
欎	yù
欏	luó
欏	luǒ
欐	lì
欐	lǐ
欑	cuán
欑	zuàn
欒	luán
欓	dǎng
欓	tǎng
欔	jué
欕	yán
欖	lǎn
欗	lán
欘	zhú
欙	luǒ
欙	léi
欚	lǐ
欛	bà
欜	náng
欝	yù
欞	líng
欟	guang
欠	qiàn
次	cì
次	cí
次	zī
欢	huān
欣	xīn
欤	yú
欥	huān
欥	yì
欥	yù
欦	hān
欦	qián
欦	qiān
欦	xiān
欧	ōu
欨	xū
欩	chāo
欪	chù
欪	qù
欪	xì
欫	qì
欬	kài
欬	ài
欭	yì
欭	yīn
欮	jué
欯	kài
欯	xì
欰	xù
欱	hē
欱	xiá
欲	yù
欳	kuì
欴	láng
欵	kuǎn
欶	shuò
欶	sòu
欷	xī
欸	xiè
欸	èi
欸	éi
欸	ê̄
欸	ê̌
欸	āi
欸	ěi
欸	ǎi
欸	ế
欸	ề
欹	qī
欺	qī
欻	chuā
欻	hū
欻	xū
欼	chuài
欼	chǐ
欽	qìn
欽	qīn
欽	yín
款	kuǎn
款	xīn
欿	dàn
欿	kǎn
欿	qiàn
歀	kuǎn
歁	kè
歁	kǎn
歁	qiǎn
歂	chuán
歂	chuǎn
歃	shà
歃	xiá
歄	guā
歅	yīn
歆	xīn
歇	xiē
歇	yà
歈	yú
歉	qiàn
歊	xiāo
歋	yè
歌	gē
歍	wū
歍	yāng
歎	tàn
歏	jìn
歏	qūn
歐	ōu
歐	ǒu
歑	hū
歒	tì
歒	xiāo
歓	huān
歔	xū
歕	pēn
歖	xǐ
歖	yǐ
歗	xiào
歘	chuā
歙	shè
歙	xié
歙	xī
歚	shàn
歛	hān
歛	liǎn
歜	chù
歝	yì
歞	è
歟	yú
歠	chuò
歡	huān
止	zhǐ
正	zhèng
正	zhēng
此	cǐ
步	bù
武	wǔ
歧	qí
歨	bù
歩	bù
歪	wāi
歪	wǎi
歫	jù
歬	qián
歭	chí
歭	zhì
歮	sè
歯	chǐ
歰	shà
歰	sè
歱	zhǒng
歲	suì
歲	suò
歳	suì
歴	lì
歵	zé
歶	yú
歷	lì
歸	guī
歸	kuì
歸	kuí
歹	dāi
歹	dǎi
歹	è
歺	è
死	sǐ
歼	jiān
歽	zhé
歾	mò
歾	wěn
歿	mò
殀	yāo
殁	mò
殁	wěn
殂	cú
殃	yāng
殄	tiǎn
殅	shēng
殆	dài
殇	shāng
殈	xù
殉	xùn
殊	shū
残	cán
殌	jué
殍	bì
殍	piǎo
殎	qià
殏	qiú
殐	sù
殑	jìng
殑	jīng
殑	qíng
殒	yǔn
殓	liàn
殔	yì
殕	bó
殕	fǒu
殕	yè
殖	shì
殖	zhí
殗	yàn
殗	yè
殗	yān
殘	cán
殙	hūn
殙	mèn
殚	dān
殛	jí
殜	dié
殝	zhēn
殞	yǔn
殟	wēn
殠	chòu
殡	bìn
殢	tì
殣	jìn
殤	shāng
殥	yín
殦	diāo
殧	jiù
殨	huì
殨	kuì
殩	cuàn
殪	yì
殫	dān
殬	dù
殭	jiāng
殮	liàn
殯	bìn
殰	dú
殱	jiān
殲	jiān
殳	shū
殴	ōu
段	duàn
殶	zhù
殷	yān
殷	yīn
殷	yǐn
殸	kēng
殸	qìng
殸	shēng
殹	yì
殺	shài
殺	shì
殺	shā
殺	sà
殺	xiè
殻	qiào
殼	ké
殼	qiào
殽	xiào
殽	xiáo
殽	yáo
殾	xùn
殿	diàn
毀	huǐ
毁	huì
毁	huǐ
毂	gǔ
毃	qiāo
毄	jī
毅	yì
毆	kōu
毆	qū
毆	ōu
毇	huǐ
毈	duàn
毉	yī
毊	xiāo
毋	móu
毋	wú
毌	guàn
母	mú
母	mǔ
母	wú
母	wǔ
毎	měi
每	měi
毐	ǎi
毑	jiě
毒	dài
毒	dú
毓	yù
比	bì
比	bǐ
比	pí
比	pǐ
毕	bì
毖	bì
毗	pí
毘	pí
毙	bì
毚	chán
毛	mào
毛	máo
毜	háo
毝	cǎi
毞	pí
毟	liě
毠	jiā
毡	zhān
毢	sāi
毣	mào
毣	mù
毤	tuò
毥	xùn
毥	xún
毦	ěr
毧	róng
毨	xiǎn
毩	jú
毪	mú
毫	háo
毬	qiú
毭	dòu
毭	nuò
毮	shā
毯	tǎn
毰	péi
毱	jú
毲	duō
毳	cuì
毳	qiāo
毳	xiā
毴	bī
毵	sān
毶	sān
毷	mào
毸	suī
毸	sāi
毹	shū
毹	yú
毺	shū
毻	tuò
毼	dā
毼	hé
毼	kě
毽	jiàn
毾	tà
毿	sān
氀	dōu
氀	lǘ
氀	shū
氀	yú
氁	mú
氂	lí
氂	máo
氃	tóng
氄	róng
氄	rǒng
氅	chǎng
氆	pǔ
氇	lu
氈	zhān
氉	sào
氊	zhān
氋	méng
氌	lǔ
氍	qú
氎	dié
氏	jīng
氏	shì
氏	zhī
氐	dī
氐	dǐ
氐	zhī
民	mín
氒	jué
氓	máng
氓	méng
气	qì
气	qǐ
氕	piē
氖	nǎi
気	qì
氘	dāo
氙	xiān
氚	chuān
氛	fēn
氜	rì
氜	yáng
氝	nèi
氞	bin
氟	fú
氠	shēn
氡	dōng
氢	qīng
氣	qì
氣	xì
氤	yán
氤	yīn
氥	xī
氦	hài
氧	yǎng
氨	ān
氩	yà
氪	kè
氫	qīng
氬	yà
氭	dōng
氮	dàn
氯	lǜ
氰	qíng
氱	yǎng
氲	yún
氲	yūn
氳	yūn
水	shuǐ
氵	shui
氶	chéng
氶	zhèng
氶	zhěng
氷	bīng
永	yǒng
氹	dàng
氺	shuǐ
氻	lè
氼	mèi
氼	nì
氽	qiú
氽	tǔn
氾	fàn
氾	fán
氿	guǐ
氿	jiǔ
氿	qiú
汀	dìng
汀	tìng
汀	tīng
汁	shí
汁	xié
汁	zhī
求	qiú
汃	bīn
汃	pà
汃	pā
汄	zè
汅	miǎn
汆	cuān
汇	huì
汈	diāo
汉	hàn
汊	chà
汋	què
汋	shuò
汋	yuè
汋	zhuó
汌	chuàn
汍	huán
汍	wán
汎	fàn
汎	fá
汏	dà
汏	tài
汐	xī
汑	tuō
汒	máng
汒	mǎng
汓	qiú
汓	yóu
汔	qì
汕	shuàn
汕	shàn
汖	chí
汖	pìn
汗	gān
汗	hàn
汗	hán
汘	qiān
汙	wā
汙	wū
汙	yú
汙	yū
汚	wū
汛	xùn
汜	sì
汝	rǔ
汞	gǒng
江	jiāng
池	chè
池	chí
池	tuó
污	wū
汢	tu
汣	jiǔ
汤	tāng
汥	jì
汥	zhī
汦	zhǐ
汧	qiān
汧	yán
汨	mì
汩	gǔ
汩	hú
汩	yù
汪	hóng
汪	wāng
汪	wǎng
汫	jǐng
汬	jǐng
汭	ruì
汭	tūn
汮	jūn
汯	hóng
汰	tài
汱	fú
汱	quǎn
汲	jí
汳	biàn
汴	biàn
汵	cén
汵	gàn
汵	hán
汶	mén
汶	mín
汶	wèn
汶	wén
汷	zhōng
汸	fāng
汸	pāng
汹	xiōng
決	jué
決	quē
決	xuè
汻	huǎng
汻	hǔ
汼	niú
汼	yóu
汽	gài
汽	qì
汽	yǐ
汾	fén
汾	fēn
汾	pén
汿	xù
沀	xù
沁	qìn
沂	yí
沂	yín
沃	wò
沄	yún
沅	yuán
沆	hàng
沆	háng
沆	kàng
沇	wěi
沇	yǎn
沈	chén
沈	shěn
沈	tán
沉	chén
沊	dàn
沋	yóu
沌	chún
沌	dùn
沌	tún
沌	zhuàn
沍	hù
沍	hú
沎	huò
沏	qiè
沏	qī
沐	mù
沑	niǔ
沑	nǜ
沒	méi
沓	dá
沓	tà
沔	miǎn
沕	fū
沕	mì
沕	wù
沖	chōng
沗	pāng
沗	tiān
沘	bǐ
沙	shà
沙	shā
沙	suō
沚	zhǐ
沛	pèi
沜	pàn
沝	zhuǐ
沝	zǐ
沞	zā
沟	gōu
沠	liú
没	me
没	méi
没	mò
沢	zé
沣	fēng
沤	òu
沥	lì
沦	lún
沧	cāng
沨	fēng
沩	wéi
沪	hù
沫	mò
沬	huì
沬	mèi
沭	shù
沮	jiān
沮	jù
沮	jū
沮	jǔ
沮	zǔ
沯	zá
沰	duó
沰	tuō
沱	chí
沱	duò
沱	tuó
沲	tuó
河	hé
沴	lì
沴	zhěn
沵	mǐ
沶	chí
沶	shì
沶	yí
沷	fā
沸	fèi
沸	fú
油	yòu
油	yóu
沺	tián
治	chí
治	zhì
沼	zhǎo
沽	gū
沽	gǔ
沾	chān
沾	diàn
沾	tiān
沾	zhān
沿	yán
沿	yǎn
泀	sī
況	kuàng
泂	jiōng
泂	jiǒng
泂	yíng
泂	yǐng
泃	gōu
泃	jū
泄	xiè
泄	yì
泅	qiú
泅	yōu
泆	dié
泆	yì
泇	jiā
泈	zhōng
泉	quán
泊	bó
泊	pò
泊	pō
泋	huì
泋	huǐ
泌	bì
泌	mì
泍	bèn
泍	bēn
泎	zé
泏	kū
泏	zhú
泐	lè
泑	yōu
泑	āo
泒	gū
泓	hóng
泔	gān
泔	hàn
法	fǎ
泖	liǔ
泖	mǎo
泗	sì
泘	hū
泙	píng
泙	pēng
泚	cǐ
泚	zǐ
泛	fàn
泛	fá
泛	fěng
泜	chí
泜	zhì
泜	zhī
泝	sù
泞	nìng
泞	zhù
泟	chēng
泠	líng
泠	lǐng
泡	pào
泡	páo
泡	pāo
波	bì
波	bēi
波	bō
泣	lì
泣	qì
泣	sè
泤	sì
泥	niè
泥	nì
泥	nìng
泥	ní
泥	nǐ
泦	jú
泧	sà
泧	xuè
注	zhòu
注	zhù
泩	shēng
泪	lèi
泫	juān
泫	xuàn
泫	xuán
泬	jué
泬	xuè
泭	fú
泮	pàn
泯	miàn
泯	mǐn
泰	tài
泱	yāng
泲	jǐ
泳	yǒng
泴	guàn
泵	bèng
泵	liú
泵	pìn
泶	xué
泷	lóng
泸	lú
泹	dàn
泺	luò
泻	xiè
泼	pō
泽	zé
泾	jīng
泿	yín
洀	pán
洀	zhōu
洁	jié
洁	jí
洂	yè
洃	huī
洄	huì
洄	huí
洅	zài
洆	chéng
洇	yān
洇	yē
洇	yīn
洈	wéi
洉	hòu
洊	cún
洊	jiàn
洋	xiáng
洋	yáng
洋	yǎng
洌	liè
洍	sì
洎	jì
洏	ér
洐	xíng
洑	fù
洑	fú
洒	cuǐ
洒	sěn
洒	sǎ
洒	xiǎn
洒	xùn
洒	xǐ
洓	qì
洓	suǒ
洓	sè
洓	zì
洔	zhǐ
洕	yìn
洖	wú
洗	xiǎn
洗	xǐ
洘	kào
洘	kǎo
洙	zhū
洚	hóng
洚	jiàng
洛	luò
洜	luò
洝	yàn
洝	àn
洝	è
洞	dòng
洞	tóng
洟	tì
洠	móu
洡	lèi
洡	lěi
洢	yī
洣	mǐ
洤	quán
津	jīn
洦	pò
洧	wěi
洨	xiáo
洩	xiè
洩	yì
洪	hóng
洫	xù
洫	yì
洬	shuò
洬	sù
洭	kuāng
洮	dào
洮	táo
洮	yáo
洯	jié
洯	qiè
洰	jù
洱	ěr
洲	zhōu
洳	rù
洳	rú
洴	píng
洴	pēng
洵	xuàn
洵	xún
洶	xiōng
洷	zhì
洸	guāng
洸	huàng
洹	huán
洺	míng
活	guō
活	huó
洼	guī
洼	wā
洽	hé
洽	qià
派	bài
派	mài
派	pài
派	pā
洿	hù
洿	wū
浀	qū
流	liú
浂	yì
浃	jiā
浄	jìng
浅	qiǎn
浆	jiāng
浇	jiāo
浈	zhēn
浉	shī
浊	zhuó
测	cè
浌	fá
浍	huì
济	jì
浏	liú
浐	chǎn
浑	hún
浒	hǔ
浓	nóng
浔	xún
浕	jìn
浖	liè
浗	qiú
浘	wěi
浙	zhè
浚	cún
浚	jùn
浚	xùn
浛	gān
浛	hàn
浛	hán
浜	bāng
浜	bīn
浝	máng
浞	zhuó
浟	dí
浟	yóu
浠	xī
浡	bó
浢	dòu
浣	huàn
浤	hóng
浥	yà
浥	yì
浦	pǔ
浧	chéng
浧	yìng
浧	yíng
浧	yǐng
浧	zhèng
浨	lǎn
浩	gé
浩	gǎo
浩	hào
浪	làng
浪	láng
浫	hǎn
浬	lǐ
浭	gēng
浮	fú
浯	wú
浰	liàn
浱	chún
浲	féng
浲	hóng
浳	yì
浴	yù
浵	tóng
浶	láo
海	hǎi
浸	jìn
浸	qīn
浹	jiā
浹	xiá
浺	chōng
浻	jiōng
浻	jiǒng
浼	měi
浽	něi
浽	suī
浾	chēng
浿	pèi
涀	jiǎn
涀	xiàn
涁	shèn
涂	chú
涂	tú
涂	yé
涃	kùn
涄	pīng
涅	niè
涆	hàn
涇	jīng
涇	qǐng
消	xiāo
涉	dié
涉	shè
涊	niǎn
涊	rěn
涋	tū
涌	chōng
涌	yǒng
涍	xiào
涎	diàn
涎	xián
涎	yàn
涏	tǐng
涐	é
涑	shù
涑	sù
涑	sōu
涒	tūn
涒	yūn
涓	juān
涓	xuàn
涓	yuàn
涔	cén
涔	qián
涔	zàn
涕	tì
涖	lì
涗	shuì
涘	sì
涙	lèi
涚	shuì
涛	tāo
涜	dú
涝	lào
涞	lái
涟	lián
涠	wéi
涡	wō
涢	yún
涣	huàn
涣	huì
涤	dí
涥	hēng
润	rùn
涧	jiàn
涨	zhǎng
涩	sè
涪	fú
涪	póu
涫	guàn
涬	xìng
涭	shòu
涭	tāo
涮	shuàn
涮	shuā
涯	yá
涰	chuò
涱	zhàng
液	shì
液	yè
涳	kōng
涳	náng
涴	wò
涴	wǎn
涴	yuān
涵	hàn
涵	hán
涶	tuò
涶	tuō
涷	dōng
涸	hé
涹	wō
涺	jū
涻	shè
涼	liàng
涼	liáng
涽	hùn
涽	hūn
涾	tà
涿	zhuó
涿	zhuō
淀	diàn
淁	jí
淁	qiè
淂	dé
淃	juàn
淄	zī
淅	xī
淆	xiáo
淇	qí
淈	gǔ
淈	hù
淉	guàn
淉	guǒ
淊	hàn
淊	hán
淊	yān
淊	yǎn
淋	lìn
淋	lín
淌	chàng
淌	chǎng
淌	tǎng
淍	diāo
淍	zhōu
淎	pěng
淏	hào
淐	chāng
淑	chù
淑	shū
淒	qiàn
淒	qī
淓	fāng
淔	zhí
淕	lù
淖	chuò
淖	nào
淖	zhuō
淖	zhào
淗	jú
淘	táo
淙	cóng
淙	shuàng
淚	lèi
淚	lì
淛	zhè
淜	péng
淜	píng
淝	féi
淞	sōng
淟	tiǎn
淠	pèi
淠	pì
淡	dàn
淡	tán
淡	yàn
淢	xù
淢	yù
淣	ní
淤	yū
淥	lù
淦	gàn
淦	hán
淧	mì
淨	chéng
淨	jìng
淩	líng
淪	guān
淪	lún
淪	lǔn
淫	yàn
淫	yáo
淫	yín
淬	cuì
淬	zú
淭	qú
淮	huái
淯	yù
淰	niǎn
淰	nà
淰	shěn
深	shēn
淲	biāo
淲	hū
淲	hǔ
淳	chún
淳	zhūn
淳	zhǔn
淴	hū
淵	yuān
淶	lái
混	gǔn
混	hùn
混	hún
混	kūn
淸	qīng
淹	yān
淹	yǎn
淺	cán
淺	jiàn
淺	jiān
淺	qiǎn
淺	zàn
添	tiàn
添	tiān
淼	miǎo
淽	zhǐ
淾	yǐn
淿	bó
渀	bèn
渀	bēn
渁	yuān
渂	mín
渂	wèn
渃	ruò
渃	rè
渄	fēi
清	qìng
清	qīng
渆	yuān
渇	kě
済	jì
渉	shè
渊	yuān
渋	sè
渌	lù
渍	zì
渎	dú
渏	yī
渐	jiàn
渑	miǎn
渒	pài
渓	xī
渔	yú
渕	yuān
渖	shěn
渗	shèn
渘	róu
渙	huàn
渚	zhǔ
減	jiǎn
渜	nuán
渜	nuǎn
渝	yú
渝	yū
渞	qiú
渞	wù
渟	tíng
渟	tīng
渠	jù
渠	qú
渡	dù
渢	fán
渢	féng
渣	zhā
渤	bó
渥	wò
渥	wū
渥	òu
渦	guō
渦	wō
渧	dì
渧	dī
渧	tí
渨	wēi
温	wēn
温	yùn
渪	rú
渫	dié
渫	qiè
渫	xiè
渫	yì
渫	zhá
測	cè
渭	wèi
渮	hé
港	gǎng
港	hòng
渰	yǎn
渱	gòng
渱	hóng
渲	xuàn
渳	mǐ
渴	hé
渴	jié
渴	kài
渴	kě
渵	máo
渶	yīng
渷	yǎn
游	liú
游	yóu
渹	hōng
渹	qìng
渺	miǎo
渻	shěng
渼	měi
渽	zāi
渾	gǔn
渾	hùn
渾	hún
渿	nài
湀	guǐ
湁	chì
湂	è
湃	bá
湃	pài
湄	méi
湅	liàn
湅	làn
湆	qì
湇	qì
湈	méi
湉	tián
湊	còu
湋	wéi
湌	cān
湍	tuān
湍	zhuān
湎	miǎn
湏	huì
湏	mǐn
湐	mò
湑	xù
湑	xū
湑	xǔ
湒	jí
湓	pèn
湓	pén
湔	jiàn
湔	jiān
湔	qián
湔	zhǎn
湔	zàn
湕	jiǎn
湖	hú
湗	fèng
湘	xiāng
湙	yì
湚	yìn
湛	chén
湛	chěn
湛	dān
湛	jìn
湛	shèn
湛	tán
湛	yín
湛	yǐn
湛	zhàn
湜	shí
湝	jiē
湝	xié
湞	chēng
湞	zhēn
湟	huáng
湟	kuàng
湠	tàn
湡	yú
湢	bì
湣	hūn
湣	miàn
湣	mǐn
湤	shī
湥	tū
湦	shēng
湧	yǒng
湨	jú
湩	dòng
湩	dǒng
湩	tóng
湪	nuǎn
湪	tuàn
湫	jiù
湫	jiāo
湫	jiū
湫	jiǎo
湫	qiū
湬	jiǎo
湭	qiú
湮	yān
湮	yīn
湯	shāng
湯	tàng
湯	tāng
湯	yáng
湰	lóng
湱	huò
湲	yuán
湳	nǎn
湴	bàn
湴	pán
湵	yǒu
湶	quán
湷	hún
湷	zhuāng
湸	liàng
湹	chán
湺	xián
湻	chún
湼	niè
湽	zī
湾	wān
湿	shī
満	mǎn
溁	yíng
溂	là
溃	kuì
溄	féng
溅	jiàn
溆	xù
溇	lóu
溈	wéi
溉	gài
溉	xiè
溊	bō
溋	yíng
溌	pō
溍	jìn
溎	guì
溎	yàn
溏	táng
源	yuán
溑	suǒ
溒	yuán
溓	lián
溓	liǎn
溓	lín
溓	nián
溓	xiàn
溓	xián
溔	yǎo
溕	méng
準	zhuó
準	zhǔn
溗	chéng
溘	kài
溘	kè
溙	tài
溚	dá
溚	tǎ
溛	wā
溜	liù
溜	liú
溜	liū
溝	gōu
溝	gǎng
溝	kòu
溞	sāo
溟	mì
溟	míng
溟	mǐng
溠	zhà
溠	zhā
溡	shí
溢	yì
溣	lùn
溤	mǎ
溥	bó
溥	bù
溥	fū
溥	pò
溥	pǔ
溦	méi
溦	wēi
溧	lì
溨	zāi
溩	wù
溪	qī
溪	xī
溫	wēn
溬	qiāng
溭	zé
溮	shī
溯	shuò
溯	sù
溰	ái
溱	qín
溱	zhēn
溲	shāo
溲	sōu
溲	sǒu
溳	yún
溳	yǔn
溴	chòu
溴	xiù
溵	yīn
溶	róng
溷	hùn
溷	hún
溸	sù
溹	suò
溹	suǒ
溹	sè
溺	niào
溺	nì
溺	ruò
溻	tā
溼	shī
溽	rù
溽	rú
溾	āi
溿	pàn
滀	chù
滀	xù
滁	chú
滂	pāng
滂	pēng
滃	wēng
滃	wěng
滄	cāng
滅	miè
滆	gé
滇	diān
滇	tián
滇	zhēn
滈	hào
滈	xuè
滉	huàng
滊	qì
滊	xiē
滊	xì
滋	cí
滋	xuán
滋	zī
滌	dí
滍	zhì
滎	xíng
滎	yīng
滏	fǔ
滐	jié
滑	gǔ
滑	huá
滒	gē
滓	zǐ
滔	tāo
滕	téng
滖	suī
滗	bì
滘	jiào
滙	huì
滚	gǔn
滛	yín
滜	gāo
滝	lóng
滞	zhì
滟	yàn
滠	shè
满	mǎn
滢	yíng
滣	chún
滤	lǜ
滥	làn
滦	luán
滧	yáo
滨	bīn
滩	tān
滪	yù
滫	xiǔ
滬	hù
滭	bì
滮	biāo
滯	chì
滯	zhì
滰	jiàng
滱	kòu
滲	lín
滲	qīn
滲	shèn
滲	sēn
滳	shāng
滴	dī
滵	mì
滶	áo
滷	lǔ
滸	hǔ
滸	xǔ
滹	hū
滹	hǔ
滺	yōu
滻	chǎn
滼	fàn
滽	yōng
滾	gǔn
滿	mèn
滿	mǎn
漀	qīng
漀	qǐng
漁	yú
漂	biāo
漂	piào
漂	piāo
漂	piǎo
漃	jì
漄	yá
漅	cháo
漆	qiè
漆	qī
漇	xǐ
漈	jì
漉	lù
漊	lóu
漊	lǒu
漊	lǚ
漋	lóng
漌	jǐn
漍	guó
漎	cóng
漎	sǒng
漏	lòu
漏	lóu
漐	zhí
漑	gài
漒	qiáng
漓	lí
演	yàn
演	yǎn
漕	cào
漕	cáo
漖	jiào
漗	cōng
漘	chún
漙	tuán
漙	zhuān
漚	òu
漚	ōu
漛	téng
漜	yě
漝	xí
漞	mì
漟	táng
漠	mò
漡	shāng
漡	tàng
漢	hàn
漢	tān
漣	lián
漣	lán
漤	lǎn
漥	wā
漦	chí
漦	tāi
漧	gān
漨	běng
漨	féng
漨	péng
漩	xuán
漪	yī
漫	màn
漬	qì
漬	sè
漬	zì
漭	mǎng
漮	kāng
漯	luò
漯	lěi
漯	tà
漰	pēng
漱	shù
漲	zhàng
漲	zhāng
漲	zhǎng
漳	zhāng
漴	chuáng
漴	chóng
漴	zhuàng
漵	xù
漶	huàn
漷	huò
漷	huǒ
漷	kuò
漸	chán
漸	jiàn
漸	jiān
漸	qián
漹	yān
漺	chuǎng
漺	shuǎng
漻	liáo
漻	liú
漻	xiào
漼	cuī
漼	cuǐ
漽	tí
漾	yàng
漿	jiàng
漿	jiāng
潀	cóng
潁	yǐng
潂	hóng
潃	xiǔ
潄	shù
潅	guàn
潆	yíng
潇	xiāo
潈	zong
潉	kūn
潊	xù
潋	liàn
潌	zhì
潍	wéi
潎	piào
潎	piē
潎	pì
潏	jué
潏	shù
潏	yù
潐	jiào
潐	jiǎo
潐	qiáo
潑	bō
潑	pō
潒	dàng
潒	xiàng
潒	yǎng
潓	huì
潔	jié
潕	wǔ
潖	pá
潗	jí
潘	bō
潘	fān
潘	pàn
潘	pán
潘	pān
潙	guī
潙	wéi
潚	sù
潚	sōu
潚	xiāo
潛	qián
潜	qián
潝	xī
潝	yà
潞	lù
潟	xì
潠	sùn
潠	xùn
潡	dùn
潢	guāng
潢	huàng
潢	huáng
潣	mǐn
潤	rùn
潥	sù
潦	liáo
潦	liǎo
潦	lào
潦	láo
潦	lǎo
潧	zhēn
潨	cóng
潨	zōng
潩	yì
潪	zhè
潪	zhì
潫	wān
潬	shàn
潬	tān
潭	dàn
潭	tán
潭	xún
潭	yǐn
潮	cháo
潯	xún
潯	yín
潰	kuì
潰	xiè
潱	yē
潲	shào
潳	tú
潳	zhā
潴	zhū
潵	sàn
潵	sǎ
潶	hēi
潷	bì
潸	shān
潹	chán
潺	chán
潻	shǔ
潼	chōng
潼	tóng
潼	zhōng
潽	pū
潽	pǔ
潾	lín
潿	wéi
澀	sè
澁	sè
澂	chéng
澃	jiǒng
澄	chéng
澄	dèng
澅	huà
澆	jiāo
澆	nào
澆	ào
澇	lào
澇	láo
澈	chè
澉	gǎn
澉	hàn
澊	cún
澊	cūn
澋	hòng
澌	sī
澍	shù
澍	zhù
澎	péng
澎	pēng
澏	hán
澐	yún
澑	liù
澒	hòng
澓	fú
澔	hào
澕	hé
澖	xián
澗	jiàn
澘	shān
澙	xì
澚	yu
澛	lǔ
澜	lán
澝	nìng
澞	yú
澟	lǐn
澠	miǎn
澠	shéng
澡	cāo
澡	zǎo
澢	dāng
澣	huàn
澣	hàn
澤	duó
澤	shì
澤	yì
澤	zé
澥	xiè
澦	yù
澧	lǐ
澨	cuó
澨	shì
澩	xiào
澩	xué
澪	líng
澫	màn
澫	wàn
澫	ǒu
澬	cí
澬	zī
澭	yōng
澭	yǒng
澮	huá
澮	huì
澮	kuài
澯	càn
澰	liàn
澱	diàn
澲	yè
澳	yù
澳	ào
澴	huán
澴	xuàn
澵	zhēn
澶	chán
澶	dàn
澶	zhān
澷	màn
澸	dǎn
澹	dàn
澹	dān
澹	shàn
澹	tán
澺	yì
澻	suì
澼	pì
澽	jù
澾	tà
澿	qín
激	jiào
激	jiāo
激	jī
濁	zhuó
濂	lián
濂	xiǎn
濃	nóng
濄	guō
濄	wō
濅	jìn
濆	fén
濆	pēn
濇	sè
濈	jí
濈	shà
濉	suī
濊	huì
濊	huò
濊	wèi
濋	chǔ
濌	tà
濍	sōng
濎	dǐng
濎	tìng
濏	sè
濐	zhǔ
濑	lài
濒	bīn
濓	lián
濔	mí
濔	mǐ
濔	nǐ
濕	shī
濕	tà
濕	xí
濖	shù
濗	mì
濘	nì
濘	nìng
濘	níng
濙	yíng
濚	yíng
濛	méng
濜	jìn
濜	jīn
濝	qí
濞	bì
濞	pì
濟	jì
濟	jǐ
濟	qí
濠	háo
濡	nuán
濡	nuò
濡	ruǎn
濡	rú
濡	ér
濢	cuì
濢	zuǐ
濣	wò
濤	cháo
濤	dào
濤	shòu
濤	tāo
濥	yǐn
濦	yǐn
濧	duì
濨	cí
濩	huò
濩	hù
濪	qìng
濫	jiàn
濫	làn
濫	lán
濫	lǎn
濬	jùn
濬	xùn
濭	kài
濭	kè
濭	ǎi
濮	pú
濯	shuò
濯	zhuó
濯	zhào
濰	wéi
濱	bīn
濲	gǔ
濳	qián
濴	yíng
濵	bīn
濶	kuò
濷	fèi
濸	cāng
濹	me
濺	jiàn
濺	jiān
濺	zàn
濻	wěi
濼	luò
濼	lì
濼	pō
濽	zàn
濾	lǜ
濿	lì
瀀	yōu
瀁	yàng
瀁	yǎng
瀂	lǔ
瀃	sì
瀄	zhì
瀅	jiōng
瀅	yìng
瀅	yíng
瀆	dòu
瀆	dú
瀇	wāng
瀇	wǎng
瀈	huī
瀉	xiè
瀊	pán
瀋	chèn
瀋	pán
瀋	shěn
瀌	biāo
瀍	chán
瀎	miè
瀎	mò
瀏	liú
瀏	liū
瀐	jiān
瀑	bào
瀑	bó
瀑	pù
瀒	sè
瀓	chéng
瀔	gǔ
瀕	bīn
瀖	huò
瀗	xiàn
瀘	lú
瀙	qìn
瀚	hàn
瀛	yíng
瀜	róng
瀝	lì
瀞	jìng
瀟	xiāo
瀠	yíng
瀡	suǐ
瀢	duì
瀢	wěi
瀣	xiè
瀤	huái
瀤	wāi
瀥	xuè
瀦	zhū
瀧	lóng
瀧	shuāng
瀨	lài
瀩	duì
瀪	fán
瀫	hú
瀬	lài
瀭	shū
瀮	ling
瀯	yíng
瀰	mí
瀰	mǐ
瀰	nǐ
瀱	jì
瀲	liàn
瀳	jiàn
瀳	zùn
瀴	yìng
瀴	yíng
瀴	yǐng
瀵	fèn
瀶	lín
瀷	yì
瀸	jiān
瀹	yuè
瀹	yào
瀺	chán
瀻	dài
瀼	nǎng
瀼	ràng
瀼	ráng
瀽	jiǎn
瀾	lán
瀿	fán
灀	shuàng
灁	yuān
灂	jiào
灂	zhuó
灂	zé
灃	fēng
灄	nì
灄	shè
灅	lěi
灆	lán
灇	cóng
灈	qú
灉	yōng
灊	qián
灋	fǎ
灌	guàn
灌	huàn
灍	jué
灎	yàn
灏	hào
灐	yíng
灑	lí
灑	shī
灑	sǎ
灑	xiǎn
灑	xǐ
灒	cuán
灒	qián
灒	zàn
灒	zā
灓	luàn
灓	luán
灔	yàn
灕	lí
灖	mǐ
灗	shàn
灘	hàn
灘	nàn
灘	tān
灙	dǎng
灚	jiǎo
灛	chǎn
灜	yíng
灝	hào
灞	bà
灟	zhú
灠	làn
灠	lǎn
灡	lán
灢	nǎng
灣	wān
灤	luán
灥	quàn
灥	quán
灥	xún
灦	xiǎn
灧	yàn
灨	gàn
灩	yàn
灪	yù
火	huō
火	huǒ
灬	biāo
灬	huǒ
灭	miè
灮	guāng
灯	dēng
灯	dīng
灰	huī
灱	xiāo
灲	xiāo
灳	huī
灴	hōng
灵	líng
灶	zào
灷	zhuàn
灸	jiǔ
灹	yù
灹	zhà
灺	xiè
灻	chì
灼	zhuó
災	zāi
灾	zāi
灿	càn
炀	yáng
炁	qì
炂	zhōng
炃	bèn
炃	fén
炄	niǔ
炅	guì
炅	jiǒng
炆	wén
炇	pū
炈	yì
炉	lú
炊	chuī
炋	pī
炌	kài
炍	pàn
炎	tán
炎	yàn
炎	yán
炏	kài
炏	yán
炐	fēng
炐	pàng
炑	mù
炒	chǎo
炓	liào
炔	guì
炔	quē
炔	xuè
炕	hāng
炕	kàng
炖	dùn
炖	tún
炗	guāng
炘	xīn
炙	zhì
炚	guāng
炛	guāng
炜	wěi
炝	qiàng
炞	bian
炟	dá
炠	xiá
炡	zhēng
炢	zhú
炣	kě
炤	zhào
炤	zhāo
炤	zhǎo
炥	fú
炦	bá
炧	xiè
炨	xiè
炩	lìng
炪	chù
炪	zhuō
炫	xuàn
炬	jù
炭	tàn
炮	bāo
炮	pào
炮	páo
炯	jiǒng
炰	fǒu
炰	páo
炱	tái
炲	tái
炳	bǐng
炴	yǎng
炵	tōng
炶	shǎn
炷	zhù
炸	zhà
炸	zhá
点	diǎn
為	wèi
炻	shí
炼	liàn
炽	chì
炾	huǎng
炿	zhōu
烀	hū
烁	shuò
烂	làn
烃	tīng
烄	jiǎo
烄	yào
烅	xù
烆	héng
烇	quǎn
烈	liè
烉	huàn
烊	yàng
烊	yáng
烋	xiāo
烋	xiū
烌	xiū
烍	xiǎn
烎	yín
烏	wù
烏	wū
烏	yā
烐	zhōu
烑	yáo
烒	shì
烓	wēi
烔	dòng
烔	tóng
烕	miè
烖	zāi
烗	kài
烘	hōng
烙	luò
烙	lào
烚	xiá
烛	chóng
烛	zhú
烜	huǐ
烜	xuān
烜	xuǎn
烝	zhēng
烞	pò
烟	yān
烟	yīn
烠	huí
烠	huǐ
烠	ǎi
烡	guāng
烢	chè
烣	huī
烤	kǎo
烥	jù
烦	fán
烧	shāo
烨	yè
烩	huì
烫	tàng
烬	jìn
热	rè
烮	liè
烯	xī
烰	fú
烰	fū
烱	jiǒng
烲	chè
烲	xiè
烳	pǔ
烴	jǐng
烴	tīng
烵	zhuó
烶	tǐng
烷	wán
烸	hǎi
烹	pēng
烺	lǎng
烻	shān
烻	yàn
烼	xù
烽	fēng
烾	chì
烿	róng
焀	hú
焁	xī
焂	shū
焃	huò
焃	hè
焄	hūn
焄	xūn
焅	kào
焅	kù
焆	juān
焆	yuè
焆	yuān
焆	yè
焇	xiāo
焈	xī
焉	yí
焉	yān
焊	hàn
焋	zhuàng
焌	jùn
焌	qū
焍	dì
焎	xiè
焏	jí
焏	qì
焐	wù
焑	yān
焒	lǚ
焓	hán
焔	yàn
焕	huàn
焖	mèn
焗	jú
焘	tāo
焙	bèi
焚	fèn
焚	fén
焛	lìn
焜	kūn
焝	hùn
焞	jùn
焞	tuī
焞	tūn
焟	xī
焠	cuì
無	mó
無	wú
焢	hōng
焣	chǎo
焣	jù
焤	fǔ
焥	wò
焥	ài
焦	jiāo
焦	qiáo
焧	cōng
焨	fèng
焩	píng
焪	qióng
焫	ruò
焫	rè
焬	xī
焬	yì
焭	qióng
焮	xìn
焯	chuò
焯	chāo
焯	zhuó
焯	zhuō
焰	yàn
焱	yàn
焱	yì
焲	yì
焳	jué
焴	yù
焵	gàng
然	rán
焷	pí
焸	gǔ
焸	xiòng
焸	yīng
焹	gàng
焺	shēng
焻	chàng
焻	guā
焼	shāo
焽	xiǒng
焾	niǎn
焿	gēng
煀	wei
煁	chén
煂	hè
煃	kuǐ
煄	zhǒng
煅	duàn
煆	xià
煆	xiā
煇	huī
煇	hún
煇	xuàn
煇	xūn
煇	yùn
煈	fèng
煉	liàn
煉	làn
煊	xuān
煋	xīng
煌	huáng
煍	jiǎo
煎	jiàn
煎	jiān
煎	jiǎn
煏	bì
煐	yīng
煑	zhǔ
煒	huī
煒	wěi
煓	tuān
煔	qián
煔	shān
煔	shǎn
煕	xī
煖	nuǎn
煖	xuān
煗	nuǎn
煘	chán
煙	yān
煚	jiǒng
煛	jiǒng
煜	yù
煝	mèi
煞	shà
煞	shā
煟	wèi
煠	yè
煠	zhá
煡	jìn
煢	qióng
煣	róu
煣	rǒu
煤	méi
煥	huàn
煦	xiū
煦	xù
照	zhào
煨	wēi
煨	yù
煩	fán
煪	qiú
煫	suì
煬	yàng
煬	yáng
煭	liè
煮	zhǔ
煯	jiē
煰	zào
煱	guā
煲	bāo
煳	hú
煴	wěn
煴	yùn
煴	yūn
煵	nǎn
煶	shì
煷	liang
煸	biān
煹	gòu
煺	tuì
煻	táng
煼	chǎo
煽	shān
煾	yūn
煾	ēn
煿	bó
熀	huǎng
熀	yè
熁	xié
熂	xì
熃	wù
熄	xī
熅	yùn
熆	hé
熇	hè
熇	kào
熇	kǎo
熇	xiāo
熈	xī
熉	yún
熊	xióng
熋	nái
熌	shǎn
熍	qióng
熎	yào
熏	xùn
熏	xūn
熐	mì
熑	lián
熑	qiān
熒	jiǒng
熒	xíng
熒	yíng
熓	wǔ
熔	róng
熕	gōng
熖	yàn
熗	qiàng
熘	liū
熙	xī
熙	yí
熚	bì
熛	biāo
熜	cōng
熜	zǒng
熝	lù
熝	āo
熞	jiān
熟	shóu
熟	shú
熠	yì
熡	lóu
熢	bèng
熢	fēng
熢	péng
熣	cuǐ
熣	suī
熤	yì
熥	tēng
熥	tōng
熦	jué
熧	zōng
熨	wèi
熨	yù
熨	yùn
熩	hù
熪	yí
熫	zhì
熬	áo
熬	āo
熭	wèi
熮	liǔ
熯	hàn
熯	rǎn
熰	òu
熰	ōu
熱	rè
熲	jiǒng
熳	màn
熴	kūn
熵	shāng
熶	cuàn
熷	zēng
熸	jiān
熹	xī
熺	xī
熻	xī
熼	yì
熽	xiào
熾	chì
熿	huáng
熿	huǎng
燀	chàn
燀	chǎn
燀	dǎn
燁	yè
燂	qián
燂	tán
燂	xún
燃	rán
燄	yàn
燅	xún
燆	qiāo
燆	xiāo
燇	jùn
燈	dēng
燉	dùn
燉	dūn
燉	tún
燊	shēn
燋	jiāo
燋	jué
燋	qiáo
燋	zhuó
燌	bèn
燌	fén
燍	sī
燍	xī
燎	liào
燎	liáo
燎	liǎo
燏	yù
燐	lín
燑	tóng
燒	shào
燒	shāo
燓	fén
燔	fán
燔	fén
燕	yàn
燕	yān
燖	qián
燖	xún
燗	làn
燘	měi
燙	dàng
燙	tàng
燚	yì
燛	jiǒng
燜	mèn
燝	jing
燞	jiǎo
營	cuō
營	yíng
燠	yù
燠	ào
燡	yì
燢	xué
燣	lán
燤	liè
燤	tài
燥	sào
燥	zào
燦	càn
燧	suì
燨	xī
燩	què
燪	zǒng
燫	lián
燬	huǐ
燭	kuò
燭	zhú
燮	xiè
燯	líng
燰	wēi
燱	yì
燲	xié
燳	zhào
燴	huì
燵	dá
燶	nóng
燷	lán
燸	ruǎn
燸	rú
燹	bìng
燹	xiǎn
燺	hè
燻	xūn
燼	jìn
燽	chóu
燾	dào
燾	tāo
燿	shuò
燿	shào
燿	yào
爀	hè
爁	làn
爂	biāo
爃	róng
爄	liè
爄	lì
爅	mò
爆	bào
爆	bó
爇	ruò
爈	lǜ
爉	liè
爉	là
爊	āo
爋	xūn
爌	huǎng
爌	kuàng
爌	kuǎng
爍	luò
爍	shuò
爍	yuè
爎	liáo
爏	lì
爐	lú
爑	jué
爒	liǎo
爓	xún
爓	yàn
爔	xī
爕	xiè
爖	lóng
爗	yè
爘	cān
爙	rǎng
爚	yuè
爛	làn
爜	cóng
爝	jiào
爝	jué
爞	chóng
爞	tóng
爟	guàn
爠	ju
爡	chè
爢	mí
爣	tǎng
爤	làn
爥	zhú
爦	lǎn
爧	líng
爨	cuàn
爩	yù
爪	zhuǎ
爪	zhǎo
爫	zhǎo
爬	pá
爭	zhèng
爭	zhēng
爮	páo
爯	chèng
爯	chēng
爰	yuán
爱	ài
爲	wèi
爲	wéi
爳	han
爴	jué
爵	jué
父	fù
父	fǔ
爷	yé
爸	bà
爹	diē
爺	yé
爻	xiào
爻	yáo
爼	zǔ
爽	shuāng
爽	shuǎng
爾	mǐ
爾	nǐ
爾	ěr
爿	pán
爿	qiáng
牀	chuáng
牁	kē
牂	zāng
牃	dié
牄	qiāng
牅	yōng
牆	qiáng
片	piàn
片	piān
片	pàn
版	bǎn
牉	pàn
牊	cháo
牋	jiān
牌	pái
牍	dú
牎	chuāng
牏	yú
牐	zhá
牑	biān
牑	miàn
牒	dié
牓	bǎng
牓	pāng
牔	bó
牕	chuāng
牖	yǒu
牗	yǒu
牘	dú
牙	yà
牙	yá
牚	chèng
牚	chēng
牛	niú
牜	niú
牝	pìn
牞	jiū
牞	lè
牟	mào
牟	móu
牟	mù
牠	tuó
牠	tā
牡	mǔ
牢	lào
牢	láo
牢	lóu
牣	rèn
牤	māng
牥	fāng
牦	máo
牧	mù
牨	gāng
物	wù
牪	yàn
牫	gē
牫	qiú
牫	zāng
牬	bèi
牭	sì
牮	jiàn
牯	gǔ
牰	chōu
牰	yòu
牱	gē
牲	shēng
牳	mǔ
牴	dī
牴	dǐ
牴	zhāi
牵	qiān
牶	quàn
牷	quán
牸	zì
特	tè
牺	xī
牻	máng
牼	kēng
牽	qiàn
牽	qiān
牾	wú
牾	wǔ
牿	gù
犀	xī
犁	lí
犂	lí
犃	pǒu
犄	jī
犄	yī
犅	gāng
犆	tè
犆	zhí
犇	bēn
犈	quán
犉	chún
犊	dú
犋	jù
犌	jiā
犍	jiān
犍	jiǎn
犍	qián
犎	fēng
犏	piān
犐	kē
犑	jú
犒	kào
犓	chú
犔	xì
犕	bèi
犖	luò
犗	jiè
犘	má
犙	sān
犚	wèi
犛	lí
犛	máo
犜	dūn
犝	tóng
犞	qiáo
犟	jiàng
犠	xī
犡	lì
犢	dú
犣	liè
犤	pái
犥	piāo
犥	pào
犦	bó
犧	suō
犧	xī
犨	chōu
犩	wéi
犪	kuí
犪	ráo
犫	chōu
犬	quǎn
犭	quǎn
犮	bá
犯	fàn
犰	qiú
犱	jǐ
犲	chái
犳	zhuó
犴	hān
犴	jiàn
犴	àn
犴	án
犵	gē
犵	hé
状	zhuàng
犷	guǎng
犸	mǎ
犹	yòu
犹	yóu
犺	gǎng
犺	kàng
犻	bó
犻	fèi
犻	pèi
犼	hǒu
犽	yà
犾	yín
犿	fān
犿	huān
狀	zhuàng
狁	yǔn
狂	jué
狂	kuáng
狃	niǔ
狃	nǜ
狄	dí
狄	tì
狅	kuáng
狆	zhòng
狇	mù
狈	bèi
狉	pī
狊	jú
狋	chí
狋	quán
狋	yí
狌	shēng
狌	xīng
狍	páo
狎	xiá
狏	tuó
狏	yí
狐	hú
狑	líng
狒	fèi
狓	pí
狓	pī
狔	nǐ
狕	yǎo
狖	yòu
狗	gǒu
狘	xuè
狙	jū
狚	dàn
狛	bó
狜	kǔ
狝	xiǎn
狞	níng
狟	huán
狟	héng
狟	xuān
狠	hěn
狠	hǎng
狠	kěn
狠	yán
狡	jiǎo
狡	xiào
狢	hé
狢	mò
狣	zhào
狤	jié
狤	jí
狤	kuài
狥	xùn
狦	shān
狧	shì
狧	tà
狨	róng
狩	shòu
狪	dòng
狪	tóng
狫	lǎo
独	dú
狭	xiá
狮	shī
狯	kuài
狰	zhēng
狱	yù
狲	sūn
狳	yú
狴	bì
狵	máng
狵	zhuó
狶	shǐ
狶	xī
狷	juàn
狸	lí
狹	xiá
狺	yín
狻	jùn
狻	suān
狻	xùn
狼	hǎng
狼	làng
狼	láng
狼	lǎng
狽	bèi
狾	zhì
狿	yán
猀	shā
猁	lì
猂	hàn
猃	xiǎn
猄	jīng
猅	pái
猆	fēi
猇	xiāo
猈	bài
猈	pí
猉	qí
猊	ní
猋	biāo
猌	yìn
猍	lái
猎	liè
猎	què
猎	xī
猏	jiān
猐	qiāng
猑	kūn
猒	yàn
猓	guǒ
猓	luǒ
猔	zòng
猕	mí
猖	chāng
猗	jì
猗	wēi
猗	yī
猗	yǐ
猗	ē
猘	zhì
猙	zhēng
猚	wèi
猚	yá
猛	měng
猜	cāi
猝	cù
猞	shē
猟	liè
猠	diǎn
猡	luó
猢	hú
猣	zōng
猤	guì
猥	wèi
猥	wěi
猦	fēng
猧	wō
猨	yuán
猩	xīng
猪	zhū
猫	miáo
猫	máo
猫	māo
猬	wèi
猭	chuàn
猭	chuān
猭	shān
献	xiàn
猯	tuān
猰	jiá
猰	qiè
猰	yà
猱	náo
猲	gé
猲	hài
猲	hè
猲	xiē
猳	jiā
猴	hóu
猵	biān
猵	piàn
猶	yáo
猶	yóu
猷	yóu
猸	méi
猹	chá
猺	yáo
猻	sūn
猼	bó
猼	pò
猽	míng
猾	huá
猿	yuán
獀	sōu
獁	mà
獁	mǎ
獂	yuán
獃	dāi
獃	ái
獄	yù
獅	shī
獆	háo
獇	qiāng
獈	yì
獉	zhēn
獊	cāng
獋	gāo
獋	háo
獌	màn
獍	jìng
獎	jiǎng
獏	mò
獏	mú
獐	zhāng
獑	chán
獒	áo
獓	áo
獔	háo
獕	cuī
獖	bèn
獖	fèn
獖	fén
獗	jué
獘	bì
獙	bì
獚	huáng
獛	pú
獜	lìn
獜	lín
獝	xù
獝	yù
獞	tóng
獞	zhuàng
獟	xiāo
獟	yào
獠	liáo
獠	lǎo
獡	shuò
獢	xiāo
獣	shòu
獤	dūn
獥	jiào
獦	gé
獦	liè
獦	xiē
獧	juàn
獨	dú
獩	huì
獪	huá
獪	kuài
獫	xiǎn
獬	hǎ
獬	jiě
獬	xiè
獭	tǎ
獮	mí
獮	xiǎn
獯	xūn
獰	níng
獱	biān
獲	huò
獳	nòu
獳	rú
獴	méng
獴	měng
獵	liè
獶	náo
獶	nǎo
獶	yōu
獷	guǎng
獷	jǐng
獸	shòu
獹	lú
獺	tǎ
獻	suō
獻	xiàn
獻	xī
獼	mí
獽	ráng
獾	huān
獾	quán
獿	náo
獿	nǎo
玀	luó
玀	ě
玁	xiǎn
玂	qí
玃	jué
玄	xuàn
玄	xuán
玅	miào
玅	yāo
玆	xuán
玆	zī
率	lüè
率	lǜ
率	shuài
玈	lú
玉	yù
玊	sù
王	wàng
王	wáng
王	yù
玌	qiú
玍	gǎ
玎	dīng
玏	lè
玐	bā
玑	jī
玒	hóng
玓	dì
玔	chuàn
玕	gān
玖	jiǔ
玗	yú
玘	qǐ
玙	yú
玚	yáng
玛	mǎ
玜	hóng
玝	wǔ
玞	fū
玟	mín
玟	wén
玠	jiè
玡	yà
玡	yá
玢	bīn
玢	fēn
玣	biàn
玤	bàng
玥	yuè
玦	jué
玧	mén
玧	yǔn
玨	jué
玩	wán
玪	jiān
玪	lín
玪	qián
玪	yín
玫	méi
玬	dǎn
玭	pín
玮	wěi
环	huán
现	xiàn
玱	qiāng
玲	líng
玳	dài
玴	yì
玵	gān
玵	án
玶	píng
玷	diàn
玷	diān
玸	fú
玹	xián
玹	xuàn
玹	xuán
玺	xǐ
玻	bō
玼	cuō
玼	cī
玼	cǐ
玽	gǒu
玾	jiǎ
玿	sháo
珀	pò
珁	cí
珂	kē
珃	rǎn
珄	shēng
珅	shēn
珆	tāi
珆	yí
珇	jù
珇	zǔ
珈	jiā
珉	mín
珊	shān
珋	liǔ
珌	bì
珍	zhēn
珎	zhēn
珏	jué
珐	fà
珑	lóng
珒	jīn
珓	jiào
珔	jiàn
珕	lì
珖	guāng
珗	xiān
珘	zhōu
珙	gǒng
珚	yān
珛	xiù
珜	yáng
珝	xǔ
珞	luò
珞	lì
珟	sù
珠	zhū
珡	qín
珢	kèn
珢	yín
珣	xún
珤	bǎo
珥	ěr
珦	xiàng
珧	yáo
珨	xiá
珩	héng
珪	guī
珫	chōng
珬	xù
班	bān
珮	pèi
珯	lǎo
珰	dāng
珱	yīng
珲	hún
珳	wén
珴	é
珵	chéng
珵	tǐng
珶	dì
珶	tí
珷	wù
珷	wǔ
珸	wú
珹	chéng
珺	jùn
珻	méi
珼	bèi
珽	tǐng
現	xiàn
珿	chù
琀	hán
琁	qióng
琁	xuán
琂	yán
球	qiú
琄	xuàn
琅	làng
琅	láng
理	lǐ
琇	xiù
琈	fú
琈	fū
琉	liú
琊	yá
琋	xī
琌	líng
琍	lí
琎	jìn
琏	liǎn
琐	suǒ
琑	suǒ
琒	fēng
琓	wán
琔	diàn
琕	bǐng
琕	pín
琖	zhǎn
琗	cuì
琗	sè
琘	mín
琙	yù
琚	jū
琛	chēn
琜	lái
琝	mín
琞	shèng
琞	wàng
琟	wéi
琟	yù
琠	tiàn
琠	tiǎn
琡	chù
琢	zhuó
琢	zuó
琣	běng
琣	pěi
琤	chēng
琥	hǔ
琦	qí
琧	è
琨	kūn
琩	chāng
琪	qí
琫	běng
琬	wǎn
琭	lù
琮	cóng
琯	guàn
琯	guān
琯	guǎn
琯	gùn
琰	yǎn
琱	diāo
琲	bèi
琳	lín
琴	qín
琵	pí
琶	pá
琷	què
琸	zhuó
琹	qín
琺	fà
琻	jīn
琼	qióng
琽	dǔ
琾	jiè
琿	huī
琿	hún
瑀	yǔ
瑁	mào
瑂	méi
瑃	chūn
瑄	xuān
瑅	tí
瑆	xīng
瑇	dài
瑈	róu
瑉	mín
瑊	jiān
瑋	wěi
瑌	ruǎn
瑍	huàn
瑎	xié
瑏	chuān
瑐	jiǎn
瑑	zhuàn
瑒	chàng
瑒	dàng
瑒	yáng
瑓	liàn
瑔	quán
瑕	xiá
瑖	duàn
瑗	huán
瑗	yuàn
瑘	yá
瑙	nǎo
瑚	hú
瑛	yīng
瑜	yú
瑝	huáng
瑞	ruì
瑟	sè
瑠	liú
瑡	shī
瑢	róng
瑣	suǒ
瑤	yáo
瑥	wēn
瑦	wǔ
瑧	zhēn
瑨	jìn
瑩	yíng
瑩	yǐng
瑪	mǎ
瑫	tāo
瑬	liú
瑭	táng
瑮	lì
瑯	láng
瑰	guī
瑱	tiàn
瑱	zhèn
瑲	chēng
瑲	cāng
瑲	qiāng
瑳	cuō
瑴	jué
瑵	zhǎo
瑶	yáo
瑷	ài
瑸	bīn
瑹	shū
瑹	tū
瑺	cháng
瑻	kūn
瑼	zhuān
瑽	cōng
瑾	jìn
瑾	jǐn
瑿	yī
璀	cuǐ
璁	cōng
璂	qí
璃	lí
璄	jǐng
璅	suǒ
璅	zǎo
璆	qiú
璇	xuán
璈	áo
璉	lián
璉	liǎn
璊	mén
璋	zhāng
璌	yín
璍	yè
璎	yīng
璏	wèi
璏	zhì
璐	lù
璑	wú
璒	dēng
璓	xiù
璔	zēng
璕	xún
璖	qú
璗	dàng
璘	lín
璙	liáo
璚	jué
璚	qióng
璛	sù
璜	huáng
璝	guī
璞	pú
璟	jǐng
璠	fán
璡	jìn
璡	jīn
璢	liú
璣	jī
璤	huì
璥	jǐng
璦	ài
璧	bì
璨	càn
璩	qú
璪	zǎo
璫	dāng
璬	jiǎo
璭	gùn
璮	tǎn
璯	huì
璯	kuài
環	huàn
環	huán
璱	sè
璲	suì
璳	tián
璴	chǔ
璵	yú
璶	jìn
璷	fū
璷	lú
璸	bīn
璸	pián
璹	shú
璺	wèn
璻	zuǐ
璼	lán
璽	xǐ
璾	jì
璾	zī
璿	xuán
瓀	ruǎn
瓁	wò
瓂	gài
瓃	léi
瓄	dú
瓅	lì
瓆	zhì
瓇	róu
瓈	li
瓈	lí
瓉	zàn
瓊	qióng
瓊	xuán
瓋	tì
瓌	guī
瓍	suí
瓎	là
瓏	lóng
瓐	lú
瓑	lì
瓒	zàn
瓓	làn
瓔	yīng
瓕	mí
瓕	xǐ
瓖	xiāng
瓗	qióng
瓗	wèi
瓗	wěi
瓘	guàn
瓙	dào
瓚	zàn
瓛	huán
瓛	yè
瓛	yǎn
瓜	guā
瓝	bó
瓞	dié
瓟	bó
瓟	páo
瓠	gū
瓠	huò
瓠	hù
瓠	hú
瓡	hú
瓡	zhí
瓢	piáo
瓣	bàn
瓤	ráng
瓥	lì
瓦	wà
瓦	wǎ
瓨	hóng
瓨	xiáng
瓩	qiān
瓩	wǎ
瓪	bǎn
瓫	pén
瓬	fǎng
瓭	dān
瓭	dǎn
瓮	wèng
瓯	ōu
瓲	wa
瓳	hú
瓴	líng
瓵	yí
瓶	píng
瓷	cí
瓸	bǎi
瓹	juàn
瓹	juān
瓺	cháng
瓻	chī
瓽	dàng
瓾	měng
瓿	bù
瓿	pǒu
甀	zhuì
甁	píng
甂	biān
甃	zhòu
甄	juàn
甄	zhèn
甄	zhēn
甆	cí
甇	yīng
甈	qì
甉	xián
甊	lǒu
甋	dì
甌	ōu
甌	ǒu
甍	méng
甎	chuán
甎	zhuān
甏	bèng
甐	lìn
甑	zèng
甒	wǔ
甓	pì
甔	dàn
甔	dān
甕	wèng
甖	yīng
甗	yǎn
甘	gān
甘	hān
甙	dài
甚	shèn
甛	tián
甜	tián
甝	hán
甞	cháng
生	shēng
甠	qíng
甡	shēn
產	chǎn
産	chǎn
甤	ruí
甥	shēng
甦	sū
甧	shēn
用	yòng
甩	shuǎi
甪	lù
甫	fū
甫	fǔ
甫	pǔ
甬	dòng
甬	yǒng
甭	béng
甭	qì
甮	fèng
甯	nìng
甯	níng
田	tián
由	yóu
由	yāo
甲	jiǎ
申	shēn
甴	yóu
甴	zhá
电	diàn
甶	fú
男	nán
甸	diàn
甸	shèng
甸	tián
甸	yìng
甹	pīng
町	dīng
町	tiǎn
町	tīng
町	tǐng
町	zhèng
画	huà
甼	tǐng
甽	quǎn
甽	zhèn
甽	zhùn
甾	zāi
甾	zī
甿	máng
甿	méng
畀	bì
畁	bì
畂	liù
畃	xún
畄	liú
畅	chàng
畆	mǔ
畇	tián
畇	yún
畈	fàn
畉	fú
畊	gēng
畋	tián
界	jiè
畍	jiè
畎	quǎn
畏	wèi
畏	wēi
畏	wěi
畐	bì
畐	fú
畑	tián
畒	mǔ
畓	duō
畔	pàn
畕	jiāng
畖	wā
畗	dá
畗	fú
畘	nán
留	liù
留	liú
留	liǔ
畚	běn
畛	zhěn
畜	chù
畜	xù
畝	mǒu
畝	mǔ
畞	mǔ
畟	cè
畟	jì
畠	tián
畡	gāi
畢	bì
畣	dá
畤	chóu
畤	shì
畤	zhì
略	lüè
畦	qí
畧	lüè
畨	fān
畨	pān
畩	yī
番	bō
番	fán
番	fān
番	pàn
番	pán
番	pí
番	pó
番	pān
畫	huà
畬	shē
畬	yú
畭	yú
畮	mǔ
畯	jùn
異	yì
畱	liú
畲	shē
畳	dié
畴	chóu
畵	huà
當	dang
當	dàng
當	dāng
畷	zhuì
畸	jī
畸	qí
畹	wǎn
畹	yuǎn
畺	jiàng
畺	jiāng
畻	chéng
畼	chàng
畽	tuǎn
畽	tǔn
畾	léi
畿	jī
疀	chā
疁	liú
疂	dié
疃	tuǎn
疄	lìn
疄	lín
疅	jiāng
疆	jiàng
疆	jiāng
疇	chóu
疈	pì
疉	dié
疊	dié
疋	pǐ
疋	shū
疋	yǎ
疌	jié
疌	qiè
疍	dàn
疎	shū
疏	shū
疐	dì
疐	zhì
疑	níng
疑	yí
疒	nè
疓	nǎi
疔	dīng
疔	nè
疕	bǐ
疖	jiē
疗	liáo
疘	gāng
疘	gōng
疙	gē
疙	yì
疚	jiù
疛	zhǒu
疜	xià
疝	shàn
疞	xū
疟	nüè
疠	lì
疡	yáng
疢	chèn
疣	yòu
疣	yóu
疤	bā
疥	jiè
疦	jué
疦	xuè
疧	qí
疨	xiā
疨	yá
疩	cuì
疪	bì
疫	yì
疬	lì
疭	zòng
疮	chuāng
疯	fēng
疰	zhù
疱	pào
疲	pí
疳	gān
疴	kē
疴	qià
疴	ē
疵	cī
疵	jì
疵	zhài
疵	zī
疶	xuē
疷	zhī
疸	da
疸	dǎn
疹	chèn
疹	zhěn
疺	biǎn
疺	fá
疻	zhǐ
疼	téng
疽	jū
疽	jǔ
疾	jí
疿	fèi
痀	gōu
痀	jū
痁	shān
痂	jiā
痃	xuán
痄	zhà
病	bìng
痆	niè
痆	niǎn
痆	nì
症	zhèng
症	zhēng
痈	yōng
痉	jìng
痊	quán
痋	chóng
痋	téng
痌	tóng
痌	tōng
痍	yí
痎	jiē
痏	wěi
痏	yòu
痏	yù
痐	huí
痑	shǐ
痑	tān
痒	yáng
痒	yǎng
痓	chì
痔	zhì
痕	gèn
痕	hén
痖	yǎ
痗	mèi
痘	dòu
痙	jìng
痚	xiāo
痛	tòng
痜	tū
痝	máng
痞	pǐ
痟	xiāo
痠	suān
痡	fū
痡	pù
痡	pū
痢	lì
痣	zhì
痤	cuó
痥	duó
痦	pī
痦	wù
痧	shā
痨	láo
痩	shòu
痪	huàn
痪	tuǎn
痫	xián
痬	yì
痭	bìng
痭	bēng
痭	péng
痮	zhàng
痯	guǎn
痰	tán
痱	fèi
痱	féi
痱	fěi
痲	má
痳	lìn
痳	lín
痴	chī
痵	jì
痶	diǎn
痶	tiǎn
痷	yè
痷	è
痷	ān
痸	chì
痹	bì
痺	bì
痻	mín
痼	gù
痽	duī
痾	kē
痾	ē
痿	wěi
瘀	yū
瘁	cuì
瘂	yǎ
瘃	zhú
瘄	cù
瘅	dān
瘆	shèn
瘇	zhǒng
瘈	chì
瘈	zhì
瘉	yù
瘊	hóu
瘋	fēng
瘌	là
瘍	dàng
瘍	yáng
瘎	chén
瘏	tú
瘐	yù
瘐	yǔ
瘑	guō
瘒	wén
瘓	huàn
瘔	kù
瘕	jiǎ
瘕	xiā
瘖	yìn
瘖	yīn
瘗	yì
瘘	lòu
瘙	sào
瘚	jué
瘛	chì
瘜	xī
瘝	guān
瘞	yì
瘟	wò
瘟	wēn
瘟	yūn
瘠	jí
瘡	chuāng
瘢	bān
瘣	huì
瘣	lěi
瘤	liú
瘥	chài
瘥	cuó
瘦	shòu
瘧	nüè
瘨	chēn
瘨	diān
瘩	da
瘩	dá
瘪	biě
瘫	tān
瘬	zhàng
瘭	biāo
瘮	shèn
瘯	cù
瘰	luǒ
瘱	yì
瘲	zòng
瘳	chōu
瘳	lù
瘴	zhàng
瘵	jì
瘵	zhài
瘶	sòu
瘷	sè
瘸	qué
瘹	diào
瘺	lòu
瘻	lòu
瘻	lǘ
瘼	mò
瘽	qín
瘾	yǐn
瘿	yǐng
癀	huáng
癁	fú
療	liào
療	liáo
療	shuò
癃	lóng
癄	qiáo
癅	liú
癆	lào
癆	láo
癇	xián
癈	fèi
癉	dàn
癉	dān
癉	dǎn
癉	tán
癊	yìn
癋	hè
癌	yán
癌	ái
癍	bān
癎	xián
癏	guān
癐	guì
癐	wēi
癑	nòng
癑	nóng
癒	yù
癓	wéi
癔	yì
癕	yōng
癖	pǐ
癗	lěi
癘	lài
癘	lì
癙	shǔ
癚	dàn
癛	bǐng
癛	lǐn
癜	diàn
癝	lǐn
癞	lài
癟	bié
癟	biē
癟	biě
癠	jì
癡	chī
癢	yǎng
癣	xuǎn
癤	jiē
癥	zhēng
癦	me
癧	lì
癨	huò
癩	là
癩	lài
癪	jī
癫	diān
癬	xuǎn
癭	yǐng
癮	yǐn
癯	qú
癰	yōng
癱	tān
癲	diān
癳	luǒ
癴	luán
癵	luán
癶	bō
癷	bō
癸	guǐ
癹	bá
発	fā
登	dé
登	dēng
發	bō
發	fā
白	bái
白	bó
百	bó
百	bǎi
百	mò
癿	bié
癿	qié
皀	bī
皀	jí
皀	xiāng
皁	zào
皂	zào
皃	mào
的	de
的	dì
的	dí
皅	bà
皅	pā
皆	jiē
皇	huáng
皇	wǎng
皈	guī
皉	cǐ
皊	líng
皋	gāo
皋	gū
皋	háo
皌	mò
皍	jí
皎	jiǎo
皏	pěng
皐	gāo
皑	ái
皒	é
皓	huī
皓	hào
皔	hàn
皕	bì
皖	huàn
皖	wǎn
皗	chóu
皘	qiàn
皙	xī
皚	ái
皛	jiǎo
皛	pò
皛	xiǎo
皜	hào
皝	huàng
皞	hào
皟	zé
皠	cuǐ
皡	hào
皢	xiǎo
皣	yè
皤	pán
皤	pó
皥	hào
皦	jiǎo
皧	ài
皨	xīng
皩	huàng
皪	bō
皪	luò
皪	lì
皫	piǎo
皬	hé
皭	jiào
皮	pí
皯	gǎn
皰	pào
皱	zhòu
皲	jūn
皳	qiú
皴	cūn
皵	què
皶	zhā
皷	gǔ
皸	jūn
皹	jūn
皺	zhòu
皺	zhōu
皻	cǔ
皻	zhā
皼	gǔ
皽	dǎn
皽	zhāo
皽	zhǎn
皾	dú
皿	mǐn
皿	mǐng
盀	qǐ
盁	yíng
盂	yú
盃	bēi
盄	zhāo
盅	chōng
盅	zhōng
盆	pén
盇	hé
盈	yíng
盉	hé
益	yì
盋	bō
盌	wǎn
盍	hé
盍	kě
盎	àng
盏	zhǎn
盐	yán
监	jiān
盒	hé
盒	ān
盓	wū
盓	yū
盔	kuī
盕	fàn
盖	gài
盗	dào
盘	pán
盙	fǔ
盚	qiú
盛	chéng
盛	shèng
盜	dào
盝	lù
盞	zhǎn
盟	mèng
盟	méng
盠	lí
盡	jìn
盡	jǐn
盢	xù
監	jiàn
監	jiān
監	kàn
盤	pán
盤	xuán
盥	guàn
盦	ān
盧	léi
盧	lú
盧	lǘ
盨	xǔ
盩	chóu
盩	zhōu
盪	dàng
盫	ān
盬	gù
盬	gū
盬	gǔ
盭	lì
目	mù
盯	chéng
盯	dīng
盰	gàn
盱	xū
盲	máng
盳	máng
盳	wàng
直	zhí
盵	qì
盶	yuǎn
盷	mín
盷	tián
盷	xián
相	xiàng
相	xiāng
盹	dǔn
盹	zhūn
盺	xīn
盻	pǎn
盻	xì
盼	fén
盼	pàn
盽	fēng
盾	dùn
盾	shǔn
盾	yǔn
盿	mín
眀	míng
省	shěng
省	xiǎn
省	xǐng
眂	shì
眃	hùn
眃	yún
眄	miàn
眄	miǎn
眅	pān
眆	fǎng
眇	miào
眇	miǎo
眈	chěn
眈	dān
眉	méi
眊	mào
眊	mèi
看	kàn
看	kān
県	xiàn
眍	kōu
眎	shì
眏	yìng
眏	yāng
眏	yǎng
眐	zhēng
眑	yǎo
眑	āo
眑	ǎo
眒	shēn
眓	huò
眔	dà
眕	zhěn
眖	kuàng
眗	jū
眗	kōu
眗	xū
眘	shèn
眙	chì
眙	yí
眚	shěng
眛	mèi
眜	miè
眜	mò
眝	zhù
眞	zhēn
真	zhēn
眠	mián
眠	miǎn
眠	mǐn
眡	shì
眢	yuān
眣	chōu
眣	dié
眤	nì
眥	zì
眦	zì
眧	chǎo
眨	zhǎ
眩	huàn
眩	juàn
眩	xuàn
眪	bǐng
眪	fǎng
眫	mǐ
眫	pàn
眬	lóng
眭	huī
眭	suī
眭	wèi
眭	xié
眮	tóng
眯	mì
眯	mí
眯	mī
眯	mǐ
眰	diè
眰	zhì
眱	dì
眲	nè
眳	míng
眴	shùn
眴	xuàn
眴	xún
眵	chī
眶	kuàng
眷	juàn
眸	móu
眹	zhèn
眺	tiào
眻	yáng
眼	wěn
眼	yǎn
眽	mì
眽	mò
眾	zhòng
眿	mò
着	zhe
着	zhuó
着	zháo
着	zhāo
睁	zhēng
睂	méi
睃	juān
睃	jùn
睃	suō
睄	qiáo
睄	shào
睄	xiāo
睅	hàn
睆	huàn
睆	huǎn
睇	dì
睇	tí
睇	tī
睈	chěng
睉	cuó
睉	zhuài
睊	juàn
睋	é
睌	mǎn
睍	xiàn
睎	xī
睏	kùn
睐	lài
睑	jiǎn
睒	shǎn
睓	tiǎn
睔	gùn
睔	huán
睔	lǔn
睕	wàn
睕	wān
睕	wǎn
睖	chēng
睖	lèng
睗	shì
睘	qióng
睙	liè
睚	yá
睛	jīng
睛	jǐng
睜	zhēng
睝	lí
睞	lài
睟	suì
睟	zuì
睠	juàn
睡	shuì
睢	huī
睢	suī
睢	wěi
督	dū
睤	bì
睥	pì
睦	mù
睧	hūn
睨	nì
睩	lù
睪	dù
睪	gāo
睪	yì
睪	zé
睫	jié
睫	shè
睬	cǎi
睭	zhǒu
睮	yú
睯	hūn
睰	mà
睱	xià
睱	xiá
睲	xìng
睲	xǐng
睳	huī
睴	gùn
睵	zāi
睶	chǔn
睷	jiān
睸	mèi
睹	dǔ
睺	hóu
睻	xuān
睼	tiàn
睽	jì
睽	kuì
睽	kuí
睾	gāo
睾	hào
睿	ruì
瞀	mào
瞀	wú
瞁	xù
瞂	fá
瞃	wò
瞄	miáo
瞅	chǒu
瞆	kuì
瞇	mì
瞇	mī
瞇	mǐ
瞈	wěng
瞉	jì
瞉	kòu
瞊	dàng
瞋	chēn
瞋	shèn
瞋	tiàn
瞋	tián
瞌	kē
瞍	sǒu
瞎	xiā
瞏	huán
瞏	qióng
瞐	mò
瞑	mián
瞑	méng
瞑	míng
瞒	mán
瞓	fèn
瞔	zé
瞕	zhàng
瞖	yì
瞗	diāo
瞗	dōu
瞘	kōu
瞙	mò
瞚	shùn
瞛	cōng
瞜	lóu
瞜	lōu
瞜	lǘ
瞝	chī
瞞	mán
瞞	mèn
瞞	mén
瞟	piào
瞟	piāo
瞟	piǎo
瞠	chēng
瞠	zhèng
瞡	guī
瞢	máng
瞢	mèng
瞢	méng
瞣	wàn
瞤	rún
瞤	shùn
瞥	bì
瞥	piē
瞦	xī
瞧	qiáo
瞨	pú
瞩	zhǔ
瞪	dèng
瞫	shěn
瞬	shùn
瞭	liào
瞭	liǎo
瞮	chè
瞯	jiàn
瞯	xián
瞰	kàn
瞱	yè
瞲	xuè
瞲	xù
瞳	tóng
瞴	mí
瞴	móu
瞴	wǔ
瞵	lián
瞵	lìn
瞵	lín
瞶	guì
瞶	kuì
瞶	wèi
瞷	jiàn
瞷	xián
瞸	yè
瞹	ài
瞺	huì
瞻	zhān
瞼	jiǎn
瞽	gǔ
瞾	zhào
瞿	jí
瞿	jù
瞿	qú
矀	méi
矁	chǒu
矂	sào
矃	chēng
矃	nǐng
矄	xūn
矅	yào
矆	huò
矆	wò
矆	xuē
矆	yuè
矇	méng
矇	měng
矈	mián
矉	pín
矊	mián
矋	lěi
矌	guō
矌	kuàng
矍	jué
矎	xuàn
矎	xuān
矏	mián
矐	huò
矑	lú
矒	méng
矓	lóng
矔	guàn
矔	quán
矕	mán
矕	mǎn
矖	lí
矖	xǐ
矗	chù
矘	tǎng
矙	kàn
矚	zhǔ
矛	máo
矜	guān
矜	jīn
矜	qín
矝	jīn
矞	jué
矞	xù
矞	yù
矟	shuò
矠	zhuó
矠	zé
矡	jué
矢	shǐ
矣	xián
矣	yǐ
矤	shěn
知	zhì
知	zhī
矦	hóu
矧	shěn
矨	yǐng
矩	jǔ
矪	zhōu
矫	jiǎo
矬	cuó
短	duǎn
矮	ǎi
矯	jiāo
矯	jiǎo
矰	zēng
矱	yuē
矲	bà
石	dàn
石	shí
矴	dìng
矵	diāo
矵	qì
矶	jī
矷	zǐ
矸	gàn
矸	gān
矸	gǎn
矸	hàn
矹	wù
矺	dā
矺	zhé
矻	kū
矻	qià
矼	gāng
矼	kòng
矼	qiāng
矽	xì
矽	xī
矾	fán
矿	kuàng
砀	dàng
码	mǎ
砂	shā
砃	dān
砄	jué
砅	lì
砆	fū
砇	mín
砈	ě
砉	huò
砉	huā
砉	xū
砊	kàng
砊	kāng
砋	zhǐ
砌	qiè
砌	qì
砍	kǎn
砎	jiè
砏	bīn
砏	fēn
砏	pīn
砐	è
砑	yà
砒	pī
砓	zhé
研	xíng
研	yàn
研	yán
砕	suì
砖	zhuān
砗	chē
砘	dùn
砙	wǎ
砚	yàn
砛	jīn
砜	fēng
砝	fǎ
砝	gé
砝	jié
砞	mò
砟	zhà
砟	zhǎ
砟	zuó
砠	jū
砠	zū
砡	yù
砢	kē
砢	luǒ
砣	tuó
砤	tuó
砥	dǐ
砥	zhǐ
砦	zhài
砧	zhēn
砨	è
砩	fèi
砩	fú
砪	mǔ
砫	zhù
砫	zhǔ
砬	lá
砬	lì
砬	lā
砭	biān
砮	nú
砮	nǔ
砯	pīng
砰	pèng
砰	pēng
砰	pīng
砱	líng
砲	báo
砲	pào
砲	pū
砳	lè
破	pò
砵	bō
砵	è
砶	pò
砷	shēn
砸	zá
砹	ài
砺	lì
砻	lóng
砼	tóng
砽	yòng
砾	lì
砿	kuàng
础	chǔ
硁	kēng
硂	quán
硃	zhū
硄	guāng
硄	kuāng
硅	guī
硅	hè
硆	è
硇	náo
硈	qià
硉	lù
硊	guì
硊	huì
硊	wěi
硋	ài
硌	gè
硌	luò
硌	lì
硍	kèn
硍	kēng
硍	xiàn
硍	yín
硍	yǐn
硎	kēng
硎	xíng
硏	yán
硐	dòng
硐	tóng
硑	píng
硑	pēng
硒	xī
硓	lǎo
硔	hóng
硕	shuò
硖	xiá
硗	qiāo
硘	qing
硙	wèi
硚	qiáo
硛	yì
硜	kēng
硜	qìng
硝	qiào
硝	xiāo
硞	kè
硞	kù
硞	què
硟	chàn
硠	láng
硡	hōng
硢	yú
硣	xiāo
硤	xiá
硥	bàng
硥	mǎng
硦	luò
硦	lòng
硧	tóng
硧	yǒng
硨	chē
硩	chè
硪	wò
硪	yǐ
硪	é
硫	chù
硫	liú
硬	gěng
硬	yìng
硭	máng
确	què
硯	yàn
硰	shā
硱	kǔn
硲	yù
硳	chì
硴	huā
硵	lǔ
硶	chěn
硶	cén
硷	jiǎn
硸	nüè
硹	sōng
硺	zhuó
硻	kēng
硻	kěng
硼	péng
硼	pēng
硽	yān
硽	yǎn
硾	duǒ
硾	zhuì
硿	kōng
碀	chéng
碁	qí
碂	cóng
碂	zòng
碃	qìng
碄	lín
碅	jūn
碆	bō
碇	dìng
碈	hūn
碈	mín
碉	diāo
碊	jiān
碊	zhàn
碋	hè
碌	liù
碌	luò
碌	lù
碍	ài
碎	suì
碏	què
碏	xī
碐	léng
碑	bēi
碒	yín
碓	duì
碓	duī
碔	wǔ
碕	qí
碕	qī
碕	qǐ
碖	lùn
碖	lún
碖	lǔn
碗	wǎn
碘	diǎn
碙	gāng
碙	náo
碚	bèi
碛	qì
碜	chěn
碝	ruǎn
碞	yán
碟	dié
碟	shé
碠	dìng
碡	dú
碡	zhóu
碢	tuó
碣	jié
碣	kě
碣	yà
碤	yīng
碥	biǎn
碦	kè
碧	bì
碨	wèi
碨	wěi
碩	shuò
碪	kàn
碪	zhēn
碪	ǎn
碫	duàn
碬	xiá
碭	dàng
碮	dī
碮	tí
碯	nǎo
碰	pèng
碱	jiǎn
碱	xián
碲	dì
碳	tàn
碴	chá
碴	chā
碵	tián
碶	qì
碷	dùn
碸	fēng
碹	xuàn
確	què
碻	qiāo
碻	què
碼	mǎ
碽	gōng
碾	niǎn
碿	sù
碿	xiè
磀	é
磁	cí
磂	liù
磂	liú
磃	sī
磃	tí
磄	táng
磅	bàng
磅	páng
磅	pāng
磆	gū
磆	huá
磆	kě
磇	pī
磈	kuǐ
磈	wěi
磉	sǎng
磊	lěi
磋	cuō
磌	tián
磍	qià
磍	xiá
磍	yà
磎	qī
磎	xī
磏	lián
磐	pán
磑	gài
磑	wèi
磑	wéi
磑	ái
磒	yǔn
磓	duī
磓	zhuì
磔	zhé
磕	kē
磕	kě
磖	lá
磖	lā
磗	zhuān
磘	yáo
磙	gǔn
磚	tuán
磚	tuó
磚	zhuān
磛	chán
磜	qì
磜	qī
磝	qiāo
磝	áo
磞	pēng
磟	liù
磟	lù
磠	lǔ
磡	kàn
磢	chuǎng
磣	chěn
磣	cà
磤	yīn
磤	yǐn
磥	léi
磥	lěi
磦	biāo
磧	qì
磨	mò
磨	mó
磩	qì
磩	zhú
磪	cuī
磫	zōng
磬	qìng
磬	qǐng
磭	chuò
磮	lún
磯	jī
磰	shàn
磱	láo
磲	qú
磳	zēng
磴	dèng
磴	dēng
磵	jiàn
磶	xì
磷	lìn
磷	lín
磷	líng
磷	lǐn
磸	dìng
磹	diàn
磹	tán
磺	gǒng
磺	huáng
磺	kuàng
磻	bō
磻	pán
磼	shé
磼	zá
磽	qiào
磽	qiāo
磽	qiǎo
磽	áo
磾	dī
磿	lì
礀	jiàn
礁	jiāo
礂	xī
礃	zhǎng
礄	qiáo
礅	dūn
礆	jiǎn
礆	xiǎn
礇	yù
礈	zhuì
礉	hé
礉	qiào
礉	qiāo
礉	áo
礊	huò
礊	kè
礋	zé
礌	lèi
礌	léi
礌	lěi
礍	jié
礎	chǔ
礏	yè
礐	hú
礐	què
礑	dàng
礒	yǐ
礓	jiāng
礔	pī
礕	pī
礖	yù
礗	pīn
礘	qì
礘	è
礙	yí
礙	ài
礚	kē
礛	jiān
礜	yù
礝	ruǎn
礞	méng
礟	pào
礠	cí
礡	bó
礢	yǎng
礣	mà
礤	cǎ
礥	xián
礥	xín
礦	gǒng
礦	kuàng
礧	lèi
礧	léi
礧	lěi
礨	lěi
礩	zhì
礪	lì
礫	luò
礫	lì
礬	fán
礭	què
礮	pào
礯	yīng
礰	lì
礱	lóng
礲	lóng
礳	mò
礴	bó
礵	shuāng
礶	guàn
礷	lán
礸	cǎ
礹	yán
礹	yǎn
示	qí
示	shì
示	shí
示	zhì
礻	shì
礼	lǐ
礽	réng
社	shè
礿	yuè
祀	sì
祁	qí
祁	zhǐ
祂	tā
祃	mà
祄	xiè
祅	yāo
祆	xiān
祇	chí
祇	qí
祇	zhī
祈	guǐ
祈	qí
祉	zhǐ
祊	bēng
祊	fāng
祋	duì
祌	chōng
祌	zhòng
祍	rèn
祎	yī
祏	shí
祐	yòu
祑	zhì
祒	tiáo
祓	fèi
祓	fú
祔	fù
祕	bì
祕	mì
祖	jiē
祖	zǔ
祗	zhī
祘	suàn
祙	mèi
祚	zuò
祛	qū
祜	hù
祝	chù
祝	zhòu
祝	zhù
神	shén
神	shēn
祟	suì
祠	cí
祠	sì
祡	chái
祢	mí
祣	lǚ
祤	yǔ
祥	xiáng
祦	wú
祧	tiāo
票	piào
票	piāo
祩	zhù
祪	guǐ
祫	xiá
祬	zhī
祭	jì
祭	zhài
祮	gào
祯	zhēn
祰	gào
祱	lèi
祱	shuì
祲	jìn
祳	shèn
祴	gāi
祵	kǔn
祶	dì
祷	dǎo
祸	huò
祹	táo
祺	qí
祻	gù
祼	guàn
祽	zuì
祾	líng
祿	lù
禀	bǐng
禁	jìn
禁	jīn
禂	dǎo
禃	zhí
禄	lù
禅	chán
禆	bì
禇	zhě
禈	huī
禉	yǒu
禊	xì
禋	yīn
禌	zī
禍	huò
禎	zhēn
禎	zhēng
福	fù
福	fú
禐	yuàn
禑	wú
禒	xiǎn
禓	shāng
禓	yáng
禔	zhī
禕	yī
禖	méi
禗	sī
禘	dì
禙	bèi
禚	zhuó
禛	zhēn
禜	yíng
禜	yǒng
禝	jì
禞	gào
禟	táng
禠	sī
禡	mà
禢	tà
禣	fù
禤	xuān
禥	qí
禦	yù
禧	xī
禧	xǐ
禨	jì
禨	jī
禨	qí
禩	sì
禪	chán
禪	shàn
禪	tán
禫	dàn
禬	guì
禭	suì
禮	lǐ
禯	nóng
禰	mí
禰	nǐ
禰	xiǎn
禱	dǎo
禲	lì
禳	ráng
禴	yuè
禵	tí
禶	zàn
禷	lèi
禸	róu
禹	yǔ
禺	yù
禺	yú
离	chī
离	lí
禼	xiè
禽	qín
禾	hé
禿	tū
秀	xiù
私	sī
秂	rén
秃	tū
秄	zì
秄	zǐ
秅	chá
秅	ná
秆	gǎn
秇	yì
秇	zhí
秈	xiān
秉	bǐng
秊	nián
秋	qiū
秌	qiū
种	chóng
种	zhòng
种	zhǒng
秎	fèn
秏	hào
秏	mào
秐	yún
科	kè
科	kē
秒	miǎo
秓	zhī
秔	jīng
秕	bǐ
秖	zhī
秗	yù
秘	bié
秘	bì
秘	mì
秙	kù
秚	bàn
秛	pī
秜	nì
秜	ní
秝	lì
秞	yóu
租	jū
租	zū
秠	pī
秡	bó
秢	líng
秣	mò
秤	chèng
秤	chēng
秤	píng
秥	nián
秦	qín
秧	yāng
秨	zuó
秩	zhì
秪	zhī
秫	shú
秬	jù
秭	zǐ
秮	huó
积	jī
积	zhǐ
称	chēng
秱	tóng
秲	shì
秲	zhì
秳	huó
秳	kuò
秴	gé
秴	hé
秵	yīn
秶	zī
秷	zhì
秸	jiē
秸	jí
秹	rěn
秺	dù
移	chǐ
移	yì
移	yí
秼	zhū
秽	huì
秾	nóng
秿	bū
秿	fù
秿	pū
稀	xī
稁	gǎo
稂	láng
稃	fū
稄	xùn
稄	zè
稅	shuì
稆	lǚ
稇	kǔn
稈	gǎn
稉	jīng
稊	tí
程	chéng
稌	shǔ
稌	tú
稍	shào
稍	shāo
税	shuì
税	tuàn
税	tuì
税	tuō
稏	yà
稐	lǔn
稑	lù
稒	gù
稓	zuó
稔	rěn
稕	zhùn
稕	zhǔn
稖	bàng
稗	bài
稘	jī
稘	qí
稙	zhì
稙	zhī
稚	zhì
稛	kǔn
稜	lèng
稜	léng
稝	péng
稞	huà
稞	kē
稟	bǐng
稟	lǐn
稠	chóu
稠	diào
稠	tiáo
稡	sū
稡	zuì
稡	zú
稢	yù
稣	sū
稤	lüè
稥	xiāng
稦	yī
稧	qiè
稧	xì
稨	biǎn
稩	jì
稪	fú
稫	bì
稫	pì
稬	nuò
稭	jiē
種	chóng
種	zhòng
種	zhǒng
稯	zōng
稯	zǒng
稰	xū
稰	xǔ
稱	chèn
稱	chèng
稱	chēng
稲	dào
稳	wěn
稴	jiān
稴	liàn
稴	liǎn
稴	xián
稵	jiū
稵	zī
稶	yù
稷	jì
稷	zè
稸	xù
稹	biān
稹	zhēn
稹	zhěn
稺	zhì
稻	dào
稼	jià
稽	jī
稽	qǐ
稾	gào
稾	gǎo
稾	jiào
稾	kào
稿	gǎo
穀	gǔ
穁	róng
穂	suì
穃	rong
穄	jì
穅	kāng
穆	mù
穇	cēn
穇	cǎn
穇	shān
穈	méi
穈	mén
穈	mí
穉	chí
穉	tí
穉	zhì
穊	jì
穋	jiū
穋	lù
穌	sū
積	jī
穎	yǐng
穏	wěn
穐	qiū
穑	sè
穒	hè
穓	yì
穔	huáng
穕	qiè
穖	jì
穖	jǐ
穗	suì
穘	rào
穘	xiāo
穙	pú
穚	jiāo
穛	bó
穛	zhuō
穜	tóng
穜	zhòng
穜	zhǒng
穝	zui
穞	lǚ
穟	suì
穠	nóng
穡	sè
穢	huì
穣	ráng
穤	nuò
穥	yù
穥	yǔ
穦	pīn
穧	jì
穧	zì
穨	tuí
穩	wěn
穪	bié
穪	chēng
穫	huò
穫	hù
穬	kuàng
穭	lǚ
穮	biāo
穮	pāo
穯	sè
穰	ráng
穰	réng
穰	rǎng
穱	jué
穱	zhuō
穲	lí
穳	cuán
穳	zàn
穴	jué
穴	xué
穵	wā
穵	yà
究	jiù
究	jiū
穷	qióng
穸	xī
穹	kōng
穹	qióng
穹	qiōng
空	kòng
空	kōng
空	kǒng
穻	yū
穻	yǔ
穼	shēn
穽	jǐng
穾	yào
穾	yǎo
穿	chuàn
穿	chuān
穿	yuān
窀	tún
窀	zhūn
突	tū
窂	láo
窃	qiè
窄	zhǎi
窅	yǎo
窆	biǎn
窇	báo
窈	yào
窈	yǎo
窉	bǐng
窊	wā
窋	kū
窋	zhú
窌	jiào
窌	liáo
窌	liù
窌	pào
窍	qiào
窎	diào
窏	wū
窐	guī
窐	wā
窑	yáo
窒	dié
窒	zhì
窓	chuāng
窔	yào
窔	yǎo
窕	tiāo
窕	tiǎo
窖	jiào
窖	zào
窗	chuāng
窗	cōng
窘	jiǒng
窙	xiāo
窚	chéng
窛	kòu
窜	cuàn
窝	wō
窞	dàn
窟	kū
窠	kē
窡	zhuó
窢	xū
窣	sū
窤	guān
窥	kuī
窦	dòu
窧	zhuo
窨	xūn
窨	yìn
窨	yīn
窩	wō
窪	wā
窫	yà
窫	yē
窬	dōu
窬	yú
窭	jù
窮	qióng
窯	qiāo
窯	yào
窯	yáo
窰	yáo
窱	tiǎo
窲	cháo
窳	yú
窳	yǔ
窴	tián
窵	diào
窶	jù
窶	lóu
窷	liào
窸	xī
窹	wù
窺	kuī
窺	kuǐ
窻	chuāng
窼	kē
窼	zhāo
窽	kuǎn
窾	cuàn
窾	kuǎn
窿	lóng
竀	chèng
竀	chēng
竁	cuì
竂	liáo
竃	zào
竄	cuàn
竄	cuān
竅	qiào
竆	qióng
竇	dòu
竇	dú
竈	zào
竉	lǒng
竊	qiè
立	lì
立	wèi
竌	chù
竍	shí
竎	fù
竏	qiān
竐	chù
竑	hóng
竒	qí
竓	háo
竔	shēng
竕	fēn
竖	shù
竗	miào
竘	kǒu
竘	qǔ
站	zhàn
站	zhān
竚	zhù
竛	líng
竜	lóng
竜	néng
竝	bìng
竞	jìng
竟	jìng
章	zhàng
章	zhāng
竡	bǎi
竢	sì
竣	jùn
竤	hóng
童	tóng
童	zhōng
竦	sǒng
竧	jìng
竧	zhěn
竨	diào
竩	yì
竪	shù
竫	jìng
竬	qǔ
竭	jié
竮	pīng
端	duān
竰	lí
竱	zhuǎn
竲	céng
竳	dēng
竴	cūn
竵	huā
竵	wāi
競	jìng
竷	kàn
竷	kǎn
竸	jìng
竹	zhú
竺	dǔ
竺	zhú
竻	jīn
竻	lè
竼	péng
竽	yú
竾	chí
竿	gàn
竿	gān
竿	gǎn
笀	máng
笁	zhú
笂	wán
笃	dǔ
笄	jī
笅	jiǎo
笆	bā
笇	suàn
笈	jí
笉	qǐn
笊	zhào
笋	sǔn
笌	yá
笍	ruì
笍	zhuì
笎	yuán
笏	hù
笏	wù
笏	wěn
笐	hàng
笐	háng
笑	xiào
笒	cén
笒	hán
笒	jìn
笓	bì
笓	bī
笓	pí
笔	bǐ
笕	jiǎn
笖	yǐ
笗	dōng
笘	shān
笙	shēng
笚	dā
笚	nà
笚	xiá
笛	dí
笜	zhú
笝	nà
笞	chī
笟	gū
笠	lì
笡	qiè
笢	mǐn
笣	bāo
笤	shào
笤	tiáo
笥	sì
符	fú
笧	cè
笧	shàn
笨	bèn
笩	fá
笪	dá
笫	zǐ
第	dì
笭	líng
笮	zhà
笮	zuó
笮	zé
笯	nú
笰	fèi
笰	fú
笱	gǒu
笲	fán
笳	jiā
笴	gǎn
笵	fàn
笶	shǐ
笷	mǎo
笸	pǒ
笹	tì
笺	jiān
笻	qióng
笼	lóng
笽	mǐn
笾	biān
笿	luò
筀	guì
筁	qū
筂	chí
筃	yīn
筄	yào
筅	xiǎn
筆	bǐ
筇	qióng
筈	kuò
等	děng
筊	jiào
筊	jiǎo
筊	xiáo
筋	jīn
筋	qián
筌	quán
筍	sǔn
筍	xùn
筍	yún
筎	rú
筏	fá
筐	kuāng
筑	zhù
筑	zhú
筒	dòng
筒	tóng
筒	tǒng
筓	jī
答	dá
答	dā
筕	háng
策	cè
筗	zhòng
筘	kòu
筙	lái
筚	bì
筛	shāi
筜	dāng
筝	zhēng
筞	cè
筟	fū
筠	jūn
筠	yún
筡	tú
筢	pá
筣	lí
筤	làng
筤	láng
筥	jǔ
筦	guǎn
筧	jiǎn
筧	xiàn
筨	hán
筩	dòng
筩	tóng
筩	tǒng
筩	yǒng
筪	xiá
筫	zhì
筫	zhǐ
筬	chéng
筭	suàn
筮	shì
筯	zhù
筰	zuó
筱	xiǎo
筲	shāo
筳	tíng
筴	cè
筴	jiā
筵	yán
筶	gào
筶	gǎo
筷	kuài
筸	gān
筹	chóu
筺	kuāng
筻	gàng
筼	yún
筽	wú
筽	ōu
签	qiān
筿	xiǎo
简	jiǎn
箁	bù
箁	fú
箁	póu
箁	pú
箂	lái
箃	zōu
箄	bì
箄	bēi
箄	bī
箄	bǐ
箄	pái
箅	bì
箆	bì
箇	gè
箈	chí
箈	tái
箉	dài
箉	guǎi
箊	yū
箋	jiān
箌	dào
箌	zhào
箍	gū
箎	chí
箎	hǔ
箏	zhēng
箐	jīng
箐	qiāng
箐	qìng
箑	shà
箑	zhá
箒	zhǒu
箓	lù
箔	bó
箕	jī
箖	lín
箖	lǐn
算	suàn
箘	jùn
箘	qūn
箙	fú
箚	zhá
箛	gū
箜	kōng
箝	qián
箞	qiān
箟	jùn
箠	chuí
箠	zhuī
管	guǎn
箢	wǎn
箢	yuān
箣	cè
箤	zú
箥	bǒ
箦	zé
箧	qiè
箨	tuò
箩	luó
箪	dān
箫	xiāo
箬	nà
箬	ruò
箭	jiàn
箮	xuān
箯	biān
箰	sǔn
箱	xiāng
箲	xiǎn
箳	píng
箴	jiǎn
箴	zhēn
箵	shěng
箵	xīng
箵	xǐng
箶	hú
箷	shī
箷	yí
箸	zhuó
箸	zhù
箹	chuò
箹	yuē
箹	yào
箺	chūn
箻	lǜ
箼	wū
箽	dǒng
箾	qiào
箾	shuò
箾	xiāo
箿	jí
節	jié
節	jiē
篁	huáng
篂	xīng
篃	mèi
範	fàn
篅	chuán
篅	duān
篆	zhuàn
篇	piān
篈	fēng
築	zhù
築	zhú
篊	huáng
篊	hóng
篋	qiè
篌	hóu
篍	qiū
篎	miǎo
篏	qiàn
篐	gū
篑	kuì
篒	shi
篓	lǒu
篔	xūn
篔	yún
篕	hé
篖	táng
篗	yuè
篘	chōu
篙	gāo
篚	fěi
篛	ruò
篜	zhēng
篝	gōu
篞	niè
篟	qiàn
篠	xiǎo
篡	cuàn
篢	gōng
篢	gǎn
篢	lǒng
篣	páng
篣	péng
篤	dǔ
篥	lì
篦	bì
篦	pí
篧	huò
篧	zhuó
篨	chú
篩	shāi
篩	shī
篪	chí
篫	zhù
篬	cāng
篬	qiāng
篭	lóng
篮	lán
篯	jiān
篰	bù
篱	lí
篲	huì
篲	suì
篳	bì
篴	dí
篴	zhú
篵	cōng
篶	yān
篷	péng
篸	cēn
篸	cǎn
篸	zān
篹	suǎn
篹	zhuàn
篹	zuǎn
篺	pí
篻	biāo
篻	piǎo
篼	dōu
篽	yù
篾	miè
篿	tuán
篿	zhuān
簀	zhài
簀	zé
簁	shāi
簂	guì
簂	guó
簃	yí
簄	hù
簅	chǎn
簆	kòu
簇	chuò
簇	còu
簇	cù
簈	píng
簉	chòu
簉	zào
簊	jī
簋	guǐ
簌	sù
簍	jù
簍	lǒu
簍	lǚ
簎	cè
簎	jí
簏	lù
簐	niǎn
簑	suō
簒	cuàn
簓	diāo
簔	suō
簕	lè
簖	duàn
簗	zhù
簘	xiāo
簙	bó
簚	mì
簛	shāi
簛	sī
簜	dàng
簜	tāng
簝	liáo
簞	dān
簟	diàn
簠	fǔ
簡	jiǎn
簢	mǐn
簣	kuì
簤	dài
簥	jiāo
簦	dēng
簧	huáng
簨	sǔn
簨	zhuàn
簩	láo
簪	zān
簪	zǎn
簫	xiāo
簫	xiǎo
簬	lù
簭	shì
簮	zān
簯	qi
簰	pái
簱	qí
簲	pái
簳	gàn
簳	gǎn
簴	jù
簵	lù
簶	lù
簷	yán
簸	bò
簸	bǒ
簹	dāng
簺	sài
簻	kē
簻	zhuā
簼	gōu
簽	qiān
簾	lián
簿	bó
簿	bù
籀	zhòu
籁	lài
籂	shi
籃	lán
籄	kuì
籅	yú
籆	yuè
籇	háo
籈	jiān
籈	zhēn
籉	tái
籊	tì
籋	mí
籋	niè
籌	chóu
籌	táo
籍	jiè
籍	jí
籎	yí
籏	qí
籐	téng
籑	zhuàn
籒	zhòu
籓	bān
籓	fān
籓	pān
籔	shǔ
籔	sǒu
籕	zhòu
籖	qian
籗	zhuó
籘	téng
籙	lù
籚	lú
籛	jiān
籛	jiǎn
籜	tuò
籝	yíng
籞	yù
籟	lài
籠	lóng
籠	lǒng
籡	qiè
籢	lián
籣	lán
籤	qiān
籥	yuè
籦	zhōng
籧	jǔ
籧	qú
籨	lián
籩	biān
籪	duàn
籫	zuǎn
籬	lí
籭	sī
籮	luó
籯	yíng
籰	yuè
籱	zhuó
籲	yù
米	mǐ
籴	dí
籴	zá
籵	fán
籶	shēn
籷	zhé
籸	shēn
籹	nǚ
籺	hé
类	lèi
籼	xiān
籽	zǐ
籾	ní
籿	cùn
粀	zhàng
粁	qiān
粂	zhāi
粃	bǐ
粃	pī
粄	bǎn
粅	wù
粆	chǎo
粆	shā
粇	jīng
粇	kāng
粈	róu
粉	fěn
粊	bì
粋	cuì
粌	yin
粍	zhé
粎	mǐ
粏	tai
粐	hù
粑	bā
粒	lì
粓	gān
粔	jù
粕	pò
粖	mò
粗	cū
粘	nián
粘	zhān
粙	zhòu
粚	chī
粛	sù
粜	tiào
粝	lì
粞	xī
粟	sù
粠	hóng
粡	tóng
粢	cí
粢	jì
粢	zī
粣	cè
粣	sè
粤	yuè
粥	yù
粥	zhōu
粦	lín
粧	zhuāng
粨	bǎi
粩	lāo
粪	fèn
粫	ér
粬	qū
粭	hé
粮	liáng
粯	xiàn
粰	fú
粰	fū
粱	liáng
粲	càn
粳	jīng
粴	lǐ
粵	yuè
粶	lù
粷	jú
粸	qí
粹	cuì
粹	suì
粺	bài
粻	zhāng
粼	lín
粼	lǐn
粽	zòng
精	jìng
精	jīng
精	qíng
粿	guǒ
粿	huà
糀	huā
糁	sǎn
糂	sǎn
糃	táng
糄	biān
糄	biǎn
糅	róu
糆	miàn
糇	hóu
糈	xǔ
糉	zòng
糊	hù
糊	hú
糊	hū
糋	jiàn
糌	zān
糍	cí
糎	lí
糏	xiè
糐	fū
糑	nuò
糒	bèi
糓	gǔ
糔	xiǔ
糕	gāo
糖	táng
糗	qiǔ
糘	jiā
糙	cāo
糚	zhuāng
糛	táng
糜	méi
糜	mí
糝	sān
糝	sǎn
糞	fèn
糟	zāo
糠	kāng
糡	jiàng
糢	mó
糣	sǎn
糤	sǎn
糥	nuò
糦	xī
糧	liáng
糨	jiàng
糨	jiāng
糩	kuài
糪	bò
糫	huán
糬	shǔ
糭	zòng
糮	xiàn
糯	nuò
糰	tuán
糱	niè
糲	lì
糳	zuò
糴	dí
糵	niè
糶	diào
糶	tiào
糷	làn
糸	mì
糸	sī
糹	sī
糺	jiū
糺	jiǔ
系	jì
系	xì
糼	gōng
糽	zhēng
糽	zhěng
糾	jiū
糾	jiǎo
糿	yòu
紀	jì
紀	jǐ
紁	chà
紂	zhòu
紃	xún
約	dì
約	yuē
約	yào
約	yāo
紅	gōng
紅	hóng
紅	jiàng
紆	yū
紆	ōu
紇	gē
紇	hé
紇	jié
紈	wán
紉	rèn
紊	wèn
紊	wěn
紋	wèn
紋	wén
紌	qiú
納	nà
紎	zī
紏	tǒu
紐	niǔ
紑	fóu
紒	jiè
紒	jié
紒	jì
紓	shū
純	chún
純	quán
純	tún
純	zhūn
純	zhǔn
純	zī
紕	bì
紕	bī
紕	bǐ
紕	chǐ
紕	pí
紕	pī
紖	zhèn
紗	miǎo
紗	shā
紘	hóng
紙	zhǐ
級	jí
紛	fēn
紜	yún
紝	rèn
紞	dǎn
紟	jìn
紟	jīn
素	sù
紡	bǎng
紡	fàng
紡	fǎng
索	suǒ
紣	cuì
紤	jiǔ
紥	zā
紦	ba
紧	jǐn
紨	fù
紨	fū
紩	zhì
紪	qī
紫	zǐ
紬	chóu
紬	chōu
紬	zhòu
紭	hóng
紮	zhā
紮	zā
累	liè
累	lèi
累	léi
累	lěi
累	lǜ
細	xì
紱	fú
紲	xiè
紲	yì
紳	shēn
紴	bì
紴	bō
紵	shū
紵	zhù
紶	qū
紶	qǔ
紷	líng
紸	zhù
紹	chāo
紹	shào
紺	gàn
紻	yǎng
紼	fèi
紼	fú
紽	tuó
紾	jǐn
紾	tiǎn
紾	zhěn
紿	dài
絀	chù
絁	shī
終	zhōng
絃	xián
絃	xuàn
組	qū
組	zǔ
絅	jiōng
絅	jiǒng
絆	bàn
絇	qú
絈	mò
絉	shù
絊	zuì
絋	kuàng
経	jīng
絍	rèn
絎	háng
絏	xiè
絏	yì
結	jié
結	jiē
結	jì
絑	zhū
絒	chóu
絓	guà
絓	kuā
絔	bǎi
絔	mò
絕	jué
絖	kuàng
絗	hú
絘	cì
絙	gēng
絙	huán
絚	gēng
絛	tāo
絜	jiá
絜	jié
絜	qià
絜	qì
絜	xié
絝	kù
絞	jiào
絞	jiǎo
絞	xiáo
絟	quán
絠	gǎi
絠	ǎi
絡	luò
絡	lào
絢	xuàn
絢	xún
絣	bēng
絣	bīng
絣	pēng
絤	xiàn
絥	fú
給	gěi
給	jǐ
給	xiá
絧	dòng
絧	tóng
絧	tōng
絨	róng
絩	diào
絩	dào
絩	tiào
絪	yīn
絫	lěi
絬	xiè
絭	juàn
絮	chù
絮	nà
絮	nǜ
絮	xù
絯	gāi
絯	hài
絰	dié
統	tǒng
絲	sī
絳	jiàng
絴	xiáng
絵	huì
絶	jué
絷	zhí
絸	jiǎn
絹	juàn
絹	xuàn
絺	chī
絺	zhǐ
絻	miǎn
絻	mán
絻	wàn
絻	wèn
絼	zhèn
絽	lǚ
絾	chéng
絿	qiú
綀	shū
綁	bǎng
綂	tǒng
綃	shāo
綃	xiāo
綄	huàn
綄	huán
綄	wàn
綅	qīn
綅	xiān
綆	bǐng
綆	gěng
綇	xiǔ
綈	tì
綈	tí
綉	tòu
綉	xiù
綊	xié
綋	hóng
綌	xì
綍	fú
綎	tīng
綏	ruí
綏	shuāi
綏	suí
綏	suī
綏	tuǒ
綐	duì
綑	kǔn
綒	fū
經	jìng
經	jīng
綔	hù
綕	zhī
綖	xiàn
綖	yán
綗	jiǒng
綘	féng
継	jì
続	xù
綛	rěn
綜	zèng
綜	zòng
綜	zōng
綝	chēn
綝	shēn
綞	duǒ
綟	liè
綟	lì
綠	lǜ
綡	liáng
綢	chóu
綢	diào
綢	tāo
綣	quǎn
綤	shào
綥	qí
綦	qì
綦	qí
綧	zhùn
綧	zhǔn
綨	qí
綩	wǎn
綪	qiàn
綪	qīng
綪	zhēng
綫	xiàn
綬	shòu
維	wéi
維	yí
綮	qìng
綮	qǐ
綯	táo
綰	wǎn
綱	gāng
網	wǎng
綳	bēng
綴	chuò
綴	zhuì
綵	cǎi
綶	guǒ
綷	cuì
綷	zú
綸	guān
綸	lún
綹	liǔ
綺	qǐ
綺	yǐ
綻	zhàn
綼	bì
綽	chuò
綽	chāo
綾	líng
綿	mián
緀	qī
緁	qiè
緂	chān
緂	tián
緂	tǎn
緃	zōng
緄	gǔn
緄	hùn
緄	hún
緅	zōu
緆	xī
緇	zī
緈	xìng
緉	liǎng
緊	jǐn
緋	fēi
緌	ruí
緍	mín
緎	yù
総	cōng
総	zǒng
緐	fán
緑	lù
緑	lǜ
緒	xù
緓	yīng
緔	shàng
緕	qi
緖	xù
緗	xiāng
緘	jiān
緙	kè
線	xiàn
緛	ruàn
緛	ruǎn
緜	mián
緝	jí
緝	jī
緝	qì
緝	qī
緞	duàn
緟	chóng
緟	zhòng
締	dì
緡	hún
緡	mián
緡	mín
緡	mǐn
緢	miáo
緢	máo
緣	yuàn
緣	yuán
緤	xiè
緤	yè
緥	bǎo
緦	sī
緧	qiū
編	biàn
編	biān
編	biǎn
緩	huǎn
緪	gèng
緪	gēng
緫	cōng
緬	miǎn
緭	wèi
緮	fù
緯	wěi
緰	tóu
緰	xū
緰	yú
緱	gōu
緲	miǎo
緳	xié
練	liàn
緵	zòng
緵	zōng
緶	biàn
緶	biǎn
緶	pián
緷	gǔn
緷	yùn
緸	yīn
緹	tí
緺	guā
緻	zhì
緼	wēn
緼	yùn
緽	chēng
緾	chán
緿	dài
縀	xiá
縁	yuán
縂	zǒng
縃	xū
縄	shéng
縅	wēi
縆	gēng
縇	xuān
縈	yíng
縉	jìn
縊	yì
縋	zhuì
縌	nì
縍	bàng
縍	bāng
縎	gǔ
縎	hú
縏	pán
縐	chào
縐	cù
縐	zhòu
縐	zhōu
縑	jiān
縒	cuò
縒	cī
縒	suǒ
縓	quán
縔	shuǎng
縕	yùn
縖	xiá
縗	cuī
縗	shuāi
縗	suī
縘	xī
縙	ròng
縙	róng
縙	rǒng
縚	tāo
縛	fù
縜	yún
縝	chēn
縝	zhěn
縞	gǎo
縟	rù
縟	rǒng
縠	hú
縡	zài
縡	zēng
縢	téng
縣	xiàn
縣	xuán
縤	sù
縥	zhěn
縦	zòng
縧	tāo
縨	huǎng
縩	cài
縪	bì
縫	fèng
縫	féng
縬	cù
縭	lí
縮	suō
縮	sù
縯	yǎn
縯	yǐn
縰	xǐ
縱	cóng
縱	zòng
縱	zǒng
縲	léi
縳	juàn
縳	zhuàn
縴	qiàn
縴	qiān
縵	màn
縶	zhí
縷	lǚ
縸	mò
縸	mù
縹	piāo
縹	piǎo
縺	lián
縻	mí
縼	xuàn
總	cōng
總	zōng
總	zǒng
績	jī
縿	cǎn
縿	shān
縿	sāo
縿	xiān
縿	xiāo
繀	cuǐ
繀	suì
繁	fán
繁	pán
繁	pó
繂	lǜ
繃	bèng
繃	bēng
繃	běng
繄	yì
繄	yī
繅	sāo
繅	zǎo
繆	jiū
繆	liào
繆	liáo
繆	liǎo
繆	lù
繆	miào
繆	miù
繆	móu
繆	mù
繇	yáo
繇	yóu
繇	zhòu
繈	qiǎng
繉	hún
繊	xiān
繋	jì
繌	sha
繍	xiù
繎	rán
繏	xuàn
繐	suì
繑	juē
繑	qiāo
繒	céng
繒	zèng
繒	zēng
繓	zuǒ
織	zhì
織	zhī
繕	shàn
繖	sǎn
繗	lín
繘	jué
繘	yù
繙	fán
繙	fān
繚	liáo
繚	rǎo
繛	chuò
繜	zūn
繝	jiàn
繞	rào
繞	rǎo
繟	chán
繟	chǎn
繠	ruǐ
繡	xiù
繢	huì
繢	huí
繣	huà
繤	zuǎn
繥	xī
繦	qiǎng
繧	yun
繨	da
繩	mǐn
繩	shèng
繩	shéng
繩	yìng
繪	guì
繪	huì
繫	jì
繫	xì
繬	sè
繭	jiǎn
繮	jiāng
繯	huán
繰	qiāo
繰	sāo
繰	zǎo
繱	cōng
繲	xiè
繳	hé
繳	jiào
繳	jiǎo
繳	zhuó
繴	bì
繵	chán
繵	dàn
繵	tán
繶	yì
繷	nǒng
繸	suì
繹	shì
繹	yì
繺	shǎi
繻	rú
繻	xū
繼	jì
繽	bīn
繾	qiǎn
繿	lán
纀	fú
纀	pú
纁	xūn
纂	zuǎn
纃	qí
纄	péng
纅	lì
纅	yào
纆	mò
纇	lèi
纈	xié
纉	zuǎn
纊	kuàng
纋	yōu
續	xù
纍	lèi
纍	léi
纍	lěi
纎	xiān
纏	chán
纐	jiǎo
纑	lú
纒	chán
纓	yīng
纔	cái
纔	shān
纕	rǎng
纕	sāng
纕	xiāng
纖	jiān
纖	xiān
纗	zuī
纘	zuǎn
纙	luò
纚	lí
纚	lǐ
纚	sǎ
纚	xǐ
纛	dào
纛	dú
纜	lǎn
纝	léi
纞	liàn
纟	sī
纠	jiū
纡	yū
红	hóng
纣	zhòu
纤	xiān
纥	hé
约	yuē
级	jí
纨	wán
纩	kuàng
纪	jì
纫	rèn
纬	wěi
纭	yún
纮	hóng
纯	chún
纰	pī
纱	shā
纲	gāng
纳	nà
纴	rèn
纵	zòng
纶	lún
纷	fēn
纸	zhǐ
纹	wén
纺	fǎng
纻	zhù
纼	zhèn
纽	niǔ
纾	shū
线	xiàn
绀	gàn
绁	xiè
绂	fú
练	liàn
组	zǔ
绅	shēn
细	xì
织	zhī
终	zhōng
绉	zhòu
绊	bàn
绋	fú
绌	chù
绍	shào
绎	yì
经	jīng
绐	dài
绑	bǎng
绒	róng
结	jié
绔	kù
绕	rào
绖	dié
绗	háng
绘	huì
给	gěi
绚	xuàn
绛	jiàng
络	luò
绝	jué
绞	jiǎo
统	tǒng
绠	gěng
绡	xiāo
绢	juàn
绣	xiù
绤	xì
绥	suí
绦	tāo
继	jì
绨	tí
绩	jì
绪	xù
绫	líng
绬	yīng
续	xù
绮	qǐ
绯	fēi
绰	chuò
绱	shàng
绲	gǔn
绳	shéng
维	wéi
绵	mián
绶	shòu
绷	bēng
绸	chóu
绹	táo
绺	liǔ
绻	quǎn
综	zōng
绽	zhàn
绾	wǎn
绿	lǜ
缀	zhuì
缁	zī
缂	kè
缃	xiāng
缄	jiān
缅	miǎn
缆	lǎn
缇	tí
缈	miǎo
缉	jī
缊	yùn
缋	huì
缌	sī
缍	duǒ
缎	duàn
缏	biàn
缐	xiàn
缑	gōu
缒	zhuì
缓	huǎn
缔	dì
缕	lǚ
编	biān
缗	mín
缘	yuán
缙	jìn
缚	fù
缛	rù
缜	zhěn
缝	fèng
缞	cuī
缟	gǎo
缠	chán
缡	lí
缢	yì
缣	jiān
缤	bīn
缥	piāo
缦	màn
缧	léi
缨	yīng
缩	suō
缪	móu
缫	sāo
缬	xié
缭	liáo
缮	shàn
缯	zēng
缰	jiāng
缱	qiǎn
缲	qiāo
缳	huán
缴	jiǎo
缵	zuǎn
缶	fǒu
缷	xiè
缸	gāng
缹	fǒu
缺	kuǐ
缺	quē
缻	fǒu
缼	qi
缽	bō
缾	píng
缿	xiàng
罀	zhao
罁	gāng
罂	yīng
罃	yīng
罄	qìng
罅	xià
罆	guàn
罇	zūn
罈	tán
罉	chēng
罊	qì
罋	wèng
罌	yīng
罍	léi
罎	tán
罏	lú
罐	guàn
网	wǎng
罒	wǎng
罓	gāng
罔	wáng
罔	wǎng
罕	hàn
罕	hǎn
罖	luó
罗	luó
罘	fú
罙	shēn
罚	fá
罛	gū
罜	dú
罜	zhǔ
罝	jiē
罝	jū
罞	máo
罟	gǔ
罠	mín
罡	gāng
罢	bà
罣	guà
罤	kūn
罤	tí
罥	juàn
罦	fú
罧	shèn
罨	yǎn
罩	zhào
罪	zuì
罫	guà
罫	guǎi
罫	huà
罬	zhuó
罭	yù
置	zhì
罯	ǎn
罰	fá
罱	lǎn
罱	nǎn
署	shǔ
罳	sī
罴	pí
罵	mà
罶	liǔ
罷	ba
罷	bà
罷	bǎi
罷	bǐ
罷	pì
罷	pí
罸	fá
罹	lí
罺	cháo
罻	wèi
罼	bì
罽	jì
罾	zēng
罿	chōng
羀	liǔ
羁	jī
羂	juàn
羃	mì
羄	zhào
羅	luo
羅	luó
羅	luō
羆	pí
羇	jī
羈	jī
羉	luán
羊	yáng
羋	miē
羋	mǐ
羌	qiāng
羍	dá
美	měi
羏	xiáng
羏	yáng
羐	yǒu
羑	yǒu
羒	fén
羓	bā
羔	gāo
羕	yàng
羖	gǔ
羗	qiāng
羗	yǒu
羘	zāng
羙	gāo
羙	měi
羚	líng
羛	xī
羛	yì
羜	zhù
羝	dī
羞	xiū
羟	qiǎng
羠	yí
羡	xiàn
羡	yán
羡	yí
羢	róng
羣	qún
群	qún
羥	qiān
羥	qiǎng
羦	huán
羧	suō
羧	zuī
羨	xiàn
義	xī
義	yì
義	yí
羪	yang
羫	kàng
羫	qiāng
羬	qián
羬	xián
羬	yán
羭	yú
羮	gēng
羯	jié
羰	tāng
羱	yuán
羲	xī
羳	fán
羴	shān
羵	fén
羶	shān
羷	liǎn
羸	lián
羸	léi
羹	gēng
羹	láng
羺	nóu
羻	qiàng
羼	chàn
羽	hù
羽	yǔ
羾	gòng
羿	yì
翀	chōng
翁	wēng
翁	wěng
翂	fēn
翃	hóng
翄	chì
翅	chì
翆	cuì
翇	fú
翈	xiá
翉	běn
翊	yì
翋	lā
翌	yì
翍	bì
翍	pī
翍	pō
翎	líng
翏	liù
翏	lù
翐	zhì
翑	qú
習	xí
翓	xié
翔	xiáng
翕	xī
翖	xī
翗	ké
翘	qiào
翙	huì
翚	huī
翛	shū
翛	xiāo
翜	shà
翝	hóng
翞	jiāng
翟	dí
翟	zhái
翠	cuì
翡	fěi
翢	dào
翢	zhōu
翣	shà
翤	chì
翥	zhù
翦	jiǎn
翧	xuān
翨	chì
翩	piān
翪	zōng
翫	wàn
翫	wán
翬	huī
翭	hóu
翮	hé
翮	lì
翯	hào
翯	hè
翰	hàn
翱	áo
翲	piāo
翳	yì
翴	lián
翵	hóu
翵	qú
翶	áo
翷	lín
翸	pěn
翹	qiào
翹	qiáo
翺	áo
翻	fān
翼	yì
翽	huì
翾	xuān
翿	dào
耀	yào
老	lǎo
耂	lǎo
考	kǎo
耄	mào
者	zhě
耆	qí
耆	shì
耆	zhǐ
耇	gǒu
耈	gǒu
耉	gǒu
耊	dié
耋	dié
而	néng
而	ér
耍	shuǎ
耎	nuò
耎	ruǎn
耏	nài
耏	ér
耐	nài
耐	néng
耑	duān
耑	zhuān
耒	lěi
耓	tīng
耔	zǐ
耕	gēng
耖	chào
耗	hào
耗	mào
耗	máo
耘	yún
耙	bà
耙	pá
耚	pī
耛	chí
耛	yí
耜	sì
耝	chú
耝	qù
耞	jiā
耟	jù
耠	huō
耡	chú
耢	lào
耣	lún
耣	lǔn
耤	jiè
耤	jí
耥	tāng
耥	tǎng
耦	ǒu
耧	lóu
耨	nòu
耩	jiǎng
耪	pǎng
耫	zhá
耫	zé
耬	lóu
耬	lǒu
耭	jī
耮	lào
耯	huò
耰	yōu
耱	mò
耲	huái
耳	réng
耳	ěr
耴	yì
耵	dīng
耶	xié
耶	yé
耶	yē
耷	dā
耷	zhé
耸	sǒng
耹	qín
耺	yíng
耺	yún
耻	chǐ
耼	dān
耽	dān
耾	hóng
耿	gěng
聀	zhí
聁	pàn
聂	niè
聃	dān
聄	zhěn
聅	chè
聆	líng
聇	zhēng
聈	yǒu
聉	tuǐ
聉	wà
聉	zhuó
聊	liáo
聊	liú
聋	lóng
职	zhí
聍	níng
聎	tiāo
聏	nǜ
聏	ér
聐	yà
聑	tiē
聑	zhé
聒	guā
聒	guō
聓	xù
联	lián
聕	hào
聖	shèng
聗	liè
聘	pìn
聘	pìng
聙	jīng
聚	jù
聛	bǐ
聜	dǐ
聝	guó
聞	wèn
聞	wén
聟	xù
聠	pīng
聡	cōng
聢	dìng
聣	ní
聤	tíng
聥	jǔ
聦	cōng
聧	kuī
聨	lián
聩	kuì
聪	cōng
聫	lián
聬	wěng
聭	kuì
聮	lián
聯	lián
聰	cōng
聱	yóu
聱	áo
聲	shēng
聳	sǒng
聴	tīng
聵	kuì
聶	niè
聶	shè
聶	yè
聶	zhé
職	tè
職	zhí
聸	dān
聹	níng
聺	qié
聻	jiàn
聻	nǐ
聼	tīng
聽	tīng
聾	lóng
聿	yù
肀	yù
肁	zhào
肂	sì
肃	sù
肄	sì
肄	yì
肅	sù
肆	sì
肆	tì
肇	zhào
肈	zhào
肉	ròu
肉	rù
肊	yì
肋	jīn
肋	lè
肋	lèi
肋	lē
肌	jì
肌	jī
肍	qiú
肎	kěn
肏	cào
肐	gē
肐	qì
肑	bó
肑	dí
肒	huàn
肓	huāng
肔	chǐ
肕	rèn
肖	xiào
肖	xiāo
肗	rǔ
肘	zhǒu
肙	yuàn
肚	dù
肚	dǔ
肛	gāng
肜	chēn
肜	róng
肝	gān
肞	chā
肟	wò
肠	cháng
股	gǔ
肢	shì
肢	zhī
肣	hàn
肣	hán
肣	qín
肤	fū
肥	bǐ
肥	féi
肦	fén
肧	pēi
肨	fēng
肨	pàng
肨	pāng
肩	jiān
肩	xián
肪	fáng
肫	chún
肫	tún
肫	zhuō
肫	zhūn
肬	yóu
肭	nà
肭	nù
肮	gāng
肮	háng
肮	āng
肯	kěn
肰	rán
肱	gōng
育	yù
育	zhòu
肳	wěn
肴	yáo
肵	qí
肶	bì
肶	pí
肷	qiǎn
肷	xù
肸	bì
肸	xī
肹	xī
肺	fèi
肺	pèi
肻	kěn
肼	jǐng
肽	tài
肾	shèn
肿	zhǒng
胀	zhàng
胁	xié
胂	chēn
胂	shèn
胂	shēn
胃	wèi
胄	zhòu
胅	dié
胆	dá
胆	dǎn
胆	tán
胆	tǎn
胇	bì
胇	fèi
胇	fěi
胈	bá
胉	bó
胊	qú
胋	tián
背	bèi
背	bēi
胍	guā
胍	gū
胍	hù
胎	tāi
胏	fèi
胏	zǐ
胐	fěi
胑	zhī
胒	nì
胓	píng
胓	pēng
胔	cí
胔	jí
胔	zì
胕	fú
胕	fū
胕	fǔ
胕	zhǒu
胖	pàn
胖	pàng
胖	pán
胗	zhēn
胗	zhěn
胗	zhūn
胘	xián
胙	zuò
胚	pēi
胛	jiǎ
胜	qìng
胜	shèng
胜	shēng
胜	xīng
胝	chī
胝	dì
胝	zhī
胞	bāo
胞	pào
胞	páo
胟	mǔ
胠	qū
胡	hú
胢	kē
胣	chǐ
胤	yìn
胥	xū
胥	xǔ
胦	yāng
胧	lóng
胨	dòng
胩	kǎ
胪	lú
胫	jìng
胬	nǔ
胬	nǚ
胭	yān
胮	pāng
胯	kuà
胯	kuǎ
胰	yí
胱	guāng
胲	gāi
胲	gǎi
胲	hǎi
胳	gé
胳	gē
胴	dòng
胵	chī
胵	zhì
胶	jiāo
胶	xiáo
胷	xiōng
胸	xiōng
胹	ér
胺	àn
胺	è
胻	héng
胼	pián
能	nài
能	nái
能	néng
能	tái
能	xióng
胾	zì
胿	guī
胿	kuì
脀	chéng
脀	zhèng
脀	zhēng
脁	tiǎo
脂	zhī
脂	zhǐ
脃	cuì
脄	méi
脅	xiàn
脅	xié
脅	xī
脆	cuì
脇	xié
脈	mài
脉	mài
脊	jí
脊	jǐ
脋	xié
脌	nin
脍	kuài
脎	sà
脏	zàng
脐	qí
脑	nǎo
脒	mǐ
脓	nóng
脔	jī
脔	luán
脕	wàn
脕	wèn
脖	bó
脖	bō
脗	wěn
脘	huàn
脘	wǎn
脙	xiū
脚	jiǎo
脚	jué
脛	jìng
脛	kēng
脜	yǒu
脝	hēng
脞	cuǒ
脞	qiē
脟	liè
脟	luán
脟	pāo
脠	chān
脠	shān
脡	tǐng
脢	méi
脣	chún
脤	shèn
脥	jié
脥	qiǎn
脥	qū
脦	de
脦	tè
脧	juān
脨	cù
脨	jí
脩	tiáo
脩	xiāo
脩	xiū
脩	yǒu
脪	chī
脪	xìn
脫	tuō
脬	pāo
脭	chéng
脮	něi
脮	tuǐ
脯	fǔ
脯	pú
脰	dòu
脱	tuì
脱	tuō
脲	niào
脳	nǎo
脴	pǐ
脵	gǔ
脶	luó
脷	lì
脸	liǎn
脹	cháng
脹	zhàng
脺	cuì
脺	suì
脻	jiē
脼	liǎng
脼	lǎng
脽	shuí
脾	bì
脾	pái
脾	pì
脾	pí
脿	biào
脿	biāo
脿	biǎo
腀	lún
腁	pián
腂	guò
腂	huà
腂	lěi
腃	juàn
腃	kuì
腃	quán
腃	quān
腄	chuái
腄	chuí
腄	hóu
腅	dàn
腆	tiǎn
腇	něi
腈	jīng
腉	nái
腊	là
腊	xī
腋	yè
腌	yān
腌	ā
腌	āng
腍	diàn
腍	rèn
腎	shèn
腏	chuò
腏	zhuì
腐	fǔ
腑	fǔ
腒	jū
腓	féi
腔	kòng
腔	qiāng
腕	wàn
腖	dòng
腗	pí
腘	guó
腙	zōng
腚	dìng
腛	wò
腜	méi
腝	nào
腝	nèn
腝	ní
腝	ruǎn
腝	ér
腞	dùn
腞	tú
腞	zhuàn
腟	chì
腠	còu
腡	luó
腢	ǒu
腣	dì
腤	ān
腥	xīng
腦	nào
腦	nǎo
腧	shù
腧	yú
腨	shuàn
腩	nǎn
腪	yùn
腫	zhǒng
腬	róu
腭	è
腮	sāi
腯	dùn
腯	tú
腰	yāo
腱	jiàn
腱	qián
腲	wěi
腳	jiǎo
腴	yú
腵	jiā
腶	duàn
腷	bì
腸	cháng
腹	fù
腺	xiàn
腻	nì
腼	miǎn
腽	wà
腾	téng
腿	tuǐ
膀	bàng
膀	bǎng
膀	páng
膀	pāng
膀	pǎng
膁	qiǎn
膁	xiàn
膁	yán
膂	lǚ
膃	wà
膄	shòu
膅	táng
膆	sù
膇	zhuì
膈	gé
膉	yì
膊	bó
膊	liè
膊	pò
膋	liáo
膌	jí
膍	pí
膎	xié
膏	gào
膏	gāo
膐	lǚ
膑	bìn
膒	ōu
膓	cháng
膔	biāo
膔	lù
膕	guó
膕	huò
膖	pāng
膗	chuái
膘	biāo
膘	piǎo
膙	jiǎng
膚	fū
膚	lú
膛	táng
膛	tāng
膜	mó
膝	xī
膞	chuǎn
膞	chún
膞	zhuān
膞	zhuǎn
膟	lǜ
膠	háo
膠	jiāo
膠	jiǎo
膠	nǎo
膡	yìng
膢	lǘ
膣	zhì
膤	xuě
膥	cūn
膦	liǎn
膦	lìn
膧	tóng
膨	pèng
膨	péng
膩	nì
膪	chuài
膪	zhà
膪	zhài
膫	liáo
膫	liǎo
膬	cuì
膭	duì
膭	guī
膭	kuì
膮	xiāo
膯	tún
膯	tēng
膰	fán
膰	pán
膱	zhí
膲	jiāo
膳	shàn
膴	hū
膴	méi
膴	wǔ
膵	cuì
膶	rùn
膷	xiāng
膸	suǐ
膸	wěi
膹	fèn
膺	yīng
膻	dàn
膻	shān
膼	zhuā
膽	dǎn
膾	kuài
膿	nóng
臀	tún
臁	lián
臂	bì
臃	yōng
臄	jué
臄	jū
臅	chù
臆	yì
臆	yǐ
臇	juǎn
臈	gé
臈	là
臉	liǎn
臊	sào
臊	sāo
臋	tún
臌	gǔ
臍	qí
臎	cuì
臏	bìn
臐	xūn
臑	nuǎn
臑	nào
臑	nèn
臑	rú
臑	ér
臒	wò
臒	yuè
臓	zàng
臔	xiàn
臕	biāo
臖	xìng
臗	kuān
臘	liè
臘	là
臙	yān
臚	lú
臚	lǚ
臛	huò
臜	zā
臝	luǒ
臞	qú
臟	zàng
臠	luán
臡	luán
臡	ní
臢	zā
臢	zān
臣	chén
臤	qiān
臤	qìn
臤	xián
臥	wò
臦	guàng
臦	jiǒng
臧	cáng
臧	zàng
臧	zāng
臨	lìn
臨	lín
臩	guǎng
臩	jiǒng
自	zì
臫	jiǎo
臬	niè
臭	chòu
臭	xiù
臮	jì
臯	gāo
臰	chòu
臱	biān
臱	mián
臲	niè
至	dié
至	zhì
致	zhuì
致	zhì
臵	gé
臶	jiàn
臷	dié
臷	zhí
臸	jìn
臸	zhī
臹	xiū
臺	tái
臻	zhēn
臼	jiù
臽	xiàn
臾	kuì
臾	yú
臾	yǒng
臾	yǔ
臿	chā
舀	yǎo
舁	yú
舂	chuāng
舂	chōng
舂	zhōng
舃	xì
舄	què
舄	tuō
舄	xì
舅	jiù
舆	yú
與	yù
與	yú
與	yǔ
興	xìn
興	xìng
興	xīng
舉	jǔ
舊	jiù
舋	xìn
舌	guā
舌	shé
舍	shè
舍	shì
舍	shě
舎	shè
舏	jiǔ
舐	shì
舑	tān
舒	shū
舒	yù
舓	shì
舔	tiǎn
舔	tān
舕	tàn
舖	pù
舗	pù
舘	guǎn
舙	huà
舙	qì
舚	tiàn
舛	chuǎn
舜	shùn
舝	xiá
舞	wǔ
舟	zhōu
舠	dāo
舡	chuán
舡	xiāng
舢	shān
舣	yǐ
舤	fán
舥	pā
舦	tài
舧	fán
舨	bǎn
舩	chuán
舩	fán
航	háng
舫	fǎng
般	bān
般	bō
般	bǎn
般	pán
舭	bǐ
舮	lú
舯	zhōng
舰	jiàn
舱	cāng
舲	líng
舳	zhú
舳	zhǒu
舴	zé
舵	duò
舶	bó
舷	xián
舸	gě
船	chuán
舺	xiá
舻	lú
舼	hóng
舼	qióng
舽	féng
舽	páng
舾	xī
舿	kuā
艀	fú
艁	zào
艂	féng
艃	lí
艄	shào
艄	shāo
艅	yú
艆	láng
艇	tǐng
艈	yù
艉	wěi
艊	bó
艋	měng
艌	niàn
艌	qiàn
艍	jū
艎	huáng
艏	shǒu
艐	jiè
艐	kè
艐	zōng
艑	biàn
艒	mò
艒	mù
艓	dié
艔	dào
艕	bàng
艖	chā
艗	yì
艘	sōu
艙	cāng
艚	cáo
艛	lóu
艜	dài
艝	xuě
艞	tiào
艞	yào
艟	chōng
艟	tóng
艟	zhuàng
艠	dēng
艡	dāng
艢	qiáng
艣	lǔ
艤	yǐ
艥	jí
艦	jiàn
艧	huò
艧	wò
艨	méng
艩	qí
艪	lǔ
艫	lú
艬	chán
艭	shuāng
艮	gèn
艮	gěn
艮	hén
良	liáng
良	liǎng
艰	jiān
艱	jiān
色	shǎi
色	sè
艳	yàn
艴	bó
艴	fú
艴	pèi
艵	pīng
艶	yàn
艷	yàn
艸	cǎo
艹	cao
艺	yì
艻	jí
艻	lè
艼	dǐng
艼	tīng
艽	jiāo
艽	qiú
艾	yì
艾	ài
艿	nǎi
艿	rèng
艿	réng
芀	tiáo
芁	jiāo
节	jié
芃	péng
芄	wán
芅	yì
芆	chā
芆	chāi
芇	mián
芈	mǐ
芉	gān
芉	gǎn
芊	qiàn
芊	qiān
芋	xū
芋	yù
芋	yú
芋	yǔ
芌	yù
芍	dì
芍	què
芍	sháo
芍	xiào
芎	qiōng
芎	xiōng
芏	dù
芐	hù
芐	xià
芑	qǐ
芒	huāng
芒	huǎng
芒	máng
芓	zì
芓	zī
芓	zǐ
芔	huì
芔	hū
芕	suī
芖	zhì
芗	xiāng
芘	bì
芘	bǐ
芘	pí
芙	fú
芚	chūn
芚	tún
芛	wěi
芜	wú
芝	zhī
芞	qì
芟	shān
芟	wěi
芠	wén
芡	qiàn
芢	rén
芣	fú
芣	fū
芣	fǒu
芤	kōu
芥	gài
芥	jiè
芦	hù
芦	lú
芧	xù
芧	zhù
芨	jī
芩	qín
芩	yín
芪	chí
芪	qí
芫	yuán
芫	yán
芬	fēn
芭	bā
芭	pā
芮	ruì
芮	ruò
芯	xìn
芯	xīn
芰	jì
花	huā
芲	huā
芳	fāng
芴	hū
芴	wù
芵	jué
芶	gǒu
芷	zhǐ
芸	yùn
芸	yún
芹	qín
芺	ǎo
芻	chú
芻	zōu
芼	mào
芽	yá
芾	fèi
芾	fú
芿	rèng
苀	háng
苁	cōng
苂	yín
苃	yǒu
苄	biàn
苅	yì
苆	qiē
苇	wěi
苈	lì
苉	pǐ
苊	è
苋	xiàn
苌	cháng
苍	cāng
苎	zhù
苏	sū
苐	dì
苐	tí
苑	yuàn
苑	yuān
苑	yù
苑	yùn
苒	rǎn
苓	lián
苓	líng
苔	tái
苔	tāi
苕	sháo
苕	tiáo
苖	dí
苗	miáo
苘	qǐng
苙	jī
苙	lì
苚	yòng
苛	hē
苛	kē
苜	mù
苝	bèi
苞	biāo
苞	bāo
苞	páo
苟	gōu
苟	gǒu
苠	mín
苡	yǐ
苢	yǐ
苣	jù
苣	qǔ
苤	piě
苤	pī
若	ruò
若	rè
若	ré
苦	gǔ
苦	hù
苦	kǔ
苧	níng
苧	zhù
苨	nǐ
苩	bó
苩	pā
苪	bǐng
苫	chān
苫	shàn
苫	shān
苫	tiān
苬	xiú
苭	yǎo
苮	xiān
苯	běn
苰	hóng
英	yāng
英	yīng
苲	zhà
苲	zhǎ
苲	zuó
苳	dōng
苴	bāo
苴	chá
苴	jiē
苴	jū
苴	xié
苴	zhǎ
苴	zū
苵	dié
苶	niè
苶	nié
苷	gān
苸	hū
苹	píng
苹	pēng
苺	méi
苻	fú
苻	pú
苼	ruí
苼	shēng
苽	guā
苽	gū
苾	bié
苾	bì
苾	mì
苿	wèi
茀	bèi
茀	bì
茀	bó
茀	fèi
茀	fú
茁	zhuó
茁	zhú
茂	mào
范	fàn
茄	jiā
茄	qié
茅	máo
茆	máo
茆	mǎo
茇	bá
茇	fèi
茇	pèi
茈	chái
茈	cí
茈	cǐ
茈	zǐ
茉	mò
茊	zī
茋	dǐ
茌	chí
茍	jì
茎	jīng
茏	lóng
茐	cōng
茑	niǎo
茒	yuán
茓	xué
茔	yíng
茕	qióng
茖	gé
茖	luò
茗	míng
茘	lì
茙	róng
茚	yìn
茛	gèn
茛	jiàn
茜	qiàn
茜	xī
茝	chǎi
茝	zhǐ
茞	chén
茟	wěi
茟	yù
茠	hāo
茠	kòu
茠	xiū
茡	zì
茢	liè
茣	wú
茤	duō
茤	jì
茥	guì
茥	guī
茦	cì
茧	chóng
茧	jiǎn
茨	cí
茩	gòu
茪	guāng
茫	huǎng
茫	máng
茬	chá
茬	chí
茭	jiāo
茭	qiào
茭	xiào
茮	jiāo
茮	niǎo
茯	fú
茰	yú
茱	zhū
茲	cí
茲	zī
茳	jiāng
茴	huí
茵	yīn
茶	chá
茷	bá
茷	bó
茷	fá
茷	pèi
茸	róng
茸	rǒng
茹	rú
茺	chōng
茻	mǎng
茻	mǔ
茼	tóng
茽	zhòng
茾	qiān
茿	zhú
荀	xún
荁	huán
荂	fū
荃	chuò
荃	quán
荄	gāi
荅	dá
荅	dā
荅	tà
荆	jīng
荇	xìng
荈	chuǎn
草	cǎo
草	zào
荊	jīng
荋	ér
荌	àn
荍	qiáo
荎	chí
荏	rěn
荐	jiàn
荑	tí
荑	yí
荒	huáng
荒	huāng
荒	huǎng
荒	kāng
荓	píng
荓	pēng
荔	lì
荕	jīn
荖	chā
荖	lǎo
荗	shù
荘	zhuāng
荙	dá
荚	jiá
荛	ráo
荜	bì
荝	cè
荞	qiáo
荟	huì
荠	jì
荡	dàng
荢	zì
荣	róng
荤	hūn
荥	xíng
荦	luò
荧	yíng
荨	xún
荩	jìn
荪	sūn
荫	yīn
荬	mǎi
荭	hóng
荮	zhòu
药	yào
荰	dù
荱	wèi
荱	wěi
荲	lí
荳	dòu
荴	fū
荵	rěn
荶	yín
荷	hè
荷	hé
荷	hē
荸	bí
荹	bù
荹	pú
荺	yún
荺	yǔn
荻	dí
荼	chá
荼	shū
荼	tú
荼	yé
荽	suī
荽	wěi
荾	suī
荿	chéng
莀	chén
莀	nóng
莁	wú
莂	bié
莃	xī
莄	gěng
莅	lì
莆	fǔ
莆	pú
莇	zhù
莈	mò
莉	chí
莉	lì
莉	lí
莊	zhuāng
莋	jí
莋	zuó
莌	tuō
莍	qiú
莎	shā
莎	suī
莎	suō
莏	suō
莐	chén
莑	fēng
莑	péng
莒	jǔ
莓	méi
莔	méng
莔	qǐng
莔	xí
莕	xìng
莖	jīng
莖	yīng
莗	chē
莘	shēn
莘	xīn
莙	jūn
莚	yán
莛	tíng
莛	tǐng
莜	diào
莜	dí
莜	yóu
莝	cuò
莞	guān
莞	guǎn
莞	wǎn
莟	hàn
莠	xiù
莠	yǒu
莡	cuò
莢	jiá
莣	wáng
莤	sù
莤	yóu
莥	niǔ
莥	ròu
莦	shāo
莦	xiāo
莧	wàn
莧	xiàn
莨	liáng
莨	làng
莨	láng
莩	fú
莩	piǎo
莪	é
莫	mò
莫	mù
莬	miǎn
莬	wèn
莬	wǎn
莭	jié
莮	nán
莯	mù
莰	kǎn
莱	lái
莲	lián
莳	shí
莴	wō
莵	tù
莶	xiān
获	huò
莸	yóu
莹	yíng
莺	yīng
莻	gòng
莼	chún
莽	máng
莽	mǎng
莾	mǎng
莿	cì
菀	wǎn
菀	yù
菀	yùn
菁	jīng
菂	dì
菃	qú
菄	dōng
菅	guān
菅	jiān
菆	chù
菆	cuán
菆	cóng
菆	zōu
菇	gū
菈	lā
菉	lù
菊	jú
菋	wèi
菌	jùn
菌	jūn
菍	niè
菍	rěn
菎	kūn
菏	gē
菏	hé
菐	pú
菑	zì
菑	zāi
菑	zī
菒	gǎo
菓	guǒ
菔	fú
菕	lún
菖	chāng
菗	chóu
菘	sōng
菙	chuí
菚	zhàn
菛	mén
菜	cài
菝	bá
菞	lí
菟	tù
菟	tú
菠	bō
菡	hàn
菢	bào
菣	qìn
菤	juǎn
菥	sī
菥	xī
菦	qín
菧	dǐ
菨	jiē
菨	shà
菩	bèi
菩	bó
菩	pú
菪	dàng
菫	jǐn
菬	qiáo
菬	zhǎo
菭	chí
菭	tái
菭	zhī
菮	gēng
華	huà
華	huá
華	huā
華	kuā
菰	gū
菱	líng
菲	fèi
菲	fēi
菲	fěi
菳	jīn
菳	qín
菳	qīn
菴	yǎn
菴	ān
菵	wǎng
菶	běng
菷	zhǒu
菸	yù
菸	yān
菸	yū
菹	jù
菹	jū
菹	zū
菺	jiān
菻	lǐn
菼	tǎn
菽	jiāo
菽	shū
菾	tiàn
菾	tián
菿	dào
菿	dǎo
萀	hǔ
萁	jī
萁	qí
萂	hé
萃	cuì
萄	táo
萅	chūn
萆	bá
萆	bì
萆	bēi
萆	pì
萇	cháng
萈	huán
萉	fèi
萉	féi
萉	fú
萊	lái
萋	qī
萌	méng
萌	míng
萍	píng
萎	wèi
萎	wēi
萎	wěi
萏	dàn
萐	shà
萑	huán
萑	zhuī
萒	juàn
萒	yǎn
萓	yí
萔	tiáo
萕	qí
萖	wǎn
萗	cè
萘	nài
萙	zhěn
萚	tuò
萛	jiū
萜	tiē
萝	luó
萞	bì
萟	yì
萠	pān
萡	bo
萢	pāo
萣	dìng
萤	yíng
营	yíng
萦	yíng
萧	xiāo
萨	sà
萩	jiāo
萩	qiū
萪	kē
萫	xiàng
萬	wàn
萭	jǔ
萭	yǔ
萮	yù
萮	yú
萮	yǔ
萯	bèi
萯	fù
萰	liàn
萱	xuān
萲	xuān
萳	nán
萳	nǎn
萴	cè
萵	wō
萶	chǔn
萷	shuò
萷	shāo
萷	xiāo
萸	yú
萹	biān
萹	biǎn
萹	pián
萺	mào
萺	mù
萻	ān
萼	è
落	luò
落	luō
落	là
落	lào
萾	yíng
萿	huó
萿	kuò
葀	kuò
葁	jiāng
葂	miǎn
葃	zuò
葃	zé
葄	zuò
葅	zū
葆	bāo
葆	bǎo
葇	róu
葇	rǒu
葈	xǐ
葉	shè
葉	yè
葊	ān
葋	qú
葌	jiān
葍	fú
葎	lǜ
葏	jīng
葐	fén
葐	pén
葑	fèng
葑	fēng
葒	hóng
葓	hóng
葔	hóu
葕	yàn
葖	tū
著	chú
著	zhe
著	zhuó
著	zháo
著	zhù
著	zhāo
葘	zī
葙	xiāng
葚	rèn
葚	shèn
葛	gé
葛	gě
葜	qiā
葝	jìng
葝	qíng
葞	mǐ
葟	huáng
葠	shān
葠	shēn
葡	bèi
葡	pú
葢	gài
董	dǒng
董	zhǒng
葤	zhòu
葥	jiàn
葥	qián
葦	wěi
葧	bó
葨	wēi
葩	pā
葪	jì
葫	hú
葬	zàng
葭	jiā
葭	xiá
葮	duàn
葯	yào
葰	jùn
葰	suī
葰	suǒ
葱	chuāng
葱	cōng
葲	quán
葳	wēi
葴	qián
葴	zhēn
葵	kuí
葶	dǐng
葶	tíng
葷	hūn
葷	xūn
葸	xǐ
葹	shī
葺	qì
葻	lán
葼	zōng
葽	yāo
葽	yǎo
葾	yuān
葿	méi
蒀	yūn
蒁	shù
蒂	dì
蒃	zhuàn
蒄	guān
蒅	rǎn
蒆	xuē
蒇	chǎn
蒈	kǎi
蒉	kuì
蒊	huā
蒋	jiǎng
蒌	lóu
蒍	huā
蒍	kuī
蒍	wěi
蒍	é
蒎	pài
蒏	you
蒐	huì
蒐	sōu
蒑	yīn
蒒	shī
蒓	chún
蒔	shì
蒔	shí
蒕	yūn
蒖	zhēn
蒗	làng
蒘	ná
蒘	rú
蒙	méng
蒙	mēng
蒙	měng
蒚	lì
蒛	quē
蒜	suàn
蒝	huán
蒝	yuán
蒞	lì
蒟	jǔ
蒠	xī
蒡	bàng
蒡	páng
蒢	chú
蒣	shú
蒣	xú
蒤	tú
蒥	liú
蒦	huò
蒦	wò
蒧	diǎn
蒨	qiàn
蒩	jí
蒩	jù
蒩	zū
蒪	pò
蒫	cuó
蒬	yuān
蒭	chú
蒮	yù
蒯	kuài
蒯	kuǎi
蒰	pán
蒱	pú
蒲	bó
蒲	pú
蒳	nà
蒴	shuò
蒵	xì
蒵	xí
蒶	fén
蒷	yún
蒸	zhēng
蒹	jiān
蒺	jí
蒻	ruò
蒼	cāng
蒼	cǎng
蒽	ēn
蒾	mí
蒿	gǎo
蒿	hāo
蓀	sūn
蓁	qín
蓁	zhēn
蓂	mì
蓂	míng
蓃	sōu
蓃	sǒu
蓄	xù
蓅	liú
蓆	xí
蓇	gū
蓇	gǔ
蓈	láng
蓉	róng
蓊	wěng
蓋	gài
蓋	gě
蓌	cuò
蓍	shī
蓎	táng
蓏	luǒ
蓐	rù
蓑	suī
蓑	suō
蓒	xuān
蓓	bèi
蓔	yǎo
蓔	zhuó
蓕	guì
蓖	bì
蓗	zǒng
蓘	gǔn
蓙	zuò
蓚	tiáo
蓛	cè
蓜	pèi
蓝	lán
蓞	dàn
蓟	jì
蓠	lí
蓡	shēn
蓢	lǎng
蓣	yù
蓤	líng
蓥	yíng
蓦	mò
蓧	diào
蓧	dí
蓧	tiáo
蓨	tiáo
蓨	xiū
蓩	mǎo
蓪	tōng
蓫	chù
蓫	zhú
蓬	pèng
蓬	péng
蓭	ān
蓮	lián
蓮	liǎn
蓯	cōng
蓯	sǒng
蓯	zǒng
蓰	xǐ
蓱	píng
蓲	fū
蓲	qiū
蓲	xū
蓲	ōu
蓳	jǐn
蓴	chún
蓴	tuán
蓵	jié
蓶	wéi
蓷	tuī
蓸	cáo
蓹	yù
蓺	yì
蓻	jí
蓻	jú
蓻	zí
蓼	liǎo
蓼	liǔ
蓼	lù
蓼	lǎo
蓽	bì
蓾	lǔ
蓿	sù
蓿	xu
蔀	bù
蔁	zhāng
蔂	léi
蔃	jiàng
蔃	qiáng
蔄	màn
蔅	yán
蔆	líng
蔇	jì
蔇	xì
蔈	biào
蔈	biāo
蔈	piào
蔈	piǎo
蔉	gǔn
蔊	hǎn
蔋	dí
蔌	sù
蔍	cū
蔍	lù
蔎	shè
蔏	shāng
蔐	dí
蔑	miè
蔒	xūn
蔓	màn
蔓	mán
蔓	wàn
蔔	bo
蔔	bó
蔕	chài
蔕	dài
蔕	dì
蔖	cuó
蔖	cǔ
蔖	zhā
蔗	zhè
蔘	shēn
蔘	sān
蔘	sǎn
蔙	xuàn
蔚	wèi
蔚	yù
蔛	hú
蔜	áo
蔝	mǐ
蔞	jù
蔞	liǔ
蔞	lóu
蔞	lǚ
蔟	chuò
蔟	còu
蔟	cù
蔠	zhōng
蔡	cài
蔡	cā
蔡	sà
蔢	bò
蔢	pó
蔣	jiāng
蔣	jiǎng
蔤	mì
蔥	cōng
蔦	niǎo
蔧	huì
蔨	juàn
蔨	jùn
蔩	yín
蔪	jiàn
蔪	jiān
蔪	shān
蔫	niān
蔫	yàn
蔫	yān
蔬	shū
蔬	shǔ
蔭	yìn
蔭	yīn
蔮	guó
蔯	chén
蔰	hù
蔱	shā
蔲	kòu
蔳	qiàn
蔴	má
蔵	cáng
蔵	zāng
蔶	zé
蔷	qiáng
蔸	dōu
蔹	liǎn
蔺	lìn
蔻	kòu
蔼	ǎi
蔽	biē
蔽	bì
蔽	piē
蔾	lí
蔿	wěi
蕀	jí
蕁	qián
蕁	tán
蕁	xún
蕂	shèng
蕃	bō
蕃	fán
蕃	fān
蕃	pí
蕄	méng
蕅	ǒu
蕆	chǎn
蕇	diǎn
蕈	tán
蕈	xùn
蕉	jiāo
蕉	qiáo
蕉	qiāo
蕊	juǎn
蕊	ruǐ
蕋	ruǐ
蕌	lěi
蕍	yú
蕎	jiāo
蕎	qiáo
蕏	chú
蕐	huá
蕑	jiān
蕒	mǎi
蕓	yún
蕔	bāo
蕕	yóu
蕖	qú
蕗	lù
蕘	ráo
蕘	yáo
蕙	huì
蕚	è
蕛	tí
蕜	fěi
蕝	jué
蕝	zuì
蕞	jué
蕞	zhuó
蕞	zuì
蕟	fà
蕟	fèi
蕠	rú
蕡	fèi
蕡	fén
蕢	kuài
蕢	kuì
蕣	shùn
蕤	ruí
蕥	yǎ
蕦	xū
蕧	fù
蕨	jué
蕩	dàng
蕩	tàng
蕩	tāng
蕪	wú
蕪	wǔ
蕫	dǒng
蕬	sī
蕭	xiāo
蕮	xì
蕯	lóng
蕰	wēn
蕰	yùn
蕱	shāo
蕲	qí
蕳	jiān
蕴	yùn
蕵	sūn
蕶	líng
蕷	yù
蕸	xiá
蕹	wèng
蕹	yōng
蕺	jí
蕺	qiè
蕻	hòng
蕻	hóng
蕼	sì
蕽	nóng
蕾	lěi
蕿	xuān
薀	yùn
薁	yù
薁	ào
薂	xiào
薂	xí
薃	hào
薄	báo
薄	bò
薄	bó
薄	bù
薅	hāo
薆	ài
薇	wēi
薈	huì
薉	huì
薊	jì
薋	cí
薋	zī
薌	xiāng
薌	xiǎng
薍	luàn
薍	wàn
薎	miè
薏	yì
薐	léng
薑	jiāng
薒	càn
薓	shēn
薔	qiáng
薔	sè
薕	lián
薖	kē
薗	yuán
薘	dá
薙	tì
薙	zhì
薚	tāng
薛	xuē
薜	bài
薜	bì
薜	bò
薜	bó
薜	pì
薝	zhān
薞	sūn
薟	kàn
薟	liǎn
薟	xiān
薟	yán
薠	fán
薡	dǐng
薢	xiè
薣	gǔ
薤	xiè
薥	shǔ
薥	zhú
薦	jiàn
薧	hāo
薧	kǎo
薨	hōng
薩	sà
薪	xīn
薫	xūn
薬	yào
薭	bài
薮	sǒu
薯	shǔ
薰	xūn
薱	duì
薲	pín
薳	wěi
薳	yuǎn
薴	níng
薵	chóu
薵	dào
薵	zhòu
薶	mái
薶	wō
薷	rú
薸	piáo
薹	tái
薺	cí
薺	jì
薺	qì
薻	zǎo
薼	chén
薽	zhēn
薾	ěr
薿	nǐ
藀	yíng
藁	gǎo
藂	còng
藂	cóng
藃	hào
藃	hè
藃	xiāo
藄	qí
藅	fá
藆	jiǎn
藇	xù
藇	xū
藇	yù
藇	yú
藇	yǔ
藈	kuí
藉	jiè
藉	jí
藊	biǎn
藋	diào
藋	dí
藋	zhuó
藌	mì
藍	lán
藎	jìn
藏	cáng
藏	zàng
藏	zāng
藐	miǎo
藐	mò
藑	qióng
藒	qiè
藓	xiǎn
藔	liáo
藕	ǒu
藖	qiān
藖	xián
藗	sù
藘	lǘ
藙	yì
藚	xù
藛	xiě
藜	lí
藝	yì
藞	lǎ
藟	lěi
藠	jiào
藡	dí
藢	zhǐ
藣	bēi
藤	téng
藥	lüè
藥	shuò
藥	yào
藦	mò
藦	mó
藧	huàn
藨	biāo
藨	pāo
藩	fán
藩	fān
藪	còu
藪	shǔ
藪	sǒu
藫	tán
藬	tuī
藭	qióng
藮	qiáo
藯	wèi
藰	liú
藰	liǔ
藱	huì
藱	huí
藲	ōu
藳	gǎo
藴	wēn
藴	yùn
藵	bǎo
藶	lì
藷	shǔ
藷	zhū
藸	chú
藸	zhā
藸	zhū
藹	ǎi
藺	lìn
藻	zǎo
藼	xuān
藽	qìn
藾	lài
藿	huò
藿	hé
蘀	tuò
蘀	zé
蘁	wù
蘁	è
蘂	ruǐ
蘃	ruǐ
蘄	jī
蘄	qí
蘄	qín
蘅	héng
蘆	lú
蘇	sū
蘈	tuí
蘉	máng
蘉	méng
蘊	yùn
蘋	pín
蘋	píng
蘌	yǔ
蘍	xūn
蘎	jì
蘏	jiōng
蘐	xuān
蘑	mó
蘒	qiū
蘓	sū
蘔	jiōng
蘕	péng
蘖	bò
蘖	niè
蘗	bì
蘗	bò
蘘	nāng
蘘	ráng
蘘	xiāng
蘙	yì
蘚	xiǎn
蘛	yú
蘜	jú
蘝	liǎn
蘞	liǎn
蘞	xiān
蘟	yǐn
蘠	qiáng
蘡	yīng
蘢	lòng
蘢	lóng
蘢	lǒng
蘣	tǒu
蘤	huā
蘥	yuè
蘦	líng
蘧	jù
蘧	qú
蘨	yáo
蘩	fán
蘪	méi
蘫	hàn
蘫	làn
蘬	guī
蘬	huǐ
蘬	kuī
蘭	lán
蘮	jì
蘯	dàng
蘰	màn
蘱	lèi
蘲	léi
蘳	huī
蘴	fēng
蘴	sōng
蘵	zhī
蘶	wèi
蘷	kuí
蘸	zhàn
蘹	huái
蘺	lí
蘻	jì
蘼	mí
蘽	lěi
蘾	huài
蘿	luó
虀	jī
虁	kuí
虂	lù
虃	jiān
虄	sà
虅	téng
虆	léi
虇	quǎn
虈	xiāo
虉	yì
虊	luán
虋	mén
虌	biē
虍	hū
虎	hù
虎	hǔ
虏	lǔ
虐	nüè
虑	bì
虑	lǜ
虒	sī
虒	tí
虒	xī
虒	zhì
虓	xiāo
虔	qián
處	chù
處	chǔ
處	jù
虖	hù
虖	hú
虖	hū
虗	xū
虘	cuó
虙	fú
虚	xū
虛	xū
虜	lǔ
虝	hǔ
虞	yú
號	hào
號	háo
虠	háo
虠	jiāo
虡	jù
虢	guó
虣	bào
虤	yán
虥	zhàn
虦	zhàn
虧	kuī
虨	bīn
虩	sè
虩	xì
虪	shù
虫	chóng
虫	huǐ
虬	qiú
虭	diāo
虭	dāo
虮	jī
虮	jǐ
虯	qiú
虰	chēng
虰	dīng
虱	shī
虲	xiā
虳	jué
虴	zhé
虵	shé
虵	yě
虶	yū
虷	gān
虷	hán
虸	zǐ
虹	gòng
虹	hòng
虹	hóng
虺	huī
虺	huǐ
虻	méng
虼	gè
虽	suī
虾	xiā
虿	chài
蚀	shí
蚁	yǐ
蚂	mǎ
蚃	xiǎng
蚄	bàng
蚄	fāng
蚅	è
蚆	bā
蚇	chǐ
蚈	qiān
蚉	wén
蚊	wén
蚋	ruì
蚌	bàng
蚌	bèng
蚌	fēng
蚌	pí
蚍	pí
蚎	yuè
蚏	yuè
蚐	jūn
蚑	qí
蚒	tóng
蚓	yǐn
蚔	qí
蚔	zhǐ
蚕	cán
蚕	tiǎn
蚖	wán
蚖	yuán
蚗	jué
蚗	quē
蚘	huì
蚘	huí
蚘	yóu
蚙	qián
蚙	qín
蚚	qí
蚛	zhòng
蚜	yá
蚝	cì
蚝	háo
蚞	mù
蚟	wáng
蚠	fén
蚡	fén
蚢	háng
蚣	gōng
蚣	zhōng
蚤	zhǎo
蚤	zǎo
蚥	fù
蚥	fǔ
蚦	rán
蚧	jiè
蚨	fú
蚩	chī
蚪	dǒu
蚫	bào
蚫	páo
蚬	xiǎn
蚭	ní
蚮	dài
蚯	qiū
蚰	yóu
蚰	zhú
蚱	zhà
蚲	píng
蚳	chí
蚳	chī
蚳	dì
蚴	niù
蚴	yòu
蚴	yǒu
蚵	hé
蚵	kè
蚶	hán
蚶	hān
蚷	jù
蚸	lì
蚹	fù
蚺	rán
蚺	tiàn
蚻	zhá
蚼	gǒu
蚼	qú
蚼	xù
蚽	pí
蚾	bǒ
蚾	pí
蚿	xián
蛀	zhù
蛁	diāo
蛂	bié
蛃	bǐng
蛄	gū
蛄	gǔ
蛅	zhān
蛆	jū
蛆	qū
蛇	chí
蛇	shé
蛇	tuó
蛇	yí
蛈	tiě
蛉	líng
蛊	gǔ
蛋	dàn
蛌	gǔ
蛍	yíng
蛎	lì
蛏	chēng
蛐	qū
蛑	máo
蛑	móu
蛒	gé
蛒	luò
蛓	cì
蛔	huí
蛕	huí
蛕	huǐ
蛖	bàng
蛖	máng
蛗	fù
蛘	yáng
蛘	yǎng
蛙	jué
蛙	wā
蛚	liè
蛛	zhū
蛜	yī
蛝	xián
蛞	kuò
蛞	shé
蛟	jiāo
蛠	lì
蛡	xǔ
蛡	yì
蛢	píng
蛣	jié
蛣	qiè
蛣	qī
蛤	gé
蛤	há
蛤	hā
蛤	é
蛥	shé
蛦	yí
蛧	wǎng
蛨	mò
蛩	gǒng
蛩	qióng
蛪	ní
蛪	qiè
蛫	guǐ
蛬	qióng
蛭	zhì
蛮	mán
蛯	lǎo
蛰	zhé
蛱	jiá
蛲	náo
蛳	sī
蛴	qí
蛵	xīng
蛶	jiè
蛷	qiú
蛸	shāo
蛸	xiāo
蛹	yǒng
蛺	jiá
蛻	tuì
蛼	chē
蛽	bèi
蛾	yǐ
蛾	é
蛿	hàn
蜀	shǔ
蜁	xuán
蜂	fēng
蜃	shèn
蜄	shèn
蜄	zhèn
蜅	fǔ
蜅	pú
蜆	xiàn
蜆	xiǎn
蜇	zhé
蜇	zhē
蜈	wú
蜉	fú
蜊	lí
蜋	liáng
蜋	láng
蜌	bì
蜍	chú
蜍	yú
蜎	xuān
蜎	yuān
蜏	yǒu
蜐	jié
蜑	dàn
蜒	dàn
蜒	yàn
蜒	yán
蜓	diàn
蜓	tíng
蜔	diàn
蜕	tuì
蜕	yuè
蜖	huí
蜗	wō
蜘	zhī
蜙	sōng
蜚	bèi
蜚	fēi
蜚	fěi
蜚	pèi
蜛	jū
蜜	mì
蜝	qí
蜞	qí
蜟	yù
蜠	jùn
蜡	jí
蜡	là
蜡	qù
蜡	zhà
蜢	mèng
蜢	měng
蜣	qiāng
蜤	sī
蜤	xī
蜥	xī
蜦	lún
蜦	lǔn
蜧	lì
蜨	dié
蜩	diào
蜩	tiáo
蜪	táo
蜫	kūn
蜬	hán
蜭	hàn
蜮	guō
蜮	yù
蜯	bàng
蜰	fèi
蜰	féi
蜱	miáo
蜱	pí
蜲	wēi
蜲	wěi
蜳	dūn
蜳	tūn
蜴	xí
蜴	yì
蜵	yuān
蜵	yūn
蜶	suò
蜷	juǎn
蜷	quán
蜸	qiǎn
蜹	ruì
蜹	wèi
蜺	ní
蜻	jīng
蜻	qīng
蜼	tóng
蜼	wèi
蜼	wěi
蜽	liǎng
蜾	guǒ
蜾	luǒ
蜿	wān
蜿	wǎn
蝀	dōng
蝁	è
蝂	bǎn
蝃	dì
蝃	zhuō
蝄	wǎng
蝅	cán
蝆	yǎng
蝇	yíng
蝈	guō
蝉	chán
蝊	dìng
蝋	là
蝌	kē
蝍	jié
蝍	jí
蝎	hé
蝎	xiē
蝏	tíng
蝐	mào
蝑	xiè
蝑	xū
蝒	mián
蝓	yú
蝔	jiē
蝕	lì
蝕	lóng
蝕	shí
蝖	xuān
蝗	huáng
蝘	yǎn
蝙	biān
蝙	pián
蝚	náo
蝚	róu
蝛	wēi
蝜	fù
蝝	yuán
蝝	yuān
蝞	mèi
蝟	wèi
蝠	fú
蝡	ruǎn
蝡	rú
蝢	xié
蝣	yóu
蝤	jiū
蝤	qiú
蝤	yóu
蝥	máo
蝥	wù
蝥	wú
蝦	há
蝦	jiǎ
蝦	xiā
蝧	yīng
蝨	shī
蝩	chóng
蝩	zhōng
蝪	tāng
蝫	zhū
蝬	zōng
蝭	chí
蝭	tí
蝮	fù
蝯	yuán
蝰	kuí
蝱	méng
蝲	là
蝳	dài
蝳	dú
蝴	hú
蝵	qiū
蝶	dié
蝶	tiē
蝷	lì
蝷	xí
蝸	guǒ
蝸	luó
蝸	wō
蝹	yūn
蝹	ǎo
蝺	qǔ
蝺	yǔ
蝻	nǎn
蝼	lóu
蝽	chūn
蝾	róng
蝿	yíng
螀	jiāng
螁	ban
螂	láng
螃	bǎng
螃	páng
螄	sī
螅	cì
螅	xī
螆	cì
螇	qī
螇	xī
螈	yuán
螉	wēng
螊	lián
螋	sōu
螌	bān
螌	huàn
螌	pán
融	róng
螎	róng
螏	jí
螐	wū
螑	xiù
螒	hàn
螓	qín
螔	sī
螔	yí
螕	bī
螕	pī
螖	huá
螗	táng
螘	yǐ
螙	dù
螚	nài
螚	nái
螚	něng
螛	hé
螛	xiá
螜	hú
螝	guī
螝	huǐ
螞	mà
螞	mā
螞	mǎ
螟	míng
螠	yì
螡	wén
螢	yíng
螣	tè
螣	téng
螤	zhōng
螥	cāng
螦	sāo
螧	qí
螨	mǎn
螩	tiao
螪	shāng
螫	shì
螬	cáo
螭	chī
螮	dài
螮	dì
螯	áo
螰	lù
螱	wèi
螲	dié
螲	zhì
螳	táng
螴	chén
螵	piāo
螶	jù
螶	qú
螷	pí
螸	yú
螹	chán
螹	jiàn
螺	luó
螻	lóu
螼	qǐn
螽	zhōng
螾	yín
螾	yǐn
螿	jiāng
蟀	shuài
蟁	wén
蟂	xiāo
蟃	wàn
蟄	zhé
蟅	zhè
蟆	má
蟆	mò
蟇	má
蟈	guō
蟈	yù
蟉	liào
蟉	liú
蟊	máo
蟊	méng
蟋	xī
蟌	cōng
蟍	lí
蟎	mǎn
蟏	xiāo
蟐	chang
蟑	zhāng
蟒	měng
蟒	mǎng
蟓	xiàng
蟔	mò
蟕	zuī
蟖	sī
蟗	qiū
蟘	tè
蟙	zhí
蟚	péng
蟛	péng
蟜	jiǎo
蟜	qiáo
蟝	qú
蟞	bié
蟞	biē
蟟	liáo
蟠	fán
蟠	pán
蟡	guǐ
蟢	xǐ
蟣	jǐ
蟣	qí
蟤	zhuān
蟥	huáng
蟦	bēn
蟦	féi
蟧	liáo
蟧	láo
蟨	jué
蟩	jué
蟪	huì
蟫	xún
蟫	yín
蟬	chán
蟬	shàn
蟬	tí
蟭	jiāo
蟮	shàn
蟯	náo
蟯	rào
蟰	xiāo
蟱	móu
蟱	wú
蟲	chóng
蟲	tóng
蟲	zhòng
蟳	xún
蟴	sī
蟵	chú
蟶	chēng
蟷	dāng
蟸	lǐ
蟹	xiè
蟺	chán
蟺	dàn
蟺	shàn
蟺	tuó
蟻	jǐ
蟻	yǐ
蟼	jǐng
蟽	dá
蟾	chán
蟿	jì
蟿	qì
蠀	cī
蠀	jí
蠁	xiǎng
蠂	shè
蠃	guǒ
蠃	luó
蠃	luǒ
蠄	qín
蠅	yíng
蠆	chài
蠇	lì
蠈	zéi
蠉	xuān
蠊	lián
蠋	zhú
蠌	zé
蠍	xiē
蠎	mǎng
蠏	xiè
蠐	qí
蠑	róng
蠒	jiǎn
蠓	měng
蠔	háo
蠕	rú
蠖	huò
蠖	yuè
蠗	zhuó
蠘	jié
蠙	pín
蠚	hē
蠛	miè
蠜	fán
蠝	lěi
蠞	jié
蠟	là
蠠	mián
蠠	mǐn
蠡	luó
蠡	luǒ
蠡	lì
蠡	lí
蠡	lǐ
蠢	chǔn
蠣	lì
蠤	qiū
蠥	niè
蠦	lú
蠧	dù
蠨	xiāo
蠩	chú
蠩	zhū
蠪	lóng
蠫	lí
蠬	lóng
蠭	fēng
蠭	páng
蠮	yē
蠯	pí
蠰	náng
蠰	rǎng
蠰	shàng
蠱	gǔ
蠱	yě
蠲	juān
蠳	yīng
蠴	shǔ
蠵	xī
蠶	cán
蠷	qú
蠸	huàn
蠸	quán
蠹	dù
蠺	cán
蠻	mán
蠼	jué
蠼	qú
蠽	jié
蠾	shú
蠾	zhú
蠿	zhuō
血	xiě
血	xuè
衁	huāng
衂	nǜ
衃	fǒu
衃	pēi
衄	nǜ
衅	xìn
衆	zhòng
衆	zhōng
衇	mài
衈	èr
衉	kā
衊	miè
衋	xì
行	hàng
行	háng
行	héng
行	xìng
行	xíng
衍	yán
衍	yǎn
衎	kàn
衎	kǎn
衏	yuàn
衐	qú
衑	líng
衒	xuàn
術	shù
衔	xián
衕	dòng
衕	tòng
衕	tóng
衖	lòng
衖	xiàng
街	jiē
衘	xián
衘	yù
衙	yá
衙	yù
衙	yú
衚	hú
衛	wèi
衜	dào
衝	chòng
衝	chōng
衝	chǒng
衞	wèi
衟	dào
衠	zhūn
衡	héng
衢	qú
衣	yì
衣	yī
衤	yī
补	bǔ
衦	gǎn
衧	yú
表	biǎo
衩	chà
衩	chǎ
衪	yí
衫	shān
衬	chèn
衭	fū
衮	gǔn
衯	fēn
衯	pén
衰	cuī
衰	shuāi
衰	suō
衱	jié
衲	nà
衳	zhōng
衴	dǎn
衵	yì
衶	zhòng
衷	zhòng
衷	zhōng
衸	jiè
衹	qí
衹	tǐ
衹	zhī
衹	zhǐ
衺	xié
衻	rán
衼	zhī
衽	rèn
衾	qīn
衿	jīn
衿	qìn
袀	jūn
袁	yuán
袂	mèi
袂	yì
袃	chài
袄	ǎo
袅	niǎo
袆	huī
袇	rán
袈	jiā
袉	tuó
袉	tuǒ
袊	líng
袊	lǐng
袋	dài
袌	bào
袌	pào
袌	páo
袍	bào
袍	páo
袎	yào
袏	zuò
袐	bì
袑	shào
袒	tǎn
袒	zhàn
袓	jiě
袓	jù
袔	hè
袔	kuǎ
袔	kè
袕	xué
袖	xiù
袗	zhěn
袘	tuó
袘	yì
袘	yí
袙	pà
袚	bō
袚	fú
袛	dī
袜	mò
袜	wà
袝	fù
袞	gǔn
袟	zhì
袠	zhì
袡	rán
袢	fán
袢	pàn
袣	yì
袤	mào
袤	móu
袥	tuō
袦	jué
袦	nà
袧	gòu
袧	gōu
袨	xuàn
袩	chān
袩	zhé
袪	qū
被	bèi
被	bì
被	pì
被	pī
袬	yù
袭	xí
袮	mí
袯	bó
袰	bō
袱	fú
袲	chǐ
袲	nuǒ
袳	chǐ
袳	duǒ
袳	nuǒ
袳	qǐ
袴	kù
袵	rèn
袶	jiàng
袷	jiá
袷	jié
袷	jiā
袷	qiā
袸	jiàn
袸	zùn
袹	bó
袹	mò
袺	jié
袻	ér
袼	gē
袼	luò
袽	rú
袾	zhū
袿	guà
袿	guī
裀	yīn
裁	cái
裂	liè
裂	liě
裃	kǎ
裄	xing
装	zhuāng
裆	dāng
裇	xū
裈	kūn
裉	kèn
裊	niǎo
裋	shù
裌	jiá
裌	jiā
裌	xié
裍	kǔn
裎	chéng
裎	chěng
裏	lǐ
裐	juān
裑	shēn
裒	bāo
裒	póu
裓	gé
裓	jiē
裔	yì
裕	yù
裖	zhěn
裗	liú
裘	qiú
裙	qún
裚	jì
裛	yì
補	bǔ
裝	zhuāng
裞	shuì
裟	shā
裠	qún
裡	lǐ
裢	lián
裢	shāo
裣	liǎn
裤	kù
裥	jiǎn
裦	fóu
裧	chàn
裧	chān
裧	tǎn
裨	bì
裨	pí
裩	kūn
裪	táo
裫	yuàn
裬	líng
裭	chǐ
裮	chāng
裯	chóu
裯	dāo
裰	duō
裱	biǎo
裲	liǎng
裳	cháng
裳	shang
裴	féi
裴	péi
裵	péi
裶	fēi
裷	gǔn
裷	yuān
裸	luǒ
裹	guǒ
裺	yàn
裺	yǎn
裺	ān
裻	dú
裼	tì
裼	xī
製	zhì
裾	jù
裾	jū
裿	qǐ
裿	yǐ
褀	qí
褁	guǒ
褂	guà
褃	kèn
褄	qī
褅	tì
褆	shì
褆	tí
複	fù
複	fú
褈	chóng
褈	chōng
褈	zhòng
褉	xiè
褊	biǎn
褊	pián
褋	dié
褌	kūn
褍	duān
褍	tuān
褎	xiù
褎	yòu
褏	xiù
褐	hè
褑	yuàn
褑	yuán
褒	bāo
褓	bǎo
褔	fù
褕	tóu
褕	yú
褖	tuàn
褗	yǎn
褘	huī
褘	yī
褙	bèi
褚	chǔ
褚	zhě
褚	zhǔ
褛	lǚ
褜	páo
褝	dān
褞	wēn
褞	yǔn
褟	tā
褠	gōu
褡	dā
褢	huái
褣	róng
褤	yuàn
褥	nù
褥	rù
褦	nài
褧	jiǒng
褨	chá
褨	suǒ
褩	bān
褩	pán
褪	tuì
褪	tùn
褫	chǐ
褬	sǎng
褭	niǎo
褮	yìng
褮	yīng
褯	jiè
褰	qiān
褱	huái
褲	kù
褳	lián
褴	lán
褵	lí
褶	dié
褶	xí
褶	zhě
褷	shī
褸	lǚ
褹	niè
褹	yì
褺	diē
褻	xiè
褼	xiān
褽	wèi
褾	biǎo
褿	cáo
襀	jì
襀	jī
襁	qiǎng
襂	shān
襂	sēn
襃	bāo
襃	póu
襄	xiāng
襅	bì
襆	fú
襆	pú
襇	jiǎn
襈	juàn
襈	zhuàn
襉	jiǎn
襊	cuì
襊	cuō
襋	jí
襌	dān
襍	zá
襎	bò
襎	fán
襏	bó
襏	fèi
襐	xiàng
襑	xín
襒	bié
襓	ráo
襔	mǎn
襕	lán
襖	ǎo
襗	duó
襗	yì
襗	zé
襘	guì
襘	huì
襙	cào
襚	suì
襛	nóng
襜	chàn
襜	chān
襜	dān
襝	chān
襝	liǎn
襞	bì
襟	jīn
襠	dāng
襡	dú
襡	shǔ
襢	chán
襢	tǎn
襢	zhàn
襢	zhān
襣	bì
襤	lán
襥	fú
襦	rú
襧	zhǐ
襨	duì
襩	shǔ
襪	wà
襫	shì
襬	bēi
襬	bǎi
襭	xié
襮	bó
襯	chèn
襰	lài
襱	lòng
襱	lóng
襲	xí
襳	shān
襳	xiān
襴	lán
襵	zhé
襵	zhě
襶	dài
襷	jǔ
襸	cuán
襸	zàn
襹	shī
襺	jiǎn
襻	pàn
襼	yì
襽	lán
襾	yà
西	xī
覀	xī
要	yào
要	yāo
要	yǎo
覂	bǎn
覂	fěng
覃	tán
覃	yǎn
覄	fù
覅	fiào
覆	fù
覇	bà
覈	hé
覉	jī
覊	jī
見	jiàn
見	xiàn
覌	guān
覍	biàn
覎	yàn
規	guì
規	guī
規	xù
覐	jué
覑	piǎn
覒	mào
覓	mì
覔	mì
覕	miè
覕	piē
視	shì
覗	sì
覘	chān
覘	dān
覘	jī
覙	luó
覚	jué
覛	mì
覜	tiào
覝	lián
覞	yào
覟	zhì
覠	jūn
覡	xí
覢	shǎn
覣	wēi
覤	xì
覥	tiǎn
覦	yú
覧	lǎn
覨	è
覩	dǔ
親	qìng
親	qīn
覫	pǎng
覬	jì
覭	míng
覮	yíng
覯	gòu
覰	qù
覰	qū
覱	zhàn
覱	zhān
覲	jìn
観	guān
覴	dēng
覵	biǎn
覵	jiàn
覶	luó
覶	luǎn
覷	qù
覸	jiān
覹	wéi
覺	jiào
覺	jué
覻	qū
覼	luó
覽	làn
覽	lǎn
覾	shěn
覿	dí
覿	jí
觀	guàn
觀	guān
见	jiàn
观	guān
觃	yàn
规	guī
觅	mì
视	shì
觇	chān
览	lǎn
觉	jué
觊	jì
觋	xí
觌	dí
觍	tiǎn
觎	yú
觏	gòu
觐	jìn
觑	qù
角	gǔ
角	jiǎo
角	jué
角	lù
觓	qiú
觔	jīn
觕	chéng
觕	chù
觕	cū
觖	guì
觖	jué
觖	kuì
觗	zhì
觘	chào
觙	jí
觚	gū
觛	dàn
觜	zuǐ
觜	zī
觝	dǐ
觝	zhǐ
觞	shāng
觟	huà
觟	xiè
觠	quán
觡	gé
觢	shì
解	jiè
解	jiě
解	xiè
觤	guǐ
觥	gōng
触	chù
觧	jiě
觨	hùn
觩	qiú
觪	xīng
觫	sù
觬	ní
觭	jī
觭	qí
觭	qǐ
觮	lù
觯	zhì
觰	dǎ
觰	zhā
觰	zhǎ
觱	bì
觲	xīng
觳	hú
觳	jué
觳	què
觴	shāng
觵	gōng
觶	zhì
觷	hù
觷	xué
觸	chù
觹	xī
觺	yí
觻	lì
觻	lù
觼	jué
觽	xī
觾	yàn
觿	wéi
觿	xī
言	yàn
言	yán
言	yín
訁	yán
訂	dìng
訃	fù
訄	kāo
訄	qiú
訅	qiú
訆	jiào
訇	hēng
訇	hōng
訇	jùn
計	jì
訉	fàn
訊	xùn
訋	diào
訌	hòng
訍	chà
訍	chài
訍	chā
討	tǎo
訏	xū
訏	xǔ
訐	jié
訐	jì
訑	dàn
訑	shī
訑	tuó
訑	tuǒ
訑	yí
訒	rèn
訓	xùn
訔	yín
訕	shàn
訖	qì
託	tuō
記	jì
訙	xùn
訚	yín
訛	é
訜	bīn
訜	fēn
訝	yà
訞	yāo
訟	sòng
訠	shěn
訡	yín
訢	xī
訢	xīn
訢	yín
訣	jué
訤	ná
訤	xiáo
訥	nè
訦	chén
訧	yóu
訨	zhǐ
訩	xiōng
訪	fǎng
訫	xìn
訬	chāo
訬	chǎo
訬	miǎo
設	shè
訮	yán
訯	sà
訯	sǎ
訰	zhùn
訰	zhūn
許	hǔ
許	xǔ
訲	yì
訳	yì
訴	sù
訵	chì
訵	chī
訶	hē
訷	shēn
訸	hé
訹	xù
診	zhěn
註	zhù
証	zhèng
訽	gòu
訾	zī
訾	zǐ
訿	zǐ
詀	chè
詀	diān
詀	tiē
詀	zhàn
詀	zhān
詁	gǔ
詂	fù
詃	jiǎn
詄	dié
詅	líng
詆	dǐ
詆	tì
詇	yàng
詈	lì
詉	ná
詉	náo
詉	nù
詊	pàn
詋	zhòu
詌	gàn
詍	yì
詎	jù
詏	yào
詐	zhà
詑	duò
詑	tuó
詑	xī
詑	yí
詑	yī
詒	dài
詒	tái
詒	yí
詓	qǔ
詔	zhào
詔	zhāo
評	píng
詖	bì
詗	xiòng
詘	chù
詘	qū
詙	bá
詙	bó
詚	dá
詛	zǔ
詜	tāo
詝	zhǔ
詞	cí
詟	zhé
詠	yǒng
詡	xǔ
詢	xún
詣	yì
詤	huǎng
詥	gé
詥	hé
試	shì
詧	chá
詧	qiè
詨	xiào
詩	shī
詪	hěn
詫	chà
詫	dù
詬	gòu
詬	hòu
詭	guǐ
詮	quán
詯	huì
詰	jié
話	huà
該	gāi
詳	xiáng
詳	yáng
詴	wēi
詵	shēn
詶	chóu
詶	zhòu
詷	dòng
詷	tóng
詸	mí
詹	dàn
詹	zhān
詺	mìng
詻	luò
詻	lüè
詻	è
詼	huī
詽	yán
詾	xiōng
詿	guà
誀	chǐ
誀	èr
誁	bìng
誂	diào
誂	tiǎo
誃	chì
誃	chǐ
誃	duò
誃	yí
誄	lěi
誅	zhū
誆	kuāng
誇	kuā
誇	qù
誈	wū
誉	yù
誊	téng
誋	jì
誌	zhì
認	rèn
誎	cù
誏	làng
誏	lǎng
誐	é
誐	ě
誑	kuáng
誒	xī
誒	yì
誒	èi
誒	éi
誒	ê̄
誒	ê̌
誒	ěi
誒	ế
誒	ề
誓	shì
誔	tǐng
誕	dàn
誖	bèi
誗	chán
誘	yòu
誙	kēng
誚	qiào
誛	qīn
誜	shuà
誝	ān
語	yù
語	yǔ
誟	xiào
誠	chéng
誡	jiè
誢	xiàn
誣	wū
誤	wù
誥	gào
誦	sòng
誧	bū
誨	huì
誩	jìng
說	shuō
誫	zhèn
説	shuì
説	shuō
説	tuō
説	yuè
読	dú
誮	huā
誯	chàng
誰	shuí
誰	shéi
誱	jié
課	kè
誳	juè
誳	qū
誴	cóng
誵	xiáo
誶	suì
誷	wǎng
誸	xián
誹	fěi
誺	chī
誺	lài
誻	tà
誼	yì
誽	ná
誽	nì
誾	yín
調	diào
調	tiáo
調	zhōu
諀	bēi
諀	pǐ
諁	zhuó
諂	chǎn
諃	chēn
諄	zhūn
諅	jì
諅	jī
諆	qī
談	tán
諈	zhuì
諉	wěi
諊	jū
請	qìng
請	qíng
請	qǐng
諌	dǒng
諍	zhèng
諍	zhēng
諎	cuò
諎	jiè
諎	zhǎ
諎	zuò
諎	zé
諏	zhōu
諏	zōu
諐	qiān
諑	zhuó
諒	liàng
諒	liáng
諓	jiàn
諔	chù
諔	jí
諕	huò
諕	háo
諕	xià
論	lùn
論	lún
諗	niè
諗	shěn
諘	biǎo
諙	huà
諚	pián
諛	yú
諜	dié
諜	xiè
諝	xū
諞	pián
諞	piǎn
諟	dì
諟	shì
諠	xuān
諡	shì
諢	hùn
諣	guā
諣	huà
諤	è
諥	zhòng
諦	dì
諦	tí
諧	xié
諨	fú
諩	pǔ
諪	tíng
諫	jiàn
諫	làn
諬	qǐ
諭	tǒu
諭	yù
諮	zī
諯	zhuān
諰	shāi
諰	xǐ
諰	āi
諱	huì
諲	yīn
諳	tǒu
諳	ān
諴	gān
諴	xián
諵	nàn
諵	nán
諶	chén
諷	fèng
諷	fěng
諸	chú
諸	zhū
諹	yáng
諺	yàn
諻	huáng
諼	xuān
諽	gé
諾	nuò
諿	qī
諿	xǔ
謀	móu
謁	yè
謁	ǎi
謂	wèi
謃	xīng
謄	téng
謅	chōu
謅	chǎo
謅	zhōu
謆	shàn
謇	jiǎn
謈	páo
謈	pó
謉	duǐ
謉	guǐ
謉	kuì
謉	tuí
謊	huǎng
謋	huò
謌	gē
謍	hōng
謍	yíng
謍	yīng
謎	mí
謏	sòu
謏	sǒu
謏	xiǎo
謐	mì
謑	xià
謑	xí
謑	xǐ
謒	qiāng
謓	chēn
謓	zhèn
謔	xuè
謕	sī
謕	tí
謖	sù
謗	bàng
謘	chí
謙	qiān
謙	zhàn
謚	shì
謚	xì
謚	yì
講	jiǎng
謜	quán
謜	yuán
謝	xiè
謞	hè
謞	xiāo
謟	tāo
謠	yáo
謡	yáo
謢	lū
謣	xū
謣	yú
謤	biāo
謤	piāo
謥	còng
謦	qìng
謦	qǐng
謧	lí
謨	mó
謩	mó
謪	shāng
謫	zhé
謫	zé
謬	miù
謭	jiǎn
謮	zé
謯	jiē
謯	zhā
謯	zhǎ
謯	zǔ
謰	lián
謱	lóu
謱	lǚ
謲	chěn
謲	càn
謲	sān
謲	zào
謳	xú
謳	ōu
謴	gùn
謵	chè
謵	xí
謶	shù
謶	zhuó
謶	zhē
謷	ào
謷	áo
謸	áo
謹	jǐn
謺	zhé
謻	chí
謻	yí
謼	hū
謼	xiāo
謽	jiàng
謾	màn
謾	mán
謿	cháo
譀	hàn
譀	xiàn
譁	huá
譁	wà
譂	chǎn
譂	dàn
譃	xū
譄	zēng
譅	sè
譆	xī
譇	zhā
譈	duì
證	zhèng
譊	náo
譊	xiāo
譋	lán
譌	guǐ
譌	wá
譌	é
譍	yīng
譎	jué
譏	jī
譐	zǔn
譑	jiǎo
譑	qiào
譒	bò
譓	huì
譔	quán
譔	zhuàn
譕	mó
譕	wú
譖	jiàn
譖	zèn
譗	zhá
識	shì
識	shí
識	zhì
譙	qiào
譙	qiáo
譚	tán
譛	zèn
譜	pǔ
譝	shéng
譞	xuān
譟	zào
譠	tán
譡	dǎng
譢	suì
譣	xiǎn
譤	jī
譥	jiào
警	jǐng
譧	lián
譧	zhàn
譨	náng
譨	nóu
譩	yī
譪	ǎi
譫	zhān
譬	pì
譭	huǐ
譮	huà
譮	huì
譮	xiè
譯	yì
議	yì
譱	shàn
譲	ràng
譳	nòu
譴	qiǎn
譵	duì
譶	tà
護	hù
譸	chóu
譸	zhōu
譹	háo
譺	nǐ
譺	yì
譺	yí
譺	yǐ
譺	ài
譻	yīng
譼	jiàn
譽	yù
譾	jiǎn
譿	huì
讀	dòu
讀	dú
讁	zhé
讂	xuàn
讃	zàn
讄	lěi
讅	shěn
讆	wèi
讇	chǎn
讈	lì
讉	tuī
讉	yí
變	biàn
讋	zhé
讌	yàn
讍	è
讎	chóu
讏	wèi
讐	chóu
讑	yào
讒	chán
讓	ràng
讔	yǐn
讕	lán
讖	chàn
讖	chèn
讗	xié
讘	niè
讙	huàn
讙	huān
讚	zàn
讛	yì
讜	dàng
讜	dǎng
讝	zhán
讝	zhān
讞	yàn
讟	dú
讠	yán
计	jì
订	dìng
讣	fù
认	rèn
讥	jī
讦	jié
讧	hòng
讨	tǎo
让	ràng
讪	shàn
讫	qì
讬	tuō
训	xùn
议	yì
讯	xùn
记	jì
讱	rèn
讲	jiǎng
讳	huì
讴	ōu
讵	jù
讶	yà
讷	nè
许	xǔ
讹	é
论	lùn
讻	xiōng
讼	sòng
讽	fèng
讽	fěng
设	shè
访	fǎng
诀	jué
证	zhèng
诂	gǔ
诃	hē
评	píng
诅	zǔ
识	shì
识	shí
诇	xiòng
诈	zhà
诉	sù
诊	zhěn
诋	dǐ
诌	zhōu
词	cí
诎	qū
诏	zhào
诐	bì
译	yì
诒	yí
诓	kuāng
诔	lěi
试	shì
诖	guà
诗	shī
诘	jié
诙	huī
诚	chéng
诛	zhū
诜	shēn
话	huà
诞	dàn
诟	gòu
诠	quán
诡	guǐ
询	xún
诣	yì
诤	zhèng
该	gāi
详	xiáng
诧	chà
诨	hùn
诩	xǔ
诪	zhōu
诫	jiè
诬	wū
语	yǔ
诮	qiào
误	wù
诰	gào
诱	yòu
诲	huì
诳	kuáng
说	shuō
诵	sòng
诶	éi
请	qǐng
诸	zhū
诹	zōu
诺	nuò
读	dú
诼	zhuó
诽	fěi
课	kè
诿	wěi
谀	yú
谁	shéi
谂	shěn
调	diào
谄	chǎn
谅	liàng
谆	zhūn
谇	suì
谈	tán
谉	shěn
谊	yì
谋	móu
谌	chén
谍	dié
谎	huǎng
谏	jiàn
谐	xié
谑	xuè
谒	yè
谓	wèi
谔	è
谕	yù
谖	xuān
谗	chán
谘	zī
谙	ān
谚	yàn
谛	dì
谜	mí
谝	piǎn
谞	xū
谟	mó
谠	dǎng
谡	sù
谢	xiè
谣	yáo
谤	bàng
谥	shì
谦	qiān
谧	mì
谨	jǐn
谩	màn
谪	zhé
谫	jiǎn
谬	miù
谭	tán
谮	zèn
谯	qiáo
谰	lán
谱	pǔ
谲	jué
谳	yàn
谴	qiǎn
谵	zhān
谶	chèn
谷	gǔ
谷	lù
谷	yù
谸	qiān
谹	hóng
谺	xiā
谻	jí
谼	hóng
谽	hān
谾	hōng
谾	lóng
谿	jī
谿	xī
豀	xī
豁	huá
豁	huò
豁	huō
豂	liáo
豃	gǎn
豃	hǎn
豄	dú
豅	lòng
豅	lóng
豆	dòu
豇	jiāng
豈	kǎi
豈	qǐ
豉	chǐ
豉	shì
豊	fēng
豊	lǐ
豋	dēng
豌	wān
豍	biǎn
豍	bī
豎	shù
豏	xiàn
豐	fēng
豑	zhì
豒	zhì
豓	yàn
豔	yàn
豕	shǐ
豖	chù
豗	huī
豘	tún
豙	yì
豚	dùn
豚	dūn
豚	tún
豛	yì
豜	jiān
豝	bā
豞	hòu
豟	è
豠	chú
象	xiàng
豢	huàn
豣	jiān
豣	yàn
豤	kěn
豤	kūn
豥	gāi
豦	jù
豧	fù
豧	fū
豧	pū
豨	xī
豩	bīn
豩	huān
豪	háo
豫	shū
豫	xiè
豫	yù
豬	zhū
豭	jiā
豮	fén
豯	xī
豰	bó
豰	gòu
豰	huò
豰	hù
豱	wēn
豲	huán
豳	bān
豳	bīn
豴	dí
豵	zōng
豶	fén
豷	yì
豸	zhì
豹	bào
豺	chái
豻	àn
豼	pí
豽	nà
豾	pī
豿	gǒu
貀	duò
貀	nà
貁	yòu
貂	diāo
貃	mò
貄	sì
貅	xiū
貆	huán
貆	huān
貇	kěn
貇	kūn
貇	mào
貈	hé
貈	mò
貉	háo
貉	hé
貉	mà
貉	mò
貊	má
貊	mò
貋	àn
貌	mào
貌	mò
貍	lí
貍	mái
貍	yù
貎	ní
貏	bǐ
貐	yǔ
貑	jiā
貒	tuàn
貒	tuān
貓	māo
貔	pí
貕	xī
貖	yì
貗	jù
貗	yú
貘	mò
貙	chū
貚	tán
貛	huān
貜	jué
貝	bèi
貞	zhēn
貞	zhēng
貟	yuán
負	fù
財	cái
貢	gòng
貣	tè
貤	yì
貤	yí
貥	háng
貦	wán
貧	pín
貨	huò
販	fàn
貪	tān
貫	guàn
貫	wān
責	zhài
責	zé
貭	zhì
貮	èr
貯	zhù
貰	shì
貱	bì
貲	zī
貳	èr
貴	guì
貵	piǎn
貶	biǎn
貶	fá
買	mǎi
貸	dài
貸	tè
貹	shèng
貺	kuàng
費	bì
費	fèi
費	fú
貼	tiē
貽	yí
貾	chí
貿	mào
賀	hè
賁	bì
賁	bān
賁	bēn
賁	fèn
賁	féi
賁	fén
賁	lù
賁	pān
賂	lù
賃	lìn
賄	huì
賅	gāi
賆	pián
資	zì
資	zī
賈	gǔ
賈	jià
賈	jiǎ
賉	xù
賊	zéi
賋	jiǎo
賌	gāi
賍	zāng
賎	jiàn
賏	yīng
賐	xùn
賑	zhèn
賒	shā
賒	shē
賓	bīn
賔	bīn
賕	qiú
賖	shē
賗	chuàn
賘	zāng
賙	zhōu
賚	lài
賛	zàn
賜	cì
賝	chēn
賞	shǎng
賟	tiǎn
賠	péi
賡	gēng
賢	xiàn
賢	xián
賣	mài
賤	jiàn
賥	suì
賦	fù
賧	tàn
賨	cóng
賩	cóng
質	zhì
賫	jī
賬	zhàng
賭	dǔ
賮	jìn
賯	xiōng
賰	chǔn
賱	yǔn
賲	bǎo
賳	zāi
賴	lài
賵	fèng
賶	càng
賷	jī
賸	shèng
賹	yì
賹	ài
賺	zhuàn
賺	zuàn
賻	fù
購	gòu
賽	sài
賾	zé
賿	liáo
贀	yì
贁	bài
贂	chěn
贃	wàn
贄	zhì
贄	zhí
贅	zhuì
贆	biāo
贇	bīn
贇	yūn
贈	zèng
贉	dàn
贊	zàn
贋	yàn
贌	pú
贍	dàn
贍	shàn
贎	wàn
贏	yíng
贐	jìn
贑	gàn
贒	xián
贓	zāng
贔	bì
贕	dú
贖	shù
贖	shú
贗	yàn
贗	yán
贘	shǎng
贙	xuàn
贚	lòng
贛	gàn
贛	gòng
贛	zhuàng
贜	zāng
贝	bèi
贞	zhēn
负	fù
贠	yuán
贡	gòng
财	cái
责	zé
贤	xián
败	bài
账	zhàng
货	huò
质	zhì
贩	fàn
贪	tān
贫	pín
贬	biǎn
购	gòu
贮	zhù
贯	guàn
贰	èr
贱	jiàn
贲	bēn
贳	shì
贴	tiē
贵	guì
贶	kuàng
贷	dài
贸	mào
费	fèi
贺	hè
贻	yí
贼	zéi
贽	zhì
贾	jiǎ
贿	huì
赀	zī
赁	lìn
赂	lù
赃	zāng
资	zī
赅	gāi
赆	jìn
赇	qiú
赈	zhèn
赉	lài
赊	shē
赋	fù
赌	dǔ
赍	jī
赎	shú
赏	shǎng
赐	cì
赑	bì
赒	zhōu
赓	gēng
赔	péi
赕	dǎn
赖	lài
赗	fèng
赘	zhuì
赙	fù
赚	zhuàn
赛	sài
赜	zé
赝	yàn
赞	zàn
赟	yūn
赠	zèng
赡	shàn
赢	yíng
赣	gàn
赤	chì
赥	xī
赦	cè
赦	shè
赧	nǎn
赨	tóng
赨	xióng
赩	xì
赪	chēng
赫	hè
赫	shì
赬	chēng
赭	zhě
赮	xiá
赯	táng
走	zǒu
赱	zǒu
赲	lì
赳	jiù
赳	jiū
赴	fù
赵	zhào
赶	gǎn
赶	qián
起	qǐ
赸	shàn
赹	qióng
赺	qǐn
赺	yǐn
赻	xiǎn
赼	zī
赽	guì
赽	jué
赾	qǐn
赿	chí
赿	dì
趀	cī
趁	chèn
趁	chén
趁	niǎn
趁	zhēn
趁	zhěn
趂	chèn
趃	dié
趃	tú
趄	jū
趄	qiè
超	chào
超	chāo
超	chǎo
超	tiào
趆	dī
趇	xì
趈	zhān
趉	jué
趉	jú
越	huó
越	yuè
趋	qū
趌	jié
趌	jí
趍	chí
趍	qū
趎	chú
趏	guā
趏	huó
趐	chì
趐	xuè
趑	cì
趑	zī
趒	tiào
趒	tiáo
趒	tiǎo
趓	duǒ
趔	liè
趕	gǎn
趖	suō
趗	cù
趘	xí
趙	diào
趙	zhào
趚	sù
趛	yǐn
趜	jú
趜	qiú
趜	qū
趝	jiàn
趞	jí
趞	què
趞	qì
趟	chéng
趟	tàng
趟	tāng
趟	zhèng
趟	zhēng
趠	chuò
趠	chào
趠	tiào
趠	zhuó
趡	cuǐ
趡	jù
趡	wěi
趢	lù
趣	cù
趣	cǒu
趣	qù
趣	qū
趣	zōu
趤	dàng
趥	cù
趥	qiū
趦	zī
趧	tí
趨	cù
趨	cǒu
趨	qù
趨	qū
趩	chì
趪	guāng
趪	huáng
趫	chǎo
趫	jiào
趫	qiáo
趬	qiāo
趭	jiào
趮	zào
趯	tì
趯	yuè
趯	yào
趰	ěr
趱	zǎn
趲	zū
趲	zǎn
足	jù
足	zú
趴	pā
趵	bào
趵	bō
趵	chuò
趵	páo
趵	zhuó
趶	kù
趶	wū
趷	kē
趸	dǔn
趹	guì
趹	jué
趺	fū
趻	chěn
趼	jiān
趼	jiǎn
趼	yàn
趼	yán
趽	fàng
趽	fāng
趽	páng
趾	zhǐ
趿	qì
趿	sà
趿	tā
跀	yuè
跁	bà
跁	pá
跂	jī
跂	qì
跂	qí
跂	qǐ
跂	zhī
跃	yuè
跄	qiàng
跅	chì
跅	tuò
跆	tái
跇	yì
跈	chén
跈	jiàn
跈	niǎn
跈	tiàn
跉	líng
跊	mèi
跋	bá
跋	bèi
跌	dié
跌	diē
跌	tú
跍	kū
跎	tuó
跏	jiā
跐	cī
跐	cǐ
跐	zǐ
跑	bó
跑	páo
跑	pǎo
跒	qiǎ
跓	zhù
跔	jū
跔	qǔ
跕	dié
跕	diǎn
跕	tiē
跕	zhàn
跖	zhí
跗	fù
跗	fū
跘	bàn
跘	pán
跙	jù
跙	qiè
跙	qiě
跙	qū
跙	zhù
跚	shān
跛	bì
跛	bǒ
跛	pō
跜	ní
距	jù
跞	lì
跟	gēn
跠	yí
跡	jī
跢	chí
跢	duò
跢	duō
跢	dài
跣	sǔn
跣	xiān
跣	xiǎn
跤	jiāo
跤	qiāo
跥	duò
跦	chú
跦	zhū
跧	quán
跧	zūn
跨	kuà
跨	kuā
跨	kuǎ
跨	kù
跩	shì
跩	zhuǎi
跪	guì
跫	qióng
跫	qiāng
跫	qiōng
跬	kuǐ
跬	xiè
跭	xiáng
跮	chì
跮	dié
路	luò
路	lù
跰	bèng
跰	bǐng
跰	pián
跱	zhì
跲	jiá
跲	jié
跳	diào
跳	tiào
跳	táo
跴	cǎi
践	jiàn
跶	da
跷	qiāo
跸	bì
跹	xiān
跺	duò
跻	jī
跼	jú
跼	qù
跽	jì
跾	chōu
跾	shū
跿	chuō
跿	duó
跿	tú
踀	chù
踀	cù
踁	jìng
踁	kēng
踂	niè
踃	qiào
踃	xiāo
踄	bù
踅	chì
踅	xué
踆	cún
踆	cūn
踆	qiù
踆	qūn
踆	zhūn
踆	zūn
踇	mǔ
踈	shū
踉	liàng
踉	liáng
踉	làng
踉	láng
踊	yǒng
踋	jiǎo
踌	chóu
踍	qiāo
踎	móu
踏	tà
踏	tā
踐	jiàn
踑	jì
踑	jī
踑	qí
踒	ruí
踒	wēi
踒	wō
踓	cù
踓	wěi
踔	chuò
踔	chuō
踔	diào
踔	tiào
踔	zhuō
踕	jié
踖	jí
踖	què
踖	qì
踗	niè
踘	jū
踙	niè
踚	lún
踛	lù
踜	chěng
踜	lèng
踜	léng
踝	huái
踞	jù
踟	chí
踠	wò
踠	wǎn
踡	juǎn
踡	quán
踢	dié
踢	tī
踣	bó
踣	pòu
踤	cuì
踤	cù
踤	zú
踥	qiè
踦	jī
踦	jǐ
踦	qī
踦	yì
踦	yǐ
踧	cù
踧	dí
踨	zōng
踩	cǎi
踩	kuí
踪	zōng
踫	pán
踫	pèng
踬	zhì
踭	zhēng
踮	diǎn
踯	zhí
踰	chū
踰	yáo
踰	yú
踱	chuò
踱	duó
踲	dùn
踳	chuǎn
踳	chūn
踳	chǔn
踴	yǒng
踵	zhòng
踵	zhǒng
踶	chí
踶	dì
踶	shì
踶	tí
踶	zhì
踷	zhǎ
踸	chěn
踹	chuài
踹	chuǎn
踹	duàn
踹	shuàn
踺	jiàn
踻	guā
踻	guǎ
踻	tuó
踼	shāng
踼	táng
踼	tǎng
踽	jǔ
踾	bì
踾	fú
踿	zú
蹀	dié
蹁	pián
蹂	róu
蹂	rǒu
蹃	nuò
蹃	nà
蹃	rè
蹄	dì
蹄	tí
蹅	chǎ
蹅	zhā
蹆	tuǐ
蹇	jiǎn
蹈	dǎo
蹉	cuō
蹊	qī
蹊	xī
蹋	tà
蹌	qiàng
蹌	qiāng
蹍	chán
蹍	niǎn
蹍	zhǎn
蹎	diān
蹏	tí
蹐	jí
蹑	niè
蹒	pán
蹓	liù
蹓	liū
蹔	cán
蹔	zàn
蹕	bì
蹖	chōng
蹗	lù
蹘	liáo
蹙	cù
蹚	chēng
蹚	tàng
蹚	tāng
蹛	diē
蹛	dài
蹛	dān
蹛	zhì
蹜	sù
蹝	xǐ
蹞	kuǐ
蹟	jī
蹠	zhuó
蹠	zhí
蹡	qiàng
蹡	qiāng
蹢	dí
蹢	zhí
蹣	liǎng
蹣	mán
蹣	pán
蹤	zōng
蹥	lián
蹦	bèng
蹧	zāo
蹨	niǎn
蹨	rǎn
蹩	bié
蹪	tuí
蹫	jú
蹬	dèng
蹬	dēng
蹭	cèng
蹭	céng
蹮	xiān
蹯	fán
蹰	chú
蹱	chòng
蹱	zhōng
蹲	cuán
蹲	cún
蹲	cǔn
蹲	dūn
蹲	qǔn
蹲	zún
蹲	zūn
蹳	bō
蹴	cù
蹴	zú
蹵	cù
蹶	guì
蹶	jué
蹷	jué
蹸	lìn
蹸	lín
蹹	tá
蹺	qiào
蹺	qiāo
蹻	jiǎo
蹻	jué
蹻	juē
蹻	jú
蹻	qiāo
蹻	xuè
蹼	pǔ
蹽	liāo
蹾	dūn
蹿	cuān
躀	guàn
躁	zào
躂	dá
躃	bì
躄	bì
躅	zhuó
躅	zhú
躆	jù
躇	chuò
躇	chú
躈	qiào
躉	dǔn
躊	chóu
躋	jī
躌	wǔ
躍	tì
躍	yuè
躎	niǎn
躏	lìn
躐	liè
躑	zhí
躒	luò
躒	lì
躒	yuè
躓	zhì
躓	zhī
躔	chán
躔	zhàn
躕	chú
躖	duàn
躗	wèi
躘	lóng
躘	lǒng
躙	lìn
躚	xiān
躛	wèi
躜	zuān
躝	lán
躞	xiè
躟	ráng
躠	sǎ
躠	xiè
躡	niè
躢	tà
躣	qú
躤	jí
躥	cuān
躦	cuó
躦	zuān
躧	xǐ
躨	kuí
躩	jué
躩	qì
躪	lìn
身	juān
身	shēn
躬	gōng
躭	dān
躮	fēn
躯	qū
躰	tǐ
躱	duǒ
躲	duǒ
躳	gōng
躴	láng
躵	rěn
躶	luǒ
躷	ǎi
躸	jī
躹	jú
躺	tàng
躺	tǎng
躻	kōng
躼	lào
躽	yàn
躽	yǎn
躾	měi
躿	kāng
軀	qū
軁	lóu
軁	lǚ
軂	lào
軃	duǒ
軃	tuǒ
軄	zhí
軅	yàn
軆	tǐ
軇	dào
軈	yīng
軉	yù
車	chē
車	jū
軋	gá
軋	yà
軋	zhá
軌	guǐ
軍	jūn
軎	wèi
軏	yuè
軐	xiàn
軐	xìn
軑	dài
軒	hǎn
軒	jiān
軒	xiàn
軒	xiǎn
軒	xuān
軓	fàn
軔	rèn
軕	shān
軖	kuáng
軗	shū
軘	tún
軙	chén
軙	qí
軚	dài
軛	è
軜	nà
軝	qí
軞	máo
軟	ruǎn
軠	kuáng
軡	qián
転	zhuǎn
軣	hōng
軤	hū
軥	gòu
軥	gōu
軥	jū
軥	qú
軦	kuàng
軧	chí
軧	dǐ
軨	líng
軨	lǐng
軩	dài
軪	ào
軪	āo
軫	zhěn
軬	bèn
軬	fàn
軭	kuāng
軮	yǎng
軯	pēng
軰	bèi
軱	gū
軲	gū
軳	páo
軴	zhù
軵	fù
軵	fǔ
軵	róng
軵	rǒng
軶	è
軷	bá
軸	zhòu
軸	zhóu
軸	zhú
軹	zhǐ
軺	diāo
軺	yáo
軻	kē
軼	dié
軼	yì
軼	zhé
軽	qīng
軽	zhì
軾	shì
軿	píng
輀	ér
輁	gǒng
輂	jú
較	jiào
較	jué
較	xiào
輄	guāng
輅	hé
輅	lù
輅	yà
輆	kài
輆	kǎi
輇	chūn
輇	quán
輈	zhōu
載	dài
載	zài
載	zāi
載	zī
載	zǎi
輊	zhì
輋	shē
輌	liàng
輍	yù
輎	shāo
輏	yóu
輐	wàn
輐	yuǎn
輑	qūn
輑	yǐn
輒	zhé
輓	wǎn
輔	fǔ
輕	qìng
輕	qīng
輖	zhōu
輗	ní
輗	yì
輘	lèng
輘	léng
輘	líng
輙	zhé
輚	zhàn
輛	liàng
輜	zì
輜	zī
輝	huī
輞	wǎng
輟	chuò
輠	guǒ
輠	huà
輠	huì
輡	kǎn
輢	yǐ
輣	péng
輤	qiàn
輥	gǔn
輦	liǎn
輦	niǎn
輧	píng
輧	pēng
輨	guǎn
輩	bèi
輪	lún
輫	pái
輬	liáng
輭	ruǎn
輭	ér
輮	róu
輮	rǒu
輯	jí
輰	yáng
輱	kàn
輱	xián
輲	chuán
輳	còu
輴	chūn
輴	shǔn
輵	gé
輵	qiè
輵	yà
輵	è
輶	yóu
輷	hōng
輸	shù
輸	shū
輹	bú
輹	fù
輺	zī
輻	fú
輼	wēn
輼	yūn
輽	bèn
輾	niǎn
輾	zhǎn
輿	yù
輿	yú
轀	wēn
轁	kǎn
轁	tāo
轂	gū
轂	gǔ
轃	zhēn
轄	hé
轄	xiá
轅	yuán
轆	lù
轇	jiāo
轇	xiǎo
轈	cháo
轉	zhuàn
轉	zhuǎn
轊	wèi
轋	hún
轌	xuě
轍	zhé
轎	jiào
轏	zhàn
轐	bú
轑	liào
轑	liáo
轑	liǎo
轑	láo
轑	lǎo
轒	fén
轓	fān
轔	lìn
轔	lín
轕	gé
轖	sè
轗	kǎn
轘	huàn
轘	huán
轙	yǐ
轚	jí
轛	zhuì
轜	ér
轝	yù
轞	jiàn
轟	hōng
轠	léi
轡	pèi
轢	lì
轣	lì
轤	lú
轥	lìn
车	chē
轧	yà
轨	guǐ
轩	xuān
轪	dài
轫	rèn
转	zhuǎn
轭	è
轮	lún
软	ruǎn
轰	hōng
轱	gū
轲	kē
轳	lú
轴	zhóu
轵	zhǐ
轶	yì
轷	hū
轸	zhěn
轹	lì
轺	yáo
轻	qīng
轼	shì
载	zài
轾	zhì
轿	jiào
辀	zhōu
辁	quán
辂	lù
较	jiào
辄	zhé
辅	fǔ
辆	liàng
辇	niǎn
辈	bèi
辉	huī
辊	gǔn
辋	wǎng
辌	liáng
辍	chuò
辎	zī
辏	còu
辐	fú
辑	jí
辒	wēn
输	shū
辔	pèi
辕	yuán
辖	xiá
辗	zhǎn
辘	lù
辙	zhé
辚	lín
辛	xīn
辜	gū
辝	cí
辞	cí
辟	bì
辟	mǐ
辟	pì
辠	zuì
辠	zuī
辡	biàn
辢	là
辣	là
辤	cí
辥	xuē
辥	yì
辦	bàn
辧	biàn
辨	biàn
辨	biǎn
辨	bàn
辨	piàn
辩	biàn
辪	xuē
辫	biàn
辬	bān
辭	cí
辮	biàn
辯	biàn
辯	biǎn
辯	bàn
辯	pián
辰	chén
辱	rǔ
農	nóng
辳	nóng
辴	chǎn
辴	zhěn
辵	chuò
辶	chuò
辷	yī
辸	réng
边	biān
辺	biān
辻	shí
込	yū
辽	liáo
达	dá
达	tà
达	tì
辿	chán
辿	chān
迀	gān
迁	qiān
迂	yū
迃	yū
迄	qì
迅	xùn
迆	tuó
迆	yí
迆	yǐ
过	guò
迈	mài
迉	qī
迊	zā
迋	guàng
迋	kuáng
迋	wàng
迌	tù
迍	zhūn
迎	yìng
迎	yíng
迏	dá
运	yùn
运	yǔn
近	jìn
迒	háng
迒	xiáng
迓	yà
返	fǎn
迕	wǔ
迖	dá
迗	é
还	fú
还	huán
还	hái
这	zhè
迚	dá
进	jìn
远	yuǎn
违	wéi
连	lián
迟	chí
迠	chè
迡	chí
迡	nì
迢	tiáo
迣	chì
迣	zhì
迤	tuó
迤	yí
迤	yǐ
迥	jiǒng
迦	jiā
迦	xiè
迧	chén
迨	dài
迩	ěr
迪	dí
迫	pò
迫	pǎi
迬	wǎng
迬	zhù
迭	dié
迭	dá
迭	yì
迮	zuò
迮	zé
迯	táo
述	shù
迱	tuó
迱	yí
迲	qu
迳	jìng
迴	huí
迵	dòng
迶	yòu
迷	mì
迷	mí
迸	bèng
迹	jì
迹	jī
迺	nǎi
迻	yí
迼	jié
追	duī
追	tuī
追	zhuī
迾	liè
迿	xùn
退	tuì
送	sòng
适	kuò
适	shì
逃	táo
逄	féng
逄	páng
逅	hòu
逆	nì
逇	dùn
逈	jiǒng
选	xuǎn
逊	xùn
逋	bū
逌	yóu
逌	yōu
逍	xiāo
逎	qiú
透	shū
透	tòu
逐	dí
逐	tún
逐	zhòu
逐	zhú
逑	qiú
递	dì
逓	dì
途	tú
逕	jìng
逖	tì
逗	dòu
逗	qí
逗	tóu
逗	zhù
逘	sì
逘	yǐ
這	yàn
這	zhè
這	zhèi
通	tōng
逛	guàng
逛	kuáng
逜	wù
逜	wǔ
逝	shì
逞	chěng
逞	yíng
速	sù
造	cào
造	cāo
造	zào
逡	qūn
逡	suō
逡	xùn
逢	féng
逢	páng
逢	péng
連	liàn
連	lián
連	liǎn
連	làn
逤	suò
逥	huí
逦	lǐ
逧	gǔ
逨	lài
逨	lái
逩	bèn
逩	bēn
逪	cuò
逫	jué
逫	zhú
逬	bèng
逬	pēng
逭	huàn
逮	dài
逮	dì
逮	dǎi
逯	dài
逯	lù
逰	yóu
週	zhōu
進	jìn
逳	yù
逴	chuò
逴	chuō
逵	kuí
逵	kuǐ
逶	wēi
逷	tì
逸	yì
逹	dá
逺	yuǎn
逻	luó
逼	bī
逽	nuò
逾	dòu
逾	yú
逿	dàng
逿	táng
遀	suí
遁	dùn
遁	qūn
遁	xún
遂	suì
遃	yǎn
遃	àn
遄	chuán
遅	chí
遆	tí
遇	yóng
遇	yù
遇	ǒu
遈	shí
遉	zhēn
遊	yóu
運	yùn
遌	è
遍	biàn
過	guo
過	guò
過	guō
過	huò
遏	è
遐	xiá
遑	huáng
遒	qiú
遒	qiū
道	dào
道	dǎo
達	dá
達	tà
違	huí
違	wéi
遖	nán
遗	yí
遘	gòu
遙	yáo
遚	chòu
遛	liù
遛	liú
遜	xùn
遝	tà
遞	dài
遞	dì
遞	shì
遟	chí
遟	xī
遟	zhì
遠	yuàn
遠	yuǎn
遡	sù
遢	ta
遢	tà
遣	qiàn
遣	qiǎn
遤	mǎ
遥	yáo
遦	guàn
遧	zhāng
遨	áo
適	dí
適	shì
適	tì
適	zhé
遪	cà
遫	chì
遬	sù
遭	zāo
遮	zhē
遯	dùn
遰	dài
遰	dì
遰	shì
遱	lóu
遲	chí
遲	zhì
遳	cuō
遴	lìn
遴	lín
遵	zūn
遶	rào
遷	qiān
選	shuā
選	suàn
選	xuàn
選	xuǎn
遹	yù
遺	suí
遺	wèi
遺	yí
遻	è
遼	liáo
遽	jù
遽	qú
遾	shì
避	bì
邀	yāo
邁	mài
邂	xiè
邃	suì
還	huán
還	hái
還	xuán
邅	zhàn
邅	zhān
邆	téng
邇	ěr
邈	miáo
邈	miǎo
邉	biān
邊	biān
邋	liè
邋	lā
邌	chí
邌	lí
邍	yuán
邎	yáo
邏	luò
邏	luó
邐	lǐ
邑	yì
邑	è
邒	tíng
邓	dèng
邓	shān
邔	qǐ
邕	yōng
邕	yǒng
邖	shān
邗	hán
邘	yú
邙	máng
邚	fù
邚	rú
邛	qióng
邜	xī
邝	kuàng
邞	fū
邟	háng
邟	kàng
邟	kāng
邠	bīn
邡	fàng
邡	fāng
邢	gěng
邢	xíng
那	nuò
那	nuó
那	nà
那	nèi
那	né
那	nā
那	něi
那	nǎ
邤	xīn
邥	shěn
邦	bāng
邧	yuán
邨	cūn
邩	huǒ
邪	shé
邪	xié
邪	xú
邪	yá
邪	yé
邫	bāng
邬	wū
邭	jù
邮	yóu
邯	hàn
邯	hán
邰	tái
邱	qiū
邲	biàn
邲	bì
邳	pī
邴	bǐng
邵	shào
邶	bèi
邷	wǎ
邸	dǐ
邹	zōu
邺	qiū
邺	yè
邻	lín
邼	kuāng
邽	guī
邾	zhū
邿	shī
郀	kū
郁	yù
郂	gāi
郂	hái
郃	hé
郃	xiá
郄	qiè
郄	xì
郅	jí
郅	zhì
郆	jí
郇	huán
郇	xún
郈	hòu
郉	xíng
郊	jiāo
郋	xí
郌	guī
郍	fú
郍	nuó
郍	nǎ
郎	láng
郏	jiá
郐	kuài
郑	zhèng
郒	láng
郓	yùn
郔	yán
郕	chéng
郖	dòu
郗	chī
郗	xī
郘	lǚ
郙	fǔ
郚	wú
郚	yú
郛	fú
郜	gào
郝	hǎo
郝	shì
郞	láng
郟	jiá
郠	gěng
郡	jùn
郢	chéng
郢	yǐng
郣	bó
郤	xì
郥	bèi
郦	lì
郧	yún
部	bù
部	pǒu
郩	xiáo
郩	ǎo
郪	qī
郫	pí
郬	qīng
郭	guó
郭	guō
郮	zhōu
郯	tán
郰	jǔ
郰	zōu
郱	píng
郲	lái
郲	lěi
郳	ní
郴	chēn
郴	lán
郵	chuí
郵	yóu
郶	bù
郷	xiāng
郸	dān
郹	jú
郺	yōng
郻	qiāo
郼	yī
都	dōu
都	dū
郾	yān
郾	yǎn
郿	méi
鄀	ruò
鄁	bèi
鄂	è
鄃	shū
鄄	juàn
鄅	yǔ
鄆	yùn
鄇	hóu
鄈	kuí
鄉	xiàng
鄉	xiāng
鄉	xiǎng
鄊	xiāng
鄋	sōu
鄌	táng
鄍	míng
鄎	xī
鄏	rǔ
鄐	chù
鄑	zī
鄒	jù
鄒	zōu
鄓	yè
鄔	wū
鄕	xiāng
鄖	yún
鄗	hào
鄗	jiāo
鄗	qiāo
鄘	yōng
鄙	bǐ
鄚	mào
鄚	mò
鄛	cháo
鄜	fū
鄜	lù
鄝	liǎo
鄞	yín
鄟	zhuān
鄠	hù
鄡	qiāo
鄢	yān
鄣	zhàng
鄣	zhāng
鄤	màn
鄤	wàn
鄥	qiāo
鄦	xǔ
鄧	dèng
鄨	bì
鄩	xún
鄪	bì
鄫	céng
鄫	zēng
鄬	wéi
鄭	zhèng
鄮	mào
鄯	shàn
鄰	lìn
鄰	lín
鄱	pán
鄱	pí
鄱	pó
鄲	duō
鄲	dān
鄳	méng
鄴	yè
鄵	cào
鄵	sāo
鄶	kuài
鄷	fēng
鄸	méng
鄹	jù
鄹	zōu
鄺	kuàng
鄺	kuò
鄻	liǎn
鄼	zàn
鄽	chán
鄾	yōu
鄿	jī
鄿	qí
酀	yàn
酀	yǎn
酁	chán
酂	zàn
酃	líng
酄	huān
酄	quān
酅	xī
酆	fēng
酇	cuó
酇	zàn
酈	lì
酈	lí
酈	zhí
酉	yǒu
酊	dīng
酊	dǐng
酋	qiú
酌	zhuó
配	pèi
酎	zhòu
酏	yí
酏	yǐ
酐	gān
酐	hàng
酑	yú
酒	jiǔ
酓	yàn
酓	yǎn
酓	yǐn
酔	zuì
酕	máo
酖	dān
酖	zhèn
酗	xù
酘	dòu
酙	zhēn
酚	fēn
酛	yuán
酜	fu
酝	yùn
酞	tài
酟	tiān
酠	qiǎ
酡	duò
酡	tuó
酢	cù
酢	zuò
酣	hàn
酣	hān
酤	gū
酥	sū
酦	pō
酧	chóu
酨	zuì
酨	zài
酩	mǐng
酪	luò
酪	lào
酪	lù
酫	chuò
酬	chóu
酭	yòu
酮	chóng
酮	dòng
酮	tóng
酯	zhǐ
酰	xiān
酱	jiàng
酲	chéng
酳	yìn
酴	tú
酵	jiào
酶	méi
酷	kù
酸	suān
酹	lèi
酺	pú
酻	fú
酻	zuì
酼	hǎi
酽	yàn
酾	shī
酿	niàng
醀	wéi
醀	zhuì
醁	lù
醂	lǎn
醃	yān
醃	āng
醄	táo
醅	pēi
醆	zhǎn
醇	chún
醈	dàn
醈	tán
醉	zuì
醊	zhuì
醋	cù
醋	zuò
醌	kūn
醍	tí
醍	tǐ
醎	jiǎn
醎	xián
醏	dū
醐	hú
醑	xǔ
醒	chéng
醒	jīng
醒	xǐng
醓	tǎn
醔	chōu
醔	qiú
醕	chún
醖	yùn
醗	pò
醘	kē
醙	sōu
醚	mí
醛	chuò
醛	quán
醜	chǒu
醝	cuō
醝	cuǒ
醞	yùn
醟	yòng
醠	àng
醡	zhà
醢	hǎi
醣	táng
醤	jiàng
醥	piǎo
醦	chěn
醦	chǎn
醧	yù
醧	ōu
醨	lí
醩	zāo
醪	láo
醫	yī
醫	yǐ
醬	jiàng
醭	bú
醮	jiào
醮	qiáo
醮	zhàn
醯	xī
醰	tán
醱	fā
醱	pò
醱	pō
醲	nóng
醳	shì
醳	yì
醴	lǐ
醵	jù
醶	jiǎn
醶	liǎn
醶	xiān
醶	yàn
醷	yì
醷	yǐ
醷	ài
醸	niàng
醹	rú
醺	xūn
醻	chóu
醻	dào
醻	shòu
醼	yàn
醽	líng
醾	mí
醿	mí
釀	niàng
釀	niáng
釁	xìn
釂	jiào
釃	lí
釃	shāi
釃	shī
釄	mí
釅	yàn
釆	biàn
釆	biǎn
采	cài
采	cǎi
釈	shì
釉	yòu
释	shì
釋	shì
釋	yì
里	lǐ
重	chóng
重	tóng
重	zhòng
野	shù
野	yě
量	liàng
量	liáng
釐	lài
釐	lái
釐	lí
釐	tāi
釐	xī
金	jìn
金	jīn
釒	jīn
釓	gá
釓	qiú
釔	yǐ
釕	liào
釕	liǎo
釖	dāo
釗	zhāo
釘	dìng
釘	dīng
釘	líng
釙	pò
釙	pō
釚	qiú
釛	bā
釜	fǔ
針	zhēn
釞	zhí
釟	bā
釠	luàn
釡	fǔ
釢	nǎi
釣	diào
釤	shàn
釤	shān
釤	xiān
釥	jiǎo
釥	qiǎo
釦	kòu
釧	chuàn
釧	chuān
釨	zǐ
釩	fàn
釩	fán
釩	fǎn
釪	huá
釪	yú
釫	huá
釫	wū
釬	gān
釬	hàn
釭	gāng
釭	gōng
釮	qí
釯	máng
釰	jiàn
釰	rèn
釰	rì
釱	dì
釲	sì
釳	xì
釴	yì
釵	chā
釵	chāi
釶	shī
釶	yí
釶	yě
釷	tǔ
釸	xī
釹	nǚ
釺	qiān
釻	qiú
釼	jiàn
釽	pì
釽	pī
釽	zhāo
釾	yá
釾	yé
釿	jīn
釿	yín
釿	yǐn
鈀	bā
鈀	bǎ
鈀	pá
鈁	fāng
鈂	chén
鈂	qín
鈂	zhèn
鈃	xíng
鈄	dǒu
鈅	yuè
鈆	qiān
鈆	zhōng
鈇	fū
鈇	fǔ
鈈	bù
鈈	pī
鈉	nà
鈉	ruì
鈊	qìn
鈊	xīn
鈋	é
鈌	jué
鈍	dùn
鈎	gōu
鈏	yǐn
鈐	hán
鈐	qián
鈑	bǎn
鈒	sà
鈒	xì
鈓	rén
鈔	chāo
鈔	chǎo
鈕	chǒu
鈕	niǔ
鈖	fēn
鈗	duì
鈗	yǔn
鈘	yǐ
鈙	qín
鈚	bī
鈚	bǐ
鈚	pī
鈛	guō
鈜	hóng
鈝	yín
鈞	jūn
鈟	diào
鈠	yì
鈡	zhōng
鈢	xǐ
鈣	gài
鈤	rì
鈥	huǒ
鈦	tài
鈧	kàng
鈨	yuán
鈩	lú
鈪	è
鈫	qín
鈬	duó
鈭	zī
鈮	ní
鈮	nǐ
鈯	tú
鈰	shì
鈱	mín
鈱	mǐn
鈲	gū
鈲	pì
鈳	kē
鈴	líng
鈵	bǐng
鈶	cí
鈶	sì
鈶	tái
鈷	gù
鈷	gǔ
鈷	hú
鈸	bó
鈹	pí
鈹	pī
鈺	yù
鈻	sì
鈼	zuó
鈽	bū
鈾	yóu
鈾	zhòu
鈿	diàn
鈿	tián
鉀	gé
鉀	jiǎ
鉁	zhèn
鉁	zhēn
鉂	shǐ
鉃	shì
鉃	zú
鉄	tiě
鉄	zhí
鉅	jù
鉆	chān
鉆	qián
鉆	tiē
鉇	shī
鉇	yí
鉈	shé
鉈	shī
鉈	tuó
鉈	tā
鉈	yí
鉉	xuàn
鉊	zhāo
鉋	bào
鉋	báo
鉋	páo
鉌	hé
鉍	bì
鉍	sè
鉎	shēng
鉏	chá
鉏	chú
鉏	jǔ
鉏	xú
鉏	zhù
鉏	zū
鉐	shí
鉐	zú
鉑	bó
鉒	zhù
鉓	chì
鉔	zā
鉕	pō
鉕	pǒ
鉖	tóng
鉗	qián
鉗	ān
鉘	fú
鉙	zhǎi
鉚	liǔ
鉚	mǎo
鉛	qiān
鉛	yán
鉜	fú
鉝	lì
鉞	yuè
鉟	pī
鉠	yāng
鉡	bàn
鉢	bō
鉣	jié
鉤	gòu
鉤	gōu
鉤	qú
鉥	shù
鉥	xù
鉦	zhēng
鉧	mǔ
鉨	niě
鉨	nǐ
鉨	xǐ
鉩	niè
鉩	xǐ
鉪	dì
鉫	jiā
鉬	mù
鉭	tǎn
鉮	huán
鉮	shén
鉮	shēn
鉯	yǐ
鉰	sī
鉱	kuàng
鉲	kǎ
鉳	běi
鉴	jiàn
鉵	tóng
鉵	zhuó
鉶	xíng
鉷	hóng
鉸	jiǎo
鉹	chǐ
鉺	kēng
鉺	èr
鉺	ěr
鉻	gè
鉻	gē
鉻	luò
鉼	bǐng
鉼	píng
鉽	shì
鉾	máo
鉾	móu
鉿	gē
鉿	hā
鉿	jiā
鉿	kē
銀	yín
銁	jūn
銂	zhōu
銃	chòng
銄	jiōng
銄	xiǎng
銅	tóng
銆	mò
銇	lèi
銈	jī
銉	sì
銉	yù
銊	huì
銊	xù
銋	rén
銋	rěn
銌	zùn
銍	zhì
銎	qióng
銎	qiōng
銏	shuò
銏	shàn
銐	chì
銐	lì
銑	xiān
銑	xiǎn
銑	xǐ
銒	jiān
銒	xíng
銓	quán
銔	pī
銕	tiě
銕	yí
銖	zhū
銗	hóu
銗	xiàng
銘	míng
銙	kuǎ
銚	diào
銚	qiāo
銚	tiáo
銚	yào
銚	yáo
銛	guā
銛	tiǎn
銛	xiān
銜	xián
銝	xiū
銞	jūn
銟	chā
銠	lǎo
銡	jí
銢	pǐ
銣	rú
銤	mǐ
銥	yī
銦	yīn
銧	guāng
銨	ǎn
銩	diū
銪	yǒu
銫	sè
銬	kào
銭	qián
銮	luán
銯	sī
銰	āi
銱	diào
銲	hàn
銳	ruì
銴	shì
銴	zhì
銵	kēng
銶	qiú
銷	xiāo
銸	niè
銸	zhé
銹	xiù
銹	yòu
銺	zàng
銻	tí
銻	tī
銼	cuò
銽	guā
銾	gǒng
銾	hòng
銿	yōng
銿	zhōng
鋀	dòu
鋀	tù
鋀	tōu
鋁	lǚ
鋁	lǜ
鋂	méi
鋂	méng
鋃	láng
鋄	wàn
鋅	xīn
鋅	zǐ
鋆	jūn
鋆	yún
鋇	bèi
鋈	wù
鋉	sù
鋊	yù
鋋	chán
鋋	yán
鋌	dìng
鋌	tǐng
鋍	bó
鋎	hàn
鋏	jiá
鋐	hóng
鋑	cuān
鋑	jiān
鋑	juān
鋒	fēng
鋓	chān
鋔	wǎn
鋕	zhì
鋖	sī
鋖	tuó
鋗	juàn
鋗	juān
鋗	xuān
鋘	huá
鋘	hú
鋘	wú
鋙	wú
鋙	yú
鋙	yǔ
鋚	tiáo
鋛	kuàng
鋜	chuò
鋜	zhuó
鋝	lüè
鋞	jīng
鋞	xìng
鋞	xíng
鋟	jìn
鋟	qiān
鋟	qīn
鋟	qǐn
鋠	shèn
鋡	hán
鋢	lüè
鋣	yé
鋤	chú
鋤	jǔ
鋥	zèng
鋦	jú
鋦	jū
鋧	xiàn
鋨	tiě
鋨	é
鋩	máng
鋪	pù
鋪	pū
鋫	lí
鋬	pàn
鋭	duì
鋭	ruì
鋭	yuè
鋮	chéng
鋯	gào
鋰	lǐ
鋱	tè
鋲	bīng
鋳	zhù
鋴	zhèn
鋵	tū
鋶	liǔ
鋷	niè
鋷	zuì
鋸	jù
鋸	jū
鋹	chǎng
鋺	wān
鋺	wǎn
鋺	yuān
鋺	yuǎn
鋻	jiàn
鋻	jiān
鋼	gàng
鋼	gāng
鋽	diào
鋾	táo
鋿	cháng
錀	fēn
錀	lún
錁	guǒ
錁	kuǎ
錁	kè
錂	líng
錃	pī
錄	lù
錅	lí
錆	qiāng
錇	fú
錇	péi
錇	póu
錈	juǎn
錉	mín
錊	zuì
錊	zū
錋	bèng
錋	péng
錌	àn
錍	bēi
錍	bī
錍	pí
錍	pī
錎	gàn
錎	qiàn
錎	xiàn
錏	yà
錏	yā
錐	zhuī
錑	lèi
錑	lì
錒	kē
錒	ā
錓	kōng
錔	tà
錕	gǔn
錕	kūn
錖	dú
錗	nèi
錗	wèi
錗	zhuì
錘	chuí
錙	zī
錚	zhēng
錛	bēn
錜	niè
錝	zòng
錞	chún
錞	duì
錞	duò
錟	tán
錟	xiān
錟	yǎn
錠	dìng
錡	qí
錡	yǐ
錢	jiǎn
錢	qián
錣	chuò
錣	zhuì
錤	jī
錥	yù
錦	jǐn
錧	guǎn
錨	máo
錩	chāng
錪	tiǎn
錪	tǔn
錫	tì
錫	xī
錬	liàn
錭	diāo
錭	táo
錮	gù
錯	cuò
錯	cù
錯	xī
錰	shù
錱	zhēn
録	lù
録	lǜ
錳	měng
錴	lù
錵	huā
錶	biǎo
錷	gá
錸	lái
錹	kěn
錺	fāng
錻	wu
錼	nài
錽	jiǎn
錽	wàn
錾	zàn
錿	hǔ
鍀	dé
鍁	xiān
鍂	piān
鍃	huō
鍄	liàng
鍅	fǎ
鍆	mén
鍇	jiē
鍇	jiě
鍇	kǎi
鍈	yīng
鍉	chí
鍉	dí
鍉	dī
鍉	shì
鍊	jiàn
鍊	liàn
鍋	guō
鍋	guǒ
鍌	xiǎn
鍍	dù
鍎	tú
鍏	wéi
鍐	zōng
鍑	fù
鍒	róu
鍓	jí
鍔	è
鍕	jūn
鍖	chěn
鍖	zhēn
鍗	tí
鍘	zhá
鍙	hù
鍚	yáng
鍛	duàn
鍜	xiá
鍝	yú
鍞	kēng
鍟	shēng
鍠	huáng
鍡	wěi
鍢	fù
鍣	zhāo
鍤	chā
鍥	qiè
鍦	shé
鍦	shī
鍧	hōng
鍨	kuí
鍩	nuò
鍩	tiǎn
鍪	móu
鍫	qiāo
鍬	qiāo
鍭	hóu
鍮	tōu
鍯	cōng
鍰	huán
鍱	xié
鍱	yè
鍲	mín
鍳	jiàn
鍴	duān
鍵	jiàn
鍶	sī
鍶	sōng
鍷	kuí
鍸	hú
鍹	xuān
鍺	duǒ
鍺	dǔ
鍺	zhě
鍻	jié
鍼	qián
鍼	zhēn
鍽	biān
鍾	zhōng
鍿	zī
鎀	xiū
鎁	yé
鎂	měi
鎃	pài
鎄	āi
鎅	jiè
鎆	qian
鎇	méi
鎈	chā
鎈	suǒ
鎉	dá
鎉	tà
鎊	bàng
鎊	pāng
鎋	xiá
鎌	lián
鎍	suǒ
鎍	sè
鎎	kài
鎏	liú
鎐	yáo
鎐	zú
鎑	gé
鎑	tà
鎑	yè
鎒	hāo
鎒	nòu
鎓	wēng
鎔	róng
鎕	táng
鎖	suǒ
鎗	chēng
鎗	qiàng
鎗	qiāng
鎘	gé
鎘	lì
鎙	shuò
鎚	chuí
鎚	duī
鎚	zhuì
鎛	bó
鎜	pán
鎝	dā
鎝	sà
鎞	bī
鎞	pī
鎟	sǎng
鎠	gāng
鎡	zī
鎢	wū
鎣	jiǒng
鎣	yíng
鎣	yīng
鎤	huàng
鎥	tiáo
鎦	liù
鎦	liú
鎧	kǎi
鎨	sǔn
鎩	shì
鎩	shā
鎩	sè
鎪	sōu
鎫	wàn
鎬	gǎo
鎬	hào
鎭	zhèn
鎮	tián
鎮	zhèn
鎮	zhēn
鎯	luǒ
鎯	láng
鎰	yì
鎱	yuán
鎲	tǎng
鎳	niè
鎴	xí
鎵	jiā
鎶	gē
鎷	mǎ
鎸	juān
鎹	sòng
鎺	zǔ
鎻	suǒ
鎼	xià
鎽	fēng
鎾	wēn
鎿	ná
鏀	lǔ
鏁	suǒ
鏂	kōu
鏂	ōu
鏃	chuò
鏃	zú
鏄	tuán
鏅	xiù
鏅	xiū
鏆	guàn
鏇	xuàn
鏇	xuán
鏈	liàn
鏈	lián
鏉	shòu
鏉	sōu
鏊	ào
鏋	mǎn
鏌	mò
鏍	luó
鏎	bì
鏏	wèi
鏐	liáo
鏐	liù
鏐	liú
鏑	dí
鏑	dī
鏒	càn
鏒	qiāo
鏒	sǎn
鏓	cōng
鏓	zǒng
鏔	yí
鏕	lù
鏕	áo
鏖	biāo
鏖	áo
鏗	kēng
鏘	qiāng
鏙	cuī
鏚	qī
鏛	cháng
鏜	táng
鏜	tāng
鏝	màn
鏞	yōng
鏟	chǎn
鏠	fēng
鏡	jìng
鏢	biāo
鏣	shù
鏤	lòu
鏤	lǘ
鏥	xiù
鏦	cōng
鏧	lóng
鏨	zàn
鏩	jiàn
鏩	zàn
鏪	cáo
鏫	lí
鏬	xià
鏭	xī
鏮	kāng
鏯	shuǎng
鏰	bèng
鏱	zhang
鏲	qian
鏳	chēng
鏴	lù
鏵	huá
鏶	jí
鏷	pú
鏸	huì
鏸	ruì
鏸	suì
鏹	qiāng
鏹	qiǎng
鏺	pō
鏻	lín
鏼	sè
鏽	xiù
鏾	sà
鏾	sǎn
鏾	xiàn
鏿	chēng
鐀	kuì
鐁	sī
鐂	liú
鐃	nào
鐃	náo
鐄	huáng
鐅	piě
鐆	suì
鐇	fán
鐈	qiáo
鐉	quān
鐊	yáng
鐋	tàng
鐋	tāng
鐌	xiàng
鐍	jué
鐍	yù
鐎	jiāo
鐏	zūn
鐐	liáo
鐑	qiè
鐒	láo
鐓	duì
鐓	duī
鐓	dūn
鐔	xín
鐕	zān
鐖	jī
鐖	qí
鐗	jiǎn
鐘	zhōng
鐙	dèng
鐙	dēng
鐚	yā
鐛	yǐng
鐜	duī
鐜	dūn
鐝	jué
鐞	nòu
鐟	tì
鐟	zān
鐠	pǔ
鐡	tiě
鐢	fán
鐣	chēng
鐤	dǐng
鐥	shàn
鐦	kāi
鐧	jiān
鐧	jiǎn
鐨	fèi
鐩	suì
鐪	lǔ
鐫	juān
鐬	huì
鐭	yù
鐮	lián
鐯	zhuó
鐰	cáo
鐰	qiāo
鐰	sào
鐱	jiàn
鐱	qiān
鐲	shǔ
鐲	zhuó
鐳	léi
鐴	bèi
鐴	bì
鐵	dié
鐵	tiě
鐶	huán
鐶	xuàn
鐷	yè
鐸	duó
鐹	guō
鐹	guǒ
鐺	chēng
鐺	dāng
鐺	tāng
鐻	jù
鐻	qú
鐼	bēn
鐼	fén
鐽	dá
鐾	bèi
鐿	yì
鑀	ài
鑁	zōng
鑂	xùn
鑃	diào
鑄	zhù
鑅	héng
鑆	zhuì
鑇	jī
鑈	niè
鑈	nǐ
鑉	hé
鑊	huò
鑋	qīng
鑌	bīn
鑍	yīng
鑎	kuì
鑏	níng
鑏	nǐng
鑐	róu
鑐	rú
鑐	xū
鑑	jiàn
鑒	jiàn
鑓	qiǎn
鑔	chǎ
鑕	zhì
鑖	miè
鑖	mì
鑗	lí
鑘	léi
鑘	lěi
鑙	jī
鑚	zuàn
鑛	gǒng
鑛	kuàng
鑜	shǎng
鑝	péng
鑞	là
鑟	dú
鑠	lì
鑠	shuò
鑠	yuè
鑡	chuò
鑢	lǜ
鑣	biāo
鑤	bào
鑥	lǔ
鑦	xian
鑧	kuān
鑨	lóng
鑩	è
鑪	lú
鑫	xùn
鑫	xīn
鑬	jiàn
鑭	làn
鑭	lán
鑮	bó
鑯	jiān
鑯	qiān
鑰	yuè
鑰	yào
鑱	chán
鑲	ráng
鑲	xiāng
鑳	jiàn
鑴	huī
鑴	xī
鑵	guàn
鑶	cáng
鑷	niè
鑸	lěi
鑹	cuàn
鑹	cuān
鑺	qú
鑻	pàn
鑼	luó
鑽	zuàn
鑽	zuān
鑾	luán
鑿	zuò
鑿	zào
鑿	záo
鑿	zú
钀	niè
钀	yǐ
钁	jué
钂	tǎng
钃	zhú
钄	lán
钅	jīn
钆	gá
钇	yǐ
针	zhēn
钉	dīng
钊	zhāo
钋	pō
钌	liǎo
钍	tǔ
钎	qiān
钏	chuàn
钐	shān
钑	sà
钒	fán
钓	diào
钔	mén
钕	nǚ
钖	yáng
钗	chāi
钘	xíng
钙	gài
钚	bù
钛	tài
钜	jù
钝	dùn
钞	chāo
钟	zhōng
钠	nà
钡	bèi
钢	gāng
钣	bǎn
钤	qián
钥	yào
钦	qīn
钧	jūn
钨	wū
钩	gōu
钪	kàng
钫	fāng
钬	huǒ
钭	dǒu
钮	niǔ
钯	bǎ
钰	yù
钱	qián
钲	zhēng
钳	qián
钴	gǔ
钵	bō
钶	kē
钷	pǒ
钸	bū
钹	bó
钺	yuè
钻	zuān
钼	mù
钽	tǎn
钾	jiǎ
钿	diàn
铀	yóu
铁	tiě
铂	bó
铃	líng
铄	shuò
铅	qiān
铆	mǎo
铇	bào
铈	shì
铉	xuàn
铊	tā
铋	bì
铌	ní
铍	pí
铎	duó
铏	xíng
铐	kào
铑	lǎo
铒	ěr
铓	máng
铔	yā
铕	yǒu
铖	chéng
铗	jiá
铘	yé
铙	náo
铚	zhì
铛	dāng
铜	tóng
铝	lǚ
铞	diào
铟	yīn
铠	kǎi
铡	zhá
铢	zhū
铣	xǐ
铤	tǐng
铥	diū
铦	xiān
铧	huá
铨	quán
铩	shā
铪	hā
铫	diào
铬	gè
铭	míng
铮	zhēng
铯	sè
铰	jiǎo
铱	yī
铲	chǎn
铳	chòng
铴	tāng
铵	ǎn
银	yín
铷	rú
铸	zhù
铹	láo
铺	pù
铻	wú
铼	lái
铽	tè
链	liàn
铿	kēng
销	xiāo
锁	suǒ
锂	lǐ
锃	zèng
锄	chú
锅	guō
锆	gào
锇	é
锈	xiù
锉	cuò
锊	lüè
锋	fēng
锌	xīn
锍	liǔ
锎	kāi
锏	jiǎn
锐	ruì
锑	tī
锒	láng
锓	qǐn
锔	jū
锕	ā
锖	qiāng
锗	zhě
锘	nuò
错	cuò
锚	máo
锛	bēn
锜	qí
锝	dé
锞	kè
锟	kūn
锠	chāng
锡	xī
锢	gù
锣	luó
锤	chuí
锥	zhuī
锦	jǐn
锧	zhì
锨	xiān
锩	juǎn
锪	huō
锫	péi
锬	tán
锭	dìng
键	jiàn
锯	jù
锰	měng
锱	zī
锲	qiè
锳	yīng
锴	kǎi
锵	qiāng
锶	sī
锷	è
锸	chā
锹	qiāo
锺	zhōng
锻	duàn
锼	sōu
锽	huáng
锾	huán
锿	āi
镀	dù
镁	měi
镂	lòu
镃	zī
镄	fèi
镅	méi
镆	mò
镇	zhèn
镈	bó
镉	gé
镊	niè
镋	tǎng
镌	juān
镍	niè
镎	ná
镏	liú
镐	gǎo
镑	bàng
镒	yì
镓	jiā
镔	bīn
镕	róng
镖	biāo
镗	tāng
镘	màn
镙	luó
镚	bèng
镛	yōng
镜	jìng
镝	dī
镞	zú
镟	xuàn
镠	liú
镡	chán
镢	jué
镣	liào
镤	pú
镥	lǔ
镦	dūn
镧	lán
镨	pǔ
镩	cuān
镪	qiāng
镫	dèng
镬	huò
镭	léi
镮	huán
镯	zhuó
镰	lián
镱	yì
镲	chǎ
镳	biāo
镴	là
镵	chán
镶	xiāng
長	cháng
長	zhàng
長	zhǎng
镸	cháng
镹	jiǔ
镺	ǎo
镻	dié
镼	qū
镽	liáo
镽	liǎo
镾	mí
长	zhǎng
門	mén
閁	mà
閂	shuān
閃	shǎn
閄	huò
閄	shǎn
閅	mén
閆	yán
閇	bì
閈	bì
閈	hàn
閉	bì
閊	shān
開	kāi
開	qiān
閌	kàng
閍	bēng
閎	hóng
閏	rùn
閐	sàn
閑	xián
閒	jiàn
閒	jiān
閒	jiǎn
閒	xián
間	jiàn
間	jiān
間	jiǎn
閔	mín
閔	mǐn
閕	xiā
閕	xiǎ
閖	shui
閗	dòu
閘	gē
閘	yā
閘	zhá
閙	nào
閚	zhān
閛	pèng
閛	pēng
閜	xiǎ
閜	ě
閝	líng
閞	biàn
閞	guān
閟	bì
閠	rùn
閡	gāi
閡	hài
閡	hé
閡	kǎi
閡	ài
関	guān
閣	gé
閤	gé
閤	gē
閥	fá
閦	chù
閧	hòng
閧	xiàng
閨	guī
閩	mǐn
閪	sē
閫	kǔn
閬	liǎng
閬	làng
閬	lǎng
閭	lǘ
閮	tíng
閮	tǐng
閯	shà
閰	jú
閱	yuè
閲	yuè
閳	chǎn
閴	qù
閵	lìn
閶	chāng
閶	tāng
閷	shài
閷	shā
閸	kǔn
閹	yān
閺	wén
閻	yàn
閻	yán
閻	yǎn
閼	yù
閼	yān
閼	è
閽	hūn
閾	yù
閿	wén
闀	hòng
闁	bāo
闂	hòng
闂	juǎn
闂	xiàng
闃	qù
闄	yǎo
闅	wén
闆	bǎn
闆	pǎn
闇	yīn
闇	yǐn
闇	àn
闇	ān
闇	ǎn
闈	wéi
闉	yīn
闊	kuò
闋	jué
闋	kuí
闋	què
闌	làn
闌	lán
闍	dū
闍	shé
闎	quán
闏	fēng
闐	tián
闑	niè
闒	tà
闓	kǎi
闔	hé
闕	jué
闕	què
闕	quē
闖	chuǎng
闖	chèn
闗	guān
闘	dòu
闙	qǐ
闚	kuī
闛	chāng
闛	táng
闛	tāng
關	guān
關	wān
關	wǎn
闝	piáo
闞	hǎn
闞	kàn
闞	xiàn
闟	sè
闟	tà
闟	xì
闠	huì
闡	chǎn
闢	pì
闣	dàng
闣	tāng
闤	huán
闥	tà
闦	wén
闧	tā
门	mén
闩	shuān
闪	shǎn
闫	yán
闬	hàn
闭	bì
问	wèn
闯	chuǎng
闰	rùn
闱	wéi
闲	xián
闳	hóng
间	jiān
闵	mǐn
闶	kàng
闷	mèn
闸	zhá
闹	nào
闺	guī
闻	wén
闼	tà
闽	mǐn
闾	lǘ
闿	kǎi
阀	fá
阁	gé
阂	hé
阃	kǔn
阄	jiū
阅	yuè
阆	làng
阇	dū
阈	yù
阉	yān
阊	chāng
阋	xì
阌	wén
阍	hūn
阎	yán
阏	yān
阐	chǎn
阑	lán
阒	qù
阓	huì
阔	kuò
阕	què
阖	hé
阗	tián
阘	tà
阙	quē
阚	kàn
阛	huán
阜	fù
阝	fù
阞	lè
队	duì
阠	xìn
阡	qiān
阢	wéi
阢	wù
阣	gài
阣	yì
阤	tuó
阤	yí
阤	zhì
阥	yīn
阦	yáng
阧	dǒu
阨	ài
阨	è
阩	shēng
阪	bǎn
阫	péi
阬	gāng
阬	kàng
阬	kēng
阭	yǎn
阭	yǔn
阮	ruǎn
阮	yuán
阯	zhǐ
阰	pí
阱	jǐng
防	fáng
阳	yáng
阴	yīn
阵	zhèn
阶	jiē
阷	chēng
阸	ài
阸	è
阹	qū
阺	dǐ
阻	zhù
阻	zǔ
阼	zuò
阽	diàn
阾	líng
阾	lǐng
阿	à
阿	ā
阿	ē
阿	ě
阿	ǎ
陀	duò
陀	tuó
陁	tuó
陁	yǐ
陁	zhì
陂	bì
陂	bēi
陂	pí
陂	pō
陃	bǐng
附	bù
附	fù
附	fū
际	jì
陆	lù
陇	lǒng
陈	chén
陉	xíng
陊	duò
陋	lòu
陌	mò
降	jiàng
降	xiàng
降	xiáng
陎	shū
陏	duò
陏	suí
限	wěn
限	xiàn
陑	ér
陒	guǐ
陓	yū
陔	gāi
陕	shǎn
陖	jùn
陗	qiào
陘	jìng
陘	xíng
陙	chún
陚	fù
陚	wǔ
陛	bì
陜	xiá
陝	shǎn
陞	shēng
陟	dé
陟	zhì
陠	bù
陠	bū
陠	pū
陡	dǒu
院	yuàn
陣	zhèn
除	chú
除	shū
除	zhù
陥	xiàn
陦	dǎo
陧	niè
陨	yǔn
险	xiǎn
陪	péi
陫	fèi
陫	péi
陬	zhé
陬	zōu
陭	yì
陭	yǐ
陮	duì
陯	lùn
陯	lún
陰	yìn
陰	yīn
陰	ān
陱	jū
陲	chuí
陳	chén
陳	zhèn
陴	bì
陴	pí
陵	líng
陶	dào
陶	táo
陶	yáo
陷	xiàn
陸	liù
陸	lù
陹	shēng
険	xiǎn
陻	yīn
陼	dǔ
陼	zhǔ
陽	yáng
陾	réng
陾	ér
陿	xiá
隀	chóng
隁	yàn
隁	yǎn
隂	yīn
隃	shù
隃	yáo
隃	yú
隄	dī
隄	tí
隅	yú
隆	lóng
隇	wēi
隈	wēi
隉	niè
隊	duì
隊	suì
隊	zhuì
隋	duò
隋	suí
隋	tuō
隋	tuǒ
隌	ǎn
隍	huáng
階	jiē
随	suí
隐	yǐn
隑	gài
隑	gāi
隑	qí
隑	ái
隒	yǎn
隓	duò
隓	huī
隔	gé
隔	jī
隔	rǒng
隕	yuán
隕	yǔn
隖	wù
隗	guī
隗	wěi
隘	ài
隘	è
隙	xì
隚	táng
際	jì
障	zhàng
障	zhāng
隝	dǎo
隞	áo
隟	xì
隠	yǐn
隡	sà
隢	rǎo
隣	lín
隤	tuí
隥	dèng
隦	jiǎo
隦	pí
隧	suì
隧	zhuì
隨	suí
隩	yù
隩	ào
險	jiǎn
險	xiǎn
險	yán
隫	fén
隬	nǐ
隭	ér
隮	jī
隯	dǎo
隰	xiè
隰	xí
隱	yìn
隱	yǐn
隲	zhì
隳	huī
隴	lǒng
隵	xī
隶	dài
隶	dì
隶	lì
隶	yì
隷	lì
隸	lì
隹	cuī
隹	wéi
隹	zhuī
隺	hè
隺	hú
隺	què
隻	huò
隻	zhī
隼	sǔn
隽	juàn
隽	jùn
难	nán
隿	yì
雀	qiāo
雀	qiǎo
雀	què
雁	yàn
雂	qín
雃	jiè
雃	qiān
雄	xióng
雅	yá
雅	yā
雅	yǎ
集	jí
雇	gù
雇	hù
雈	huán
雉	kǎi
雉	sì
雉	yǐ
雉	zhì
雊	gòu
雋	juàn
雋	jùn
雋	zuì
雌	cí
雍	yōng
雎	jū
雏	chú
雐	hū
雑	zá
雒	luò
雓	yú
雔	chóu
雕	diāo
雖	suī
雗	hàn
雘	wò
雙	shuāng
雚	guàn
雚	huán
雛	chú
雛	jù
雛	jú
雜	zá
雝	yōng
雞	jī
雟	xī
雠	chóu
雡	liù
離	chī
離	gǔ
離	lì
離	lí
離	lǐ
難	nuó
難	nàn
難	nán
雤	xué
雥	zá
雦	jí
雧	jí
雨	yù
雨	yǔ
雩	xū
雩	yù
雩	yú
雪	xuě
雫	nǎ
雬	fǒu
雭	sè
雭	xí
雮	mù
雯	wén
雰	fēn
雱	fāng
雱	páng
雱	pāng
雲	yún
雳	lì
雴	chì
雵	yāng
零	lián
零	líng
雷	lèi
雷	léi
雸	án
雹	báo
雺	méng
雺	wù
電	diàn
雼	dàng
雽	hù
雽	hū
雾	wù
雿	diào
需	nuò
需	ruǎn
需	rú
需	xū
霁	jì
霂	mù
霃	chén
霄	xiào
霄	xiāo
霅	shà
霅	sà
霅	yì
霅	zhà
霅	zhá
霆	tíng
震	shēn
震	zhèn
霈	pèi
霉	méi
霊	líng
霋	qī
霌	zhōu
霍	huò
霍	hè
霍	suǒ
霎	shà
霏	fēi
霐	hóng
霑	zhān
霒	yīn
霓	ní
霔	zhù
霕	tún
霖	lín
霗	líng
霘	dòng
霙	yāng
霙	yīng
霚	wù
霛	líng
霜	shuāng
霝	líng
霞	xiá
霟	hóng
霠	yīn
霡	mài
霢	mài
霣	yǔn
霤	liù
霥	mèng
霦	bīn
霧	méng
霧	wù
霨	wèi
霩	kuò
霪	yín
霫	xí
霬	yì
霭	ǎi
霮	dàn
霯	tèng
霰	xiàn
霱	yù
露	lòu
露	lù
霳	lóng
霴	dài
霵	jí
霶	pāng
霷	yáng
霸	bà
霸	pò
霹	pī
霺	wéi
霻	fēng
霼	xì
霽	jì
霾	lí
霾	mái
霿	mào
霿	méng
霿	wù
靀	méng
靁	léi
靂	lì
靃	huò
靃	suǐ
靃	suǒ
靄	ǎi
靅	fèi
靆	dài
靇	líng
靇	lóng
靈	líng
靉	yǐ
靉	ài
靊	fēng
靋	lì
靌	bǎo
靍	hè
靎	hè
靏	hè
靐	bìng
靑	qīng
青	jīng
青	qīng
靓	jìng
靔	tiān
靕	zhēn
靖	jìng
靗	chēng
靘	jìng
靘	qìng
靘	qīng
静	jìng
靚	jìng
靚	liáng
靛	diàn
靜	jìng
靝	tiān
非	fēi
非	fěi
靟	fēi
靠	kào
靡	má
靡	mí
靡	mǐ
面	miàn
靣	miàn
靤	bào
靥	yè
靦	miǎn
靦	tiǎn
靧	huì
靨	yè
靨	yǎn
革	gé
革	jí
靪	dīng
靫	chá
靬	hàn
靬	jiān
靬	kān
靬	qián
靭	rèn
靮	dí
靯	dù
靰	wù
靱	rèn
靲	qín
靳	jìn
靴	xuē
靵	niǔ
靶	bà
靶	bǎ
靷	yǐn
靸	sǎ
靹	nà
靺	mò
靺	wà
靻	zǔ
靼	dá
靽	bàn
靾	yì
靿	yào
鞀	táo
鞁	bài
鞁	bèi
鞁	bì
鞂	jiē
鞃	hóng
鞄	páo
鞅	yàng
鞅	yāng
鞅	yǎng
鞆	bǐng
鞇	yīn
鞈	gé
鞈	sǎ
鞈	tà
鞉	táo
鞊	jié
鞊	jí
鞋	wā
鞋	xié
鞌	ān
鞍	ān
鞎	hén
鞏	gǒng
鞐	qiǎ
鞑	dá
鞒	qiáo
鞓	tīng
鞔	mán
鞔	mèn
鞕	biān
鞕	yìng
鞖	suī
鞗	tiáo
鞘	qiào
鞘	shāo
鞙	juān
鞙	xuàn
鞚	kòng
鞛	běng
鞜	tà
鞝	shàng
鞝	zhǎng
鞞	bì
鞞	bēi
鞞	bǐng
鞞	pí
鞟	kuò
鞠	jū
鞠	qiōng
鞠	qū
鞡	la
鞢	dié
鞢	xiè
鞢	zhá
鞣	róu
鞤	bāng
鞥	ēng
鞦	qiū
鞧	qiū
鞨	hé
鞨	mò
鞨	shé
鞩	qiào
鞪	móu
鞪	mù
鞫	jū
鞫	qū
鞬	jiàn
鞬	jiān
鞭	biān
鞮	dī
鞯	jiān
鞰	wēn
鞱	tāo
鞲	gōu
鞳	tà
鞴	bài
鞴	bèi
鞴	bù
鞴	fú
鞵	xié
鞶	pán
鞷	gé
鞸	bì
鞸	bǐng
鞹	kuò
鞺	tāng
鞻	lóu
鞼	guì
鞼	huì
鞽	juē
鞽	qiáo
鞽	qiāo
鞾	xuē
鞿	jī
韀	jiān
韁	jiāng
韂	chàn
韃	dá
韃	tà
韄	hù
韅	xiǎn
韆	qiān
韇	dú
韈	wà
韉	jiān
韊	lán
韋	huí
韋	wéi
韌	rèn
韍	fú
韎	mèi
韏	juàn
韏	quàn
韐	gé
韑	wěi
韒	qiào
韒	shāo
韓	hán
韔	chàng
韕	kuò
韖	rǒu
韗	yùn
韘	shè
韙	wěi
韚	gé
韛	bài
韛	fú
韜	tào
韜	tāo
韝	gōu
韞	wēn
韞	yùn
韟	gāo
韠	bì
韡	wěi
韡	xuē
韢	huì
韢	suì
韣	dú
韤	wà
韥	dú
韦	wéi
韧	rèn
韨	fú
韩	hán
韪	wěi
韫	yùn
韬	tāo
韭	jiǔ
韮	jiǔ
韯	xiān
韰	xiè
韱	xiān
韲	jī
音	yīn
韴	zá
韵	yùn
韶	sháo
韷	lè
韸	péng
韹	huáng
韹	yīng
韺	yīng
韻	yùn
韼	péng
韽	ān
韾	yīn
響	xiǎng
頀	hù
頁	xié
頁	yè
頂	dǐng
頃	kuǐ
頃	qīng
頃	qǐng
頄	kuí
項	xiàng
順	shùn
頇	hān
頇	àn
須	xū
頉	yí
頊	xū
頋	ě
頌	róng
頌	sòng
頍	kuǐ
頎	kěn
頎	qí
頏	gāng
頏	hàng
頏	háng
預	yù
頑	kūn
頑	wán
頒	bān
頒	fén
頓	dùn
頓	dú
頔	dí
頕	diàn
頕	dān
頖	pàn
頗	pí
頗	pò
頗	pō
頗	pǒ
領	lǐng
頙	chè
頚	jǐng
頛	lèi
頜	gé
頜	hán
頜	hé
頜	qīn
頝	qiāo
頞	àn
頞	è
頟	é
頠	wěi
頡	jiá
頡	jié
頡	xié
頢	kuò
頣	shěn
頤	yí
頥	yí
頦	hái
頦	ké
頦	kē
頧	duī
頧	duǐ
頨	biàn
頨	yǔ
頩	pīng
頩	pǐng
頪	lèi
頫	fǔ
頫	tiào
頫	tāo
頬	jiá
頭	tou
頭	tóu
頮	huì
頯	kuí
頰	jiá
頱	luō
頲	tǐng
頳	chēng
頴	jǐng
頴	yǐng
頵	yūn
頶	hú
頷	hàn
頸	gěng
頸	jǐng
頹	tuí
頺	tuí
頻	bīn
頻	pín
頼	lài
頽	tuí
頾	zī
頿	zī
顀	chuí
顁	dìng
顁	dǐng
顂	lài
顂	lái
顃	shǎn
顃	tán
顄	hàn
顅	qiān
顆	kuǎn
顆	kē
顆	kě
顇	cuì
顇	zú
顈	jiōng
顈	jiǒng
顈	xiàn
顈	xuǎn
顉	qīn
顊	yí
顋	sāi
題	dì
題	tí
額	é
顎	è
顏	yán
顐	hùn
顐	hún
顐	wèn
顑	kǎn
顑	yàn
顒	yóng
顒	yú
顓	zhuān
顔	yá
顔	yán
顕	xiǎn
顖	xìn
顗	yǐ
願	yuàn
願	yuǎn
顙	sǎng
顚	diān
顚	tiàn
顚	tián
顛	diān
顜	jiǎng
顝	kuī
顝	kuǎ
類	lèi
顟	láo
顠	piǎo
顡	wài
顡	zhuài
顢	mán
顣	cù
顤	qiào
顤	yáo
顥	hào
顦	qiáo
顧	gù
顨	xùn
顩	hàn
顩	qiǎn
顩	qìn
顩	yǎn
顪	huì
顫	chàn
顫	shān
顫	zhàn
顬	rú
顭	méng
顮	bīn
顯	xiàn
顯	xiǎn
顰	pín
顱	lú
顲	lǎn
顲	lǐn
顳	niè
顴	quán
页	yè
顶	dǐng
顷	qǐng
顸	hān
项	xiàng
顺	shùn
须	xū
顼	xū
顽	wán
顾	gù
顿	dùn
颀	qí
颁	bān
颂	sòng
颃	háng
预	yù
颅	lú
领	lǐng
颇	pō
颈	jǐng
颉	jié
颊	jiá
颋	tǐng
颌	hé
颍	yǐng
颎	jiǒng
颏	kē
颐	yí
频	pín
颒	huì
颓	tuí
颔	hàn
颕	yǐng
颖	yǐng
颗	kē
题	tí
颙	yóng
颚	è
颛	zhuān
颜	yán
额	é
颞	niè
颟	mān
颠	diān
颡	sǎng
颢	hào
颣	lèi
颤	chàn
颥	rú
颦	pín
颧	quán
風	fèng
風	fēng
風	fěng
颩	biāo
颩	diū
颪	guā
颫	fú
颬	xiā
颭	zhǎn
颮	biāo
颮	páo
颯	lì
颯	sà
颰	bá
颰	fú
颱	tái
颲	liè
颳	guā
颳	jǐ
颴	xuàn
颵	shāo
颵	xiāo
颶	jù
颷	biāo
颸	sī
颹	wěi
颺	yáng
颻	yào
颻	yáo
颼	sōu
颽	kǎi
颾	sāo
颾	sōu
颿	fān
飀	liú
飁	xí
飂	liáo
飂	liù
飃	piào
飃	piāo
飄	piāo
飅	liú
飆	biāo
飇	biāo
飈	biāo
飉	liáo
飊	biāo
飋	sè
飌	fēng
飍	xiū
风	fēng
飏	yáng
飐	zhǎn
飑	biāo
飒	sà
飓	jù
飔	sī
飕	sōu
飖	yáo
飗	liú
飘	piāo
飙	biāo
飚	biāo
飛	fēi
飜	fān
飝	fēi
飞	fēi
食	shí
食	sì
食	yì
飠	shí
飡	cān
飢	jī
飣	dìng
飤	sì
飥	tuō
飦	gān
飦	zhān
飧	sūn
飨	xiǎng
飩	tún
飩	zhùn
飪	rèn
飫	yù
飬	juàn
飬	yǒng
飭	chì
飭	shì
飮	yǐn
飯	fàn
飰	fàn
飱	cān
飱	sūn
飲	yìn
飲	yǐn
飳	tǒu
飳	zhù
飴	sì
飴	yí
飵	zuò
飵	zé
飶	bì
飷	jiě
飸	tāo
飹	bǎo
飺	cí
飻	tiè
飼	sì
飽	bǎo
飾	chì
飾	shì
飿	duò
餀	hài
餁	rèn
餂	tián
餂	tiǎn
餃	jiào
餃	jiǎo
餄	hé
餄	jiá
餅	bǐng
餆	yáo
餇	tóng
餈	cí
餉	xiǎng
養	yàng
養	yǎng
餋	juàn
餌	ěr
餍	yàn
餎	le
餏	xī
餐	cān
餐	sūn
餑	bō
餒	něi
餓	è
餔	bù
餔	bū
餕	jùn
餖	dòu
餗	sù
餘	yé
餘	yú
餙	shì
餙	xī
餚	yáo
餛	hún
餛	kūn
餜	guǒ
餝	shì
餞	jiàn
餟	zhuì
餠	bǐng
餡	kàn
餡	xiàn
餢	bù
餣	yè
餤	dàn
餤	tán
餥	fēi
餦	zhāng
餧	něi
餧	wèi
館	guǎn
餩	è
餪	nuàn
餪	nuǎn
餫	hún
餫	yùn
餬	hú
餭	huáng
餮	tiè
餯	huì
餰	jiān
餰	zhān
餱	hóu
餲	hé
餲	ài
餳	táng
餳	xíng
餴	fēn
餵	wèi
餶	gǔ
餷	chā
餸	sòng
餹	táng
餺	bó
餻	gāo
餼	xì
餽	kuì
餾	liù
餾	liú
餿	sōu
饀	táo
饀	tāo
饀	xiàn
饁	yè
饂	wēn
饃	mó
饄	táng
饅	mán
饆	bì
饇	yù
饈	xiū
饉	jǐn
饊	sǎn
饋	kuì
饋	tuí
饌	xuǎn
饌	zhuàn
饍	shàn
饎	chì
饏	dàn
饐	yì
饐	yē
饐	èn
饑	jī
饑	qí
饒	ráo
饓	chēng
饔	yōng
饕	tāo
饖	wèi
饗	xiǎng
饘	zhān
饙	fēn
饚	hài
饛	méng
饜	yàn
饝	mó
饞	chán
饟	xiǎng
饠	luó
饡	zàn
饢	náng
饢	nǎng
饣	shí
饤	dìng
饥	jī
饦	tuō
饧	xíng
饨	tún
饩	xì
饪	rèn
饫	yù
饬	chì
饭	fàn
饮	yǐn
饯	jiàn
饰	shì
饱	bǎo
饲	sì
饳	duò
饴	yí
饵	ěr
饶	ráo
饷	xiǎng
饸	hé
饹	le
饺	jiǎo
饻	xī
饼	bǐng
饽	bō
饾	dòu
饿	è
馀	yú
馁	něi
馂	jùn
馃	guǒ
馄	hún
馅	xiàn
馆	guǎn
馇	chā
馈	kuì
馉	gǔ
馊	sōu
馋	chán
馌	yè
馍	mó
馎	bó
馏	liú
馐	xiū
馑	jǐn
馒	mán
馓	sǎn
馔	zhuàn
馕	náng
首	shǒu
馗	kuí
馗	qiú
馘	guó
馘	xù
香	xiāng
馚	fén
馛	bó
馜	nǐ
馝	bì
馞	bó
馞	pò
馟	tú
馠	hān
馡	fēi
馢	jiān
馣	ān
馤	ài
馥	bì
馥	fù
馦	xiān
馧	wò
馧	yūn
馨	xīn
馩	fén
馪	pīn
馫	xīn
馬	mǎ
馭	yù
馮	féng
馮	píng
馯	hàn
馯	hán
馯	qián
馰	dí
馱	duò
馱	dài
馱	tuó
馲	tuō
馲	zhé
馳	chí
馴	xún
馵	zhù
馶	shì
馶	zhī
馷	pèi
馸	jìn
馸	xìn
馹	rì
馺	sà
馻	yǔn
馼	wén
馽	zhí
馾	dàn
馾	dǎn
馿	lǘ
駀	yóu
駁	bó
駂	bǎo
駃	jué
駃	kuài
駄	tuó
駅	yì
駆	qū
駇	wén
駈	qū
駉	jiōng
駊	pǒ
駋	zhāo
駌	yuān
駍	péi
駍	pēng
駎	zhòu
駏	jù
駐	zhù
駑	nú
駒	jù
駒	jū
駓	pī
駔	zù
駔	zǎng
駔	zǔ
駕	jià
駕	jiā
駖	líng
駗	zhěn
駘	dài
駘	tái
駘	tāi
駘	zhài
駙	fù
駚	yǎng
駛	shǐ
駜	bì
駝	tuó
駞	tuó
駟	sì
駠	liú
駡	mà
駢	pián
駣	táo
駤	zhì
駥	róng
駦	téng
駧	dòng
駨	xuàn
駨	xūn
駩	quān
駪	shēn
駫	jiōng
駬	ěr
駭	hài
駮	bó
駯	zhū
駰	yīn
駱	jià
駱	luò
駲	zhōu
駳	dàn
駴	hài
駵	liú
駶	jú
駷	sǒng
駸	qīn
駹	máng
駺	liáng
駺	láng
駻	hàn
駼	tú
駽	xuān
駾	tuì
駿	jùn
騀	é
騀	ě
騁	chěng
騂	xīng
騃	sì
騃	tǎi
騃	ái
騄	lù
騅	zhuī
騆	dòng
騆	zhōu
騇	shè
騈	pián
騉	kūn
騊	táo
騋	lái
騌	zōng
騍	kè
騎	jì
騎	qí
騏	qí
騐	yàn
騑	fēi
騒	sāo
験	yàn
騔	gé
騕	yǎo
騖	wù
騗	piàn
騘	cōng
騙	piàn
騚	qián
騛	fēi
騜	huáng
騝	qián
騞	huō
騟	yú
騠	tí
騡	quán
騢	xiá
騣	zōng
騤	jué
騤	kuí
騥	róu
騦	sī
騧	guā
騨	tuó
騩	guī
騩	tuí
騪	sōu
騫	jiǎn
騫	qiān
騬	chéng
騭	zhì
騮	liú
騯	bǎng
騯	péng
騰	téng
騱	xí
騲	cǎo
騳	dú
騴	yàn
騵	yuán
騶	qū
騶	zhòu
騶	zhū
騶	zōu
騷	sāo
騷	sǎo
騷	xiāo
騸	shàn
騹	qí
騺	chì
騺	zhì
騻	shuāng
騼	lù
騽	xí
騾	luó
騿	zhāng
驀	mà
驀	mò
驁	yào
驁	ào
驂	cān
驃	biāo
驃	piào
驄	cōng
驅	qū
驆	bì
驇	zhì
驈	yù
驉	xū
驊	huá
驋	bō
驌	sù
驍	xiāo
驎	lín
驏	zhàn
驐	dūn
驑	liú
驒	tuó
驓	céng
驔	diàn
驕	jiāo
驕	jū
驕	qiáo
驕	xiāo
驖	tiě
驗	yàn
驘	luó
驙	zhàn
驙	zhān
驚	jīng
驛	yì
驜	yè
驝	tuō
驞	pīn
驟	zhòu
驠	yàn
驡	lóng
驡	zǎng
驢	lǘ
驣	téng
驤	xiāng
驥	jì
驦	shuāng
驧	jú
驨	xí
驩	huān
驪	chí
驪	lí
驫	biāo
驫	piāo
马	mǎ
驭	yù
驮	tuó
驯	xùn
驰	chí
驱	qū
驲	rì
驳	bó
驴	lǘ
驵	zǎng
驶	shǐ
驷	sì
驸	fù
驹	jū
驺	zōu
驻	zhù
驼	tuó
驽	nú
驾	jià
驿	yì
骀	dài
骁	xiāo
骂	mà
骃	yīn
骄	jiāo
骅	huá
骆	luò
骇	hài
骈	pián
骉	biāo
骊	lí
骋	chěng
验	yàn
骍	xīng
骎	qīn
骏	jùn
骐	qí
骑	qí
骒	kè
骓	zhuī
骔	zōng
骕	sù
骖	cān
骗	piàn
骘	zhì
骙	kuí
骚	sāo
骛	wù
骜	ào
骝	liú
骞	qiān
骟	shàn
骠	biāo
骡	luó
骢	cōng
骣	chǎn
骤	zhòu
骥	jì
骦	shuāng
骧	xiāng
骨	gú
骨	gū
骨	gǔ
骩	wěi
骪	wěi
骫	wán
骫	wěi
骬	yú
骭	gàn
骮	yì
骯	kǎng
骯	āng
骰	gǔ
骰	tóu
骱	jiá
骱	jiè
骱	xiè
骲	bào
骳	bèi
骴	cī
骴	zhài
骵	tǐ
骶	dǐ
骷	kū
骸	gāi
骸	hái
骹	jiāo
骹	qiāo
骹	xiāo
骺	hóu
骻	kuà
骼	gé
骽	tuǐ
骾	gěng
骿	pián
髀	bì
髁	kuà
髁	kē
髂	gé
髂	qià
髃	yú
髄	suǐ
髅	lóu
髆	bó
髆	pò
髇	xiāo
髈	bǎng
髈	páng
髈	pǎng
髉	bó
髉	jué
髊	cuō
髊	cī
髋	kuān
髌	bìn
髍	mó
髎	liáo
髏	lóu
髐	xiāo
髑	dú
髒	zāng
髒	zǎng
髓	suǐ
體	tī
體	tǐ
髕	bìn
髖	kuān
髗	lú
高	gào
高	gāo
髙	gāo
髚	qiào
髛	kāo
髜	qiǎo
髝	láo
髞	sào
髟	biāo
髟	piào
髟	shān
髠	kūn
髡	kūn
髢	dí
髣	fǎng
髤	xiū
髥	rán
髦	máo
髧	dàn
髨	kūn
髩	bìn
髪	fà
髪	fǎ
髫	tiáo
髬	pī
髭	zī
髮	fà
髮	fǎ
髯	rán
髰	tì
髱	bào
髲	bì
髳	máo
髳	méng
髳	róu
髴	fèi
髴	fú
髵	ér
髶	róng
髶	èr
髷	qū
髸	gōng
髹	xiū
髺	kuò
髺	yuè
髻	jié
髻	jì
髼	péng
髽	zhuā
髾	shào
髾	shāo
髾	shǎo
髿	suō
鬀	tì
鬁	lì
鬂	bìn
鬃	zōng
鬄	dí
鬄	tì
鬅	péng
鬆	sòng
鬆	sóng
鬆	sōng
鬇	zhēng
鬈	quán
鬉	zōng
鬊	shùn
鬋	jiǎn
鬌	chuí
鬌	duǒ
鬌	tuǒ
鬍	hú
鬎	là
鬏	jiū
鬐	qí
鬑	lián
鬒	zhěn
鬓	bìn
鬔	péng
鬕	mà
鬖	sàn
鬖	sān
鬗	mán
鬘	mán
鬙	sēng
鬚	xū
鬛	liè
鬜	qiān
鬝	qiān
鬞	nàng
鬞	náng
鬟	huán
鬠	kuài
鬠	kuò
鬡	níng
鬢	bìn
鬣	liè
鬤	níng
鬤	ráng
鬥	dòu
鬦	dòu
鬧	nào
鬨	hòng
鬨	xiàng
鬩	hè
鬩	xì
鬪	dòu
鬫	hǎn
鬬	dòu
鬭	dòu
鬮	jiū
鬯	chàng
鬰	yù
鬱	yù
鬲	gé
鬲	lì
鬲	è
鬳	yàn
鬴	fǔ
鬴	lì
鬵	qín
鬵	xín
鬶	guī
鬷	zěng
鬷	zōng
鬸	liù
鬹	guī
鬹	xié
鬺	shāng
鬻	jū
鬻	yù
鬻	zhōu
鬼	guǐ
鬽	mèi
鬾	jì
鬾	qí
鬿	qí
魀	gà
魁	kuài
魁	kuí
魁	kuǐ
魂	hún
魃	bá
魄	bó
魄	pò
魄	tuò
魅	mèi
魆	xū
魇	yǎn
魈	xiāo
魉	liǎng
魊	yù
魋	chuí
魋	tuí
魌	qī
魍	wǎng
魎	liǎng
魏	wèi
魏	wéi
魏	wēi
魐	gān
魑	chī
魒	piāo
魓	bì
魔	mó
魕	jǐ
魖	xū
魗	chóu
魗	chǒu
魘	yǎn
魙	zhān
魚	yú
魛	dāo
魜	rén
魝	jié
魝	jì
魞	bā
魟	gōng
魟	hóng
魠	tuō
魡	diào
魡	dí
魢	jǐ
魣	xù
魣	yú
魤	huà
魤	é
魥	jì
魥	qiè
魥	è
魦	shā
魦	suō
魧	háng
魨	tún
魩	mò
魪	jiè
魫	shěn
魬	bǎn
魭	wǎn
魭	yuán
魮	bǐ
魮	pí
魯	lǔ
魯	lǚ
魰	wén
魱	hù
魱	hú
魲	lú
魳	shī
魳	zā
魴	fáng
魵	fèn
魵	fén
魶	nà
魷	yóu
魸	piàn
魹	mó
魺	gě
魺	hé
魻	xiá
魻	xiā
魼	qū
魼	xié
魽	hán
魽	hān
魾	pí
魾	pī
魿	lín
魿	líng
鮀	tuó
鮁	bà
鮁	bō
鮂	qiú
鮃	píng
鮄	fú
鮅	bì
鮆	cǐ
鮆	jì
鮇	wèi
鮈	gǒu
鮈	jū
鮈	qú
鮉	diāo
鮊	bà
鮊	bó
鮋	chóu
鮋	yóu
鮌	gǔn
鮍	jù
鮍	pí
鮍	pī
鮎	nián
鮏	xīng
鮏	zhēng
鮐	tái
鮑	bào
鮑	bāo
鮑	pāo
鮒	fù
鮓	zhà
鮓	zhǎ
鮔	jù
鮕	gū
鮖	shí
鮗	dōng
鮘	dai
鮙	tà
鮚	jié
鮚	qià
鮛	shū
鮜	hòu
鮝	xiǎng
鮝	zhèn
鮞	ér
鮟	àn
鮟	ān
鮠	wéi
鮡	zhào
鮢	zhū
鮣	yìn
鮤	liè
鮥	gé
鮥	luò
鮦	tóng
鮧	tǐ
鮧	yí
鮨	qí
鮨	yì
鮩	bì
鮩	bìng
鮪	wěi
鮫	jiāo
鮬	kù
鮬	kū
鮭	guī
鮭	huà
鮭	kuí
鮭	wā
鮭	xié
鮮	xiàn
鮮	xiān
鮮	xiǎn
鮯	gé
鮰	huí
鮱	lǎo
鮲	fú
鮳	kào
鮴	xiū
鮵	duó
鮶	jūn
鮷	tí
鮸	miǎn
鮹	shāo
鮺	zhǎ
鮻	suō
鮼	qīn
鮽	yú
鮾	něi
鮿	zhé
鯀	gǔn
鯁	gěng
鯂	sū
鯃	wú
鯄	qiú
鯅	shān
鯅	shěn
鯆	bū
鯆	pū
鯇	huàn
鯈	chóu
鯈	tiáo
鯈	yóu
鯉	lǐ
鯊	shā
鯋	shā
鯌	kào
鯍	méng
鯎	chéng
鯏	lí
鯐	zǒu
鯑	xī
鯒	yǒng
鯓	shēn
鯔	zī
鯕	qí
鯖	qīng
鯖	zhēng
鯗	xiǎng
鯘	něi
鯙	chún
鯚	jì
鯛	diāo
鯜	qiè
鯝	gù
鯞	zhǒu
鯟	dōng
鯠	lái
鯡	fèi
鯡	fēi
鯢	ní
鯣	yì
鯤	kūn
鯥	lù
鯦	jiù
鯦	ǎi
鯧	chāng
鯨	jīng
鯨	qíng
鯩	lún
鯪	líng
鯫	zōu
鯬	lí
鯭	měng
鯮	zōng
鯯	zhì
鯰	nián
鯱	hǔ
鯲	yú
鯳	dǐ
鯴	shī
鯵	shēn
鯶	huàn
鯷	tí
鯸	hóu
鯹	xīng
鯺	zhū
鯻	là
鯼	zōng
鯽	jì
鯽	zéi
鯾	biān
鯿	biān
鰀	huàn
鰁	quán
鰂	zé
鰂	zéi
鰃	wēi
鰄	wēi
鰅	yú
鰆	chūn
鰇	róu
鰈	dié
鰈	qiè
鰈	zhá
鰉	huáng
鰊	liàn
鰋	yǎn
鰌	qiū
鰍	qiū
鰎	jiǎn
鰏	bī
鰐	è
鰑	yáng
鰒	fù
鰓	sāi
鰓	xí
鰔	gǎn
鰔	jiān
鰔	xián
鰕	xiā
鰖	tuǒ
鰖	wěi
鰗	hú
鰘	shì
鰙	ruò
鰚	xuān
鰛	wēn
鰜	jiān
鰜	qiàn
鰝	hào
鰞	wū
鰟	fáng
鰟	páng
鰠	sāo
鰡	liú
鰢	mǎ
鰣	shí
鰤	shī
鰥	guàn
鰥	guān
鰥	gǔn
鰥	kūn
鰦	zī
鰧	téng
鰨	dié
鰨	tǎ
鰩	yáo
鰪	gé
鰪	é
鰫	yóng
鰬	qián
鰭	qí
鰮	wēn
鰯	ruò
鰰	shén
鰱	lián
鰲	áo
鰳	lè
鰴	huī
鰵	mǐn
鰶	jì
鰷	tiáo
鰸	qū
鰹	jiān
鰺	cān
鰺	shēn
鰺	sāo
鰻	mán
鰼	xí
鰽	qiú
鰾	biào
鰿	jì
鱀	jì
鱁	zhú
鱂	jiāng
鱃	qiū
鱃	xiū
鱄	liàn
鱄	tuán
鱄	zhuān
鱅	yóng
鱅	yōng
鱆	zhāng
鱇	kāng
鱈	xuě
鱉	biē
鱊	yù
鱋	qū
鱌	xiàng
鱍	bō
鱎	jiǎo
鱏	xún
鱐	sù
鱑	huáng
鱒	zùn
鱒	zūn
鱓	shàn
鱓	tuó
鱔	shàn
鱕	fān
鱖	guì
鱖	jué
鱗	lín
鱘	xún
鱙	miáo
鱚	xī
鱚	xǐ
鱛	zēng
鱜	xiāng
鱝	fèn
鱞	guān
鱟	hòu
鱠	kuài
鱡	zéi
鱢	sāo
鱣	shàn
鱣	zhān
鱤	gǎn
鱥	guì
鱦	měng
鱦	shéng
鱦	yìng
鱧	lǐ
鱨	cháng
鱩	léi
鱪	shǔ
鱫	ài
鱬	rú
鱭	jì
鱮	xù
鱮	yú
鱯	hù
鱰	shǔ
鱱	lì
鱲	liè
鱲	là
鱳	luò
鱳	lì
鱳	lù
鱴	miè
鱵	zhēn
鱶	xiǎng
鱷	è
鱸	lú
鱹	guàn
鱺	lí
鱺	lǐ
鱻	xiān
鱻	xiǎn
鱼	yú
鱽	dāo
鱾	jǐ
鱿	yóu
鲀	tún
鲁	lǔ
鲂	fáng
鲃	bā
鲄	hé
鲅	bà
鲆	píng
鲇	nián
鲈	lú
鲉	yóu
鲊	zhǎ
鲋	fù
鲌	bó
鲍	bào
鲎	hòu
鲏	pí
鲐	tái
鲑	guī
鲒	jié
鲓	kào
鲔	wěi
鲕	ér
鲖	tóng
鲗	zéi
鲘	hòu
鲙	kuài
鲚	jì
鲛	jiāo
鲜	xiān
鲝	zhǎ
鲞	xiǎng
鲟	xún
鲠	gěng
鲡	lí
鲢	lián
鲣	jiān
鲤	lǐ
鲥	shí
鲦	tiáo
鲧	gǔn
鲨	shā
鲩	huàn
鲪	jūn
鲫	jì
鲬	yǒng
鲭	qīng
鲮	líng
鲯	qí
鲰	zōu
鲱	fēi
鲲	kūn
鲳	chāng
鲴	gù
鲵	ní
鲶	nián
鲷	diāo
鲸	jīng
鲹	shēn
鲺	shī
鲻	zī
鲼	fèn
鲽	dié
鲾	bī
鲿	cháng
鳀	tí
鳁	wēn
鳂	wēi
鳃	sāi
鳄	è
鳅	qiū
鳆	fù
鳇	huáng
鳈	quán
鳉	jiāng
鳊	biān
鳋	sāo
鳌	áo
鳍	qí
鳎	tǎ
鳏	guān
鳐	yáo
鳑	páng
鳒	jiān
鳓	lè
鳔	biào
鳕	xuě
鳖	biē
鳗	mán
鳘	mǐn
鳙	yōng
鳚	wèi
鳛	xí
鳜	guì
鳝	shàn
鳞	lín
鳟	zūn
鳠	hù
鳡	gǎn
鳢	lǐ
鳣	zhān
鳤	guǎn
鳥	diǎo
鳥	dǎo
鳥	niǎo
鳥	què
鳦	yǐ
鳧	fú
鳨	lì
鳩	jiū
鳩	qiú
鳩	zhì
鳪	bú
鳫	yàn
鳬	fǔ
鳭	diāo
鳭	zhāo
鳮	jī
鳯	fèng
鳰	rù
鳱	gān
鳱	hàn
鳱	yàn
鳲	shī
鳳	fèng
鳴	míng
鳵	bǎo
鳶	yuān
鳷	chì
鳷	zhī
鳸	hù
鳹	qín
鳺	fū
鳺	guī
鳻	bān
鳻	fén
鳼	wén
鳽	jiān
鳽	qiān
鳽	zhān
鳾	shī
鳿	yù
鴀	fǒu
鴁	yāo
鴁	ǎo
鴂	guī
鴂	jué
鴃	jué
鴄	pǐ
鴅	huān
鴆	zhèn
鴇	bǎo
鴈	yàn
鴉	yā
鴉	yǎ
鴊	zhèng
鴋	fāng
鴋	fǎng
鴌	fèng
鴍	wén
鴎	ōu
鴏	dài
鴐	gē
鴑	rú
鴒	líng
鴓	bì
鴓	miè
鴔	fú
鴕	tuó
鴖	mín
鴖	wén
鴗	lì
鴘	biǎn
鴙	zhì
鴚	gē
鴛	yuān
鴜	cí
鴝	gòu
鴝	gōu
鴝	qú
鴞	xiāo
鴟	chī
鴠	dàn
鴡	jū
鴢	yǎo
鴢	āo
鴣	gū
鴤	zhōng
鴥	yù
鴦	yāng
鴧	yù
鴨	yā
鴩	hú
鴩	tiě
鴪	yù
鴫	tián
鴬	yīng
鴭	duī
鴮	wū
鴯	ér
鴰	guā
鴱	ài
鴲	zhī
鴳	yàn
鴳	è
鴳	ān
鴴	héng
鴵	xiāo
鴶	jiá
鴷	liè
鴸	zhū
鴹	xiáng
鴹	yáng
鴺	tí
鴺	yí
鴻	hòng
鴻	hóng
鴼	luò
鴽	rú
鴾	móu
鴿	gē
鵀	rén
鵁	jiāo
鵁	xiāo
鵂	xiū
鵃	diǎo
鵃	zhōu
鵄	chī
鵅	gé
鵅	luò
鵆	héng
鵇	nián
鵈	ě
鵉	luán
鵊	jiá
鵋	jì
鵌	tú
鵍	guàn
鵍	huān
鵍	juān
鵎	tuǒ
鵏	bū
鵏	bǔ
鵏	pú
鵏	pū
鵐	wú
鵑	juān
鵒	yù
鵓	bó
鵔	jùn
鵕	jùn
鵖	bī
鵗	xī
鵘	jùn
鵙	jú
鵚	tū
鵛	jīng
鵜	tí
鵜	tī
鵝	é
鵞	é
鵟	kuáng
鵠	gǔ
鵠	hè
鵠	hú
鵡	wǔ
鵢	shēn
鵣	chì
鵣	lài
鵤	jiao
鵥	pàn
鵦	lù
鵧	pí
鵨	shū
鵩	fú
鵪	yā
鵪	ān
鵫	zhuó
鵬	fèng
鵬	péng
鵭	qín
鵮	qiān
鵯	bēi
鵰	diāo
鵱	lù
鵲	què
鵳	jiān
鵴	jú
鵵	tù
鵶	yā
鵷	yuān
鵸	qí
鵹	lí
鵺	yè
鵻	zhuī
鵼	kōng
鵽	duò
鵾	kūn
鵿	shēng
鶀	qí
鶁	jīng
鶂	yì
鶃	yì
鶄	jīng
鶄	qīng
鶅	zī
鶆	lái
鶇	dōng
鶈	qī
鶉	chún
鶉	tuán
鶊	gēng
鶋	jū
鶌	jué
鶌	qū
鶍	yì
鶎	zūn
鶏	jī
鶐	shù
鶑	yīng
鶒	chì
鶓	miáo
鶔	róu
鶕	ān
鶖	qiū
鶗	chí
鶗	tí
鶘	hú
鶙	tí
鶚	è
鶛	jiè
鶛	jiē
鶜	máo
鶝	bì
鶝	fú
鶞	chūn
鶟	tú
鶠	yǎn
鶡	hè
鶡	hé
鶢	yuán
鶣	biǎn
鶣	piān
鶤	kūn
鶥	méi
鶦	hú
鶧	yīng
鶨	chuàn
鶨	zhì
鶩	mù
鶩	wù
鶪	jú
鶫	dōng
鶬	cāng
鶬	qiāng
鶭	fǎng
鶮	hè
鶮	hú
鶯	yīng
鶰	yuán
鶱	xiān
鶲	wēng
鶳	shī
鶴	hè
鶵	chú
鶶	táng
鶷	xiá
鶸	ruò
鶹	liú
鶺	jí
鶻	gú
鶻	hú
鶼	jiān
鶼	qiān
鶽	sǔn
鶽	xùn
鶾	hàn
鶿	cí
鷀	cí
鷁	yì
鷂	yào
鷂	yáo
鷃	yàn
鷄	jī
鷅	lì
鷆	tián
鷇	kòu
鷈	tī
鷉	sī
鷉	tī
鷊	yì
鷋	tú
鷌	mǎ
鷍	xiāo
鷎	gāo
鷏	tián
鷐	chén
鷑	jí
鷒	tuán
鷓	zhè
鷔	ào
鷔	áo
鷕	xiào
鷕	yǎo
鷖	yì
鷖	yī
鷗	ōu
鷘	chì
鷙	zhé
鷙	zhì
鷚	liù
鷛	yōng
鷜	lǘ
鷜	lǚ
鷝	bì
鷞	shuāng
鷞	shuǎng
鷟	zhuó
鷠	yú
鷡	wú
鷢	jué
鷣	yín
鷤	tán
鷤	tí
鷥	sī
鷦	jiāo
鷧	yì
鷨	huá
鷩	bì
鷪	yīng
鷫	sù
鷬	huáng
鷭	fán
鷮	jiāo
鷯	liáo
鷰	yàn
鷱	gāo
鷲	jiù
鷳	xián
鷴	xián
鷵	tú
鷶	mǎi
鷷	zūn
鷸	shù
鷸	yù
鷹	yīng
鷺	lù
鷻	tuán
鷼	xián
鷽	xué
鷾	yì
鷿	pì
鸀	chù
鸀	shǔ
鸀	zhú
鸁	luó
鸂	qī
鸂	xī
鸃	yí
鸄	jī
鸅	zé
鸆	yú
鸇	zhān
鸈	yè
鸉	yáng
鸊	bì
鸊	pì
鸋	níng
鸌	hù
鸍	mí
鸎	yīng
鸏	máng
鸏	méng
鸐	dí
鸑	yuè
鸒	yù
鸓	lěi
鸔	bǔ
鸕	lú
鸖	hè
鸗	lóng
鸘	shuāng
鸙	yuè
鸚	yīng
鸛	guàn
鸛	huān
鸛	quán
鸜	qú
鸝	lí
鸞	luán
鸟	niǎo
鸠	jiū
鸡	jī
鸢	yuān
鸣	míng
鸤	shī
鸥	ōu
鸦	yā
鸧	cāng
鸨	bǎo
鸩	zhèn
鸪	gū
鸫	dōng
鸬	lú
鸭	yā
鸮	xiāo
鸯	yāng
鸰	líng
鸱	chī
鸲	qú
鸳	yuān
鸴	xué
鸵	tuó
鸶	sī
鸷	zhì
鸸	ér
鸹	guā
鸺	xiū
鸻	héng
鸼	zhōu
鸽	gē
鸾	luán
鸿	hóng
鹀	wú
鹁	bó
鹂	lí
鹃	juān
鹄	gǔ
鹅	é
鹆	yù
鹇	xián
鹈	tí
鹉	wǔ
鹊	què
鹋	miáo
鹌	ān
鹍	kūn
鹎	bēi
鹏	péng
鹐	qiān
鹑	chún
鹒	gēng
鹓	yuān
鹔	sù
鹕	hú
鹖	hé
鹗	è
鹘	gǔ
鹙	qiū
鹚	cí
鹛	méi
鹜	wù
鹝	yì
鹞	yào
鹟	wēng
鹠	liú
鹡	jí
鹢	yì
鹣	jiān
鹤	hè
鹥	yī
鹦	yīng
鹧	zhè
鹨	liù
鹩	liáo
鹪	jiāo
鹫	jiù
鹬	yù
鹭	lù
鹮	huán
鹯	zhān
鹰	yīng
鹱	hù
鹲	méng
鹳	guàn
鹴	shuāng
鹵	lú
鹵	lǔ
鹶	jīn
鹷	líng
鹸	jiǎn
鹹	jiǎn
鹹	xián
鹺	cuó
鹻	jiǎn
鹼	jiǎn
鹽	yàn
鹽	yán
鹾	cuó
鹿	lù
鹿	lǘ
麀	yōu
麁	cū
麂	jǐ
麃	biāo
麃	piǎo
麃	páo
麄	cū
麅	páo
麆	cū
麆	zhù
麇	jūn
麇	qún
麈	zhǔ
麉	jiān
麊	mí
麋	mí
麌	yǔ
麍	liú
麎	chén
麏	jūn
麐	lín
麑	ní
麒	qí
麓	lù
麔	jiù
麕	jūn
麖	jīng
麗	lì
麗	lí
麗	lǐ
麗	sī
麘	xiāng
麙	xián
麙	yán
麚	jiā
麛	mí
麜	lì
麝	shè
麞	zhāng
麟	lín
麠	jīng
麡	qí
麢	líng
麣	yán
麤	cū
麥	mài
麦	mài
麧	hé
麨	chǎo
麩	fū
麪	miàn
麫	miàn
麬	fū
麭	pào
麮	qù
麯	qū
麰	móu
麱	fū
麲	xiàn
麲	yàn
麳	lái
麴	qū
麵	miàn
麶	chi
麷	fēng
麸	fū
麹	qū
麺	miàn
麻	má
麻	mā
麼	me
麽	ma
麽	me
麽	má
麽	mó
麾	huī
麿	mo
黀	zōu
黁	nún
黂	fén
黃	huáng
黄	huáng
黅	jīn
黆	guāng
黇	tiān
黈	tǒu
黉	hóng
黊	huà
黋	kuàng
黌	hóng
黍	shǔ
黎	lí
黏	nián
黐	chī
黐	lí
黑	hēi
黒	hēi
黓	yì
黔	qián
黕	dǎn
黖	xì
黗	tūn
默	mò
黙	mò
黚	jiān
黚	qián
黛	dài
黜	chù
黝	yī
黝	yǒu
點	diǎn
點	duò
點	zhān
黟	yī
黠	xiá
黡	yǎn
黢	qū
黣	měi
黤	yǎn
黥	qíng
黦	yuè
黦	yè
黧	lái
黧	lí
黨	chèng
黨	dǎng
黨	tǎng
黩	dú
黪	cǎn
黫	yān
黬	jiān
黬	yán
黬	yǎn
黭	yǎn
黮	dǎn
黮	shèn
黮	tàn
黮	zhèn
黯	àn
黯	ān
黰	yān
黰	zhěn
黱	dài
黱	zhèn
黲	cǎn
黳	wā
黳	yī
黴	mèi
黴	méi
黵	dǎn
黵	zhǎn
黶	yǎn
黷	dú
黸	lú
黹	xiàn
黹	zhǐ
黺	fěn
黻	fú
黼	fǔ
黽	miǎn
黽	méng
黽	měng
黽	mǐn
黾	mǐn
黿	yuán
鼀	cù
鼁	qù
鼂	cháo
鼂	zhāo
鼃	wā
鼄	zhū
鼅	zhī
鼆	méng
鼆	měng
鼇	áo
鼈	biē
鼉	tuó
鼊	bì
鼋	yuán
鼌	cháo
鼍	tuó
鼎	dǐng
鼎	zhēn
鼏	mì
鼐	nài
鼑	dǐng
鼒	zī
鼓	gǔ
鼔	gǔ
鼕	dōng
鼕	tóng
鼖	fén
鼗	táo
鼘	yuān
鼙	pí
鼚	chāng
鼛	gāo
鼜	cào
鼜	qì
鼝	yuān
鼞	tāng
鼟	tēng
鼠	shǔ
鼡	shǔ
鼢	fén
鼣	fèi
鼤	wèn
鼤	wén
鼥	bá
鼥	fèi
鼦	diāo
鼧	tuó
鼨	zhōng
鼩	qú
鼪	shēng
鼫	shí
鼬	yòu
鼭	shí
鼮	tíng
鼯	wú
鼰	jú
鼱	jīng
鼲	hún
鼳	jú
鼳	xí
鼴	yǎn
鼵	tū
鼶	sī
鼷	xī
鼸	xiàn
鼹	yǎn
鼺	léi
鼻	bí
鼼	yào
鼽	qiú
鼾	hān
鼿	huī
鼿	wù
齀	wù
齁	hōu
齁	kù
齂	xiè
齃	hè
齃	è
齄	zhā
齅	xiù
齆	wèng
齇	zhā
齈	nòng
齉	nàng
齊	jiǎn
齊	jì
齊	jī
齊	qí
齊	zhāi
齊	zī
齋	zhāi
齌	jì
齍	jì
齍	zī
齎	jī
齏	jī
齐	qí
齑	jī
齒	chǐ
齓	chèn
齔	chèn
齕	hé
齖	yà
齖	yá
齗	yín
齗	yǎn
齗	yǐn
齘	xiè
齙	bāo
齚	zé
齛	shì
齛	xiè
齜	chái
齜	zī
齝	chī
齞	yǎn
齟	jǔ
齟	zhā
齠	tiáo
齡	líng
齢	líng
齣	chū
齣	chǐ
齤	quán
齥	xiè
齦	kěn
齦	kǔn
齦	qiǎn
齦	yín
齧	niè
齨	jiù
齩	yǎo
齪	chuò
齫	yǔn
齬	wú
齬	yǔ
齭	chǔ
齮	qǐ
齮	yǐ
齯	ní
齰	cè
齰	zhà
齰	zé
齱	chuò
齱	zōu
齲	qǔ
齳	yǔn
齴	yǎn
齵	yú
齵	óu
齶	è
齷	wò
齸	yì
齹	cuó
齹	cī
齺	zōu
齻	diān
齼	chǔ
齽	jìn
齾	yà
齾	è
齿	chǐ
龀	chèn
龁	hé
龂	yín
龃	jǔ
龄	líng
龅	bāo
龆	tiáo
龇	zī
龈	yín
龉	yǔ
龊	chuò
龋	qǔ
龌	wò
龍	lóng
龍	máng
龎	páng
龏	gōng
龏	wò
龐	lóng
龐	páng
龑	yǎn
龒	lóng
龓	lóng
龓	lǒng
龔	gōng
龕	kè
龕	kān
龖	dá
龗	líng
龘	dá
龙	lóng
龚	gōng
龛	kān
龜	guī
龜	jūn
龜	qiū
龝	qiū
龞	biē
龟	guī
龠	yuè
龡	chuī
龢	hé
龣	jué
龤	xié
龥	yù
龪	zhān
龬	wǎng
龰	zǒu
龵	shǒu
龻	luán
鿃	shǎn
鿄	liáng
鿇	zhēng
鿌	liáng
鿍	gàng
鿎	tǎ
鿏	mài
鿔	gē
鿕	dān
鿫	ào
鿬	tián
鿭	nǐ
鿰	hán
鿱	bā
鿲	láo
鿳	tuò
鿴	dōng
鿵	zhì
鿶	láng
鿷	àn
鿸	tuò
鿹	mì
鿺	mài
鿻	bù
鿼	jiā
鿾	làng
鿿	xìng
礼	lǐ
𠀀	hē
𠀁	qī
𠀃	jī
𠀃	qiě
𠀅	hài
𠀉	qiū
𠀊	cāo
𠀍	shì
𠀓	sī
𠀔	jué
𠀛	yù
𠀝	kōng
𠀢	zī
𠀦	xíng
𠀱	mǒu
𠀷	jī
𠀸	yè
𠀹	jūn
𠀼	qián
𠀼	xià
𠀽	lù
𠁁	dòu
𠁉	chū
𠁗	hè
𠁗	shì
𠁠	qiè
𠁥	gǎ
𠁭	qí
𠁷	chǎn
𠂄	huān
𠂆	yì
𠂇	zuǒ
𠂈	jié
𠂈	tiǎn
𠂑	zōu
𠂔	zǐ
𠂝	zā
𠂟	jīn
𠂢	pài
𠂤	duī
𠂥	cóng
𠂧	shèn
𠂸	huáng
𠃊	yǐn
𠃌	gǔn
𠃓	yáng
𠃖	jiū
𠃫	shēn
𠃺	jiù
𠄅	yè
𠄉	dòng
𠄌	jué
𠄌	zhuì
𠄍	jié
𠄏	diǎo
𠄑	jué
𠄒	chuí
𠄒	shā
𠄖	líng
𠄚	tīng
𠄣	gèn
𠄮	mǒ
𠄮	yà
𠄱	yí
𠄿	wéi
𠅂	jié
𠅌	yí
𠅗	diè
𠅚	qí
𠅤	xí
𠅬	bāo
𠅱	xiè
𠅹	zhàng
𠆌	yōng
𠆐	xù
𠆙	diè
𠆛	dān
𠆟	wěi
𠆣	guǎ
𠆣	zhuǎ
𠆩	fàn
𠆮	mò
𠆱	xī
𠆲	yǎn
𠆵	ní
𠆶	dàn
𠇋	dǎn
𠇏	tāo
𠇐	yú
𠇒	gōng
𠇗	kuā
𠇘	chù
𠇯	qù
𠇱	mò
𠇳	shī
𠇵	gǎn
𠇷	shēng
𠇹	jìng
𠈁	tuō
𠈅	shōu
𠈊	niě
𠈤	yùn
𠈥	guǎ
𠈬	xiāo
𠈭	láo
𠈰	dàn
𠈱	suō
𠈵	mǎng
𠈶	yí
𠈸	tè
𠈺	bì
𠉂	tà
𠉗	luò
𠉢	xǐ
𠉣	hùn
𠉣	hūn
𠉤	dá
𠉧	jù
𠉩	dú
𠉬	yǎn
𠉬	ǎn
𠊉	mèi
𠊌	rán
𠊎	ái
𠊏	xián
𠊏	yù
𠊒	jiàn
𠊔	qì
𠊟	mǐn
𠊣	zhòu
𠊤	zhì
𠊥	zhǒng
𠊦	nǎo
𠊧	bìng
𠊩	zhuàn
𠊪	shù
𠊫	qióng
𠊫	xùn
𠊬	jué
𠊭	qiǎn
𠊰	guǎ
𠊲	tū
𠊶	yìng
𠊷	zhì
𠊾	kuí
𠋆	chèn
𠋖	liàn
𠋗	yā
𠋜	guò
𠋝	miǎo
𠋞	shé
𠋟	yǔ
𠋡	sì
𠋢	sǒu
𠋢	zhòu
𠋤	zhì
𠋧	qiē
𠋩	fù
𠋬	jú
𠋭	bèi
𠋯	bì
𠋲	suǒ
𠋵	qiǎn
𠋶	mǐng
𠋷	chǎn
𠋺	sāo
𠋻	jī
𠌕	gòng
𠌖	qióng
𠌚	nòng
𠌚	ròng
𠌞	sǒu
𠌟	sǒu
𠌠	yáo
𠌪	chōu
𠌪	tāo
𠌭	shuài
𠌮	zhē
𠌯	lì
𠌯	lí
𠌰	gài
𠌱	suī
𠌲	zhān
𠌴	zhuàng
𠌽	fù
𠍃	jī
𠍄	dōu
𠍗	huì
𠍚	jiǎn
𠍛	yǎn
𠍜	zhì
𠍨	měi
𠍩	yào
𠍪	dī
𠍫	yí
𠍯	bié
𠍲	qú
𠍳	yì
𠍵	yàng
𠍹	zhá
𠍽	shà
𠎙	lái
𠎮	jué
𠎰	qī
𠎳	yú
𠎶	zǎi
𠎷	sà
𠎸	sè
𠎻	dùn
𠎿	jiě
𠏀	kē
𠏃	yuē
𠏇	jiǎn
𠏈	yáo
𠏓	xiān
𠏕	xiào
𠏖	qiāo
𠏚	yù
𠏛	qú
𠏡	líng
𠏡	xiān
𠏢	luò
𠏤	guǎng
𠏧	chēng
𠏨	chuǎng
𠏩	yí
𠏫	zhěng
𠏭	zòng
𠏮	duì
𠏰	zhǎi
𠏿	fěi
𠐀	yí
𠐁	méng
𠐈	biān
𠐈	pián
𠐉	jié
𠐊	shù
𠐋	liáo
𠐌	bà
𠐌	bǐ
𠐍	sú
𠐑	dì
𠐡	bèi
𠐢	wèn
𠐧	méng
𠐩	chǎn
𠐵	dǎo
𠐺	pín
𠐻	jiǎn
𠐼	lìn
𠐽	guì
𠐽	guī
𠐾	qī
𠐿	hōng
𠑃	jí
𠑄	xiè
𠑅	zhēng
𠑆	chǎn
𠑐	yáo
𠑑	chǎn
𠑘	diān
𠑙	chòng
𠑚	néi
𠑛	néi
𠑞	zhài
𠑟	biān
𠑟	pián
𠑡	chǎn
𠑪	xiāo
𠑯	cù
𠑰	xīn
𠑱	jǐng
𠑲	qiān
𠑴	qīng
𠑹	gǔ
𠒄	wù
𠒜	yuǎn
𠒝	bǐng
𠒢	wán
𠒰	niǎo
𠒰	ní
𠒵	liàn
𠒸	rǎo
𠒾	fàn
𠒿	dí
𠓊	dān
𠓊	huī
𠓋	yì
𠓌	xián
𠓖	lán
𠓗	fù
𠓙	xiòng
𠓜	liǎng
𠓝	tāo
𠓞	jí
𠓢	jiè
𠓣	zhá
𠓤	shī
𠓪	qí
𠓫	biǎn
𠓭	lǎn
𠓮	lǐn
𠓶	zhì
𠓷	bì
𠓷	chéng
𠓸	shèng
𠓽	shèng
𠓿	qín
𠔂	biāo
𠔃	xī
𠔉	juàn
𠔋	jī
𠔋	xìn
𠔍	xī
𠔎	qǐn
𠔑	hài
𠔕	lún
𠔠	yuè
𠔨	lián
𠔯	bān
𠔲	héng
𠔶	qī
𠔺	qiān
𠔻	zhèng
𠔼	mǎo
𠕁	cóng
𠕄	nà
𠕊	tǐng
𠕌	zōng
𠕕	jiōng
𠕖	zhǎo
𠕟	niǎn
𠕠	chéng
𠕣	qià
𠕦	yù
𠕧	jiǎo
𠕭	zhào
𠕳	dí
𠕴	jiū
𠕸	suǐ
𠕻	yāo
𠕿	wāng
𠖂	liáo
𠖄	tóng
𠖆	mèng
𠖋	yǒu
𠖓	sī
𠖛	lòu
𠖟	yīn
𠖥	chǒng
𠖫	gǎn
𠖬	jiū
𠖶	qìn
𠖷	jiǒng
𠖹	xiá
𠖹	xié
𠗂	hè
𠗆	tāo
𠗈	qiú
𠗉	xié
𠗊	jìng
𠗋	niǎn
𠗌	jìng
𠗏	jí
𠗘	tiǎn
𠗚	cuì
𠗛	dié
𠗝	qǐng
𠗥	pìng
𠗦	píng
𠗨	dié
𠗩	lòu
𠗳	liǎn
𠗴	hán
𠗵	pāng
𠗶	táng
𠗺	yí
𠗻	xuán
𠗼	suò
𠗽	liú
𠗾	shuǎng
𠗿	shèn
𠘁	bù
𠘂	sōu
𠘅	qín
𠘆	shěn
𠘊	nòng
𠘋	tǐng
𠘌	jiāng
𠘕	xī
𠘖	zhì
𠘝	lài
𠘞	lì
𠘟	lì
𠘢	hé
𠘣	jiào
𠘥	yán
𠘧	shū
𠘪	shǐ
𠘱	zhěn
𠘳	yōu
𠘺	suò
𠘻	wú
𠙁	cháng
𠙂	cóng
𠙆	jù
𠙎	shū
𠙔	jiù
𠙕	wéi
𠙞	huò
𠙤	jiē
𠙬	zǎo
𠙶	ǒu
𠙼	guǎ
𠚃	háo
𠚄	lǐ
𠚅	zhì
𠚆	xiàn
𠚉	bū
𠚊	chàng
𠚓	yūn
𠚔	hé
𠚜	tāo
𠚠	biāo
𠚥	diāo
𠚧	èr
𠚨	jiū
𠚭	dì
𠚮	yì
𠚯	kūn
𠚱	zhé
𠚳	kuò
𠚴	zhōu
𠚵	jù
𠚹	shàn
𠚺	shà
𠚻	diāo
𠚼	bān
𠚽	jī
𠛀	zhōng
𠛃	yí
𠛅	kōu
𠛆	wū
𠛊	gē
𠛋	bā
𠛎	gōu
𠛑	xián
𠛒	guā
𠛓	liǔ
𠛔	chǐ
𠛕	guāi
𠛖	chuān
𠛘	lí
𠛙	cù
𠛚	shuā
𠛡	bǐ
𠛥	bǐng
𠛦	lì
𠛩	jiǔ
𠛪	diāo
𠛪	tiāo
𠛫	duǒ
𠛭	yuān
𠛭	yān
𠛮	quān
𠛱	liè
𠛱	zā
𠛳	hé
𠛳	kè
𠛵	gēn
𠛶	zhēn
𠛸	fén
𠜁	yí
𠜃	jiù
𠜄	xù
𠜅	jiǎo
𠜈	lǜ
𠜉	jiǔ
𠜋	chǒu
𠜎	xiàn
𠜐	kuài
𠜑	duì
𠜖	luō
𠜗	xì
𠜗	xī
𠜘	qìn
𠜙	bù
𠜤	qià
𠜱	pī
𠜲	yā
𠜳	bēng
𠜴	guǒ
𠜵	guā
𠜹	jú
𠜼	qiā
𠜾	guì
𠜾	jué
𠝄	lì
𠝐	huā
𠝑	jiāo
𠝘	qià
𠝚	zhá
𠝚	zhé
𠝛	qiā
𠝝	zhá
𠝝	zhé
𠝞	chā
𠝟	yǐng
𠝢	yān
𠝤	chōng
𠝨	chǐ
𠝪	wān
𠝬	sōu
𠝲	kǎn
𠝳	yuán
𠝽	chóu
𠝿	suǒ
𠞀	tū
𠞃	zhé
𠞄	chǐ
𠞄	tī
𠞆	wū
𠞈	dā
𠞉	lì
𠞊	chá
𠞊	chā
𠞊	chāi
𠞕	róng
𠞖	gòng
𠞗	què
𠞙	lí
𠞞	tāo
𠞤	lì
𠞧	mí
𠞩	chì
𠞩	shuài
𠞬	gùn
𠞭	lòu
𠞭	lóu
𠞮	chuǎng
𠞯	suǒ
𠞰	jiǎo
𠞱	jìn
𠞵	fá
𠞶	zhāi
𠞾	jìn
𠞿	cuì
𠟂	cèng
𠟃	zǔn
𠟅	rì
𠟅	zhào
𠟅	zhì
𠟈	piē
𠟉	chàn
𠟉	zhǎn
𠟊	xī
𠟋	yào
𠟌	fǔ
𠟌	pǒu
𠟍	chōng
𠟓	cuì
𠟗	guā
𠟣	jī
𠟦	sè
𠟧	zhān
𠟨	lìng
𠟨	líng
𠟩	sè
𠟪	yè
𠟰	jū
𠟶	tū
𠟺	ruǎn
𠟺	rú
𠟻	bài
𠟻	zé
𠟼	huán
𠠁	xiǎn
𠠃	qiān
𠠄	zhào
𠠋	cán
𠠎	kuò
𠠏	lì
𠠐	róu
𠠔	dú
𠠗	liè
𠠜	yīng
𠠝	lì
𠠠	dú
𠠢	líng
𠠪	wān
𠠯	dié
𠠳	jiū
𠠵	lì
𠠶	kū
𠠷	kēng
𠠹	zhěn
𠡀	hè
𠡂	bì
𠡂	fú
𠡄	pī
𠡊	hāng
𠡑	zhuó
𠡒	duǐ
𠡔	yì
𠡜	kè
𠡝	yì
𠡞	mò
𠡠	chì
𠡡	cán
𠡣	gěng
𠡤	kè
𠡥	shì
𠡭	lìng
𠡭	líng
𠡮	bēng
𠡮	kēng
𠡱	duàn
𠡶	juān
𠡷	nǎo
𠡸	zǐ
𠡻	zòng
𠢃	táng
𠢆	xiá
𠢇	hàn
𠢌	lüè
𠢍	qián
𠢓	mò
𠢔	ōu
𠢕	háo
𠢙	zhá
𠢚	juàn
𠢛	cóng
𠢠	jí
𠢠	lì
𠢡	zhá
𠢢	yǒu
𠢣	diàn
𠢤	jué
𠢥	bèi
𠢩	yǎo
𠢪	piē
𠢱	jìn
𠢲	kǎi
𠢲	xiè
𠢳	sè
𠢴	yǎng
𠢵	jìn
𠢹	kè
𠣄	chān
𠣇	niǎn
𠣉	wàn
𠣊	lǜ
𠣐	yún
𠣑	yāo
𠣒	bāo
𠣕	jūn
𠣖	xuán
𠣘	zhōu
𠣠	kuì
𠣪	qú
𠣫	shào
𠣬	sǔn
𠣰	dū
𠣲	kuǎi
𠣳	pào
𠣺	bào
𠣾	fù
𠣿	jiù
𠤀	rán
𠤄	jū
𠤊	qióng
𠤍	zhōu
𠤎	huà
𠤏	bǎo
𠤕	xián
𠤕	yí
𠤗	yí
𠤘	yí
𠤘	yǐ
𠤝	mào
𠤦	ruǎn
𠤦	rú
𠤫	cí
𠤮	hán
𠤰	cóng
𠤰	xuán
𠤴	xì
𠤹	quán
𠤺	tiáo
𠤼	diào
𠤾	hán
𠥇	yě
𠥍	ē
𠥎	wéi
𠥐	cāng
𠥑	diào
𠥕	è
𠥖	dì
𠥘	suǎn
𠥙	quán
𠥜	è
𠥝	ōu
𠥝	ǒu
𠥞	xuán
𠥢	wǔ
𠥦	yì
𠥨	móu
𠥰	hū
𠥴	gān
𠥴	hán
𠥿	shí
𠦃	sà
𠦈	bì
𠦊	hán
𠦋	jìng
𠦌	xì
𠦎	qìn
𠦏	cuó
𠦐	cì
𠦒	bān
𠦗	duī
𠦜	shù
𠦜	xì
𠦧	zhī
𠦨	luàn
𠦪	hū
𠦫	jí
𠦬	guāi
𠦲	pāng
𠧀	zhū
𠧅	bǐ
𠧇	yú
𠧒	qǐ
𠧕	hé
𠧖	chǔ
𠧙	shào
𠧚	chì
𠧛	bó
𠧟	nǎi
𠧟	réng
𠧠	yóu
𠧤	nǎi
𠧩	huì
𠧩	huǐ
𠧪	tiáo
𠧪	yǒu
𠧫	bǎn
𠧰	xū
𠧴	yòu
𠧴	yóu
𠧵	chì
𠧿	héng
𠨃	wài
𠨆	xiè
𠨊	jué
𠨌	suī
𠨍	qīng
𠨎	zhuàn
𠨕	jì
𠨘	bì
𠨚	xī
𠨠	jí
𠨢	jùn
𠨥	liáo
𠨦	yōu
𠨭	jú
𠨲	yuè
𠨵	bàng
𠨸	pí
𠨻	zè
𠨾	yì
𠨿	dǐ
𠩂	qiè
𠩄	suǒ
𠩆	cì
𠩈	zhù
𠩉	jú
𠩉	yuè
𠩏	jiāo
𠩔	shí
𠩗	yí
𠩘	xiá
𠩠	yuán
𠩥	guó
𠩧	kè
𠩪	cuì
𠩫	yì
𠩵	lì
𠩷	diǎn
𠩺	chí
𠩺	xī
𠩿	bì
𠪂	biǎn
𠪃	méi
𠪄	lì
𠪇	sǒu
𠪐	liú
𠪑	guì
𠪒	kè
𠪗	yí
𠪙	xǐ
𠪚	kǎn
𠪚	yín
𠪚	ǎn
𠪟	kè
𠪣	shè
𠪧	wǒ
𠪮	pì
𠪶	yuè
𠪷	hóng
𠪺	lì
𠪻	fù
𠫃	jué
𠫄	xiān
𠫉	diān
𠫌	lì
𠫓	tū
𠫘	jiān
𠫛	bǎi
𠫜	dì
𠫝	zhǎng
𠫣	yù
𠫨	duì
𠫭	cān
𠫮	tú
𠫶	tān
𠫷	jí
𠫸	qí
𠫸	zhāi
𠫹	shàn
𠫺	nián
𠫺	shì
𠬆	guàn
𠬈	bǐ
𠬋	nián
𠬋	xīng
𠬓	zhěn
𠬙	sā
𠬛	mò
𠬝	fú
𠬢	tāo
𠬣	bàng
𠬤	yì
𠬪	biào
𠬬	xī
𠬮	jié
𠬶	jìn
𠬾	qiān
𠭈	sì
𠭉	jǐng
𠭋	chǐ
𠭗	jǐng
𠭥	suì
𠭯	zhā
𠭰	lí
𠭴	zhuō
𠭹	biàn
𠭿	tún
𠮃	bì
𠮆	fèi
𠮊	dé
𠮌	zhú
𠮑	jū
𠮙	yǐ
𠮜	yà
𠮜	yīn
𠮟	chì
𠮠	bǎi
𠮠	guǎ
𠮡	zhǐ
𠮨	réng
𠮫	yōu
𠮭	bó
𠮯	jǐ
𠮰	pǐn
𠮳	yīng
𠮴	yāng
𠮵	màng
𠮽	lòng
𠮾	ǹ
𠮿	sa
𠮿	san
𠯀	chuān
𠯂	cí
𠯃	wǔ
𠯄	rèn
𠯈	dài
𠯉	jí
𠯋	yǐ
𠯍	rán
𠯐	huò
𠯑	guā
𠯓	zhé
𠯔	pì
𠯗	zā
𠯘	bàn
𠯙	jié
𠯜	hōu
𠯜	xǔ
𠯟	xiàn
𠯠	huī
𠯩	zhā
𠯪	dāi
𠯪	dǎi
𠯪	è
𠯫	gē
𠯭	pì
𠯯	piàn
𠯰	shí
𠯱	liǎng
𠯲	yuè
𠯳	hù
𠯳	wěn
𠯴	biàn
𠯷	réng
𠯹	réng
𠰄	yī
𠰅	zhī
𠰇	jīn
𠰈	wēng
𠰉	chāo
𠰋	qiū
𠰍	zhù
𠰍	zhǔ
𠰏	zhá
𠰐	pǒ
𠰑	àn
𠰓	hé
𠰕	chū
𠰖	yán
𠰚	shì
𠰛	gào
𠰛	hù
𠰜	è
𠰴	shí
𠰷	lú
𠰹	tuō
𠰺	dài
𠰻	wai
𠰻	wài
𠰼	pō
𠰽	rǒng
𠰾	jū
𠱀	bō
𠱐	yǔ
𠱑	dōu
𠱓	guǐ
𠱔	shòu
𠱗	suō
𠱘	nì
𠱙	cù
𠱙	jì
𠱙	yù
𠱙	zhōu
𠱚	lòng
𠱛	bǐng
𠱜	zùn
𠱝	yè
𠱞	rǎn
𠱠	líng
𠱡	shài
𠱡	sà
𠱤	lěi
𠱥	huì
𠱥	zá
𠱥	è
𠱧	zhòng
𠱨	jǐ
𠱫	è
𠱯	zuò
𠱲	nà
𠱳	yǔn
𠲊	xiè
𠲋	zuǐ
𠲌	shù
𠲍	diū
𠲎	fa
𠲎	fá
𠲎	fèi
𠲎	wa
𠲏	rěn
𠲑	bāng
𠲒	hán
𠲓	hóng
𠲔	yī
𠲖	yī
𠲙	kē
𠲚	yì
𠲛	huí
𠲜	zhēng
𠲮	jìng
𠲱	gé
𠲴	nóu
𠲵	jié
𠲵	qiè
𠲷	dié
𠲹	jì
𠲺	yì
𠲻	yí
𠲽	fú
𠲾	shuò
𠲿	shuò
𠳀	yǒng
𠳁	kěn
𠳂	huá
𠳃	hòng
𠳇	hé
𠳊	hē
𠳋	qiǎn
𠳌	qià
𠳎	sì
𠳐	bāng
𠳞	què
𠳬	jīng
𠳭	kè
𠳳	āi
𠳴	lóu
𠳶	tū
𠳹	chuáng
𠳼	sòng
𠳽	chéng
𠳿	wēi
𠴂	nǔ
𠴄	jiǔ
𠴇	bīn
𠴡	xiào
𠴢	shēng
𠴣	hǒu
𠴦	zhù
𠴨	guān
𠴩	jī
𠴩	qǐ
𠴫	cù
𠴫	jì
𠴫	yù
𠴫	zhù
𠴭	xī
𠴯	shè
𠴰	ǒu
𠴱	hú
𠴲	tà
𠴳	xiáo
𠴵	zào
𠴸	bò
𠴹	qì
𠴺	wā
𠴻	tuō
𠴼	dào
𠴾	nà
𠵠	zhāi
𠵣	yà
𠵦	wǔ
𠵧	chún
𠵧	zhén
𠵨	de
𠵩	hē
𠵫	āng
𠵬	pí
𠵭	sè
𠵮	fěn
𠵯	guā
𠵳	pǒ
𠵷	xuàn
𠵸	hān
𠵸	mí
𠵹	gāng
𠵺	bā
𠵻	zōng
𠵼	mèng
𠵾	huò
𠶧	diān
𠶨	xī
𠶫	dà
𠶬	nàng
𠶰	diāo
𠶱	luò
𠶲	kè
𠶷	yì
𠶸	jué
𠶹	hé
𠶻	jí
𠶾	hè
𠶿	niè
𠶿	zá
𠷀	rǔn
𠷁	jiān
𠷁	qián
𠷂	dài
𠷃	shòu
𠷃	shāo
𠷃	sù
𠷄	kè
𠷅	zhú
𠷇	shī
𠷈	liè
𠷈	lǜ
𠷉	jiā
𠷊	pián
𠷋	hòu
𠷌	jī
𠷌	zé
𠷍	tà
𠷎	chóu
𠷎	shòu
𠷏	wō
𠷐	jiàng
𠷐	jìng
𠷑	pō
𠷒	zhāi
𠷓	xīn
𠷖	biàn
𠷙	xù
𠷞	gū
𠷟	jiè
𠷢	xián
𠷸	yóng
𠷸	é
𠷺	bó
𠷻	piāo
𠷿	zǎ
𠸁	pài
𠸂	tū
𠸄	yīng
𠸮	xiǎng
𠸱	nuò
𠸲	gē
𠸳	bó
𠸴	xiè
𠸸	chún
𠸸	zhēn
𠸹	yú
𠸺	nì
𠹀	xùn
𠹁	wà
𠹃	àng
𠹄	hàn
𠹅	hōng
𠹆	dān
𠹈	nuó
𠹊	cǎo
𠹋	jí
𠹌	něng
𠹍	róng
𠹍	yǒng
𠹎	xiāo
𠹐	chuǎ
𠹑	yào
𠹓	gé
𠹔	táng
𠹕	bào
𠹖	chǎn
𠹘	xù
𠹛	hái
𠹝	chóu
𠹟	jiǎn
𠹠	zuō
𠹤	wèi
𠹥	dā
𠹦	pī
𠺐	huàn
𠺒	xī
𠺔	pèn
𠺕	liáo
𠺕	liū
𠺖	mǔ
𠺗	miē
𠺘	làng
𠺙	tuì
𠺚	bān
𠺝	gē
𠺟	kù
𠺢	jiā
𠺣	bō
𠻍	huàn
𠻏	zú
𠻐	luò
𠻗	lí
𠻙	hé
𠻚	mó
𠻜	lǜ
𠻜	shuì
𠻜	sū
𠻝	shēn
𠻞	kǎng
𠻟	chì
𠻠	líng
𠻡	luǒ
𠻤	yǎn
𠻥	zhào
𠻦	chuǎ
𠻧	gǔ
𠻨	qǐn
𠻪	tán
𠻫	fèn
𠻬	tú
𠻱	líng
𠻴	lǎng
𠼖	lán
𠼗	zàn
𠼘	wù
𠼝	lí
𠼞	ā
𠼟	lüè
𠼠	zhǐ
𠼡	chóu
𠼢	jiàng
𠼢	qiàng
𠼤	jiān
𠼩	lún
𠼪	yí
𠼬	shāng
𠼻	jī
𠽜	yì
𠽝	nín
𠽡	huì
𠽣	zhā
𠽦	hǎn
𠽨	yǐn
𠽩	bì
𠽪	ān
𠽫	xiā
𠽫	xiǎ
𠽬	ní
𠽰	dī
𠽱	jiǎn
𠽲	pán
𠽵	yù
𠽶	chuài
𠽶	chuò
𠽶	cuì
𠽷	zā
𠽹	chá
𠽻	zhé
𠽼	sè
𠽾	pēn
𠽾	pǔ
𠽿	gū
𠾀	zhé
𠾆	lí
𠾇	dōu
𠾉	chóu
𠾋	zuǐ
𠾌	pò
𠾏	shē
𠾐	lóng
𠾢	shù
𠾤	jìn
𠾥	líng
𠾨	kāng
𠾩	là
𠾫	xū
𠾬	jìn
𠾮	chuān
𠾲	yuè
𠿆	mǎi
𠿇	xiè
𠿈	jiū
𠿉	jì
𠿋	yuè
𠿏	jiān
𠿑	gǎn
𠿑	hán
𠿑	hǎn
𠿑	ǎn
𠿓	sà
𠿔	huì
𠿕	qiào
𠿗	sè
𠿘	zuǐ
𠿛	lǔ
𠿜	huà
𠿝	chū
𠿞	shǎn
𠿟	wò
𠿠	jí
𠿡	zhuó
𠿢	xiàn
𠿢	xián
𠿣	yī
𠿤	guó
𠿥	guì
𠿥	kuì
𡀑	zhōu
𡀔	lou
𡀔	lù
𡀖	bō
𡀗	shí
𡀘	yìng
𡀙	kū
𡀹	zhì
𡀺	xié
𡀽	hè
𡀽	yè
𡀾	è
𡀿	lǜ
𡁀	hàn
𡁁	kài
𡁁	yè
𡁆	luò
𡁇	chuò
𡁈	fàn
𡁉	zhí
𡁊	yìng
𡁋	wěn
𡁌	wā
𡁍	ài
𡁎	yú
𡁑	huā
𡁓	liè
𡁔	jīng
𡁕	zá
𡁧	zāng
𡁨	duì
𡁪	jì
𡁮	wō
𡁰	jí
𡁱	xī
𡁳	zhàn
𡁴	tuán
𡂊	yú
𡂏	liè
𡂒	zhì
𡂓	shī
𡂕	lǎo
𡂖	lài
𡂖	tà
𡂗	wěi
𡂘	páo
𡂙	chí
𡂚	yǐng
𡂛	dòu
𡂝	dòu
𡂟	bào
𡂠	qiè
𡂡	shù
𡂣	zhí
𡂩	liè
𡂫	péng
𡂭	zhē
𡂿	ou
𡂿	ōu
𡃂	xiè
𡃃	jí
𡃄	lài
𡃅	yíng
𡃆	cēng
𡃖	lē
𡃝	lùn
𡃡	lóng
𡃢	xì
𡃦	lìn
𡃩	guī
𡃳	xīng
𡃷	lí
𡃸	cī
𡄇	qǐng
𡄑	jiān
𡄒	dào
𡄓	jiǎn
𡄔	qìng
𡄕	xiè
𡄖	yìng
𡄟	há
𡄡	zhe
𡄢	shē
𡄣	mí
𡄤	huán
𡄱	cù
𡄲	rú
𡄳	sǎ
𡄴	huò
𡄵	yī
𡄷	dī
𡄹	luàn
𡄻	yì
𡅂	bò
𡅃	páng
𡅄	tán
𡅅	é
𡅅	éi
𡅆	zāng
𡅇	cóng
𡅓	zhāi
𡅕	xǐ
𡅖	mǎng
𡅘	là
𡅙	yùn
𡅡	è
𡅥	dié
𡅭	guān
𡅱	huàn
𡅵	shì
𡅶	jiǎn
𡅹	zhān
𡅺	jí
𡅻	huàn
𡆅	wàn
𡆆	luǒ
𡆏	dòu
𡆕	liàn
𡆣	dí
𡆣	niè
𡆤	nǎn
𡆥	jiù
𡆦	yuè
𡆩	jiǒng
𡆩	yāo
𡆪	chuāng
𡆮	cǎn
𡆯	lǐ
𡆰	dùn
𡆱	nǎn
𡆲	nǎn
𡆸	guó
𡆸	rì
𡆽	yuè
𡇀	yóu
𡇂	yīn
𡇄	guó
𡇄	niè
𡇈	dàng
𡇈	tuó
𡇑	zhēn
𡇒	mí
𡇓	dié
𡇖	zhēn
𡇚	kuā
𡇜	hán
𡇝	sòng
𡇞	hé
𡇟	jī
𡇠	zhé
𡇤	bǐng
𡇦	wéi
𡇧	tōu
𡇩	tú
𡇬	gāng
𡇭	lóu
𡇮	quán
𡇯	hùn
𡇰	zhuǎn
𡇱	què
𡇳	hóng
𡇵	dàng
𡇶	hé
𡇷	tài
𡇸	guāi
𡇺	yù
𡇼	yà
𡇿	wān
𡈀	qūn
𡈅	jué
𡈆	ōu
𡈉	quān
𡈊	zhí
𡈍	líng
𡈎	rì
𡈎	wū
𡈏	xìn
𡈐	dá
𡈒	yuān
𡈓	yuàn
𡈗	mò
𡈙	yóu
𡈛	yuān
𡈞	wǔ
𡈠	zhāng
𡈣	xuān
𡈦	rǎo
𡈧	gǔn
𡈨	yù
𡈮	xiá
𡈯	biǎn
𡈰	yóu
𡈲	yīn
𡈴	rǔ
𡈴	xuán
𡈵	yóu
𡈶	léi
𡈼	tíng
𡈼	tǐng
𡈼	zhēng
𡈼	zhǐ
𡈿	zhēn
𡉄	kū
𡉄	zài
𡉅	gā
𡉆	lá
𡉉	què
𡉎	jú
𡉐	chūn
𡉑	dā
𡉒	tún
𡉓	āi
𡉗	zǐ
𡉚	fēng
𡉚	huáng
𡉛	yì
𡉩	bào
𡉪	chí
𡉭	rì
𡉴	hù
𡉴	lú
𡉷	jié
𡉸	shì
𡉺	zuān
𡊁	yì
𡊄	fèn
𡊅	biàn
𡊅	fèn
𡊉	mò
𡊍	shù
𡊑	xǐ
𡊛	áo
𡊝	pǐ
𡊞	pìng
𡊞	píng
𡊟	pō
𡊠	jiá
𡊡	zhóu
𡊣	qiū
𡊧	yǒu
𡊨	tán
𡊫	rǒng
𡊭	mì
𡊶	yì
𡊸	rǒng
𡊻	liè
𡊼	qióng
𡋙	huí
𡋚	jì
𡋟	gào
𡋤	jìn
𡋧	yóu
𡋨	chā
𡋩	dé
𡋪	yīn
𡋬	yù
𡋭	bèi
𡋯	bó
𡌔	qiāo
𡌚	chǎ
𡌜	xīn
𡌞	chí
𡌣	zào
𡌤	kuí
𡌦	fèi
𡌩	dá
𡌩	tā
𡌪	guài
𡌭	duō
𡌲	guī
𡌴	zhí
𡍌	chǎn
𡍍	nǎo
𡍐	hú
𡍒	táo
𡍡	yì
𡍤	niè
𡍥	zhài
𡍦	huán
𡍨	dù
𡍪	qì
𡍫	cè
𡍮	chuí
𡍲	dā
𡍶	zhì
𡍷	gèng
𡍻	wèng
𡎉	dù
𡎍	chí
𡎑	àn
𡎒	kuò
𡎔	wò
𡎘	yīng
𡎚	piǎn
𡎫	qì
𡎫	zhá
𡎬	zhuǎ
𡎮	sù
𡎳	nì
𡎺	zhú
𡎻	chán
𡎾	bèng
𡎿	ní
𡏀	zhí
𡏁	huì
𡏘	xià
𡏚	zhì
𡏛	xī
𡏞	jiǎng
𡏩	duī
𡏪	fū
𡏭	jiāo
𡏮	cháo
𡏯	bài
𡏵	liè
𡏼	áo
𡐋	zāo
𡐌	chù
𡐏	tuǒ
𡐒	hào
𡐒	háo
𡐓	kāng
𡐔	yín
𡐖	xiàn
𡐝	fù
𡐝	fú
𡐞	biē
𡐠	kuī
𡐤	qiè
𡐥	sà
𡐿	da
𡐿	dā
𡑀	shù
𡑀	yě
𡑄	zhǎng
𡑆	liáng
𡑈	duǐ
𡑍	láo
𡑎	xūn
𡑘	zhì
𡑚	kū
𡑞	suì
𡑟	wō
𡑣	kū
𡑯	jiǎn
𡑶	jiǎng
𡑻	zhuì
𡑽	shuǎng
𡑾	yú
𡒁	sà
𡒃	yù
𡒃	ào
𡒄	lǎn
𡒊	yù
𡒌	qiǎn
𡒍	jù
𡒏	liè
𡒒	shú
𡒓	xiàn
𡒖	gài
𡒢	tái
𡒧	tiǎn
𡒯	mèng
𡒱	dí
𡒳	mián
𡒾	huī
𡒾	kuì
𡓉	duò
𡓍	liè
𡓒	lài
𡓓	yín
𡓓	yīn
𡓔	lǎn
𡓖	jiāo
𡓘	huò
𡓣	guō
𡓦	zhàn
𡓭	mǐ
𡓰	kuī
𡓷	duò
𡓿	yín
𡔇	lèi
𡔕	gòng
𡔛	tǐng
𡔜	yáo
𡔞	wǎng
𡔣	jié
𡔣	qiè
𡔨	xiū
𡔪	shù
𡔱	wèi
𡔴	yù
𡕁	zhān
𡕉	āng
𡕏	sǎng
𡕐	chóu
𡕒	kuà
𡕖	féng
𡕖	jǔ
𡕗	hài
𡕢	miǎn
𡕢	mǎn
𡕧	hàng
𡕪	chóu
𡕮	líng
𡕰	zōng
𡖉	kūn
𡖌	zhōng
𡖎	zhāo
𡖐	diě
𡖑	gǒu
𡖒	yún
𡖓	dān
𡖔	nuó
𡖔	nuǒ
𡖛	bǐng
𡖝	rán
𡖞	chān
𡖢	rǒng
𡖣	yīn
𡖤	chān
𡖧	zhì
𡖪	guài
𡖫	nuó
𡖬	shēn
𡖯	sù
𡖲	wǒ
𡖳	chǐ
𡖺	miè
𡖻	zhí
𡖾	qī
𡗁	gōu
𡗆	lǒu
𡗈	zī
𡗍	dǎng
𡗏	xiǎn
𡗑	rǒu
𡗗	pěng
𡗞	xī
𡗢	běn
𡗢	kuā
𡗤	guì
𡗥	chún
𡗦	jiè
𡗲	bēn
𡗲	jiè
𡗳	xī
𡗵	kū
𡗷	gū
𡗸	kuā
𡗸	zhà
𡗹	fàn
𡗼	xiè
𡘍	huán
𡘍	qié
𡘏	niǎo
𡘐	xì
𡘛	cū
𡘝	gǔn
𡘡	xī
𡘧	qiá
𡘪	māng
𡘭	zhé
𡘰	juàn
𡘴	biē
𡙀	biē
𡙅	quán
𡙋	xì
𡙎	jiǎo
𡙎	miǎo
𡙐	quán
𡙑	zhǐ
𡙒	tiān
𡙓	kāi
𡙘	sǎn
𡙘	yì
𡙛	zī
𡙣	jié
𡙪	bié
𡙬	dòu
𡙭	zuī
𡙶	yǎn
𡚁	bì
𡚅	kuǎi
𡚇	yàn
𡚈	wéi
𡚊	huān
𡚌	hào
𡚑	gōng
𡚔	méng
𡚗	lěi
𡚙	dì
𡚛	bǐng
𡚜	huān
𡚜	kàn
𡚟	wā
𡚠	jué
𡚨	chì
𡚭	bā
𡚮	jiǔ
𡚷	dì
𡚹	zhàng
𡚻	dà
𡚼	shí
𡚽	hào
𡛌	yè
𡛗	bì
𡛘	pǐ
𡛙	yāo
𡛙	yǎo
𡛜	dī
𡛝	càn
𡛞	pín
𡛟	yuè
𡛠	qiē
𡛡	pī
𡛵	tuǒ
𡛶	xiè
𡛽	yè
𡜀	fàn
𡜁	guā
𡜂	hù
𡜃	rǔ
𡜉	ràn
𡜉	rǎn
𡜊	fǒu
𡜋	huāng
𡜚	rú
𡜢	mǎo
𡜥	duī
𡜦	huì
𡜧	xì
𡜨	xiū
𡜫	rǎn
𡜬	yī
𡜯	zhé
𡜱	jì
𡜲	gào
𡜳	yòu
𡜵	pū
𡝈	chù
𡝉	cū
𡝊	zhé
𡝋	niǎo
𡝍	qiè
𡝐	chá
𡝒	niǎo
𡝓	suī
𡝙	chá
𡝚	chéng
𡝛	yáo
𡝜	dù
𡝝	wāng
𡝟	niàn
𡝠	mí
𡝦	nǒu
𡝧	xì
𡝩	yāo
𡝫	chān
𡞋	cān
𡞘	xiè
𡞙	miè
𡞚	kěng
𡞜	cù
𡞞	shěng
𡞟	pàn
𡞠	hù
𡞢	kè
𡞣	xiàn
𡞥	hóu
𡞦	qióng
𡞧	zōng
𡞪	fú
𡞫	nài
𡞭	nì
𡞯	kǔ
𡞾	nèn
𡟍	gē
𡟑	hóu
𡟓	āi
𡟕	shī
𡟞	xiū
𡟟	cōng
𡟠	jiāo
𡟢	zhá
𡟣	xiāo
𡟤	liàn
𡟥	qǔ
𡟨	shǎn
𡟩	xiè
𡟫	gòng
𡟬	miè
𡟭	chái
𡟯	ēn
𡟳	dòu
𡠆	kòu
𡠊	tiáo
𡠋	shī
𡠏	sāng
𡠒	guān
𡠖	hào
𡠗	zhì
𡠘	yàng
𡠙	tōng
𡠚	bì
𡠜	mò
𡠜	mó
𡠞	fú
𡠟	zhú
𡠥	qiáng
𡠹	zhì
𡠼	sōu
𡠿	niǎo
𡡀	juàn
𡡂	yàng
𡡄	huāng
𡡈	bēng
𡡉	mó
𡡊	cháo
𡡎	lóu
𡡎	lǚ
𡡏	shāo
𡡐	bǔ
𡡑	zēng
𡡒	sī
𡡒	xī
𡡔	zuì
𡡕	yuē
𡡖	cān
𡡖	zān
𡡗	luàn
𡡗	luǎn
𡡥	qú
𡡺	miǎo
𡢀	zhuàn
𡢈	dàng
𡢊	yuān
𡢒	jǔ
𡢕	huǐ
𡢖	qì
𡢘	yíng
𡢘	yùn
𡢚	màn
𡢜	mǒ
𡢱	piāo
𡢳	jìn
𡢹	yāo
𡣀	chì
𡣁	nì
𡣂	sōu
𡣈	shù
𡣋	piāo
𡣔	hàn
𡣠	yāo
𡣢	néi
𡣪	shì
𡣬	yuān
𡣮	cài
𡣯	jié
𡣹	xiè
𡣽	yán
𡣾	xiāo
𡤋	xiè
𡤌	lì
𡤎	fàn
𡤗	zhù
𡤙	nà
𡤛	zhuǎn
𡤞	kuī
𡤢	luó
𡤫	qiā
𡤶	wān
𡤽	shǔ
𡤿	chèng
𡤿	kǒng
𡥁	yì
𡥆	hào
𡥆	hǎo
𡥈	jiào
𡥋	huì
𡥍	xiào
𡥎	cí
𡥎	zǐ
𡥞	bèi
𡥞	jì
𡥦	jìn
𡥦	nǐ
𡥧	jìn
𡥨	jìn
𡥨	nǐ
𡥩	tǐ
𡥶	jù
𡥶	rú
𡥸	mìng
𡥽	lí
𡥿	zhòng
𡦁	xù
𡦃	qióng
𡦄	fú
𡦆	bìn
𡦊	jì
𡦍	qí
𡦎	xì
𡦔	dèng
𡦕	ér
𡦛	shú
𡦜	tóng
𡦝	xiáo
𡦝	xiāo
𡦟	pí
𡦨	dǎn
𡦪	jí
𡦳	xiào
𡦷	cóng
𡦻	bīn
𡦼	rǒng
𡧍	bīn
𡧍	miàn
𡧒	miàn
𡧔	shū
𡧕	shǒu
𡧕	xiáo
𡧖	bǎo
𡧗	wà
𡧙	pào
𡧣	gǎi
𡧥	hū
𡧦	héng
𡧨	zhú
𡧩	guāi
𡧭	guì
𡧭	guǐ
𡧹	dài
𡧼	bīn
𡧽	huāng
𡧽	huǎng
𡨀	chá
𡨄	sāi
𡨄	xià
𡨅	jú
𡨇	xiǎng
𡨇	yǎo
𡨖	fěn
𡨗	zào
𡨛	fēng
𡨢	jū
𡨣	yù
𡨩	hūn
𡨲	jié
𡨳	hùn
𡨳	xiòng
𡨵	nài
𡨻	nǒu
𡨽	shěng
𡨿	yù
𡩂	huán
𡩃	gěng
𡩄	wǎn
𡩆	tuó
𡩇	qiāo
𡩘	yìn
𡩚	jiā
𡩚	zhuàn
𡩡	suǒ
𡩣	jié
𡩤	xī
𡩥	wěng
𡩩	máng
𡩶	yáng
𡩸	yáo
𡩽	máng
𡩾	ōu
𡪁	án
𡪅	lòu
𡪑	è
𡪒	zǐ
𡪗	è
𡪙	àn
𡪞	huò
𡪠	céng
𡪰	xiòng
𡪱	jì
𡪳	zuó
𡪵	qí
𡪺	zhēng
𡫀	jī
𡫁	chèn
𡫁	qī
𡫂	juǎn
𡫃	níng
𡫟	sè
𡫥	hè
𡫦	rǒng
𡫧	qǐn
𡫬	jū
𡫯	lì
𡫵	shí
𡫸	nì
𡫹	xián
𡫺	fū
𡫽	rǔ
𡫽	yù
𡬁	xiòng
𡬂	guì
𡬄	jì
𡬆	mèng
𡬆	měng
𡬇	fū
𡬉	sài
𡬊	yù
𡬋	jiào
𡬌	mèng
𡬍	lóng
𡬍	mí
𡬍	mǐ
𡬎	qiāng
𡬐	mí
𡬐	yí
𡬓	yí
𡬕	lóng
𡬖	hān
𡬗	nì
𡬘	lào
𡬙	sèng
𡬜	lǐn
𡬞	yù
𡬥	nuó
𡬫	wù
𡬯	biǎn
𡬲	biǎn
𡬳	shòu
𡬳	xuān
𡬵	jiān
𡬸	biǎn
𡭂	dé
𡭇	zhuān
𡭋	rǒng
𡭐	shuàn
𡭘	jiā
𡭛	huǐ
𡭞	zhān
𡭢	bài
𡭣	liè
𡭥	xiē
𡭭	jiǎn
𡭮	shǒu
𡭳	kào
𡭷	guān
𡭸	luàn
𡭾	nǒu
𡭿	chǎng
𡮎	liáng
𡮙	nài
𡮚	rǔ
𡮞	zhì
𡮦	cáo
𡮰	lì
𡮻	lán
𡮿	chān
𡯁	wāng
𡯄	lì
𡯇	wù
𡯈	páo
𡯉	yòu
𡯋	gān
𡯏	ān
𡯐	xiū
𡯑	shuǐ
𡯑	zhuǐ
𡯒	ruǐ
𡯘	bǎn
𡯙	yóu
𡯢	huó
𡯥	huī
𡯨	zuò
𡯩	xiāo
𡯫	mián
𡯰	gà
𡯱	yuǎn
𡯳	bò
𡯴	chào
𡯵	kuì
𡯵	tuǐ
𡯷	bò
𡯷	kòu
𡯽	gà
𡯿	tiāo
𡰀	ná
𡰅	hú
𡰆	niè
𡰋	huí
𡰌	lǒu
𡰎	tí
𡰐	qiào
𡰑	qiáo
𡰒	zhǒng
𡰖	dī
𡰚	lín
𡰝	quán
𡰞	zhuān
𡰠	luán
𡰠	léi
𡰢	xié
𡰥	rén
𡰥	yí
𡰨	dāng
𡰪	dū
𡰫	niǎn
𡰯	běi
𡰯	diǎo
𡰯	shǐ
𡰲	xián
𡰹	zhí
𡰽	ài
𡰾	cī
𡰿	pú
𡱁	shǐ
𡱅	qū
𡱆	shǔ
𡱇	diān
𡱉	xiǎo
𡱊	shuǐ
𡱌	huán
𡱐	yí
𡱑	juān
𡱔	qì
𡱔	zhǐ
𡱜	zhào
𡱣	xù
𡱯	lòng
𡱱	zhù
𡱳	suǒ
𡱷	dié
𡱺	qú
𡱼	kuà
𡱼	kè
𡱽	hū
𡱾	jū
𡲀	qǐng
𡲍	bīng
𡲕	tì
𡲗	jué
𡲚	qiú
𡲣	jiàng
𡲪	yùn
𡲭	mèi
𡲮	pī
𡲰	qú
𡲼	mì
𡲿	tì
𡳂	kài
𡳄	bǐ
𡳆	qù
𡳆	qū
𡳏	tiāo
𡳑	chù
𡳘	jú
𡳚	xī
𡳞	lìn
𡳭	chǐ
𡳮	jī
𡳴	lú
𡳸	lì
𡳾	jué
𡴅	zhū
𡴆	lù
𡴎	niè
𡴔	quán
𡴭	yà
𡴯	è
𡴱	hù
𡴱	jié
𡵀	máng
𡵉	wù
𡵌	chā
𡵑	qīn
𡵒	jié
𡵒	qǐ
𡵓	hóng
𡵕	dān
𡵖	ěn
𡵗	zè
𡵘	hù
𡵙	àng
𡵚	jiè
𡵛	fù
𡵜	yòng
𡵝	zōng
𡵞	fēng
𡵬	mù
𡵶	sè
𡵷	cóng
𡵻	kāng
𡶂	yào
𡶃	ài
𡶄	bāo
𡶆	pǒ
𡶈	shǐ
𡶉	fàn
𡶋	jú
𡶌	pí
𡶎	wèi
𡶏	kū
𡶐	qié
𡶑	gān
𡶢	kuàng
𡶣	suì
𡶤	bēng
𡶤	yòng
𡶥	jiā
𡶦	yà
𡶪	kàn
𡶫	niè
𡶭	xíng
𡶯	xì
𡶱	lìn
𡶲	duǒ
𡶴	chǎn
𡷈	shì
𡷋	duì
𡷍	jiāng
𡷎	yǔ
𡷏	lù
𡷐	ěn
𡷓	gǔ
𡷕	wěi
𡷖	chē
𡷗	huàn
𡷗	huán
𡷘	bié
𡷛	hàn
𡷜	tuí
𡷝	nà
𡷞	qǐ
𡷠	tóu
𡷡	yuān
𡷢	wáng
𡷤	wú
𡷥	gào
𡷨	kēng
𡷨	xíng
𡷪	níng
𡷪	yí
𡷸	xiāo
𡷺	guǐ
𡷻	yà
𡷼	suì
𡷽	sǒng
𡷿	zhuó
𡸂	tú
𡸂	tū
𡸃	jiǎn
𡸃	xiǎn
𡸈	zè
𡸉	lì
𡸌	zhù
𡸎	jié
𡸑	tì
𡸔	xié
𡸕	qióng
𡸗	yà
𡸘	jū
𡸛	yín
𡸜	zhí
𡸞	kǎn
𡸟	zī
𡸡	kē
𡸣	niè
𡸤	qiáng
𡸥	wǎn
𡸦	zé
𡸨	jū
𡸪	zì
𡹄	yà
𡹇	lín
𡹉	qí
𡹎	huí
𡹓	qì
𡹕	yáng
𡹖	suì
𡹘	qǐ
𡹙	guī
𡹢	qìn
𡹣	ē
𡹥	zuò
𡹨	zè
𡹩	qì
𡹪	jí
𡹬	tuó
𡹭	dié
𡹯	huì
𡹰	máo
𡹲	xǔ
𡹵	hóu
𡹶	yǎn
𡹷	xiáng
𡹸	cōng
𡹹	hú
𡹼	yǎn
𡹼	àn
𡹾	bǐng
𡺃	qiāng
𡺇	duǒ
𡺐	zhǔ
𡺑	dié
𡺒	yōu
𡺓	qǐ
𡺔	shí
𡺕	xūn
𡺖	yōu
𡺗	kān
𡺘	qiǎo
𡺛	huà
𡺛	qiāng
𡺜	pén
𡺟	quán
𡺡	yíng
𡺧	shā
𡺫	tāo
𡺭	hòng
𡺮	pǐ
𡺯	yáo
𡺴	tú
𡺵	chái
𡺷	xià
𡺸	qí
𡺺	qióng
𡺽	jìn
𡻈	zhēn
𡻌	zhū
𡻎	xī
𡻐	wēng
𡻑	zhǒng
𡻕	suì
𡻘	kē
𡻙	kuò
𡻚	kǎng
𡻝	cháo
𡻞	bì
𡻟	mò
𡻠	zhù
𡻡	hàn
𡻡	yán
𡻢	yǔ
𡻣	yí
𡻤	má
𡻧	qì
𡻨	gùn
𡻩	màn
𡻪	liáo
𡻪	liù
𡻫	lín
𡻬	zú
𡻭	lěi
𡻮	hù
𡻯	chuǎng
𡻰	qì
𡻱	léi
𡼁	chī
𡼃	pó
𡼄	dié
𡼊	lěi
𡼎	yǐ
𡼓	diàn
𡼖	dūn
𡼗	gāo
𡼘	hū
𡼚	xiāo
𡼛	gá
𡼜	pēng
𡼬	shěn
𡼱	wéi
𡼻	duì
𡼼	cháo
𡼽	yǐn
𡼾	kuài
𡼿	kū
𡽁	zuì
𡽂	gǔ
𡽅	yùn
𡽆	zhì
𡽉	jì
𡽊	chēng
𡽖	xiè
𡽗	xiǎn
𡽛	zuǐ
𡽜	án
𡽝	hāo
𡽠	pǒ
𡽢	dí
𡽣	yè
𡽧	náo
𡽱	jié
𡽲	bàng
𡽳	lǎn
𡽴	cáng
𡽶	bì
𡽻	zhǎn
𡽼	qì
𡾂	náo
𡾅	lǜ
𡾇	kuàng
𡾉	mó
𡾋	léi
𡾋	lěi
𡾌	páo
𡾒	lì
𡾓	céng
𡾕	dàng
𡾖	lěi
𡾙	è
𡾛	bèng
𡾜	huò
𡾜	jué
𡾥	xuán
𡾦	niè
𡾨	hài
𡾮	xiǎn
𡾰	jiǎn
𡾱	mí
𡾲	niè
𡾻	cáng
𡾼	sǒng
𡾽	zēng
𡾾	yì
𡿂	chóng
𡿄	cáng
𡿉	lěi
𡿊	nuó
𡿋	lì
𡿎	lí
𡿏	luó
𡿓	tǎng
𡿖	niè
𡿖	yà
𡿗	niè
𡿙	jī
𡿛	lěi
𡿝	nàng
𡿠	lín
𡿡	líng
𡿤	xián
𡿥	yù
𡿧	zāi
𡿨	quǎn
𡿩	liè
𡿯	yù
𡿰	huāng
𡿺	nǎo
𡿼	xùn
𡿾	jú
𡿿	huò
𢀁	yì
𢀊	xī
𢀋	sè
𢀌	jiǎo
𢀍	yōng
𢀕	shī
𢀖	jīng
𢀗	wàn
𢀘	yě
𢀙	jiū
𢀜	gǒng
𢀡	huī
𢀡	zuǒ
𢀪	ěr
𢀵	hàn
𢀼	fú
𢁀	fú
𢁁	zhuó
𢁂	jì
𢁂	jī
𢁏	bāng
𢁒	qí
𢁓	hài
𢁓	shǐ
𢁕	diǎo
𢁖	pèi
𢁗	gàn
𢁗	xiǎn
𢁘	sān
𢁝	cháng
𢁞	yuē
𢁠	gōng
𢁢	wū
𢁤	fēn
𢁧	chǎn
𢁩	nèi
𢁪	jué
𢁬	zhǎo
𢁮	qián
𢁱	ǎo
𢁶	wǎng
𢁷	zhōng
𢁹	huāng
𢁻	bù
𢁼	zhǔ
𢁽	bì
𢁾	chāo
𢁿	zhēng
𢂀	fú
𢂁	kōu
𢂁	qú
𢂃	zuó
𢂄	xuàn
𢂆	fù
𢂊	yǎo
𢂍	bō
𢂏	bèi
𢂐	xié
𢂑	shì
𢂒	yí
𢂔	hóng
𢂕	cuì
𢂗	yì
𢂘	zhuān
𢂝	chì
𢂤	lù
𢂤	pō
𢂨	yín
𢂱	yuàn
𢂶	jiōng
𢂹	mào
𢂺	qiàn
𢂼	yì
𢃀	wú
𢃍	bēi
𢃎	huò
𢃏	cóng
𢃐	kōng
𢃕	tà
𢃗	hàn
𢃘	qiàn
𢃜	zhí
𢃢	sè
𢃥	qiān
𢃦	guǒ
𢃩	gǔn
𢃩	juǎn
𢃬	jiān
𢃭	zhōng
𢃮	miǎn
𢃯	guǐ
𢃰	shì
𢃱	móu
𢃲	è
𢃳	bǎ
𢃴	là
𢃸	zhòu
𢃺	jí
𢄀	zǎo
𢄄	zhā
𢄅	yì
𢄇	gǒu
𢄊	guī
𢄋	yīng
𢄌	shǎi
𢄍	gé
𢄍	hé
𢄎	bàng
𢄏	mò
𢄐	méng
𢄓	wù
𢄔	dài
𢄗	jiǒng
𢄜	hàn
𢄟	tōng
𢄠	kōu
𢄡	lí
𢄢	zhì
𢄣	huì
𢄤	zǎn
𢄦	diǎo
𢄧	cù
𢄱	zhì
𢄳	kuǎ
𢄵	xiàng
𢄶	huà
𢄷	liáo
𢄸	cuì
𢄹	qiāo
𢄺	jiǎo
𢄼	xū
𢄽	èr
𢄿	tuō
𢅀	tán
𢅁	zhì
𢅈	nǎo
𢅉	mào
𢅊	dì
𢅋	céng
𢅎	jiǎo
𢅏	lián
𢅑	shā
𢅒	dàn
𢅕	suì
𢅖	lián
𢅗	guò
𢅚	biāo
𢅚	biǎo
𢅜	cì
𢅝	diàn
𢅞	lǜ
𢅟	nǐ
𢅠	yǎn
𢅡	lán
𢅤	gài
𢅥	chú
𢅩	bì
𢅪	zú
𢅫	huì
𢅭	lǎi
𢅮	xián
𢅯	fèn
𢅰	hè
𢅹	yào
𢅺	zhǎn
𢅼	néi
𢅾	luǒ
𢆀	yuán
𢆂	néng
𢆉	rěn
𢆜	gé
𢆞	jiǎn
𢆟	píng
𢆣	biè
𢆦	jiàn
𢆩	bìng
𢆯	mì
𢆯	xuán
𢆰	hù
𢆴	diǎo
𢆶	yōu
𢆶	zī
𢆷	miào
𢆷	yāo
𢆸	bēng
𢆺	chén
𢆻	duì
𢆻	jī
𢆽	yāo
𢇇	guān
𢇈	yàn
𢇕	chǐ
𢇗	shà
𢇘	yǎn
𢇙	yì
𢇚	yì
𢇛	chè
𢇛	chǐ
𢇞	hàn
𢇟	huāng
𢇤	shuì
𢇥	suì
𢇦	rén
𢇧	tán
𢇨	zhǐ
𢇪	fàn
𢇫	fěng
𢇰	tán
𢇲	mí
𢇳	pí
𢇴	bù
𢇵	nà
𢇶	tián
𢇷	bá
𢇸	yì
𢈂	yǎn
𢈄	tiāo
𢈆	yáo
𢈇	shěn
𢈈	kē
𢈈	wā
𢈉	tóng
𢈋	xuǎn
𢈓	yòu
𢈕	bài
𢈙	xiá
𢈚	lǚ
𢈛	kùn
𢈜	zāng
𢈝	qiú
𢈠	cù
𢈠	là
𢈡	zuī
𢈢	lǒu
𢈤	xiá
𢈯	shēn
𢈲	pú
𢈴	jīng
𢈵	qiāng
𢈶	sī
𢈶	yì
𢈸	niè
𢈹	duī
𢈹	tuí
𢈻	jié
𢈼	suì
𢈽	zhàn
𢈾	cōu
𢉁	bēng
𢉂	guān
𢉃	shě
𢉅	jìn
𢉆	dì
𢉑	dān
𢉓	nǎi
𢉕	nóu
𢉗	jí
𢉘	yán
𢉚	nòu
𢉜	dù
𢉜	tú
𢉝	wèi
𢉞	piān
𢉢	hú
𢉤	jià
𢉥	yè
𢉦	jǔn
𢉧	lián
𢉧	lán
𢉨	là
𢉩	yīn
𢉭	tuí
𢉵	nǎo
𢉺	zǔ
𢉿	mà
𢊀	mà
𢊀	sī
𢊁	zhì
𢊄	huī
𢊅	zhuì
𢊇	huì
𢊍	chú
𢊏	chè
𢊒	xiū
𢊓	lán
𢊕	cōng
𢊖	shèn
𢊗	mò
𢊘	yī
𢊙	yáo
𢊚	xǐ
𢊛	zuǐ
𢊜	bìng
𢊧	yú
𢊩	lù
𢊮	tuí
𢊯	wěi
𢊱	fén
𢊲	shěn
𢊻	liáo
𢋂	shǔ
𢋃	dǎn
𢋄	juǎn
𢋅	yú
𢋆	xìn
𢋇	yáo
𢋈	sū
𢋒	huó
𢋔	qiān
𢋚	má
𢋝	kǎi
𢋡	lǔ
𢋣	yōu
𢋮	xiàn
𢋹	wú
𢋻	yǐn
𢋼	xī
𢋿	zhāi
𢌀	xiè
𢌄	qú
𢌈	lí
𢌍	qiān
𢌔	líng
𢌕	luán
𢌚	chān
𢌦	zhèng
𢌨	yán
𢌲	yìn
𢌳	kuí
𢌷	qū
𢌹	fú
𢌻	yù
𢍁	bì
𢍁	qí
𢍆	qiè
𢍆	qì
𢍇	jì
𢍈	yuān
𢍈	zàng
𢍎	gào
𢍏	juàn
𢍑	qí
𢍓	gǎi
𢍕	quàn
𢍚	wèi
𢍧	zhì
𢍫	jiǎn
𢍭	sì
𢍰	yì
𢍰	zé
𢍱	qiān
𢍼	lì
𢍿	zāng
𢎀	yì
𢎂	cái
𢎃	yì
𢎄	gē
𢎆	dié
𢎈	zhī
𢎉	yì
𢎋	zāi
𢎌	dài
𢎎	sù
𢎔	jié
𢎕	chèn
𢎖	qú
𢎘	hàn
𢎙	xián
𢎠	juàn
𢎠	quán
𢎡	jié
𢎥	juàn
𢎪	dàn
𢎭	jīn
𢎴	bīng
𢎵	hú
𢎹	jué
𢎻	yú
𢏃	lǐ
𢏄	qiáng
𢏅	shuǐ
𢏆	kū
𢏈	zhěn
𢏍	fú
𢏎	shēn
𢏒	chuí
𢏕	tóng
𢏗	yì
𢏙	yáng
𢏜	tuó
𢏝	zhōu
𢏞	jí
𢏤	xùn
𢏦	shěn
𢏧	xuān
𢏭	liú
𢏮	yuān
𢏯	hú
𢏯	shǐ
𢏰	zhèng
𢏳	bēng
𢏳	pēng
𢏷	jué
𢐂	zhì
𢐃	piān
𢐄	yuàn
𢐆	jiān
𢐊	páng
𢐎	zhuàn
𢐐	xián
𢐒	bēng
𢐔	cōng
𢐖	mò
𢐚	guó
𢐞	chéng
𢐟	qiāo
𢐦	bì
𢐩	qiǎng
𢐫	zhōu
𢐲	fán
𢐳	biē
𢐾	bó
𢐿	rǎng
𢐿	rǒng
𢑅	dǐng
𢑆	quán
𢑇	jiù
𢑈	yáo
𢑓	xiá
𢑖	zǎo
𢑝	dān
𢑟	wǔ
𢑠	tuó
𢑢	hū
𢑧	xī
𢑬	lái
𢑮	fēi
𢑹	hú
𢒆	xiān
𢒉	shǎn
𢒍	fèi
𢒐	cuò
𢒒	fú
𢒔	chù
𢒝	diū
𢒞	làn
𢒩	xǐ
𢒯	biāo
𢒰	yù
𢒱	suì
𢒲	xǐ
𢒷	póu
𢒹	shǎn
𢒾	jiào
𢓀	yì
𢓃	wán
𢓄	jǐ
𢓆	wán
𢓇	nà
𢓇	tuì
𢓋	àng
𢓍	tiān
𢓎	chí
𢓒	rán
𢓔	sà
𢓕	yín
𢓖	pī
𢓗	cǐ
𢓘	tóng
𢓘	tāo
𢓙	yǐn
𢓜	gé
𢓝	tiāo
𢓞	zhēng
𢓟	zhòu
𢓡	tí
𢓡	yí
𢓢	kuà
𢓣	sōng
𢓧	dì
𢓬	xié
𢓮	xiāo
𢓯	guàng
𢓯	wǎng
𢓰	tuǒ
𢓱	fèng
𢓱	fēng
𢓲	hú
𢓲	wú
𢓵	xiù
𢓿	yóu
𢔁	líng
𢔂	yàn
𢔅	dōng
𢔆	qì
𢔇	táo
𢔈	hán
𢔊	chí
𢔋	sōng
𢔑	quǎn
𢔔	hàn
𢔔	jí
𢔟	niǔ
𢔟	rǒu
𢔠	qì
𢔡	kāi
𢔢	yú
𢔣	chā
𢔣	shà
𢔤	chèng
𢔥	yù
𢔧	bìng
𢔩	cōng
𢔩	sǒng
𢔪	zhū
𢔬	yù
𢔱	jué
𢔱	què
𢔲	liù
𢔳	sāo
𢔴	yù
𢕅	shuài
𢕋	yuàn
𢕎	zhāng
𢕑	shuài
𢕓	chǔ
𢕔	zhàng
𢕔	zhāng
𢕕	sàn
𢕕	sǎn
𢕖	xiān
𢕘	cuī
𢕙	měng
𢕚	dí
𢕞	zhì
𢕟	ào
𢕦	xiū
𢕨	pián
𢕪	jiào
𢕫	kuǎn
𢕬	sà
𢕭	xiàn
𢕮	zhà
𢕯	diàn
𢕷	yí
𢕺	huì
𢕻	shàn
𢖄	chóng
𢖅	yí
𢖆	xiè
𢖇	zhì
𢖈	tiào
𢖊	pīng
𢖋	xián
𢖎	xiān
𢖏	sù
𢖑	cuán
𢖗	sǒng
𢖛	hēi
𢖝	xiàn
𢖟	yóu
𢖡	yù
𢖤	tái
𢖦	jué
𢖧	nàng
𢖩	diān
𢖫	yì
𢖬	bì
𢖳	xū
𢖴	yì
𢖵	rù
𢖷	gōng
𢖺	yì
𢖿	zhì
𢗀	xīn
𢗂	jì
𢗄	xià
𢗈	zhāo
𢗉	nè
𢗊	jiá
𢗊	xiè
𢗎	yì
𢗓	yǔ
𢗫	fǔ
𢗭	shè
𢗯	yuán
𢗰	fǎn
𢗲	fū
𢗳	wù
𢗴	xī
𢗵	hǒng
𢗹	jì
𢗺	chàng
𢗿	mò
𢘀	pèi
𢘃	mú
𢘃	wǔ
𢘄	qiú
𢘅	mào
𢘅	róu
𢘇	dàn
𢘇	dá
𢘉	xiá
𢘊	shēn
𢘋	tè
𢘌	hóng
𢘍	bì
𢘍	fú
𢘙	lǒng
𢘝	nǐ
𢘟	qiáo
𢘧	ruǎn
𢘸	jiàng
𢘹	chā
𢘺	mí
𢘺	mǐ
𢘽	yì
𢘿	suō
𢙁	wù
𢙂	xuān
𢙅	xí
𢙇	yǐ
𢙐	náo
𢙑	mái
𢙒	xiāo
𢙓	wèi
𢙮	kàn
𢙱	lòng
𢙲	lǚ
𢙳	zhuǎng
𢙺	zhì
𢙼	xìng
𢙾	gěng
𢙿	jìn
𢚀	xiàn
𢚁	jì
𢚂	cuò
𢚄	láo
𢚅	fěn
𢚆	jù
𢚋	miào
𢚌	xiá
𢚑	sù
𢚨	zhì
𢚪	hù
𢚫	kòu
𢚭	suǒ
𢚮	nì
𢚺	tēng
𢚻	zhù
𢛁	chè
𢛁	dá
𢛃	qiú
𢛄	yà
𢛆	xián
𢛉	nèi
𢛍	zhǐ
𢛎	bié
𢛒	chǒng
𢛓	lán
𢛔	dōng
𢛕	qūn
𢛖	xiàng
𢛘	xiáo
𢛙	wǎn
𢛚	rù
𢛛	wàng
𢛜	nì
𢛞	bāi
𢛟	yà
𢛥	sī
𢛦	yǐn
𢛨	yù
𢛮	lí
𢛯	huò
𢜗	bàng
𢜣	xī
𢜥	jiū
𢜨	dié
𢜨	xiè
𢜩	qiān
𢜪	nuò
𢜪	ruò
𢜫	xǐng
𢜬	duó
𢜭	jǐ
𢜮	wǔ
𢜯	móu
𢜯	mú
𢜯	mǔ
𢜰	yàn
𢜰	yǎn
𢜱	qì
𢜲	ná
𢜳	chì
𢜴	hóu
𢜶	sào
𢜸	náo
𢜻	chěng
𢜼	chěng
𢜽	kuí
𢜽	kuǐ
𢜿	jià
𢝀	tú
𢝁	hōng
𢝂	dú
𢝅	xiá
𢝆	zhòng
𢝇	huò
𢝈	chóng
𢝉	dá
𢝌	mào
𢝍	yào
𢝓	juān
𢝬	shì
𢝯	yín
𢝳	gǔ
𢝴	wù
𢝸	guò
𢝹	tì
𢝻	hū
𢞇	rě
𢞉	yí
𢞋	tǔn
𢞏	qióng
𢞐	hài
𢞒	qì
𢞕	huò
𢞖	tì
𢞗	bī
𢞗	pī
𢞚	gěng
𢞜	xiè
𢞞	mì
𢞞	mí
𢞟	gào
𢞠	tā
𢞡	xiǎng
𢞣	shū
𢞦	fú
𢞬	zhuān
𢞭	liù
𢟅	yóu
𢟊	chěng
𢟋	duī
𢟢	lí
𢟣	yàng
𢟤	lí
𢟧	lǔ
𢟨	mǔ
𢟩	suì
𢟪	xì
𢟪	ài
𢟭	kòu
𢟯	shì
𢟯	zhé
𢟰	ài
𢟱	téng
𢟳	lǜ
𢟴	tuí
𢟵	bī
𢟼	méng
𢟾	huì
𢟿	huán
𢠛	kuò
𢠝	xīn
𢠡	sào
𢠫	shù
𢠬	què
𢠭	bā
𢠮	tuì
𢠲	fù
𢠳	biē
𢠵	tǎng
𢠷	xiàng
𢠹	sī
𢠹	xī
𢠺	bó
𢠼	mái
𢠽	dàng
𢠿	guì
𢡀	hēi
𢡁	xī
𢡂	dàng
𢡃	yì
𢡅	bī
𢡇	gū
𢡈	cuì
𢡉	sè
𢡍	gé
𢡎	yù
𢡏	nǎ
𢡑	lì
𢡒	zhì
𢡰	zhào
𢡴	jī
𢡵	ruǎn
𢡹	chòng
𢢂	jié
𢢌	chàng
𢢍	zhé
𢢒	sù
𢢒	sū
𢢓	yōng
𢢖	qì
𢢗	zhuó
𢢚	kài
𢢜	yè
𢢞	jì
𢢞	kuài
𢢞	qì
𢢹	xiòng
𢣉	yī
𢣊	chǒu
𢣎	tuǎn
𢣏	ài
𢣐	pīn
𢣓	liè
𢣔	mián
𢣕	chī
𢣕	ài
𢣗	mǒ
𢣘	wèi
𢣙	yìng
𢣚	nǐ
𢣞	bó
𢣠	liù
𢣳	ruì
𢣵	chú
𢣻	lǘ
𢣼	chá
𢣿	chù
𢤁	sào
𢤂	lí
𢤄	sōng
𢤆	là
𢤆	lì
𢤋	xì
𢤍	yān
𢤎	cuō
𢤎	zuǒ
𢤐	liú
𢤘	méng
𢤚	zhàn
𢤤	zhuàng
𢤧	miǎo
𢤩	lì
𢤫	jǔ
𢤯	xiè
𢤰	xiè
𢤱	lǒng
𢤲	lóng
𢥂	téng
𢥃	zhù
𢥋	chán
𢥌	xiǎn
𢥏	yíng
𢥐	pèi
𢥘	xié
𢥚	jiào
𢥞	chōng
𢥳	hē
𢥽	tǔn
𢦅	hǒng
𢦅	zhuàng
𢦈	mán
𢦊	jīn
𢦌	qú
𢦍	dǒu
𢦎	qiú
𢦏	zāi
𢦑	shēng
𢦒	zāi
𢦕	yǐ
𢦕	zhí
𢦚	huà
𢦟	kān
𢦰	yuè
𢦱	nì
𢦲	sī
𢦴	wǒ
𢦸	cán
𢦺	jiān
𢦼	miè
𢦽	qī
𢦽	sháo
𢦿	rǒng
𢧀	gān
𢧅	qiáng
𢧇	shú
𢧈	zhuó
𢧏	shī
𢧐	zhàn
𢧑	tì
𢧖	zhá
𢧗	zhān
𢧝	fèn
𢧞	miè
𢧠	zè
𢧤	zhì
𢧥	qiān
𢧦	hàn
𢧧	gé
𢧮	cán
𢧰	guó
𢧱	jiāo
𢧳	yōng
𢧴	áo
𢧻	zhá
𢧽	xì
𢨁	xū
𢨂	wǔ
𢨏	jué
𢨐	jí
𢨐	jī
𢨒	chì
𢨔	wǎn
𢨖	miè
𢨗	zéi
𢨜	jié
𢨝	shí
𢨟	xì
𢨟	xī
𢨡	è
𢨥	hù
𢨦	hù
𢨨	lì
𢨫	chù
𢨮	yī
𢨯	mǎo
𢨰	xū
𢨱	zhōng
𢨳	yì
𢨺	liáo
𢨿	jiān
𢩀	jiǎn
𢩁	jú
𢩄	zhù
𢩈	wǔ
𢩏	kè
𢩐	kě
𢩑	lì
𢩒	bǐ
𢩓	gé
𢩕	xū
𢩖	shā
𢩗	líng
𢩘	kē
𢩞	bó
𢩟	biān
𢩠	shuān
𢩡	qí
𢩢	shàn
𢩦	jī
𢩨	qiǎo
𢩨	xiǔ
𢩮	yì
𢩯	jué
𢩰	zhǎng
𢩲	xìn
𢩷	tuō
𢩸	hài
𢩹	xià
𢩻	tuó
𢩼	yí
𢪃	cù
𢪇	jiāng
𢪈	nán
𢪋	bàng
𢪋	féng
𢪋	pěng
𢪍	jié
𢪍	jiā
𢪎	xuē
𢪏	gǔ
𢪏	hú
𢪓	yú
𢪥	yǒu
𢪦	nǔ
𢪧	yè
𢪪	yìn
𢪬	kǒng
𢪶	xiāo
𢪷	xiāng
𢪼	náo
𢪾	zhàng
𢫐	jié
𢫓	nǔ
𢫔	quán
𢫔	shàn
𢫘	lú
𢫢	jiá
𢫧	zhǒu
𢫨	rēng
𢫨	rǒng
𢫫	lù
𢫬	cuō
𢫬	sà
𢫭	nù
𢫯	bó
𢫰	zhé
𢫲	qǐn
𢫴	cī
𢫵	zú
𢫷	wǒ
𢫸	wū
𢫸	wǔ
𢫻	nié
𢫿	xiān
𢬀	hóng
𢬍	yè
𢬫	tìng
𢬬	jǐn
𢬱	jié
𢬲	hè
𢬳	tū
𢬴	dié
𢬴	niè
𢬴	zhé
𢬵	biàn
𢬵	fān
𢬵	pān
𢬵	pīn
𢬶	jìn
𢬷	nàn
𢬼	dùn
𢬾	xī
𢬿	xiè
𢭁	xì
𢭂	láo
𢭃	duǎn
𢭃	dòu
𢭄	jì
𢭅	chā
𢭆	chōu
𢭈	gāng
𢭎	xiáng
𢭏	dǎo
𢭥	biàn
𢭦	xiāo
𢭧	xīn
𢮁	yǔ
𢮂	xián
𢮃	lí
𢮄	qiǎn
𢮇	měi
𢮉	qiāo
𢮊	yà
𢮌	jié
𢮌	qiā
𢮍	qiòng
𢮏	bàng
𢮐	zhēng
𢮚	zè
𢮛	shuàn
𢮛	tuán
𢮞	sào
𢯅	jué
𢯅	lù
𢯉	xié
𢯋	fǔ
𢯌	zhài
𢯩	zè
𢯫	duàn
𢯫	wǎn
𢯭	dèng
𢯮	yù
𢯰	lǜ
𢯲	wàn
𢯳	xué
𢯴	jiǎo
𢯵	yuě
𢯶	zhì
𢯷	huī
𢯷	wěi
𢯹	gé
𢯺	jǔ
𢯼	yǎn
𢯽	cuò
𢯾	mào
𢰆	fú
𢰇	āi
𢰊	xuān
𢰌	gāng
𢰍	ān
𢰒	jí
𢰘	pí
𢰙	zhǐ
𢰜	nuó
𢰿	pàn
𢱁	yí
𢱄	jié
𢱆	zī
𢱈	jià
𢱉	wǎi
𢱌	jià
𢱟	chī
𢱟	chǎn
𢱡	suǒ
𢱢	suǒ
𢱢	sè
𢱣	jí
𢱤	sǒng
𢱦	tī
𢱧	pī
𢱨	pó
𢱮	mì
𢱴	yè
𢱶	qìn
𢱷	jìn
𢱺	juē
𢱽	yuān
𢱾	ruán
𢲔	bàn
𢲔	bān
𢲔	pān
𢲰	bīn
𢲴	wèi
𢲵	zào
𢲶	qiè
𢲷	sōu
𢲸	lǔ
𢲼	dié
𢲽	chuāi
𢲾	bì
𢲿	zhú
𢳀	mó
𢳀	mā
𢳁	fèi
𢳂	piē
𢳃	yìn
𢳄	xuàn
𢳄	xuán
𢳆	ào
𢳆	áo
𢳇	zhuó
𢳇	zú
𢳈	zú
𢳋	bǐ
𢳑	làng
𢳓	tì
𢳙	tiǎo
𢳚	jiān
𢳟	tǒng
𢳽	duō
𢳾	dòng
𢴂	biǎn
𢴠	zhì
𢴢	fén
𢴦	káng
𢴧	zhì
𢴨	chì
𢴨	zhì
𢴨	zhāi
𢴩	bì
𢴪	kuǎn
𢴬	bàn
𢴭	juē
𢴮	qū
𢴰	qī
𢴱	léi
𢴲	jié
𢴲	xié
𢴳	tāng
𢴼	sōu
𢴾	bèi
𢵇	yàng
𢵈	jiǎn
𢵈	zhǎn
𢵥	zào
𢵮	lū
𢶀	chuái
𢶀	zhuài
𢶃	fán
𢶅	shé
𢶇	qióng
𢶉	pò
𢶋	tiě
𢶌	shā
𢶍	sà
𢶍	zá
𢶑	niǎo
𢶒	guài
𢶓	cuǐ
𢶡	jiǎo
𢶡	qiào
𢶣	dié
𢶳	pīn
𢶴	cí
𢶶	bàng
𢷍	yìn
𢷑	xiǎn
𢷔	yǐ
𢷕	miǎo
𢷖	duǎn
𢷗	zhòu
𢷙	kōng
𢷢	zhāng
𢷶	liú
𢷸	zhǐ
𢷹	chǎn
𢷺	dú
𢷻	yuán
𢷾	cè
𢷾	suò
𢷿	jié
𢸀	lì
𢸁	gǒng
𢸌	bāng
𢸗	guó
𢸘	liáo
𢸙	shěn
𢸣	niǎo
𢸥	cuàn
𢸦	wěi
𢸨	tuō
𢸫	sū
𢸭	lóng
𢸳	xiāo
𢸴	yán
𢸴	yǎn
𢹃	qǐng
𢹍	xī
𢹏	yú
𢹑	zhèng
𢹑	zhēng
𢹒	xiè
𢹓	chāi
𢹔	fèn
𢹖	guó
𢹘	jǐng
𢹙	làn
𢹚	xiān
𢹝	líng
𢹮	lěi
𢹲	jùn
𢹳	xiào
𢹼	zá
𢺄	guān
𢺅	qiè
𢺆	luò
𢺇	yào
𢺈	luán
𢺉	tà
𢺑	luò
𢺞	bǎ
𢺟	chàn
𢺡	zhuó
𢺫	tiǎo
𢺯	wān
𢺰	lìng
𢺰	líng
𢺴	yù
𢺵	qì
𢺵	qǐ
𢺷	qí
𢺼	jì
𢺽	bó
𢺽	jiào
𢺿	shī
𢻀	fǔ
𢻂	guī
𢻅	diǎn
𢻇	hāo
𢻉	gǎi
𢻋	qí
𢻓	chéng
𢻔	huì
𢻗	guī
𢻗	xiá
𢻘	shí
𢻙	zhì
𢻚	qí
𢻜	hài
𢻟	jiǎo
𢻠	lì
𢻢	liǎo
𢻤	qiáo
𢻤	qiāo
𢻨	sà
𢻪	qī
𢻫	shī
𢻮	fú
𢻮	jié
𢻵	bèi
𢻵	lù
𢻶	biān
𢻷	bā
𢻸	jūn
𢻹	pī
𢻼	dǎn
𢻿	táng
𢼀	kuǐ
𢼁	kū
𢼃	kǒu
𢼉	shī
𢼊	shī
𢼊	tuó
𢼋	jī
𢼌	bào
𢼐	kě
𢼑	kuāng
𢼖	mǐn
𢼙	liáo
𢼚	è
𢼛	guó
𢼛	gé
𢼛	è
𢼟	wǎng
𢼠	duó
𢼣	qià
𢼤	huá
𢼦	hǒng
𢼩	pēng
𢼫	jiào
𢼰	qū
𢼱	zì
𢼲	zhòu
𢼳	kuāng
𢼵	shā
𢼷	jì
𢼸	wéi
𢼸	wēi
𢼹	bǔ
𢼹	pū
𢼺	xué
𢼼	shāo
𢽂	láng
𢽃	zhǐ
𢽄	tǐng
𢽇	dà
𢽕	yáng
𢽖	jìn
𢽗	zhǐ
𢽚	dū
𢽚	zhuó
𢽜	zá
𢽝	chán
𢽢	mào
𢽦	kōng
𢽧	zhōu
𢽨	hū
𢽩	pēng
𢽭	jiù
𢽸	chuò
𢽹	mǐn
𢽾	xiào
𢾀	dǔ
𢾁	wéi
𢾃	cán
𢾄	yú
𢾅	dù
𢾆	kāi
𢾇	pì
𢾊	chéng
𢾎	chǔn
𢾐	shǎo
𢾑	yǎn
𢾒	kuài
𢾔	yuē
𢾦	qí
𢾧	zhēng
𢾩	kè
𢾪	qí
𢾫	zhǐ
𢾬	lù
𢾱	pī
𢾲	nuò
𢾳	pǎo
𢾺	fěi
𢾿	wén
𢿂	méng
𢿈	shǎn
𢿌	xiòng
𢿌	xuàn
𢿎	duò
𢿏	biào
𢿏	pāo
𢿚	yōu
𢿜	màn
𢿞	liǎo
𢿡	xié
𢿢	luàn
𢿣	qiāo
𢿤	dèng
𢿦	chéng
𢿧	chéng
𢿭	chuò
𢿸	cè
𣀀	léi
𣀁	zhǎn
𣀂	lǐ
𣀃	lián
𣀄	qún
𣀍	chén
𣀏	chéng
𣀐	gū
𣀒	zòng
𣀓	chóu
𣀓	dǎo
𣀔	chuàn
𣀔	chuò
𣀜	lèi
𣀝	shuò
𣀞	lǜ
𣀣	fú
𣀥	lì
𣀧	sàn
𣀫	sān
𣀯	sà
𣀳	niè
𣀶	zuān
𣀷	lí
𣀷	lǐ
𣀻	shǔ
𣀻	zhǔ
𣀾	fú
𣁉	bì
𣁍	dào
𣁒	shī
𣁖	gàn
𣁗	tàn
𣁜	màn
𣁟	lí
𣁢	bì
𣁦	pán
𣁨	yōu
𣁭	jiū
𣁯	guō
𣁰	liáo
𣁳	wò
𣁴	qià
𣁵	dǒu
𣁷	liè
𣁹	jiǎo
𣁻	liè
𣁻	luō
𣂁	qiāo
𣂁	tiāo
𣂄	guō
𣂆	pāng
𣂇	qiāo
𣂉	dí
𣂊	yùn
𣂒	lè
𣂖	sī
𣂗	xīn
𣂜	xīn
𣂝	xiàng
𣂞	luǒ
𣂤	bēng
𣂥	qiāo
𣂥	tiāo
𣂬	xiào
𣂮	dōu
𣂮	tóu
𣂳	dàng
𣂴	tíng
𣂵	zhuàn
𣂻	kōu
𣂻	ōu
𣂽	wò
𣃁	zhú
𣃄	xīn
𣃅	ruǎn
𣃈	zhuó
𣃉	dàng
𣃍	chà
𣃍	cuì
𣃑	zhuó
𣃗	cóng
𣃘	chuáng
𣃘	chǎn
𣃝	yǎng
𣃧	yǎn
𣃳	yè
𣃳	yǎn
𣃵	shēn
𣃵	zhèn
𣃽	nuǒ
𣃾	yàn
𣄅	fǎng
𣄉	yǎn
𣄊	yú
𣄍	tí
𣄎	fù
𣄏	běn
𣄑	yǎn
𣄓	huī
𣄙	huǎng
𣄜	guì
𣄝	yàn
𣄟	hú
𣄠	biāo
𣄧	suì
𣄧	wéi
𣄮	zì
𣄯	jì
𣄰	ě
𣄱	jì
𣄲	kuǐ
𣄴	liàng
𣄸	huò
𣄺	wéi
𣄻	zhuō
𣄿	tǐng
𣅃	zǎi
𣅄	yòu
𣅉	rèn
𣅍	bīng
𣅍	miàn
𣅚	niǔ
𣅚	nà
𣅝	tū
𣅟	dān
𣅡	jué
𣅤	xū
𣅥	dī
𣅰	xiàng
𣅷	xiòng
𣅺	yǒu
𣅻	guǎ
𣅻	jiōng
𣅾	xī
𣆈	hè
𣆍	dǐng
𣆐	lú
𣆒	xú
𣆔	zhòu
𣆕	xiàn
𣆖	huāng
𣆗	chā
𣆘	shǐ
𣆙	gàn
𣆚	chǐ
𣆚	nuǒ
𣆛	wǎn
𣆛	àn
𣆟	jiē
𣆟	xiē
𣆧	hào
𣆲	qīn
𣆳	gěng
𣆴	shān
𣆵	fú
𣆽	zè
𣇇	dàn
𣇖	diǎn
𣇗	shēn
𣇙	zǔ
𣇢	biē
𣇦	chuí
𣇧	zhè
𣇨	dài
𣇫	wǒ
𣇬	qióng
𣇰	lín
𣇲	hūn
𣇳	jī
𣈅	cáo
𣈊	mù
𣈍	dié
𣈎	wèi
𣈠	biàn
𣈡	tǐ
𣈣	yìng
𣈥	tú
𣈶	gèng
𣉄	chí
𣉅	còu
𣉆	tǐ
𣉒	huò
𣉓	qī
𣉔	sāo
𣉕	sàng
𣉖	xuǎn
𣉗	àng
𣉘	nài
𣉚	yáng
𣉛	shū
𣉜	shā
𣉡	tǐng
𣉩	yà
𣉪	huǎng
𣉮	bīn
𣉼	ài
𣉾	òu
𣉿	cáo
𣊁	áo
𣊃	mào
𣊔	méng
𣊖	tiān
𣊝	sàng
𣊞	xù
𣊟	kàn
𣊧	lǎng
𣊧	zhào
𣊶	biē
𣊷	cóng
𣊺	xián
𣋄	tūn
𣋉	yù
𣋊	dàn
𣋋	yìng
𣋍	zhāo
𣋏	pù
𣋘	huì
𣋞	ài
𣋟	mǒ
𣋢	jīng
𣋣	lán
𣋲	liè
𣋳	bào
𣋳	piǎo
𣋵	bó
𣋶	qióng
𣋹	bì
𣋿	yōng
𣌅	lì
𣌍	niè
𣌏	dé
𣌓	huān
𣌗	yuè
𣌚	chūn
𣌜	lì
𣌞	zhāng
𣌟	líng
𣌠	chún
𣌧	cè
𣌨	xún
𣌬	jǔ
𣌭	dá
𣌭	hui
𣌾	tōng
𣍆	níng
𣍇	jù
𣍏	chà
𣍖	zāo
𣍛	yù
𣍟	kěn
𣍟	wěi
𣍦	kuàng
𣍧	fěi
𣍯	yùn
𣍰	qiǎn
𣍴	quán
𣍸	pò
𣍺	pěi
𣎄	gèng
𣎅	huān
𣎅	yì
𣎆	luò
𣎑	kuān
𣎓	xuǎn
𣎔	niàn
𣎚	hú
𣎛	jú
𣎛	xuè
𣎩	yè
𣎮	xī
𣎱	yuè
𣎲	tǎng
𣎳	pìn
𣎴	dǔn
𣎴	ài
𣎴	è
𣎵	bèi
𣎵	pō
𣎸	liǎo
𣏀	yǒng
𣏎	yā
𣏑	jiǎo
𣏔	kùn
𣏔	kǔn
𣏖	zhèn
𣏗	shù
𣏚	shí
𣏞	yóu
𣏟	pài
𣏠	xiáo
𣏡	jí
𣏢	tuán
𣏶	qī
𣏷	hé
𣏺	kǒng
𣐂	yè
𣐃	chì
𣐊	jú
𣐊	kǎo
𣐋	yuè
𣐎	wǎ
𣐏	niǎn
𣐑	cí
𣐓	yí
𣐕	jìng
𣐤	jiu
𣐫	yāng
𣐬	lí
𣐮	dāi
𣐯	chóng
𣐵	yí
𣐺	hàn
𣐿	yī
𣑁	chòng
𣑂	hù
𣑃	zhuǎ
𣑝	tuán
𣑦	qióng
𣑧	duò
𣑸	tóng
𣑹	xiān
𣑿	fú
𣒂	diàn
𣒃	xí
𣒄	xiē
𣒅	zhèn
𣒆	qiào
𣒇	tū
𣒌	guō
𣒗	què
𣒷	hàn
𣒸	kuàng
𣒹	suō
𣒻	shòu
𣒼	tiáo
𣓀	zhēn
𣓀	zhěn
𣓃	nèi
𣓅	qiǎn
𣓆	yín
𣓈	liǎng
𣓉	jié
𣓉	shà
𣓊	zì
𣓋	pí
𣓌	gāo
𣓌	jú
𣓏	jìn
𣓐	yóu
𣓒	shàn
𣓔	mì
𣓕	òu
𣓗	hū
𣓛	yòu
𣓝	měng
𣓿	lào
𣔐	zhǐ
𣔓	bǐ
𣔗	shēn
𣔘	qì
𣔙	xiān
𣔚	pán
𣔛	kǎng
𣔫	shuān
𣔬	pí
𣔮	zāi
𣔯	zhǔ
𣔱	sāo
𣔱	sōu
𣔲	jiǒng
𣔵	chán
𣔶	fàn
𣔶	fán
𣔷	xiáo
𣔸	yǐn
𣔹	hóu
𣔺	mào
𣔻	chán
𣔻	tú
𣔼	gān
𣔽	jì
𣕁	yí
𣕃	yù
𣕄	jiōng
𣕅	pào
𣕇	xiāo
𣕉	gǒu
𣕌	gōu
𣕍	sǔn
𣕎	xiǎn
𣕏	zhuǎn
𣕲	héng
𣕾	bì
𣕾	chóu
𣖄	qiāo
𣖅	tí
𣖆	yún
𣖉	shān
𣖊	liè
𣖊	lì
𣖌	zhǐ
𣖐	pāi
𣖣	jú
𣖤	lái
𣖨	zǐ
𣖪	qú
𣖫	gǔ
𣖫	què
𣖬	jué
𣖭	zhí
𣖮	àng
𣖯	qìn
𣖰	pí
𣖱	zuī
𣖳	qián
𣖵	cuó
𣖷	jí
𣖸	tí
𣖹	rú
𣖻	hǎi
𣖼	xún
𣖾	bèi
𣖿	zhí
𣗁	dùn
𣗁	zā
𣗊	mán
𣗋	dǎng
𣗐	réng
𣗲	gān
𣗵	gàng
𣗵	gāng
𣗶	tà
𣗸	tuò
𣗹	yàng
𣗺	kū
𣗻	zhì
𣘐	jí
𣘖	jiān
𣘗	nì
𣘘	shēn
𣘘	zhēn
𣘙	bàng
𣘚	shuài
𣘛	dōu
𣘝	qiān
𣘞	hán
𣘟	qiā
𣘠	gǎn
𣘣	chún
𣘤	chá
𣘤	sà
𣘥	bì
𣘦	yī
𣘧	fū
𣘨	ē
𣘨	ě
𣘪	láo
𣘫	háo
𣘬	lí
𣘱	tè
𣘲	shēn
𣘴	yín
𣘷	jiān
𣘻	chá
𣘻	tú
𣙗	niè
𣙘	còu
𣙛	yí
𣙟	táng
𣙢	juàn
𣙰	chì
𣙱	gǒu
𣙴	jié
𣙵	zhé
𣙶	hú
𣙷	máng
𣙻	zōu
𣙼	cí
𣙼	sì
𣙿	fèi
𣚀	zī
𣚁	zī
𣚃	jié
𣚄	sī
𣚆	chūn
𣚇	pào
𣚋	yé
𣚌	dī
𣚌	shì
𣚎	léi
𣚏	xū
𣚐	rú
𣚒	pá
𣚓	juàn
𣚔	xì
𣚕	yè
𣚕	yǎn
𣚖	ān
𣚘	yì
𣚙	jiàn
𣚙	jiān
𣚚	zhú
𣚜	sōng
𣚝	wǒ
𣚟	sè
𣚠	zhǐ
𣚡	bī
𣚢	zhuàn
𣚦	jiàng
𣚧	hào
𣚩	chì
𣚪	dùn
𣛓	bó
𣛔	jí
𣛕	chuǎ
𣛗	luò
𣛚	ruǐ
𣛫	hú
𣛱	dàn
𣛱	lǎn
𣛴	hǎn
𣛵	què
𣛶	shā
𣛷	zhǎn
𣛸	zé
𣛹	chuán
𣛹	chuǎi
𣛺	qī
𣛻	dié
𣛽	zhà
𣛾	tòu
𣜁	cī
𣜂	sà
𣜄	luó
𣜇	jí
𣜢	luǒ
𣜣	qín
𣜧	qióng
𣜨	juàn
𣜬	ài
𣜭	jiǎn
𣜹	tì
𣜺	wén
𣜽	qiāo
𣝁	bēi
𣝁	pái
𣝂	hún
𣝅	ài
𣝇	shuò
𣝈	lián
𣝉	duì
𣝋	tà
𣝌	jǐn
𣝍	bì
𣝎	yǎn
𣝏	gào
𣝐	piáo
𣝑	yù
𣝑	yú
𣝒	shè
𣝕	jiān
𣝗	hú
𣝚	liè
𣝜	biàn
𣝝	sù
𣝞	jiāo
𣝸	zhuì
𣝽	hān
𣞇	dùn
𣞐	xiě
𣞑	méng
𣞒	fū
𣞓	lù
𣞔	tàn
𣞗	liú
𣞘	xiān
𣞙	sǎng
𣞜	còu
𣞝	zhuāng
𣞟	chēn
𣞰	liàn
𣞴	lí
𣟀	pèng
𣟁	tuǒ
𣟄	tuò
𣟆	liáo
𣟇	xiào
𣟈	chuì
𣟉	huài
𣟊	niǎo
𣟋	qiān
𣟌	lì
𣟏	pāo
𣟐	tiáo
𣟑	liú
𣟒	wú
𣟤	yǐng
𣟦	zhá
𣟰	yú
𣟲	xiǎn
𣟳	xuán
𣟴	shuān
𣟵	xī
𣟸	méi
𣟹	sēn
𣟺	liàn
𣟼	jiū
𣟼	qiāo
𣟽	lào
𣠎	xiāo
𣠏	zōu
𣠚	liú
𣠜	zhào
𣠞	shè
𣠞	zhé
𣠠	lěi
𣠭	duǎn
𣠷	jiǎn
𣠸	shuān
𣠹	zuó
𣠺	qiè
𣠼	lǎo
𣡉	yù
𣡊	yì
𣡋	nǐ
𣡎	cén
𣡕	yàn
𣡗	ruǎn
𣡞	yán
𣡟	dié
𣡠	mián
𣡧	léi
𣡩	wān
𣡰	nǎ
𣡶	yán
𣡺	lěi
𣡽	shā
𣡾	hū
𣢁	xī
𣢂	xī
𣢄	yōu
𣢄	yǒu
𣢅	hān
𣢇	hāi
𣢇	xī
𣢉	wā
𣢊	xù
𣢋	pī
𣢌	tān
𣢍	xī
𣢎	xī
𣢏	bīn
𣢐	kēng
𣢐	qīn
𣢑	xī
𣢒	yú
𣢓	xì
𣢕	cì
𣢖	qiàn
𣢗	xiā
𣢚	wá
𣢛	è
𣢜	yōu
𣢜	yǒu
𣢝	xìng
𣢞	ní
𣢟	hán
𣢟	xián
𣢠	bì
𣢡	shēng
𣢤	zhān
𣢥	diàn
𣢦	yǔ
𣢨	ǒu
𣢪	guǐ
𣢫	wāng
𣢫	wǎng
𣢬	qiān
𣢭	yí
𣢰	zú
𣢲	qiān
𣢳	dìng
𣢴	kēng
𣢶	chù
𣢷	yī
𣢺	hān
𣢻	kuǎn
𣣈	diàn
𣣉	xì
𣣊	zī
𣣋	líng
𣣌	sì
𣣌	zì
𣣎	yù
𣣏	hūn
𣣑	sǐ
𣣒	kǎn
𣣚	àn
𣣜	yǒu
𣣝	jí
𣣞	hùn
𣣟	qiā
𣣠	hóu
𣣡	hóu
𣣣	diàn
𣣩	xiē
𣣭	shè
𣣮	shà
𣣲	xié
𣣳	yáo
𣣳	yǎo
𣣴	dà
𣣶	xiè
𣣷	chī
𣣸	yǒu
𣣹	hē
𣣺	shà
𣣿	tái
𣤁	zhú
𣤃	ǎi
𣤇	què
𣤈	zé
𣤊	lā
𣤋	lòu
𣤌	chuài
𣤌	chuò
𣤌	chǐ
𣤎	yǒu
𣤖	tì
𣤘	shī
𣤡	xiào
𣤡	yǒu
𣤢	xì
𣤨	huò
𣤩	chì
𣤪	yì
𣤯	shú
𣤰	yuè
𣤱	chán
𣤲	è
𣤳	xī
𣤴	xī
𣤵	yǐng
𣤶	zú
𣤶	zā
𣤶	zǎn
𣤷	zā
𣤺	zā
𣥂	tà
𣥃	wàn
𣥇	xìn
𣥊	wàng
𣥋	fǔ
𣥐	lǔ
𣥐	lǚ
𣥞	jiǎn
𣥡	yán
𣥣	bì
𣥤	kěn
𣥥	guàn
𣥨	zī
𣥮	kuǐ
𣥯	zhǒu
𣥰	zhì
𣥳	tú
𣥷	tà
𣥹	chù
𣥺	chēng
𣥻	chěng
𣥼	zhù
𣥾	dà
𣦇	bì
𣦉	jiǎ
𣦌	yì
𣦏	yuè
𣦐	gāng
𣦖	gān
𣦜	qiāo
𣦠	chú
𣦡	chú
𣦢	bì
𣦦	guì
𣦩	gǔ
𣦪	bǐng
𣦫	yìn
𣦬	zhuì
𣦭	gǔ
𣦯	lì
𣦵	zhēn
𣦵	è
𣦶	dǎi
𣦼	cán
𣧂	tì
𣧃	dù
𣧄	yì
𣧈	dié
𣧊	niǔ
𣧌	xuè
𣧍	nè
𣧎	guì
𣧏	kǎo
𣧒	chuǎn
𣧒	mò
𣧖	zhá
𣧗	yóu
𣧙	bài
𣧚	shí
𣧛	diàn
𣧜	pā
𣧝	qiú
𣧡	xuè
𣧣	mò
𣧤	kē
𣧥	yǒu
𣧦	jiǎo
𣧧	bó
𣧬	xiǔ
𣧲	mǐ
𣧳	luò
𣧵	xuè
𣧵	xù
𣧷	duò
𣧹	èr
𣧺	shān
𣧼	kuì
𣧽	nào
𣧾	miǎn
𣧿	lì
𣨀	luàn
𣨂	dié
𣨄	qià
𣨅	lèi
𣨇	mào
𣨉	hēng
𣨊	chè
𣨋	zhì
𣨍	gǔ
𣨎	cuō
𣨓	wù
𣨔	tào
𣨗	xī
𣨘	yāo
𣨙	wèi
𣨙	wěi
𣨛	zú
𣨜	mà
𣨝	yǔ
𣨞	pěng
𣨟	yì
𣨠	qìn
𣨠	qīn
𣨡	yuè
𣨢	juè
𣨣	jiàng
𣨤	xù
𣨥	bēng
𣨪	luǒ
𣨫	zhuī
𣨲	dù
𣨳	xiàng
𣨶	huì
𣨺	gǔ
𣨻	kǎo
𣨼	tì
𣨾	xīng
𣨿	hún
𣩀	biān
𣩄	kè
𣩄	ài
𣩅	kǎo
𣩈	cuó
𣩈	zuō
𣩏	lù
𣩑	zuì
𣩒	zāo
𣩓	jiǎo
𣩔	guàn
𣩙	yān
𣩚	ér
𣩜	qíng
𣩟	dèng
𣩠	sì
𣩡	suì
𣩢	liào
𣩧	shàn
𣩩	bì
𣩪	wèi
𣩫	yè
𣩭	zhài
𣩯	yé
𣩰	diào
𣩱	kē
𣩱	ài
𣩴	jiàng
𣩷	sū
𣩹	huài
𣩺	yù
𣩽	rǎng
𣪀	diān
𣪁	zuān
𣪂	bān
𣪄	qín
𣪇	jiā
𣪉	pí
𣪌	duì
𣪌	tóu
𣪐	chóu
𣪕	guǐ
𣪠	jì
𣪠	jī
𣪠	qì
𣪨	xuè
𣪪	diàn
𣪭	biàn
𣪮	zǎi
𣪯	tóng
𣪶	shǎn
𣪸	gù
𣪹	què
𣫀	gǔ
𣫈	hú
𣫉	kuǎi
𣫌	gòu
𣫎	sù
𣫐	chóu
𣫒	kēng
𣫔	dū
𣫙	yì
𣫜	dào
𣫝	qiāng
𣫣	lóng
𣫥	lí
𣫧	lì
𣫨	qīng
𣫪	wēi
𣫬	móu
𣫱	qì
𣫳	jiǎng
𣫴	xié
𣫹	dài
𣫻	lóu
𣬂	guàn
𣬆	péi
𣬉	pí
𣬋	chuò
𣬋	juàn
𣬍	bēi
𣬎	jué
𣬏	juàn
𣬐	shì
𣬕	xiě
𣬘	ruí
𣬙	jìng
𣬚	pò
𣬛	shān
𣬛	sān
𣬠	jī
𣬩	fēn
𣬪	bèi
𣬫	gà
𣬫	jiè
𣬬	sā
𣬮	pī
𣬴	dì
𣬵	mào
𣬵	máo
𣬶	ba
𣬷	ba
𣬸	tiáo
𣬹	líng
𣬺	shēng
𣬻	zhěn
𣬼	pī
𣬽	wù
𣬿	zè
𣭀	bào
𣭇	lǚ
𣭖	hāo
𣭗	dǒu
𣭘	fú
𣭙	ní
𣭝	gé
𣭠	rú
𣭡	xiǎn
𣭤	bì
𣭮	máo
𣭲	rǒng
𣭳	qiú
𣭳	qú
𣭷	bó
𣭹	hāo
𣭺	nǎo
𣭻	yán
𣮃	páo
𣮄	suī
𣮆	tuò
𣮈	qū
𣮉	lí
𣮊	dé
𣮌	jié
𣮍	jié
𣮎	gǔn
𣮏	jiān
𣮐	bì
𣮠	sàn
𣮡	bāng
𣮢	chún
𣮦	nài
𣮧	bǎng
𣮪	róng
𣮫	jiā
𣮬	sōu
𣮰	dé
𣮾	xiān
𣮿	zhān
𣯀	mào
𣯃	zī
𣯅	jì
𣯆	qí
𣯋	rù
𣯌	suō
𣯍	rǒng
𣯎	wù
𣯏	róng
𣯏	rǒng
𣯐	róng
𣯚	tà
𣯜	sōu
𣯣	mén
𣯤	lí
𣯧	cuǐ
𣯧	suī
𣯨	zōng
𣯩	mén
𣯪	xǐ
𣯬	mǎng
𣯭	niè
𣯯	suī
𣯱	péi
𣯴	bì
𣯵	dì
𣯶	sān
𣯸	qú
𣯹	qiáo
𣯻	fēn
𣯼	sù
𣰃	xū
𣰇	rǒng
𣰈	jī
𣰋	qú
𣰌	hé
𣰌	liè
𣰕	sào
𣰘	kùn
𣰚	cuì
𣰛	yè
𣰜	bìng
𣰞	jié
𣰠	qú
𣰡	qú
𣰥	méng
𣰦	gān
𣰦	rán
𣰨	bīn
𣰩	cháo
𣰬	dú
𣰶	nǎng
𣰶	ráng
𣰷	xiān
𣰺	táo
𣰻	qú
𣰼	niè
𣰿	shū
𣱀	lǔ
𣱂	kùn
𣱈	mín
𣱉	mǐn
𣱍	dàn
𣱐	yìn
𣱐	zhì
𣱓	hào
𣱓	xiào
𣱗	jì
𣱜	yīn
𣱝	dōng
𣱦	fēn
𣱧	zhòng
𣱫	gǔ
𣱱	chá
𣱳	liú
𣱶	bǔ
𣱺	pā
𣱻	sì
𣱼	dāo
𣱽	zhěn
𣲀	shān
𣲂	chuǎi
𣲄	jiǔ
𣲊	kè
𣲋	chí
𣲑	chí
𣲑	hé
𣲑	hù
𣲑	hú
𣲒	lè
𣲒	lì
𣲓	shā
𣲖	gū
𣲖	liú
𣲖	pài
𣲗	wéi
𣲘	wǔ
𣲜	yíng
𣲡	jié
𣲡	jí
𣲡	shā
𣲢	dī
𣲥	dān
𣲱	tū
𣲲	hé
𣲳	pǒ
𣲵	zhǐ
𣲶	niǔ
𣲷	nì
𣲽	rǒng
𣲾	guài
𣳀	zhí
𣳃	jí
𣳆	píng
𣳜	fàn
𣳟	jié
𣳠	hǎi
𣳠	mǔ
𣳤	zhàn
𣳦	náo
𣳦	xì
𣳩	zī
𣳬	xí
𣳭	piào
𣳰	bēn
𣳲	jiǎn
𣴓	jiàn
𣴖	zá
𣴞	bèn
𣴟	huǎn
𣴟	mào
𣴢	zào
𣴣	zhuàng
𣴥	kuáng
𣴨	bí
𣴪	pài
𣴪	pì
𣴼	mào
𣴽	tàn
𣵞	tǔn
𣵟	luǒ
𣵢	tān
𣵱	án
𣵷	gàn
𣵷	hán
𣵸	zhú
𣵺	duò
𣵺	tuó
𣵻	duò
𣵻	tuó
𣵼	gàn
𣶆	qiòng
𣶈	mǎng
𣶈	wǎng
𣶊	mò
𣶋	zhè
𣶌	wěn
𣶍	zhuàng
𣶏	diē
𣶏	jiē
𣶐	pào
𣶘	sù
𣶝	jù
𣶠	qī
𣶡	càn
𣶣	tuán
𣶤	shā
𣶦	tuó
𣶩	huà
𣶫	yì
𣷠	mín
𣷡	zhōng
𣷥	shuò
𣷩	yì
𣷪	wǎng
𣷫	áo
𣷶	sǔ
𣷾	guǐ
𣷿	tuǒ
𣸀	huǐ
𣸃	xù
𣸄	zǎn
𣸆	zǐ
𣸇	biàn
𣸉	dá
𣸊	yīn
𣸋	quǎn
𣸎	huài
𣸏	ná
𣸐	zá
𣸒	tí
𣸘	yí
𣸙	tān
𣸚	shé
𣸛	shuò
𣸝	xíng
𣸠	yǒu
𣸣	fén
𣹇	kè
𣹋	fú
𣹒	mǐn
𣹚	pì
𣹜	jí
𣹝	qiào
𣹝	xiào
𣹞	zhǒng
𣹟	gàn
𣹠	yuān
𣹡	chí
𣹥	qiàn
𣹧	zhà
𣹧	zuó
𣹩	xié
𣹪	máo
𣹬	hú
𣹮	pì
𣹯	xùn
𣹱	xiá
𣹲	tí
𣹵	nà
𣹶	chuǎ
𣺀	wǔ
𣺬	huāng
𣺭	xuè
𣺮	tào
𣺰	qiào
𣺳	jiāo
𣺼	dǎng
𣺽	bài
𣻍	dàng
𣻍	xiàng
𣻎	kòu
𣻐	jū
𣻑	shài
𣻑	shā
𣻒	jīng
𣻕	mó
𣻖	nóu
𣻘	shuò
𣻚	shù
𣻛	zhuāng
𣻜	fú
𣻟	zāng
𣻠	xié
𣻡	làng
𣻢	tōng
𣻩	zhé
𣻬	càn
𣻮	yuè
𣻱	zhòu
𣼚	tān
𣼞	yán
𣼟	lù
𣼠	yǎn
𣼦	zé
𣼧	shuài
𣽅	guō
𣽆	zhú
𣽈	ruán
𣽈	rú
𣽉	rú
𣽌	kǎn
𣽍	jì
𣽎	gāo
𣽎	háo
𣽎	zé
𣽒	xiè
𣽕	òu
𣽖	jiān
𣽚	zhí
𣽛	zhá
𣽝	hǒng
𣽟	kuǎn
𣽡	bó
𣽤	sè
𣽥	àn
𣽦	jiàn
𣽨	téng
𣽫	sōng
𣽭	mèng
𣽮	yín
𣽯	tān
𣽰	guō
𣽳	ruán
𣽴	wèi
𣽷	sì
𣾍	lián
𣾤	qì
𣾦	zhǎng
𣿅	dǒng
𣿆	fú
𣿇	shěn
𣿈	sù
𣿉	yì
𣿊	liàn
𣿌	hé
𣿎	zhēn
𣿐	zé
𣿒	cuǐ
𣿓	cuǐ
𣿝	fèng
𣿞	lǐ
𣿟	kòu
𣿣	xiào
𣿤	yǒu
𤀃	háo
𤀉	hàn
𤀊	kěn
𤀝	yù
𤀣	huǎn
𤀤	shuài
𤀤	shàn
𤀤	suō
𤀦	là
𤀨	dòu
𤀩	jiàn
𤀪	pō
𤀫	biǎn
𤀰	xuè
𤀲	biàn
𤀷	wèi
𤁡	dàn
𤁢	jié
𤁣	bài
𤁥	niǎn
𤁦	xiàn
𤁧	sè
𤁪	huá
𤁫	chuā
𤁮	òu
𤁯	liè
𤁰	dí
𤁱	cài
𤁳	zhá
𤁵	lǘ
𤁹	huò
𤁼	lì
𤁽	yǐng
𤁿	wěi
𤂀	bì
𤂁	guó
𤂃	pì
𤂆	biāo
𤂠	yǎn
𤂤	zhuàn
𤂲	hóng
𤂶	lìn
𤂷	è
𤂹	yǐn
𤂺	làn
𤂼	yào
𤂿	xuàn
𤃀	lì
𤃨	làn
𤃩	líng
𤃪	xī
𤃫	hōng
𤃭	jiǎo
𤃮	zhuó
𤃲	zhí
𤃵	bó
𤃶	tēng
𤃷	ǎn
𤃺	xún
𤃻	lěi
𤃼	zāng
𤃽	huǐ
𤄎	xì
𤄏	hóng
𤄑	fàn
𤄒	jiǎn
𤄓	cóng
𤄔	zá
𤄖	cā
𤄖	zá
𤄘	yōu
𤄛	duì
𤄜	pān
𤄥	tà
𤄧	pàn
𤄫	fān
𤄬	xī
𤄶	shuò
𤄶	yào
𤄷	luó
𤄺	biān
𤄼	jìn
𤄽	lì
𤅊	yàn
𤅋	dòu
𤅎	màn
𤅐	gōng
𤅑	rǎng
𤅒	càn
𤅣	mén
𤅱	gǔ
𤅲	shuàn
𤅸	yàn
𤅸	yán
𤅹	bì
𤆀	biāo
𤆁	chéng
𤆂	kuì
𤆄	huǒ
𤆄	zāi
𤆍	chì
𤆏	wò
𤆑	còu
𤆒	zhì
𤆙	shuǐ
𤆜	guà
𤆝	pū
𤆞	xù
𤆟	sī
𤆡	wǔ
𤆢	lún
𤆮	fū
𤆰	shì
𤆳	huì
𤆴	huāng
𤆵	pā
𤆼	zhǔ
𤆾	yí
𤇃	lì
𤇄	shǎn
𤇜	mín
𤇞	gē
𤇠	hū
𤇭	lóng
𤇯	āo
𤇯	ēn
𤇰	fá
𤇳	xuè
𤇳	xù
𤇴	xī
𤇴	yí
𤇾	yìng
𤈔	chí
𤈙	yí
𤈥	dí
𤈦	huǐ
𤈦	méi
𤈧	hé
𤈩	zhǎ
𤈶	yún
𤈷	xiān
𤉌	xián
𤉍	lào
𤉎	shào
𤉏	shì
𤉐	zhuó
𤉤	biē
𤉥	jiǔ
𤉦	wō
𤉧	jiǎo
𤉨	fú
𤉪	xiāng
𤉫	kài
𤊲	nǎo
𤊴	huò
𤊵	jí
𤊶	là
𤊻	fōu
𤊼	shǎn
𤊽	liào
𤊽	liǎo
𤊾	miè
𤊿	chè
𤋂	mó
𤋏	lóu
𤋨	duò
𤋫	nǎo
𤋭	jī
𤋰	zhù
𤌂	sù
𤌃	duò
𤌇	jiǒng
𤌊	zǎi
𤌋	huǐ
𤌌	yǐng
𤌍	hú
𤌎	lìn
𤌎	lǐn
𤌏	wěng
𤌐	hàn
𤌔	nán
𤌷	xì
𤌹	gàn
𤌾	hè
𤌿	jī
𤍀	xiǎng
𤍁	shā
𤍐	tuì
𤍒	zhāo
𤍓	shù
𤍕	yǒu
𤍖	jiān
𤍜	zào
𤍠	rè
𤍤	zhāng
𤍽	ruò
𤎄	yān
𤎋	cuì
𤎗	jí
𤎘	shāng
𤎣	è
𤎤	láo
𤎥	chān
𤎥	tǎn
𤎧	zhù
𤎭	lǐn
𤎭	yǐn
𤎯	zēng
𤎱	juǎn
𤎲	hū
𤎻	xiāo
𤏗	shěn
𤏘	huò
𤏜	kuì
𤏱	chù
𤏲	zhòu
𤏶	āo
𤏸	zhuó
𤏽	xīng
𤏿	miè
𤐀	hū
𤐔	tán
𤐙	bì
𤐣	dǐng
𤐩	kài
𤐫	biāo
𤐰	huò
𤐱	liè
𤐲	cuàn
𤑃	xiàn
𤑄	rè
𤑓	yuè
𤑕	xūn
𤑗	liǎo
𤑗	zhāo
𤑣	shā
𤑦	shì
𤑪	xiè
𤑳	xiāo
𤑷	yé
𤑸	lǎn
𤑹	yì
𤑿	liǎn
𤒔	bó
𤒕	cāo
𤒝	yào
𤒦	liàn
𤒦	yàn
𤒻	tà
𤓑	jì
𤓔	xī
𤓕	zhì
𤓚	xī
𤓝	yuè
𤓤	xiǎn
𤓦	zhuò
𤓯	jú
𤓯	zhǎng
𤓵	zǔ
𤓷	ná
𤓾	dào
𤓿	liè
𤔀	ná
𤔉	páo
𤔋	jù
𤔔	luàn
𤔖	luǒ
𤔙	shuǎ
𤔚	shàng
𤔝	luǒ
𤔟	fēn
𤔣	bào
𤔨	lì
𤔫	xiòng
𤔶	dāng
𤕀	chèng
𤕄	zhǎng
𤕇	sǒu
𤕊	shén
𤕒	gě
𤕘	wù
𤕘	yū
𤕚	huī
𤕛	chè
𤕝	bó
𤕝	jiào
𤕞	zhù
𤕟	shū
𤕢	xiáo
𤕦	níng
𤕭	jiāng
𤕯	jiāng
𤕯	zhuàng
𤕷	diào
𤕽	qiáng
𤕾	fǔ
𤕾	qiú
𤖀	fēng
𤖆	zhàn
𤖇	kē
𤖒	dié
𤖓	zé
𤖖	guāng
𤖗	sè
𤖘	fèn
𤖘	fén
𤖛	jiǎng
𤖝	yán
𤖞	zhì
𤖢	lì
𤖦	líng
𤖪	yí
𤖬	qǔ
𤖭	pán
𤖮	gōu
𤖰	jiǎ
𤖱	hé
𤖳	pèng
𤖵	jù
𤖷	chè
𤖺	liè
𤖻	shì
𤖼	pò
𤖽	xiàng
𤖿	pì
𤗀	luǒ
𤗁	cù
𤗃	yǔ
𤗇	kòng
𤗈	xiè
𤗍	wǎn
𤗎	yǎn
𤗏	péi
𤗓	chéng
𤗘	tí
𤗙	chè
𤗙	tuò
𤗚	bì
𤗛	liàn
𤗜	jiǎ
𤗞	tíng
𤗢	tī
𤗨	dié
𤗪	shù
𤗫	lí
𤗬	lǘ
𤗭	xià
𤗭	xiā
𤗯	cuī
𤗳	bō
𤗴	tuí
𤗵	pú
𤗷	lìn
𤗸	fèn
𤗸	fén
𤗺	bó
𤗻	chàn
𤗾	dāng
𤗿	tǎi
𤘀	dào
𤘃	lì
𤘅	yá
𤘆	yá
𤘇	zhān
𤘊	yí
𤘌	qī
𤘔	hù
𤘖	tīng
𤘘	kǒu
𤘛	chún
𤘜	yóu
𤘝	fèn
𤘟	nuó
𤘠	tiàn
𤘡	jìn
𤘢	pí
𤘣	chén
𤘤	pì
𤘦	jiè
𤘧	guǐ
𤘲	zhuàng
𤘵	hú
𤘶	chǒu
𤘷	shù
𤘸	tāo
𤘹	pí
𤘺	rǒng
𤘻	rǒng
𤘽	hǒu
𤘾	pēng
𤙅	bài
𤙇	xiá
𤙋	qǐn
𤙌	nǐ
𤙎	tāo
𤙏	qù
𤙒	xié
𤙔	zhào
𤙕	huā
𤙖	xīn
𤙘	shōu
𤙛	tú
𤙝	liáng
𤙞	bì
𤙟	chū
𤙡	xīng
𤙣	xīn
𤙤	fū
𤙩	jiè
𤙭	fǔ
𤙯	láo
𤙰	tè
𤙱	shè
𤙴	chāo
𤙵	chuī
𤙼	rán
𤙽	hǒu
𤙾	bēng
𤚀	cǎi
𤚅	mú
𤚉	xū
𤚊	dié
𤚍	chǎn
𤚎	yú
𤚏	zhòng
𤚓	lí
𤚔	shōu
𤚚	dú
𤚜	māo
𤚝	huáng
𤚟	táo
𤚡	dù
𤚢	tí
𤚣	shēng
𤚤	méi
𤚨	zhēn
𤚩	qín
𤚪	pì
𤚫	táng
𤚬	cāng
𤚭	yáo
𤚯	xiù
𤚰	bāng
𤚱	gǔ
𤚵	bù
𤚼	gòu
𤚽	bó
𤛁	wèn
𤛄	jì
𤛊	lā
𤛍	cuī
𤛎	mǐn
𤛏	cǔ
𤛐	ōu
𤛑	yōng
𤛖	máo
𤛗	kè
𤛘	māng
𤛙	dǐng
𤛚	huān
𤛛	duǒ
𤛜	jiāng
𤛝	sù
𤛢	céng
𤛣	tà
𤛥	huáng
𤛦	jué
𤛧	xún
𤛪	xiòng
𤛬	mì
𤛭	qún
𤛮	láo
𤛱	zhì
𤛲	wéi
𤛲	wěi
𤛷	sè
𤛻	zāng
𤜁	ǎn
𤜂	guì
𤜂	wèi
𤜄	huài
𤜄	huái
𤜇	zhàn
𤜉	yīng
𤜊	gē
𤜋	huì
𤜍	quán
𤜓	liè
𤜔	jú
𤜕	bà
𤜖	léi
𤜘	mán
𤜙	líng
𤜜	lì
𤜝	jǐ
𤜡	huí
𤜢	xìn
𤜣	shé
𤜣	shì
𤜤	zhé
𤜧	bō
𤜫	chā
𤜯	chā
𤜰	jīng
𤜱	bā
𤜲	bèi
𤜲	pèi
𤜵	yàn
𤜷	hù
𤜹	yú
𤜻	bì
𤜻	pí
𤜼	chuán
𤜾	jǐ
𤝂	mù
𤝄	máo
𤝅	zhōng
𤝇	yè
𤝈	dōu
𤝉	yě
𤝍	rì
𤝎	yīn
𤝐	hào
𤝒	nà
𤝓	tiè
𤝔	chái
𤝔	fù
𤝕	mǔ
𤝖	zǎi
𤝘	hú
𤝚	chēn
𤝛	tuó
𤝞	chù
𤝟	fèi
𤝟	fú
𤝢	zé
𤝧	bào
𤝬	dǐ
𤝭	cǎi
𤝮	lù
𤝯	pǒ
𤝰	dá
𤝱	yè
𤝳	yǐ
𤝷	xiáng
𤝸	bī
𤝹	zhū
𤝻	yí
𤝽	lǜ
𤝿	kuāng
𤞂	zhì
𤞃	huì
𤞇	kuáng
𤞇	wá
𤞈	dī
𤞉	shù
𤞊	liè
𤞋	zǎo
𤞌	zhì
𤞍	náo
𤞗	chái
𤞚	xiāo
𤞛	zàng
𤞞	yù
𤞟	dòu
𤞠	chà
𤞡	xié
𤞢	yáng
𤞤	xiǎn
𤞥	bǎo
𤞮	zhài
𤞮	zhāi
𤞰	qiú
𤞲	hú
𤞳	zài
𤞴	jué
𤞶	hàn
𤞶	hān
𤞿	àn
𤟀	zào
𤟃	shà
𤟅	xiàn
𤟆	chǐ
𤟇	yǎn
𤟉	àn
𤟍	zhé
𤟎	jué
𤟑	lì
𤟓	lè
𤟖	cǎi
𤟘	lù
𤟚	jiā
𤟝	xià
𤟞	xiào
𤟟	yān
𤟠	xū
𤟢	dùn
𤟣	yíng
𤟤	huī
𤟤	xūn
𤟥	tí
𤟦	nóu
𤟧	xǐ
𤟪	tú
𤟷	wāi
𤟸	chēn
𤟼	hōng
𤟾	tí
𤟿	xuān
𤠀	zá
𤠇	gé
𤠋	lóu
𤠌	chái
𤠍	pán
𤠎	jí
𤠐	tà
𤠓	xī
𤠖	xiāo
𤠘	sāo
𤠙	jiā
𤠚	sù
𤠛	huāng
𤠝	cuō
𤠟	tà
𤠠	shuāi
𤠪	fú
𤠫	lì
𤠭	shè
𤠯	táng
𤠶	diān
𤠺	bì
𤠼	gòu
𤠽	cù
𤠿	qiān
𤡂	léi
𤡂	lěi
𤡃	sù
𤡆	zòng
𤡆	zōng
𤡇	hāo
𤡏	chì
𤡐	cáo
𤡓	wò
𤡔	xiāo
𤡕	liè
𤡕	wěn
𤡖	yán
𤡖	yān
𤡝	bì
𤡟	huàn
𤡡	xī
𤡢	chī
𤡣	xū
𤡤	nà
𤡤	náo
𤡤	rú
𤡥	xiàn
𤡥	yán
𤡧	xiè
𤡨	zhá
𤡪	suì
𤡪	wěi
𤡬	xì
𤡭	bēng
𤡭	péng
𤡮	rán
𤡯	què
𤡯	shuò
𤡯	xī
𤡰	bān
𤡱	guì
𤡲	kāi
𤡳	chēn
𤡶	xù
𤡾	è
𤡿	lì
𤢀	xī
𤢁	huàn
𤢂	sù
𤢄	chǎng
𤢊	lù
𤢋	yán
𤢎	dāng
𤢏	dǎn
𤢐	yāng
𤢒	zhǎi
𤢓	jù
𤢓	qú
𤢕	duó
𤢖	shān
𤢖	sāo
𤢗	lái
𤢘	sù
𤢟	zé
𤢣	bì
𤢦	yìn
𤢨	hāo
𤢪	liè
𤢭	háo
𤢮	yáng
𤢴	lì
𤢴	shuò
𤢵	lài
𤢵	ài
𤢶	qióng
𤢹	lěi
𤢺	xié
𤢼	shì
𤣃	lǔ
𤣅	què
𤣆	lián
𤣌	xiào
𤣎	yīng
𤣑	xié
𤣘	líng
𤣙	yōu
𤣞	dǎng
𤣟	lǎn
𤣠	xiāo
𤣨	yì
𤣬	wū
𤣮	yì
𤣯	tuō
𤣰	bǔ
𤣲	xìn
𤣵	sī
𤣶	jīn
𤣸	bā
𤣹	fǎ
𤣻	mò
𤣼	ruò
𤤊	dà
𤤋	jì
𤤐	sù
𤤑	qióng
𤤒	bā
𤤦	tián
𤤧	yóu
𤤩	tuó
𤤫	wài
𤤬	yòu
𤤮	dōng
𤤱	xǐ
𤤲	kǒng
𤤶	qióng
𤤷	duī
𤤸	duò
𤤺	yì
𤥒	xī
𤥓	qīn
𤥔	sù
𤥗	liú
𤥙	wán
𤥭	chē
𤥮	zhū
𤥰	mào
𤥷	quán
𤥽	yū
𤥿	yì
𤦀	mí
𤦃	lái
𤦄	zhì
𤦤	ní
𤦦	bān
𤦪	dōng
𤦮	zhì
𤧕	yì
𤧘	líng
𤧙	yú
𤧚	cōng
𤧛	dì
𤧜	zhì
𤧠	ruǎn
𤧣	jiàn
𤧩	wàn
𤧫	duī
𤧫	jìn
𤧫	jīn
𤧭	páng
𤨍	lù
𤨎	qú
𤨐	tāo
𤨐	xǐ
𤨑	dá
𤨖	hù
𤨗	luǒ
𤨙	lè
𤨶	gǒng
𤨻	lìng
𤩂	láo
𤩄	zhuàn
𤩨	zǎo
𤩩	hào
𤩪	xiàng
𤩭	hào
𤩮	lì
𤩱	diàn
𤩱	tiàn
𤩲	gé
𤩽	huán
𤪄	è
𤪆	xiá
𤪋	jiān
𤪌	qí
𤪍	xiá
𤪎	yǒu
𤪡	zhēng
𤪪	chūn
𤪪	zhuàn
𤪮	chàn
𤫉	xiè
𤫕	náo
𤫝	jì
𤫞	tián
𤫣	yǎn
𤫧	hǎo
𤫨	xín
𤫩	líng
𤫫	bān
𤫬	běng
𤫱	gōu
𤫲	líng
𤫵	guó
𤫵	kuò
𤫶	qià
𤫷	jiào
𤫹	ēn
𤫺	yáo
𤫻	dū
𤬁	guǒ
𤬁	huǒ
𤬁	luǒ
𤬂	dǔ
𤬃	pēi
𤬌	yuán
𤬏	lóu
𤬐	xíng
𤬓	lián
𤬓	liǎn
𤬔	yáo
𤬕	xī
𤬖	yáo
𤬘	xī
𤬛	lú
𤬝	yàn
𤬠	quán
𤬥	ráng
𤬦	wà
𤬧	zú
𤬨	fàn
𤬩	yì
𤬪	dù
𤬪	kān
𤬫	suì
𤬭	pī
𤬯	hán
𤬯	qiàn
𤬱	xù
𤬳	gǒng
𤬵	dì
𤬷	nà
𤬾	duò
𤬾	tuó
𤬿	wā
𤭂	niè
𤭈	diào
𤭉	huāng
𤭌	tí
𤭍	fàn
𤭑	wú
𤭒	áng
𤭔	píng
𤭙	gān
𤭙	hán
𤭛	gāng
𤭜	lí
𤭞	dūn
𤭟	fù
𤭠	nà
𤭢	cèi
𤭢	suì
𤭧	jiē
𤭩	qìng
𤭫	yīng
𤭬	xiáng
𤭱	hú
𤭴	sù
𤭻	gē
𤭼	è
𤭽	xù
𤮆	xī
𤮊	kāng
𤮋	guó
𤮌	jiē
𤮍	chuán
𤮎	léi
𤮏	héng
𤮐	zūn
𤮕	piè
𤮘	dēng
𤮙	xī
𤮚	léi
𤮜	shàn
𤮧	lú
𤮩	duì
𤮪	jùn
𤮭	chàn
𤮯	xié
𤮰	wā
𤮱	zhé
𤮳	guàn
𤮳	zhuān
𤮷	liù
𤮸	léi
𤮼	dài
𤮽	gān
𤯄	shì
𤯇	yǎn
𤯌	gān
𤯐	yán
𤯖	suī
𤯚	zhōng
𤯜	shì
𤯡	shèng
𤯥	chǎn
𤯷	huáng
𤯸	yìn
𤯻	měng
𤰂	ráng
𤰅	xiáng
𤰈	bèi
𤰈	fú
𤰌	chuán
𤰑	pú
𤰙	gé
𤰙	kē
𤰚	lá
𤰚	lā
𤰝	quǎn
𤰟	hàng
𤰠	chì
𤰡	máng
𤰦	zhà
𤰪	fèn
𤰬	chào
𤰳	jǐng
𤱃	liè
𤱅	nà
𤱆	nà
𤱇	tóng
𤱋	rán
𤱌	zǔ
𤱍	pī
𤱍	pǒ
𤱎	yǒu
𤱐	shū
𤱛	liè
𤱜	shōu
𤱝	tuǎn
𤱟	gǎo
𤱠	sháo
𤱡	tuó
𤱣	nán
𤱧	tuǒ
𤱨	gōng
𤱩	diào
𤱴	měng
𤱵	bāng
𤱷	xié
𤱸	sì
𤱹	tǐng
𤱺	guì
𤱽	fú
𤱾	guì
𤲉	guì
𤲑	zhǔ
𤲓	lái
𤲕	lǔn
𤲖	tiǎn
𤲗	rǎn
𤲚	dōng
𤲨	juàn
𤲩	yán
𤲬	ruán
𤲭	dǎn
𤲰	mào
𤲶	luán
𤲶	niǎo
𤲸	xù
𤲸	zī
𤲺	xī
𤳂	má
𤳃	qī
𤳅	chà
𤳈	shāng
𤳉	hàn
𤳊	píng
𤳎	jī
𤳓	lì
𤳕	yù
𤳖	bān
𤳖	fān
𤳘	tēng
𤳝	chóu
𤳠	chóu
𤳤	qī
𤳥	xī
𤳦	bèi
𤳪	yè
𤳭	guǎng
𤳯	zhù
𤳳	huǐ
𤳳	léi
𤳴	léi
𤳵	chā
𤴀	guǎng
𤴀	qiāo
𤴍	dié
𤴓	yǎ
𤴘	niè
𤴙	shū
𤴙	xū
𤴛	zhì
𤴟	zhì
𤴢	zhì
𤴣	pǐ
𤴥	jiū
𤴦	jiū
𤴧	yì
𤴨	yòu
𤴨	yǒu
𤴪	jiū
𤴯	huàn
𤴱	dù
𤴻	táo
𤴼	cí
𤴼	qiè
𤴽	qín
𤴾	xìn
𤴿	chān
𤵀	jì
𤵂	qìn
𤵊	dù
𤵋	zhī
𤵎	ǒu
𤵐	wù
𤵒	wén
𤵘	bì
𤵛	bēi
𤵝	mǔ
𤵞	jìn
𤵟	táo
𤵠	liáo
𤵥	cáo
𤵥	zhǒu
𤵦	zhá
𤵬	chǐ
𤵭	yā
𤵮	kuí
𤵯	yìn
𤵸	lóng
𤵸	pāng
𤵹	qià
𤵻	hāng
𤵼	shàng
𤵼	shāng
𤵽	hài
𤵾	chā
𤶀	jiǎo
𤶁	lǎo
𤶈	xī
𤶊	guì
𤶋	bó
𤶓	zhǐ
𤶕	tùn
𤶖	fú
𤶘	hū
𤶚	niè
𤶛	yì
𤶜	zhuàng
𤶠	chá
𤶤	suān
𤶧	yùn
𤶮	dù
𤶰	xī
𤶱	chuàn
𤶲	xíng
𤶳	jiǎo
𤶴	shēn
𤷀	wāng
𤷁	bēi
𤷂	féi
𤷃	jiàn
𤷄	quán
𤷅	yá
𤷅	yì
𤷆	dōng
𤷇	xù
𤷈	niè
𤷈	nà
𤷉	jí
𤷌	zhěn
𤷍	qí
𤷎	duī
𤷏	yín
𤷑	jiù
𤷒	bì
𤷒	bēi
𤷒	pí
𤷓	xìn
𤷔	lún
𤷕	cǎi
𤷖	lìng
𤷗	biē
𤷘	dào
𤷙	dé
𤷟	la
𤷡	nüè
𤷡	xī
𤷢	jù
𤷤	xiáo
𤷦	jīng
𤷹	wài
𤷻	nǎo
𤷼	xiāng
𤷽	què
𤷾	qiè
𤷿	tū
𤸀	xǔ
𤸁	huì
𤸅	mín
𤸆	wěi
𤸈	yóu
𤸉	tuí
𤸊	dài
𤸎	hài
𤸎	kě
𤸏	niè
𤸏	nà
𤸑	fù
𤸒	yù
𤸓	zhǐ
𤸕	hān
𤸖	āi
𤸗	fù
𤸡	yāng
𤸤	shí
𤸦	chán
𤸪	chì
𤸫	yùn
𤸬	shuāi
𤸮	sù
𤸯	sǎng
𤸱	kài
𤸱	kè
𤸱	yà
𤸱	è
𤸲	zhěng
𤸳	ái
𤸴	suǒ
𤸵	bù
𤸷	qún
𤸸	yì
𤸹	yǎn
𤸻	nà
𤸼	wǔ
𤹇	lì
𤹈	lì
𤹊	xī
𤹋	jué
𤹌	shī
𤹎	yǎ
𤹛	chén
𤹜	yíng
𤹝	bì
𤹞	chè
𤹡	zhā
𤹢	tuǒ
𤹣	hù
𤹤	téng
𤹥	yìng
𤹦	bǐ
𤹧	níng
𤹨	liàn
𤹩	xìn
𤹪	yǔ
𤹲	bèi
𤹴	mó
𤹵	duī
𤹷	dǎo
𤹸	qí
𤹺	è
𤺀	shuāi
𤺃	jiāo
𤺃	xiāo
𤺃	yāo
𤺄	tóng
𤺄	zhǒng
𤺅	zhuì
𤺇	biàn
𤺉	wěi
𤺊	sī
𤺊	xī
𤺌	dēng
𤺎	xiē
𤺏	pān
𤺐	niè
𤺓	bié
𤺔	shè
𤺕	fèi
𤺖	mǐn
𤺗	jì
𤺗	qì
𤺪	shàn
𤺫	suǒ
𤺷	jí
𤺺	dàn
𤺺	dǎn
𤺺	tán
𤺻	juàn
𤺼	lù
𤺾	ào
𤻂	yì
𤻃	shǔ
𤻄	suì
𤻅	wèi
𤻆	wán
𤻇	chǔ
𤻊	tuí
𤻌	wò
𤻖	bì
𤻘	yǐn
𤻙	huó
𤻜	kài
𤻜	è
𤻝	níng
𤻢	ài
𤻤	lì
𤻦	zhāi
𤻱	lù
𤻶	biàn
𤻷	pán
𤻿	guì
𤼀	sū
𤼁	méng
𤼂	xiǎn
𤼃	lòng
𤼃	lóng
𤼅	qì
𤼋	chàn
𤼌	yì
𤼍	háng
𤼏	liǎn
𤼐	guàn
𤼐	huàn
𤼒	huà
𤼒	wěi
𤼗	jué
𤼘	léi
𤼙	luán
𤼚	lì
𤼜	pí
𤼢	huǎn
𤼮	guī
𤼳	jú
𤼶	dēng
𤼺	fèi
𤽁	zhī
𤽃	mèi
𤽅	huàn
𤽉	pā
𤽊	bǐ
𤽌	pō
𤽓	ér
𤽕	huàn
𤽣	chàng
𤽥	luò
𤽦	fǒu
𤽯	chóu
𤽱	zú
𤽲	nán
𤽳	xiǎo
𤽹	bài
𤽺	lù
𤽼	luò
𤽿	niàn
𤾀	zé
𤾄	zhù
𤾅	hú
𤾈	huī
𤾉	tǎng
𤾊	chóu
𤾑	huáng
𤾒	dōu
𤾛	miào
𤾝	bó
𤾠	dì
𤾢	děng
𤾣	pū
𤾥	sōng
𤾦	chóu
𤾫	yào
𤾬	měng
𤾭	lóng
𤾲	lián
𤾵	bié
𤾺	lǚ
𤾿	sè
𤿀	zuó
𤿄	cún
𤿅	líng
𤿆	zhěng
𤿇	pǐ
𤿈	báo
𤿋	què
𤿎	pī
𤿏	nàn
𤿐	pī
𤿑	bǒ
𤿒	bèi
𤿓	fā
𤿕	mǐn
𤿖	mò
𤿗	wà
𤿘	zhāo
𤿙	pí
𤿙	zhì
𤿚	cū
𤿟	xún
𤿠	jí
𤿡	guì
𤿡	qí
𤿣	chéng
𤿧	hàn
𤿨	xiào
𤿩	què
𤿫	chuò
𤿭	fǔ
𤿲	fū
𤿳	qǐn
𤿴	lù
𤿵	què
𤿶	diǎn
𤿷	qiān
𤿼	chǎng
𤿽	tà
𤿾	bēi
𥀁	dù
𥀂	bāng
𥀂	běng
𥀃	hòu
𥀈	zhǎ
𥀉	zhǎ
𥀎	què
𥀏	má
𥀐	hán
𥀓	liú
𥀔	lù
𥀖	zī
𥀘	pǐ
𥀙	zhòu
𥀛	zāo
𥀝	niǔ
𥀠	huì
𥀣	qiào
𥀣	xué
𥀥	là
𥀫	nóu
𥀫	rǎn
𥀬	yè
𥀬	yǎn
𥀭	rǎn
𥀮	nǎo
𥀰	là
𥀱	guǎng
𥀲	dú
𥀵	lú
𥀹	jiǎn
𥀺	xiè
𥀻	qì
𥀾	xiàng
𥁁	guǒ
𥁂	jié
𥁃	màng
𥁆	xiā
𥁇	kuī
𥁎	yòng
𥁐	hǎi
𥁑	mì
𥁒	yào
𥁕	wēn
𥁟	lì
𥁠	juàn
𥁠	quán
𥁠	quān
𥁡	wū
𥁢	qiáo
𥁮	diào
𥁯	chuò
𥁯	chù
𥁲	suō
𥁵	chōng
𥁸	quān
𥁹	shè
𥂁	yán
𥂂	měng
𥂃	jù
𥂋	tú
𥂒	nóng
𥂓	mó
𥂙	fèn
𥂢	áo
𥂣	guō
𥂤	hú
𥂥	cán
𥂦	dūn
𥂧	hǎi
𥂨	jiǎo
𥂰	gū
𥂵	jīn
𥂸	yáng
𥃀	chà
𥃌	huī
𥃔	qú
𥃕	kē
𥃟	qīng
𥃠	yì
𥃣	kǎi
𥃤	jiǎo
𥃧	chōu
𥃧	jiǎo
𥃧	yǎo
𥃨	bǔ
𥃩	gèn
𥃩	yǎn
𥃪	jiāo
𥃫	zhī
𥃮	wèn
𥃰	bīn
𥃴	xiòng
𥃵	fàn
𥃸	yí
𥃹	chuàn
𥃺	yào
𥃽	yāng
𥃾	dù
𥃿	yǎn
𥄁	méng
𥄇	chī
𥄇	hūn
𥄈	mù
𥄉	jiāo
𥄋	nǜ
𥄍	guó
𥄎	xuè
𥄑	fú
𥄒	xuē
𥄓	fū
𥄔	pèi
𥄔	pò
𥄕	mò
𥄖	xī
𥄗	nài
𥄗	wò
𥄘	shǎn
𥄛	xī
𥄜	qì
𥄝	miàn
𥄦	dǎn
𥄨	chǒu
𥄱	fèi
𥄲	mié
𥄴	jué
𥄴	xuè
𥄵	xù
𥄵	yù
𥄶	sī
𥄷	jǔ
𥄸	mǎo
𥄹	bào
𥄻	yí
𥄼	guā
𥄽	nì
𥄿	dì
𥄿	yí
𥅁	zuò
𥅄	nǔ
𥅑	diàn
𥅒	fàn
𥅓	yì
𥅔	shì
𥅗	cū
𥅘	mí
𥅘	zhěn
𥅞	shì
𥅟	jiǎo
𥅠	hòu
𥅡	ér
𥅦	lèi
𥅧	xuè
𥅨	gèng
𥅪	shōu
𥅬	juān
𥅴	jié
𥅵	wéi
𥅷	shǒu
𥅸	jìng
𥅺	xú
𥅻	chòng
𥆅	jiāng
𥆆	mòu
𥆉	yù
𥆌	jué
𥆑	tìng
𥆔	xiāo
𥆖	dōu
𥆘	guó
𥆙	máng
𥆚	wāng
𥆛	xù
𥆜	wàng
𥆝	suō
𥆞	juàn
𥆟	yuè
𥆡	hán
𥆣	shēn
𥆥	xié
𥆦	liú
𥆧	rún
𥆯	bì
𥆲	nào
𥆶	wàn
𥆷	jiù
𥆸	quē
𥇄	nì
𥇆	mí
𥇇	suō
𥇉	qiǎng
𥇌	hàn
𥇌	qià
𥇍	zhuó
𥇎	mí
𥇏	xù
𥇑	lǎng
𥇒	jié
𥇓	dìng
𥇔	chàng
𥇔	zhāng
𥇕	zhì
𥇖	fēi
𥇗	jiá
𥇘	jùn
𥇙	huò
𥇚	qī
𥇛	jù
𥇛	jū
𥇛	xì
𥇜	guō
𥇜	zhūn
𥇞	diàn
𥇟	jiǎo
𥇠	yā
𥇢	zhǎn
𥇭	zhī
𥇯	mài
𥇰	hū
𥇱	xiè
𥇲	shí
𥇳	guī
𥇿	xù
𥈂	jí
𥈄	chuàng
𥈆	mào
𥈇	ruán
𥈈	xū
𥈉	huàn
𥈊	shà
𥈋	jǔ
𥈏	kuàng
𥈑	hóu
𥈒	guān
𥈓	guā
𥈕	mí
𥈖	dié
𥈗	bì
𥈘	liǎng
𥈙	là
𥈚	shǎn
𥈛	lù
𥈜	xì
𥈟	sǒu
𥈬	ōu
𥈮	léng
𥈷	kū
𥈸	guī
𥈻	xī
𥈼	pán
𥈼	pān
𥈽	sè
𥈾	juè
𥈿	hòng
𥉀	guàn
𥉁	jù
𥉃	nài
𥉄	huá
𥉅	gé
𥉆	lì
𥉇	gòu
𥉈	tì
𥉊	mà
𥉋	téng
𥉌	dá
𥉐	qī
𥉑	hè
𥉑	yù
𥉒	jiǎo
𥉓	miè
𥉔	gěng
𥉕	mèng
𥉕	méng
𥉖	wèi
𥉘	tí
𥉙	qí
𥉜	chén
𥉝	dōu
𥉟	pán
𥉰	hàn
𥉰	qià
𥉴	mì
𥉵	má
𥉶	lù
𥉷	qī
𥉸	kēng
𥉺	dié
𥉻	qì
𥉼	jiāo
𥉽	kāng
𥉾	qiāo
𥉿	mì
𥊀	shān
𥊀	sǎn
𥊇	jiān
𥊈	lí
𥊉	kè
𥊊	xù
𥊑	màn
𥊑	mán
𥊒	fèng
𥊓	chàn
𥊔	huǐ
𥊧	kòu
𥊪	wěi
𥊫	guàn
𥊬	jí
𥊭	zùn
𥊮	huò
𥊯	xié
𥊴	suì
𥊶	ruǎn
𥊸	tè
𥊼	zhèng
𥊽	kūn
𥊾	xiǎng
𥊿	mián
𥋁	xì
𥋌	sā
𥋙	è
𥋚	miè
𥋛	zhǔ
𥋜	zōu
𥋝	měng
𥋟	xī
𥋡	táng
𥋣	jià
𥋤	cháng
𥋥	jí
𥋮	zhuó
𥋿	hè
𥌀	chá
𥌁	qì
𥌂	mián
𥌃	zhěn
𥌄	kū
𥌅	yè
𥌆	zhōu
𥌈	jiān
𥌊	pàn
𥌍	huī
𥌏	míng
𥌐	liù
𥌘	shuì
𥌚	mài
𥌚	shù
𥌚	yá
𥌛	lí
𥌞	shuò
𥌟	yí
𥌤	lì
𥌨	miè
𥌨	xiē
𥌩	tè
𥌪	xiū
𥌭	xuàn
𥌮	lì
𥌯	méng
𥌰	wéi
𥌱	méng
𥌺	yào
𥌻	lán
𥌼	líng
𥌽	yīng
𥌾	yīng
𥌿	lì
𥍀	jiǎn
𥍁	guì
𥍁	guī
𥍅	guān
𥍆	xiè
𥍉	shè
𥍋	huǐ
𥍋	xiē
𥍋	zuī
𥍓	kàn
𥍓	yǎn
𥍔	léi
𥍚	biàn
𥍝	shǔ
𥍞	nǜ
𥍟	xù
𥍟	yì
𥍣	hào
𥍨	guǐ
𥍪	zhài
𥍫	láng
𥍬	cuān
𥍭	zhì
𥍮	féng
𥍮	fēng
𥍯	qīn
𥍱	zé
𥍲	nà
𥍳	niǔ
𥍴	yì
𥍷	cōng
𥍸	shī
𥍹	jiǎn
𥍺	zōng
𥍻	yǎn
𥍼	yīng
𥎀	ruǎn
𥎂	róng
𥎃	xì
𥎅	guān
𥎆	kài
𥎈	wù
𥎊	qín
𥎋	cōng
𥎍	zé
𥎎	xiè
𥎐	yù
𥎑	zàn
𥎒	chuāng
𥎓	lǐ
𥎔	lǐ
𥎕	xù
𥎖	mí
𥎗	xù
𥎘	ruǎn
𥎛	guì
𥎜	rǒng
𥎝	zuǎn
𥎟	máo
𥎡	qín
𥎢	cuàn
𥎣	cuàn
𥎤	cuàn
𥎮	wū
𥎰	fǎ
𥎱	bá
𥎸	qià
𥎹	zhì
𥎺	tiào
𥏄	zhì
𥏅	zhí
𥏇	huàn
𥏈	chóu
𥏊	zhì
𥏎	yǐng
𥏒	wù
𥏓	bēi
𥏕	hóng
𥏖	shěn
𥏘	jué
𥏙	kuì
𥏜	yǐ
𥏝	yà
𥏠	bī
𥏤	kuà
𥏥	qiān
𥏨	zhāo
𥏪	kǎi
𥏫	shāng
𥏮	àn
𥏯	zhé
𥏰	zhì
𥏷	zhì
𥏹	jiǎo
𥐀	sī
𥐁	pú
𥐂	ǒu
𥐊	zhuó
𥐑	yīng
𥐓	huān
𥐕	yà
𥐘	shí
𥐙	bā
𥐙	pā
𥐚	pǔ
𥐞	máng
𥐟	chāi
𥐩	yún
𥐬	gǔ
𥐹	dǎn
𥐻	náo
𥐽	zhé
𥐿	hú
𥑅	kēng
𥑇	dié
𥑈	tīng
𥑋	guài
𥑎	qiōng
𥑏	shǐ
𥑐	jiǎ
𥑑	ào
𥑒	kēng
𥑒	nǎ
𥑓	pǐn
𥑔	jiá
𥑡	zhè
𥑢	bù
𥑣	wǒ
𥑥	chǎ
𥑪	náo
𥑫	kān
𥑫	kǎn
𥑯	dú
𥑰	guài
𥑱	qióng
𥑳	róng
𥑴	yǐ
𥑵	duī
𥑶	lěi
𥑸	zhōu
𥑹	kuā
𥑺	ē
𥑻	xiān
𥑼	diàn
𥑽	nuò
𥑾	è
𥑿	yōng
𥒀	wù
𥒁	kēng
𥒓	zhì
𥒗	zhǐ
𥒘	xún
𥒛	zhèng
𥒞	yáng
𥒠	huò
𥒡	jí
𥒢	lì
𥒢	nǎo
𥒧	yà
𥒨	lù
𥒫	fū
𥒬	sǎn
𥒭	chù
𥒮	wěi
𥒰	fǔ
𥒱	kēng
𥒲	sì
𥒳	kàng
𥒵	yì
𥒶	huà
𥒾	yǔ
𥓃	lì
𥓆	lǐn
𥓇	dǔ
𥓈	è
𥓌	qiǎng
𥓍	dú
𥓐	jié
𥓑	chuò
𥓒	kàn
𥓒	xiàn
𥓖	gǎo
𥓬	dào
𥓰	hōng
𥓻	zōng
𥓾	qì
𥓿	tuó
𥔀	hōng
𥔁	pǐ
𥔂	gèng
𥔄	niè
𥔇	kōng
𥔊	zhǐ
𥔑	xiǎo
𥔡	shè
𥔢	yú
𥔣	jiāng
𥔩	qǐ
𥔪	chěn
𥔫	sǎng
𥔭	suǒ
𥔮	qián
𥔯	huì
𥔱	shàn
𥔲	è
𥔻	qiū
𥔽	kè
𥕀	wēng
𥕁	zī
𥕂	jí
𥕇	dǎ
𥕉	cuò
𥕍	lǒu
𥕎	kāng
𥕏	kuò
𥕐	dí
𥕑	jū
𥕑	qiē
𥕓	mò
𥕖	guǒ
𥕗	hōng
𥕘	cháo
𥕘	suǒ
𥕙	hēi
𥕢	cáo
𥕣	zhé
𥕤	kē
𥕦	gǔn
𥕰	xū
𥕱	péng
𥕱	pēng
𥕲	jué
𥕵	gǎn
𥕶	sī
𥕸	suì
𥕹	què
𥕻	wú
𥕻	wǔ
𥕼	yán
𥕽	pèng
𥕾	xiǎo
𥕿	pān
𥖍	là
𥖗	bèng
𥖘	zhěn
𥖙	jí
𥖜	jǐn
𥖝	lián
𥖞	kěn
𥖠	dú
𥖠	zhóu
𥖨	zào
𥖪	lè
𥖫	qī
𥖬	bìng
𥖵	yǐn
𥖶	pīn
𥖻	sǒu
𥖼	lǜ
𥖾	dí
𥖿	dú
𥗀	liǎo
𥗁	zhuó
𥗊	chǎng
𥗒	chèn
𥗓	tà
𥗙	què
𥗚	dào
𥗝	rǎng
𥗟	pò
𥗦	zhōng
𥗧	xiē
𥗪	jiāng
𥗫	qú
𥗬	lěi
𥗭	cà
𥗮	quē
𥗵	xiàng
𥗶	lèi
𥗺	làn
𥗽	lán
𥗿	lǎ
𥘁	lǎ
𥘄	yù
𥘊	jiào
𥘋	qín
𥘌	jī
𥘏	gǎn
𥘒	yì
𥘠	yì
𥘡	zhī
𥘤	biǎo
𥘥	shēng
𥘦	jiù
𥘦	shè
𥘫	hē
𥘬	fú
𥘮	jū
𥙀	zuǒ
𥙁	yí
𥙆	xiàn
𥙆	zhī
𥙇	yí
𥙉	sì
𥙉	tái
𥙋	chuì
𥙎	mò
𥙡	zhān
𥙣	xún
𥙦	rú
𥙨	huò
𥙬	shāo
𥙰	shòu
𥙾	yòu
𥙿	yù
𥚂	jùn
𥚉	zī
𥚊	lù
𥚚	chǐ
𥚛	kūn
𥚠	zhùn
𥚦	hóu
𥚩	xǔ
𥚾	zōng
𥚿	yìng
𥛂	zhū
𥛅	liù
𥛑	nù
𥛘	bì
𥛚	chì
𥛜	zǔ
𥛝	féng
𥛞	lù
𥛟	pǔ
𥛥	zhuàn
𥛧	zhé
𥛨	shī
𥛩	yǔ
𥛪	lù
𥛫	liáng
𥛯	jué
𥛰	liào
𥛱	bēng
𥜃	yì
𥜄	guān
𥜌	ǎo
𥜏	guì
𥜐	mǐn
𥜒	yǎn
𥜓	lán
𥜖	bó
𥜙	zàn
𥜚	yǒu
𥜥	yì
𥜦	nǐ
𥜦	xiǎn
𥜬	nǐ
𥜬	xiǎn
𥜭	guǒ
𥜮	jùn
𥜰	shī
𥜲	jiǎn
𥜲	xiǎn
𥜴	qiān
𥜵	què
𥜶	kuí
𥝀	shé
𥝂	huò
𥝄	wàn
𥝊	fèi
𥝋	fèi
𥝌	jī
𥝍	wáng
𥝍	yù
𥝑	zhī
𥝒	guà
𥝔	jié
𥝕	máng
𥝖	hé
𥝖	xié
𥝘	yǒu
𥝟	dù
𥝠	sī
𥝠	xiù
𥝢	lì
𥝥	jié
𥝦	niǔ
𥝧	bà
𥝨	yú
𥝮	zhī
𥝸	hé
𥝹	kē
𥝾	dù
𥝾	zhà
𥝿	jiā
𥞁	chēn
𥞃	chuì
𥞃	shù
𥞄	hé
𥞅	zhǎi
𥞊	mèi
𥞍	hé
𥞎	zǐ
𥞏	zhú
𥞒	tuó
𥞘	zùn
𥞚	rú
𥞛	duò
𥞜	jiàng
𥞦	jiá
𥞧	héng
𥞩	bēng
𥞩	hé
𥞪	mò
𥞪	mǐ
𥞯	zú
𥞲	biē
𥞴	kù
𥞵	jiá
𥞺	zhuō
𥞼	xiū
𥟂	lái
𥟃	hé
𥟅	qiāo
𥟍	fěi
𥟎	shēng
𥟒	zhuì
𥟓	kuǎn
𥟔	zè
𥟕	xiān
𥟗	bì
𥟘	yì
𥟚	chàng
𥟪	mào
𥟶	wǎn
𥟽	wū
𥟾	kū
𥟿	wǒ
𥠀	xīng
𥠁	kē
𥠃	jiū
𥠄	duān
𥠅	huàn
𥠈	jì
𥠈	zhì
𥠉	cè
𥠊	róu
𥠋	jí
𥠍	yè
𥠛	jīng
𥠜	yàng
𥠡	zǒng
𥠩	cǎn
𥠱	sī
𥠲	lì
𥠳	gǔ
𥠴	chàng
𥠶	fěi
𥠷	liú
𥠹	jié
𥠺	yūn
𥠽	zhì
𥡀	chóu
𥡁	biē
𥡒	jī
𥡜	luó
𥡜	suì
𥡝	jiān
𥡝	qiān
𥡟	chuāng
𥡠	shuǎng
𥡢	lǜ
𥡣	jùn
𥡤	jiào
𥡦	dì
𥡦	tì
𥡧	zhā
𥡪	yì
𥡬	cōng
𥡭	něi
𥡮	jiā
𥡴	jì
𥡽	ài
𥢇	jiǎn
𥢊	bèn
𥢌	fán
𥢍	hù
𥢍	suì
𥢎	zùn
𥢏	diàn
𥢐	gāo
𥢑	gǎo
𥢑	hào
𥢒	lào
𥢒	láo
𥢔	zhuó
𥢔	zhào
𥢢	tuí
𥢦	bì
𥢧	jú
𥢧	yì
𥢮	huá
𥢲	chéng
𥢶	kuài
𥢷	dāng
𥢸	gé
𥢹	xié
𥢻	jié
𥢽	cān
𥣆	zú
𥣈	pú
𥣋	shǔ
𥣌	bǔ
𥣗	níng
𥣘	yǎn
𥣙	còng
𥣙	zhòu
𥣛	méng
𥣝	biǎn
𥣟	xiàng
𥣤	lù
𥣥	lí
𥣩	jì
𥣫	miè
𥣬	lèi
𥣮	zhì
𥣯	yōu
𥣰	biǎn
𥣸	mù
𥣺	ràn
𥤂	niǎo
𥤊	quán
𥤋	zhé
𥤐	lèi
𥤐	léi
𥤗	dǎng
𥤘	jué
𥤜	líng
𥤞	líng
𥤟	yán
𥤣	yǎo
𥤤	zhèn
𥤥	qī
𥤦	ài
𥤨	nú
𥤩	mǎng
𥤱	hān
𥤱	kǎn
𥤳	cuàn
𥤳	jiū
𥤴	yǎn
𥤵	miàn
𥤷	yín
𥤸	wán
𥤹	yào
𥤹	yǎo
𥤺	wā
𥤻	pí
𥤼	suì
𥥅	kǒng
𥥈	hóng
𥥈	wòng
𥥊	mǐng
𥥋	líng
𥥌	dié
𥥌	yì
𥥍	shèn
𥥍	shēn
𥥏	zuò
𥥛	bá
𥥛	tū
𥥝	yòng
𥥟	wà
𥥠	guǐ
𥥡	hòng
𥥥	shì
𥥧	xiòng
𥥩	xiàng
𥥩	ā
𥥱	chéng
𥥳	kēng
𥥴	yì
𥥵	yàng
𥥶	tíng
𥥷	dòu
𥥸	chá
𥥹	liù
𥥽	qiú
𥥾	xuǎn
𥥿	shēn
𥦀	kuān
𥦀	mì
𥦁	tòng
𥦃	qiǎn
𥦅	chòu
𥦊	wěn
𥦌	lòng
𥦍	yǎn
𥦍	ǎn
𥦔	kǎn
𥦖	yǎo
𥦘	fú
𥦜	bèng
𥦝	lǎn
𥦞	qià
𥦟	diàn
𥦢	jiào
𥦣	guī
𥦥	xiòng
𥦨	kè
𥦶	xiàn
𥦷	wòng
𥧂	gǒng
𥧆	ǒu
𥧇	cháo
𥧇	kē
𥧋	kū
𥧑	chǎn
𥧑	diān
𥧑	tián
𥧑	yǎn
𥧒	gòu
𥧓	mǎ
𥧕	liù
𥧙	wèi
𥧚	wěn
𥧡	gòng
𥧣	tú
𥧤	níng
𥧧	mì
𥧫	láng
𥧬	qiǎn
𥧭	mán
𥧮	zhé
𥧰	huà
𥧱	yōng
𥧲	jìn
𥧲	jǐn
𥧴	mèi
𥧷	fú
𥧻	qú
𥨌	liù
𥨍	fù
𥨎	dàn
𥨐	gǒng
𥨒	cuàn
𥨒	cuì
𥨕	xǐng
𥨜	tū
𥨝	shòu
𥨪	qióng
𥨳	róng
𥨻	lì
𥨿	jī
𥩀	tuò
𥩌	tóng
𥩒	tán
𥩔	líng
𥩖	yì
𥩗	ruǎn
𥩙	pǎ
𥩝	cà
𥩡	yuè
𥩢	què
𥩣	zhù
𥩤	hài
𥩱	fá
𥩲	hài
𥩺	liè
𥪀	bū
𥪁	pīng
𥪂	liè
𥪊	jué
𥪊	kuǐ
𥪋	fú
𥪌	tiǎn
𥪍	wò
𥪏	jū
𥪘	zhēn
𥪚	fú
𥪢	lóng
𥪦	xì
𥪧	tián
𥪫	jì
𥪯	qiáo
𥪯	yào
𥪱	cù
𥪴	pàng
𥪵	qiè
𥪻	lóng
𥪼	jǐ
𥫂	tóng
𥫃	yí
𥫅	chāng
𥫋	gōng
𥫎	dòng
𥫖	xiāng
𥫙	tǐng
𥫛	zhuān
𥫜	yǐ
𥫝	yì
𥫞	zǐ
𥫟	qǐ
𥫢	chǎ
𥫬	dùn
𥫯	chōng
𥫰	lù
𥫱	dùn
𥫳	fāng
𥫴	shì
𥫵	tì
𥫶	jī
𥫷	qiū
𥫸	shuǐ
𥫹	chén
𥫼	huàng
𥫽	shi
𥬀	yún
𥬆	lóng
𥬈	mǎn
𥬉	gōu
𥬍	xiān
𥬎	mò
𥬐	shěn
𥬒	pō
𥬓	yào
𥬔	qū
𥬕	rǎn
𥬙	jù
𥬜	yǐn
𥬝	bái
𥬞	niè
𥬠	chōu
𥬪	róng
𥬫	chuǎn
𥬬	niè
𥬭	liè
𥬭	lì
𥬮	jiāng
𥬯	kǎo
𥬰	cè
𥬰	zhà
𥬱	chòng
𥬲	duò
𥬲	zhuā
𥬳	zǐ
𥬴	yáng
𥬼	wěn
𥭋	jì
𥭌	jì
𥭐	lǜ
𥭑	qiú
𥭒	dùn
𥭓	báo
𥭔	chān
𥭖	bó
𥭘	chī
𥭙	niè
𥭙	zhè
𥭚	màng
𥭜	jì
𥭝	miào
𥭞	yuàn
𥭠	wú
𥭡	zhì
𥭢	pīng
𥭥	chōng
𥭫	mí
𥭬	féi
𥭭	cuō
𥭮	méng
𥮍	yín
𥮎	mǎng
𥮏	diǎn
𥮐	diāo
𥮒	qián
𥮒	zhān
𥮕	hàng
𥮖	zhí
𥮗	jú
𥮘	niàn
𥮜	mí
𥮝	gǔ
𥮣	zhuā
𥮤	niè
𥮥	zhuó
𥮧	yè
𥮨	còng
𥮪	jí
𥮪	xū
𥮬	xì
𥮯	bō
𥮾	cǎn
𥯃	yǎn
𥯑	jǐn
𥯔	jǔ
𥯕	dàng
𥯖	dù
𥯘	yé
𥯙	jìng
𥯚	kè
𥯛	luò
𥯜	wěi
𥯝	tū
𥯞	yóu
𥯟	pài
𥯡	pí
𥯢	dìng
𥯤	wěi
𥯥	chè
𥯦	jiàn
𥯦	shà
𥯨	sī
𥯩	zhuó
𥯪	sòu
𥯬	ruǎn
𥯮	yú
𥯳	è
𥯶	kǔ
𥯸	zhù
𥯾	xiá
𥰛	fú
𥰜	táo
𥰝	xī
𥰞	chōu
𥰞	sǒu
𥰟	yuán
𥰠	lǘ
𥰡	cè
𥰢	shàn
𥰣	liú
𥰥	xì
𥰦	jī
𥰧	yǐ
𥰨	tán
𥰪	hú
𥰭	cuō
𥰭	cī
𥰭	zhǎ
𥰮	gě
𥰰	shé
𥰰	shì
𥰱	sāo
𥰲	hòng
𥰳	xiàn
𥰶	xiá
𥰻	mù
𥰼	suǒ
𥰾	zhài
𥱀	fū
𥱁	sè
𥱂	nú
𥱃	yì
𥱧	qín
𥱨	qìng
𥱵	huì
𥱵	suì
𥱵	xí
𥱶	shuǎng
𥱷	dǎn
𥱸	ōu
𥱹	mò
𥱺	qiān
𥱻	chì
𥱻	tú
𥱼	pái
𥱼	pì
𥱽	juàn
𥲀	cháo
𥲁	liè
𥲂	bīng
𥲃	kòu
𥲄	dàn
𥲅	chóu
𥲆	tōng
𥲇	dàn
𥲈	mǎn
𥲉	hù
𥲊	liáo
𥲋	xián
𥲍	cáo
𥲎	lù
𥲏	chuàn
𥲐	wú
𥲑	mán
𥲕	zǐ
𥲗	dù
𥲚	shuàng
𥲛	fù
𥲜	jù
𥲝	zhòu
𥲟	diào
𥲠	wàng
𥲡	chuāng
𥲢	qiān
𥲣	tuì
𥲥	lián
𥲦	biāo
𥲧	lí
𥲪	lí
𥳆	bì
𥳇	fù
𥳈	cuì
𥳉	dū
𥳋	zàn
𥳋	zān
𥳌	lóng
𥳍	xún
𥳎	qióng
𥳏	jī
𥳐	qiǎn
𥳒	jiǎn
𥳓	shāo
𥳔	duò
𥳕	shū
𥳖	bù
𥳗	xū
𥳘	dǒng
𥳚	rán
𥳜	yáng
𥳝	ruǐ
𥳞	lìn
𥳟	jiǎn
𥳠	dì
𥳡	fén
𥳢	diàn
𥳣	zuì
𥳥	nǐng
𥳪	suàn
𥳫	tiǎn
𥳬	àn
𥳯	cè
𥳰	dìng
𥳱	shēn
𥳲	dù
𥳳	tí
𥳴	jiǎo
𥳵	zuì
𥳶	zhǎng
𥳷	jiǎn
𥳸	dàn
𥳹	dǎn
𥳺	sǒng
𥴐	zhǎn
𥴑	tíng
𥴒	zhì
𥴕	yóu
𥴖	pái
𥴡	lǐ
𥴤	qián
𥴦	dí
𥴦	suì
𥴧	jǔ
𥴨	ài
𥴩	gé
𥴪	jù
𥴫	diàn
𥴫	tún
𥴬	bì
𥴭	qià
𥴮	bó
𥴯	huì
𥴱	jiàn
𥴴	gōu
𥴵	suàn
𥴺	cí
𥴻	qiàng
𥴿	yán
𥵏	diàn
𥵒	miè
𥵜	pò
𥵝	lǐng
𥵞	jié
𥵟	zhù
𥵠	gǔ
𥵣	duān
𥵤	zhào
𥵦	shǎo
𥵧	qǐn
𥵨	mí
𥵪	píng
𥵫	cóng
𥵬	chōu
𥵯	sà
𥵶	tiǎn
𥶅	liú
𥶆	lǘ
𥶇	lǔ
𥶈	zōu
𥶌	lǜ
𥶍	huǎn
𥶏	tiáo
𥶐	tuí
𥶑	qiǎng
𥶒	lìn
𥶓	bēi
𥶔	páo
𥶕	zhān
𥶗	lì
𥶛	tí
𥶜	hú
𥶢	liè
𥶵	huǐ
𥶶	qū
𥶷	xuǎn
𥶹	jìng
𥶺	dié
𥶻	suí
𥶽	wèi
𥶿	yán
𥷀	yān
𥷁	bàn
𥷃	jiǎng
𥷄	nǐ
𥷅	lì
𥷆	hú
𥷇	qì
𥷈	zhōng
𥷑	bì
𥷔	yú
𥷕	dié
𥷖	lìn
𥷗	lì
𥷘	zhuó
𥷙	jì
𥷚	jū
𥷜	fēng
𥷞	yù
𥷨	liè
𥷩	zá
𥷪	qián
𥷫	jiē
𥷬	guān
𥷮	zhuó
𥷮	zhāo
𥷱	fù
𥷹	sè
𥷼	cù
𥸃	huǐ
𥸈	dàng
𥸉	lóng
𥸊	yì
𥸗	sǎ
𥸘	yuè
𥸚	dí
𥸡	gǎn
𥸢	zān
𥸣	shàn
𥸤	yù
𥸥	bǒ
𥸧	dìng
𥸨	bǒ
𥸨	bǔ
𥸨	fán
𥸪	yù
𥸬	shēn
𥸲	gōng
𥸴	miè
𥸵	tún
𥸸	liè
𥹁	zhā
𥹁	zuò
𥹂	pēi
𥹄	mí
𥹆	míng
𥹇	fàn
𥹉	nà
𥹊	sì
𥹋	yí
𥹌	jiā
𥹍	zhù
𥹓	bān
𥹔	yù
𥹖	pǒ
𥹚	huān
𥹛	càn
𥹜	jiāo
𥹠	tán
𥹩	zhì
𥹫	mǐ
𥹬	kǎo
𥹱	yāo
𥹲	duì
𥹳	huán
𥹳	quǎn
𥹴	bù
𥹵	chù
𥹶	qiǎo
𥹷	liú
𥹸	bó
𥹺	kāng
𥹻	fèn
𥺅	dào
𥺉	dòu
𥺊	gé
𥺙	líng
𥺚	xí
𥺜	nì
𥺝	zhōu
𥺞	yù
𥺞	zhōu
𥺣	chōu
𥺴	niān
𥺵	jī
𥺷	qū
𥻄	kāi
𥻇	xiàn
𥻉	hé
𥻋	lín
𥻍	zī
𥻑	lì
𥻑	ǒu
𥻒	cù
𥻒	mì
𥻗	chá
𥻝	zhòng
𥻞	bú
𥻤	chōu
𥻥	xì
𥻦	sà
𥻧	jiān
𥻧	xián
𥻨	sè
𥻩	miàn
𥻫	fán
𥻬	zhī
𥻮	cuì
𥻴	xià
𥻾	nuò
𥻿	lí
𥼀	zú
𥼂	cuī
𥼃	zé
𥼅	lí
𥼘	qí
𥼚	zhuō
𥼛	cuì
𥼜	pū
𥼞	fán
𥼟	tán
𥼩	zī
𥼪	zǔ
𥼫	zhōu
𥼬	róng
𥼭	lín
𥼮	tán
𥼶	shì
𥼺	cuǐ
𥼻	zī
𥼼	fū
𥽁	xiào
𥽈	fēng
𥽈	lǐ
𥽏	xiàn
𥽐	jiàn
𥽒	fèn
𥽗	lì
𥽘	miè
𥽘	mò
𥽟	yōu
𥽥	huò
𥽧	qū
𥽬	niàng
𥽰	mí
𥽳	qì
𥽶	hé
𥽸	liàn
𥽿	zuò
𥾂	líng
𥾅	zhú
𥾇	niǎo
𥾊	jǐ
𥾋	réng
𥾌	jié
𥾍	gǎn
𥾐	yì
𥾓	zhóu
𥾕	wù
𥾚	dǎn
𥾚	gěng
𥾛	cù
𥾝	miè
𥾝	miǎn
𥾡	jī
𥾡	xún
𥾣	zhī
𥾤	xiáo
𥾧	fú
𥾨	hú
𥾬	dī
𥾮	jué
𥾯	diào
𥾹	shǒu
𥾼	wǎng
𥿃	nà
𥿄	dī
𥿅	shì
𥿆	cí
𥿇	shū
𥿉	mò
𥿉	wà
𥿊	chè
𥿋	biàn
𥿋	fán
𥿍	gū
𥿎	wǎn
𥿎	yuān
𥿑	guān
𥿑	lún
𥿚	qiè
𥿜	zhěn
𥿜	zhǎn
𥿝	dài
𥿞	shē
𥿦	zhōu
𥿧	xiǎng
𥿨	míng
𥿩	zì
𥿪	huāng
𥿫	mí
𥿫	wèi
𥿫	yì
𥿭	xì
𥿮	shì
𥿮	zhì
𥿯	pài
𥿰	duǒ
𥿴	cì
𥿵	móu
𥿷	chào
𥿹	yì
𥿺	gōu
𦀇	jīng
𦀓	jiē
𦀓	zēng
𦀔	pīng
𦀕	yè
𦀖	jié
𦀘	bī
𦀘	pī
𦀛	shā
𦀜	zhuàng
𦀝	jiǒng
𦀠	liú
𦀡	yǔ
𦀣	jū
𦀨	nuò
𦀸	mào
𦁄	chēn
𦁆	juàn
𦁆	shuàn
𦁆	zhuàn
𦁇	niàn
𦁈	kòng
𦁉	jiē
𦁊	huà
𦁍	xīn
𦁎	zuó
𦁏	yàn
𦁐	jué
𦁕	hū
𦁖	zhòu
𦁗	shè
𦁙	yǎn
𦁛	dié
𦁛	xiè
𦁜	dié
𦁟	chén
𦁟	chēn
𦁟	zhěn
𦁲	jiǎn
𦁳	jì
𦁶	chuò
𦁷	hóng
𦂀	dá
𦂄	kāi
𦂅	xīng
𦂅	xǐ
𦂆	huì
𦂇	jiǎn
𦂈	zhòu
𦂉	zhǎ
𦂊	fù
𦂋	chì
𦂌	běng
𦂍	nuò
𦂑	jì
𦂒	qián
𦂔	wàn
𦂕	óu
𦂖	bì
𦂗	shuò
𦂠	jīng
𦂡	yè
𦃄	fěi
𦃇	lí
𦃊	lì
𦃋	pí
𦃒	suì
𦃓	liú
𦃔	hé
𦃕	hǔn
𦃖	tǎn
𦃗	shuò
𦃘	zhì
𦃙	bó
𦃝	xì
𦃡	pó
𦃡	tāo
𦃢	qǔn
𦃤	mù
𦃽	yōng
𦄂	dài
𦄊	qǐ
𦄋	diǎo
𦄌	niè
𦄍	shuǎng
𦄏	shāo
𦄐	kǔn
𦄐	mí
𦄑	suì
𦄓	dōu
𦄔	dié
𦄜	gōng
𦄯	zhuǎn
𦄰	guó
𦄼	xū
𦄽	qú
𦅀	xún
𦅃	jiāo
𦅃	qiāo
𦅄	zhé
𦅆	diàn
𦅇	sāng
𦅈	bēng
𦅊	suǒ
𦅋	qiǎn
𦅏	xū
𦅑	xún
𦅔	mò
𦅵	suì
𦅶	liè
𦅶	là
𦅷	zhù
𦅷	zhǔ
𦅸	zhòu
𦅺	lì
𦅼	dān
𦅽	jú
𦅿	yùn
𦆀	chǎn
𦆁	luó
𦆄	sè
𦆆	lián
𦆈	zuí
𦆈	zuǎn
𦆋	lài
𦆌	shuǎng
𦆍	qiè
𦆘	dōu
𦆞	wù
𦆟	méng
𦆡	jì
𦆤	chī
𦆦	nǐ
𦆸	yáo
𦆻	là
𦆾	lǜ
𦇀	suì
𦇁	fū
𦇄	lěi
𦇅	wěi
𦇎	cōng
𦇔	lì
𦇖	pín
𦇘	jūn
𦇙	jǔ
𦇛	là
𦇧	jì
𦇪	miè
𦇬	yào
𦇭	biān
𦇱	cóng
𦇲	chī
𦇲	sī
𦇵	sī
𦇸	hé
𦈃	nàng
𦈅	dié
𦈈	chè
𦈉	yùn
𦈋	xiǔ
𦈌	shū
𦈎	chǎn
𦈏	mín
𦈐	lián
𦈑	yīn
𦈒	xīng
𦈓	wēi
𦈔	gǔ
𦈕	tóu
𦈖	tā
𦈗	fěi
𦈘	dā
𦈙	niè
𦈚	cù
𦈛	zuǒ
𦈜	jié
𦈝	xuàn
𦈞	bó
𦈟	jīn
𦈠	yǐn
𦈡	xū
𦈣	yú
𦈤	xiòng
𦈦	qì
𦈧	bēi
𦈨	xíng
𦈩	gǒng
𦈬	zuǐ
𦈰	jiē
𦈲	gǔ
𦈲	kāi
𦈵	xíng
𦈶	bēi
𦈷	shū
𦈸	yù
𦈺	zhǒu
𦈻	zhǎn
𦉂	zhōng
𦉆	chá
𦉈	chuí
𦉉	liù
𦉎	suī
𦉐	zhǔ
𦉙	biàn
𦉝	xìn
𦉟	yà
𦉢	líng
𦉧	yà
𦉬	tīng
𦉹	dí
𦊁	pí
𦊂	hù
𦊃	cén
𦊊	tiān
𦊋	mǒu
𦊌	juǎn
𦊎	mǒu
𦊐	jù
𦊑	liǔ
𦊓	lǐng
𦊗	liǔ
𦊘	hù
𦊦	fú
𦊧	hú
𦊪	è
𦊫	gōng
𦊬	gū
𦊱	guà
𦊹	lüè
𦊻	fán
𦊼	lǜ
𦊽	méng
𦊾	fú
𦊿	liú
𦋅	xié
𦋆	gū
𦋈	xiàn
𦋉	bó
𦋋	jì
𦋓	quān
𦋔	lù
𦋞	shuò
𦋡	mǒu
𦋢	yù
𦋣	hàn
𦋩	yuè
𦋪	dàn
𦋯	yú
𦋰	jiān
𦋳	gāng
𦋿	cáo
𦌀	shèn
𦌁	liǔ
𦌁	lóu
𦌆	jiāo
𦌉	sù
𦌊	sù
𦌋	zhòng
𦌒	liào
𦌔	xuǎn
𦌕	lù
𦌗	jì
𦌚	yán
𦌟	lù
𦌡	mǐn
𦌢	tí
𦌦	huàn
𦌩	yì
𦌪	tǎn
𦌬	wú
𦌬	wǔ
𦌰	jī
𦌷	dú
𦌸	kūn
𦌺	jūn
𦌿	shī
𦍀	nàn
𦍁	pò
𦍄	shū
𦍅	quàn
𦍌	rèn
𦍏	fén
𦍒	tà
𦍓	tún
𦍕	yáng
𦍠	lì
𦍦	duō
𦍧	cī
𦍩	gǔ
𦍪	fén
𦍭	róu
𦍱	gāo
𦍲	xiáng
𦍲	yàng
𦍴	xiáng
𦍵	hǒu
𦍷	tāo
𦍸	shàn
𦍹	yáng
𦍺	zì
𦍼	yuán
𦎄	sú
𦎇	chuàn
𦎈	xiáng
𦎈	xiè
𦎊	bān
𦎌	mǎn
𦎎	fǔ
𦎏	lǎ
𦎐	lǐ
𦎒	jié
𦎓	yōu
𦎘	yù
𦎚	chì
𦎜	chuàn
𦎝	yì
𦎞	shān
𦎢	jí
𦎣	yān
𦎦	wù
𦎧	chún
𦎧	dùn
𦎧	dūn
𦎨	máng
𦎭	fú
𦎮	jiā
𦎯	gòu
𦎰	gú
𦎱	jiá
𦎵	xián
𦎷	jìn
𦎸	zì
𦎹	lóu
𦎼	gòu
𦏀	rén
𦏂	shān
𦏅	jué
𦏆	tóng
𦏇	yǒu
𦏔	jiān
𦏕	dú
𦏗	hú
𦏛	sāo
𦏜	yù
𦏢	mài
𦏤	zhī
𦏥	yān
𦏦	gāo
𦏨	huài
𦏮	quán
𦏱	chài
𦏱	yǎng
𦏳	zuǐ
𦏷	xiāo
𦏸	chí
𦏸	yì
𦏹	yǎn
𦏺	gòng
𦏺	hóng
𦏻	yù
𦏻	yú
𦏿	chì
𦐁	chí
𦐄	háng
𦐅	sè
𦐆	pā
𦐇	tà
𦐈	fēn
𦐉	chī
𦐌	hóng
𦐍	xuè
𦐖	zhǐ
𦐛	qú
𦐛	yù
𦐠	xī
𦐡	fú
𦐣	shū
𦐤	hài
𦐦	pò
𦐨	cǐ
𦐰	chài
𦐳	hōng
𦐸	pǎo
𦐹	shēn
𦐺	xiāo
𦐽	líng
𦐽	xuān
𦐾	cǐ
𦐿	tíng
𦑀	pò
𦑇	tà
𦑈	chā
𦑋	zú
𦑌	huò
𦑍	xù
𦑎	yàn
𦑏	chài
𦑑	tuó
𦑘	xián
𦑙	xuān
𦑚	hóu
𦑛	huǎn
𦑜	gé
𦑝	chǒng
𦑞	bì
𦑟	hōng
𦑠	hōng
𦑡	chí
𦑡	chī
𦑣	chá
𦑯	zhǎ
𦑱	huò
𦑱	zhái
𦑲	tà
𦑵	pò
𦑶	tà
𦑸	yóu
𦑹	fú
𦑺	cī
𦑻	dá
𦑼	tǎ
𦑾	liú
𦒁	cī
𦒃	hōng
𦒅	hàn
𦒆	lā
𦒈	shī
𦒍	tóng
𦒎	huì
𦒏	hé
𦒐	piē
𦒑	yù
𦒜	xiān
𦒝	hǎn
𦒟	pò
𦒦	là
𦒧	huò
𦒰	tài
𦒴	lǎo
𦒶	shù
𦒺	dào
𦒻	diǎn
𦓈	xiòng
𦓋	wàng
𦓍	chě
𦓎	nài
𦓐	jué
𦓓	liè
𦓓	ér
𦓔	xū
𦓔	ér
𦓕	nǘ
𦓖	nǜ
𦓝	zhuǎn
𦓢	nuò
𦓤	liè
𦓥	lěi
𦓧	bā
𦓬	chēng
𦓯	guī
𦓰	quán
𦓱	gè
𦓳	gǒng
𦓴	shào
𦓴	shāo
𦓹	lái
𦓺	zhēng
𦓻	yì
𦓼	gǔn
𦓽	wēi
𦓾	kǔn
𦓾	lǔn
𦔂	shí
𦔃	yīng
𦔄	shěng
𦔅	tú
𦔆	bì
𦔈	zé
𦔉	zhòng
𦔋	rǒng
𦔌	qí
𦔌	sí
𦔍	fù
𦔎	cè
𦔓	lí
𦔔	màn
𦔔	mán
𦔖	lián
𦔗	biāo
𦔛	chuáng
𦔜	yì
𦔠	pài
𦔥	shì
𦔥	yì
𦔦	kuài
𦔩	biāo
𦔩	pāo
𦔫	chì
𦔫	yì
𦔬	qú
𦔭	mò
𦔮	zhé
𦔯	shà
𦔰	shà
𦔰	xū
𦔷	yāo
𦔸	gōng
𦔹	nài
𦔼	xiè
𦔿	tiàn
𦕆	yé
𦕉	shā
𦕏	sào
𦕒	diān
𦕓	xù
𦕙	qú
𦕠	hōng
𦕡	shèng
𦕢	tìng
𦕰	duo
𦕵	liáo
𦕷	hòng
𦕸	lǐ
𦕺	gāo
𦕺	xiǎng
𦕽	shèn
𦖀	fū
𦖈	yǎn
𦖉	wǎng
𦖊	qī
𦖋	duǒ
𦖍	huà
𦖎	qiān
𦖐	xiè
𦖝	cì
𦖞	shēng
𦖞	wén
𦖢	èr
𦖤	xīng
𦖦	tuì
𦖧	yàn
𦖩	liè
𦖬	mí
𦖸	zòng
𦖺	zī
𦖼	hú
𦖽	yíng
𦖾	lián
𦖿	dā
𦗀	tián
𦗁	tiàn
𦗋	róng
𦗍	ài
𦗐	ài
𦗑	zhé
𦗒	guō
𦗓	lù
𦗔	zhāo
𦗕	mí
𦗖	liáo
𦗗	zhé
𦗛	qǔ
𦗜	cōng
𦗟	tè
𦗟	tīng
𦗡	tán
𦗢	zhǎn
𦗣	hú
𦗥	piē
𦗧	dā
𦗨	róng
𦗮	nǎo
𦗳	náng
𦗴	dāng
𦗵	jiǎo
𦗻	jù
𦗼	ěr
𦘊	lì
𦘌	guō
𦘍	wà
𦘍	wài
𦘒	niè
𦘔	jīn
𦘩	pǐ
𦘪	chì
𦘲	pǐ
𦘳	yì
𦘴	dū
𦘵	wǎ
𦘶	xūn
𦘸	qì
𦘹	shàn
𦘹	yuè
𦘼	xū
𦘿	hē
𦙀	pàn
𦙂	pēi
𦙄	xiōng
𦙆	chǐ
𦙇	tān
𦙈	cuì
𦙈	zuì
𦙉	zuǎn
𦙊	qì
𦙋	dū
𦙙	shuǐ
𦙜	nǎ
𦙝	xī
𦙧	chǎo
𦙨	yì
𦙫	zhēng
𦙮	jú
𦙯	dài
𦙱	sān
𦙴	zhù
𦙵	wàn
𦙶	gǔ
𦙸	sān
𦙹	bàn
𦙺	jià
𦙺	jiā
𦙻	mài
𦚈	dù
𦚈	tuò
𦚊	qì
𦚏	zhuāng
𦚐	tuó
𦚓	píng
𦚝	pēng
𦚞	kuàng
𦚞	kuāng
𦚟	yí
𦚡	mài
𦚡	xiè
𦚢	yuē
𦚣	hén
𦚥	hóu
𦚥	yóu
𦚦	zhēng
𦚧	chǔn
𦚨	shì
𦚩	wǎ
𦚫	xié
𦚸	gèng
𦛅	è
𦛏	kú
𦛐	nà
𦛓	jū
𦛔	xuàn
𦛕	qū
𦛖	chè
𦛗	lǚ
𦛘	hé
𦛙	shèng
𦛚	nàn
𦛜	hán
𦛜	hé
𦛝	chá
𦛞	yān
𦛟	gěng
𦛠	niè
𦛢	guó
𦛣	yán
𦛤	guǎn
𦛧	zhì
𦛨	láo
𦛯	dǔ
𦛰	qì
𦛱	qū
𦛲	jué
𦜁	fēng
𦜃	xù
𦜄	tuì
𦜆	hán
𦜇	kū
𦜊	shēn
𦜋	zhì
𦜍	pàng
𦜎	zhēng
𦜏	lì
𦜐	wǎn
𦜒	fǎn
𦜓	xìn
𦜖	yà
𦜛	jū
𦜜	shèn
𦜭	mǎng
𦜯	tǔn
𦜰	zhuó
𦜱	xī
𦜲	yìn
𦜳	jīng
𦜴	tún
𦜷	gèng
𦜸	jì
𦝏	shuàn
𦝏	zhuǎn
𦝒	tiē
𦝔	zhī
𦝖	jí
𦝚	yíng
𦝛	wèi
𦝝	huàn
𦝞	tíng
𦝟	chán
𦝢	kuí
𦝣	kē
𦝣	qià
𦝤	bàn
𦝥	chā
𦝥	zhá
𦝦	tuǒ
𦝧	nǎn
𦝨	jiē
𦝪	yān
𦝬	tú
𦝮	wěn
𦝰	cōng
𦝳	xù
𦝴	yìn
𦝷	bèng
𦝼	lǘ
𦞁	zāi
𦞂	da
𦞂	dā
𦞆	niè
𦞇	jǔ
𦞈	hóu
𦞌	gèng
𦞕	hóu
𦞖	kān
𦞗	gōng
𦞙	huǐ
𦞚	xiè
𦞝	xì
𦞞	hán
𦞟	mí
𦞡	wěng
𦞢	hùn
𦞣	sāo
𦞤	xìn
𦞤	zǐ
𦞥	zhé
𦞦	huò
𦞦	hè
𦞨	gōng
𦞫	sài
𦞬	jiàn
𦞬	jīn
𦞭	wā
𦞱	duǐ
𦞲	chī
𦞽	jí
𦞽	wèi
𦞽	xī
𦟂	mí
𦟃	zāng
𦟄	sào
𦟄	sǎng
𦟓	tún
𦟔	zhì
𦟕	wěn
𦟘	yín
𦟙	tǔn
𦟛	chōng
𦟜	zé
𦟞	xiāo
𦟟	mó
𦟠	cù
𦟣	biǎn
𦟤	xiū
𦟧	yí
𦟮	huǎng
𦟰	zhā
𦟱	suō
𦟲	hún
𦟳	jù
𦠁	cù
𦠄	jī
𦠅	xún
𦠆	sǔn
𦠆	zhuàn
𦠇	céng
𦠉	yì
𦠎	biāo
𦠒	jué
𦠓	lì
𦠖	pào
𦠛	zā
𦠜	yè
𦠞	bì
𦠟	zhè
𦠠	zhè
𦠢	jiù
𦠣	zhé
𦠦	shù
𦠪	xī
𦠷	xǔ
𦠸	nǎi
𦠹	xián
𦠺	gǔn
𦠻	wèi
𦠾	jí
𦠿	sà
𦡂	dǒng
𦡃	nié
𦡃	nuó
𦡄	dù
𦡅	zhēng
𦡆	kū
𦡉	míng
𦡕	báo
𦡖	huì
𦡙	zōng
𦡨	sàn
𦡪	tēng
𦡫	yí
𦡭	yù
𦡱	shào
𦡱	yào
𦡲	nǐng
𦡴	chóu
𦡴	zhǒu
𦡵	hùn
𦡷	duì
𦡹	qì
𦡺	yǐng
𦡻	bìng
𦡼	níng
𦡽	huáng
𦢆	yǐng
𦢊	báo
𦢊	bó
𦢎	guàng
𦢏	lěi
𦢐	zǔn
𦢙	chǎn
𦢙	qiān
𦢙	xiān
𦢣	jiǎn
𦢧	méng
𦢩	sōu
𦢩	xiào
𦢯	xìn
𦢯	xìng
𦢱	lí
𦢺	qiǎo
𦢿	juǎn
𦢿	wěi
𦣀	niè
𦣀	nà
𦣀	zhé
𦣂	pāng
𦣄	léi
𦣇	luó
𦣋	luán
𦣍	gēng
𦣏	luán
𦣒	qú
𦣖	luó
𦣘	náng
𦣛	luó
𦣜	yuè
𦣢	shuì
𦣥	mì
𦣦	wáng
𦣧	cè
𦣨	jiān
𦣩	wǎng
𦣯	jiā
𦣴	huán
𦣸	liàn
𦣹	zì
𦣺	bái
𦣻	bǎi
𦣻	shǒu
𦣾	wǎn
𦤂	shū
𦤇	guī
𦤈	xī
𦤊	rú
𦤋	yào
𦤎	gāo
𦤕	yuè
𦤘	yōng
𦤙	wà
𦤚	bó
𦤟	xìn
𦤢	pì
𦤣	bó
𦤦	hài
𦤦	hè
𦤦	ài
𦤧	zhài
𦤨	wò
𦤪	yè
𦤫	bì
𦤫	bí
𦤬	hài
𦤸	chì
𦤻	zhì
𦤽	ní
𦥁	wú
𦥂	ǎi
𦥈	ǎi
𦥉	yǔ
𦥊	chì
𦥍	jìng
𦥎	zhì
𦥏	zhì
𦥐	zhì
𦥑	jú
𦥑	jǔ
𦥑	póu
𦥖	hán
𦥖	xián
𦥚	pīng
𦥝	yǎo
𦥣	yóu
𦥤	pīng
𦥦	mò
𦥬	zuò
𦥭	pò
𦥯	xué
𦥰	kuáng
𦥱	yì
𦥲	pò
𦥻	zhuì
𦦃	ní
𦦄	qiǔ
𦦅	còu
𦦌	yǎo
𦦑	fén
𦦕	xiá
𦦗	jiāng
𦦘	chā
𦦛	xiào
𦦜	chā
𦦢	chéng
𦦣	cuì
𦦧	gǒng
𦦧	qióng
𦦩	yù
𦦫	yú
𦦯	wèn
𦦱	chā
𦦲	yù
𦦲	yǔ
𦦹	zuó
𦦺	dǎo
𦦽	fàn
𦦽	juàn
𦦾	dǎo
𦦿	yīng
𦧁	fěng
𦧅	wèng
𦧈	jìn
𦧉	qì
𦧋	qìn
𦧍	kuò
𦧏	tān
𦧐	xiān
𦧒	tiān
𦧔	kuò
𦧖	tiàn
𦧘	hú
𦧙	zhū
𦧚	zhān
𦧛	tà
𦧝	tiān
𦧞	tà
𦧟	tà
𦧠	huá
𦧡	tiàn
𦧡	yǎn
𦧢	tiè
𦧤	tiè
𦧥	tà
𦧬	huài
𦧮	jiá
𦧯	qì
𦧱	tà
𦧴	tān
𦧵	huà
𦧸	zhuàn
𦧹	huā
𦧼	lán
𦨆	zūn
𦨇	yì
𦨈	fú
𦨉	wù
𦨋	fú
𦨍	dīng
𦨎	tà
𦨖	chào
𦨙	rì
𦨚	quǎn
𦨜	gē
𦨡	fú
𦨢	dì
𦨣	diāo
𦨤	yǒng
𦨦	jià
𦨩	lóng
𦨬	yǒng
𦨭	pí
𦨯	huó
𦨰	qióng
𦨲	fán
𦨳	wú
𦨴	tóng
𦨵	háng
𦨸	tān
𦨾	hēng
𦩄	tiāo
𦩈	zhōu
𦩋	bài
𦩌	xiè
𦩍	diāo
𦩍	dāo
𦩏	jīn
𦩏	wéi
𦩕	hū
𦩖	bēi
𦩘	dìng
𦩜	nuó
𦩝	wèi
𦩞	yú
𦩠	xīng
𦩡	fú
𦩢	xiàn
𦩣	qì
𦩤	tū
𦩧	jí
𦩩	yìng
𦩫	dèng
𦩫	téng
𦩬	wēi
𦩭	xī
𦩯	pái
𦩱	shéng
𦩲	yǒu
𦩴	ái
𦩵	jiàn
𦩷	gōu
𦩸	ruò
𦩼	gòng
𦩿	shà
𦪀	táng
𦪇	lù
𦪈	áo
𦪊	qì
𦪋	xiū
𦪍	dāi
𦪑	fá
𦪒	wèi
𦪔	dùn
𦪕	liáo
𦪖	fān
𦪗	huáng
𦪗	héng
𦪘	jué
𦪙	tà
𦪚	zùn
𦪛	ráo
𦪜	cān
𦪝	téng
𦪠	huà
𦪡	xū
𦪣	zhān
𦪧	gǎn
𦪪	péng
𦪫	cān
𦪬	xiē
𦪭	dá
𦪱	jì
𦪶	lǐ
𦪹	pán
𦪽	lóng
𦪽	lǒng
𦪾	lì
𦪿	xí
𦫀	téng
𦫃	líng
𦫈	lǐ
𦫉	rán
𦫊	líng
𦫎	gǔn
𦫔	pō
𦫕	mò
𦫖	pāi
𦫙	bà
𦫡	qí
𦫤	yán
𦫪	wà
𦫫	ǎng
𦫭	mìng
𦫮	mǐn
𦫯	xùn
𦫰	méng
𦫳	guǎi
𦫶	jiāo
𦫻	gǎi
𦬁	cái
𦬂	wù
𦬃	zhé
𦬄	rěn
𦬅	kōu
𦬔	zhǎo
𦬕	zhōng
𦬖	qiú
𦬗	guō
𦬘	gōng
𦬘	sōng
𦬙	pū
𦬚	hù
𦬛	miǎn
𦬞	tiān
𦬣	wǎng
𦬸	zhú
𦬹	dàn
𦬹	dá
𦬺	huǎng
𦬺	xiòng
𦬻	ná
𦬾	juān
𦭁	niǎn
𦭈	hù
𦭉	shā
𦭜	zhī
𦭟	tā
𦭡	sī
𦭥	yì
𦭭	qióng
𦭮	zhì
𦭯	lóu
𦭯	lǚ
𦭰	rú
𦭲	qí
𦭳	yǔ
𦭴	zhōu
𦭵	yáng
𦭶	xiǎn
𦭷	móu
𦭸	chóu
𦭹	huī
𦭺	jiū
𦭻	jiù
𦭼	bì
𦭼	piǎo
𦮁	jiào
𦮃	guāi
𦮃	kuā
𦮅	mò
𦮐	xī
𦮑	pú
𦮯	jì
𦮶	wěn
𦮷	bèi
𦮸	yǐ
𦮹	fú
𦮺	sī
𦮻	juān
𦮼	jì
𦮼	qí
𦮾	nì
𦯀	bèn
𦯅	xù
𦯈	qǐn
𦯉	bó
𦯌	wáng
𦯍	zhè
𦯏	wò
𦯐	sháo
𦯑	zào
𦯒	yǎng
𦯕	sòng
𦯖	niè
𦯛	bì
𦯣	cú
𦯤	qiāng
𦯪	xiào
𦯫	zhī
𦯬	shé
𦯯	zhì
𦯰	pēng
𦰏	diào
𦰖	wò
𦰘	zhǐ
𦰙	bì
𦰛	fén
𦰡	nà
𦰥	bāng
𦰪	qiú
𦰫	nǐ
𦰬	bó
𦰭	dùn
𦰯	shǐ
𦰰	xū
𦰱	cháng
𦰲	xū
𦰳	yé
𦰴	mí
𦰸	xīn
𦰹	zhuó
𦰺	fù
𦰽	pǐ
𦰾	xuè
𦱀	yù
𦱁	xián
𦱂	yù
𦱃	yú
𦱅	jū
𦱆	tā
𦱇	kōng
𦱊	zhēng
𦱋	méng
𦱌	gāng
𦱒	mù
𦱓	xǐ
𦱔	bì
𦱖	fù
𦱜	xiào
𦱠	jiū
𦱣	gǒu
𦱰	chí
𦱱	jiū
𦱲	jiū
𦱵	shā
𦱷	fēi
𦲫	fú
𦲯	wàn
𦲰	xū
𦲱	bō
𦳁	hào
𦳁	mào
𦳃	xié
𦳄	pián
𦳅	yǔ
𦳇	tián
𦳈	bì
𦳈	pí
𦳊	shǐ
𦳋	kuǎi
𦳌	jī
𦳏	zhā
𦳐	nà
𦳐	nài
𦳑	mǒu
𦳓	fú
𦳔	dù
𦳗	shěng
𦳘	chá
𦳚	chí
𦳛	guǐ
𦳜	mín
𦳝	dàng
𦳝	tāng
𦳞	bài
𦳟	qiāng
𦳡	zhuó
𦳢	wèi
𦳣	xún
𦳥	miǎo
𦳦	zāi
𦳧	yóu
𦳩	yòu
𦳫	shān
𦳬	hé
𦳭	lǚ
𦳮	zhí
𦳲	jìng
𦳳	zhēn
𦳶	méng
𦳷	yóu
𦳹	wò
𦳺	bá
𦳽	juàn
𦳾	rú
𦳿	còu
𦴀	zhī
𦴇	qióng
𦴉	hú
𦴊	yāng
𦴌	jùn
𦴍	shé
𦴎	kòu
𦴑	qián
𦴔	méng
𦴚	tiáo
𦵐	niè
𦵟	chí
𦵡	gōng
𦵡	xiōng
𦵣	hùn
𦵦	dí
𦵧	láng
𦵩	qiú
𦵩	zāo
𦵪	cè
𦵫	suǒ
𦵬	zù
𦵭	suī
𦵯	xiá
𦵱	xiè
𦵴	jié
𦵵	yóu
𦵷	gòu
𦵸	gěng
𦵼	jùn
𦵽	huǎng
𦵾	jí
𦵿	pōu
𦶀	wū
𦶂	yì
𦶅	nǎi
𦶇	ruǎn
𦶇	rǒng
𦶈	nán
𦶊	píng
𦶋	shàn
𦶌	diāo
𦶍	jí
𦶎	huā
𦶏	duì
𦶐	kǒng
𦶑	tà
𦶓	hòng
𦶕	shū
𦶙	héng
𦶚	fěn
𦶲	kòu
𦷙	nián
𦷝	chú
𦷦	qiàng
𦷲	xì
𦷳	hú
𦷴	sòng
𦷵	wò
𦷷	hài
𦷸	rú
𦷹	méng
𦷻	sǎn
𦷽	wú
𦷿	yóu
𦸁	tān
𦸂	shēn
𦸆	qǐ
𦸈	guó
𦸉	qià
𦸊	xiān
𦸏	suī
𦸐	lù
𦸓	qī
𦸔	diāo
𦸗	qí
𦸘	jiá
𦸙	yóu
𦸚	xí
𦸛	cháo
𦸡	mì
𦸢	lòu
𦸣	bǐ
𦸪	péi
𦸮	zhēn
𦸯	shēn
𦸰	chǎn
𦸱	fù
𦸶	qū
𦸷	sī
𦸺	zuī
𦹫	zhào
𦹽	pí
𦺀	còu
𦺆	gāo
𦺇	dú
𦺉	fū
𦺊	guān
𦺋	sǎo
𦺌	sǒu
𦺍	jiǎn
𦺎	póu
𦺐	cán
𦺑	bèng
𦺒	mòu
𦺓	zhāo
𦺔	xiáo
𦺖	jú
𦺗	shū
𦺘	jiǎn
𦺙	lí
𦺛	chuàn
𦺜	lào
𦺜	láo
𦺞	hè
𦺟	hú
𦺠	gū
𦺡	zhǎng
𦺢	jié
𦺣	xiàng
𦺥	dū
𦺦	hán
𦺧	jiá
𦺨	xiàng
𦺩	jí
𦺪	shǔ
𦺫	làng
𦺬	jī
𦺭	shān
𦺰	tiáo
𦺰	tāo
𦺱	zī
𦺲	shuàn
𦺴	jí
𦺵	chù
𦺶	jì
𦺷	shēn
𦺸	lìn
𦺸	lín
𦺹	liáo
𦺻	sǎn
𦺽	ǎn
𦺾	ruǎn
𦻀	tái
𦻀	tí
𦻁	dàn
𦻃	huán
𦻅	sà
𦻕	yǐn
𦼆	ruí
𦼇	wū
𦼈	jù
𦼉	huán
𦼊	léng
𦼋	lù
𦼎	tān
𦼏	zēng
𦼓	qián
𦼗	xī
𦼡	cǐ
𦼢	shé
𦼧	sà
𦼪	mào
𦼫	qú
𦼭	bó
𦼮	gàn
𦼮	gǎn
𦼰	hé
𦼰	qiè
𦼱	juàn
𦼲	dāng
𦼳	cháng
𦼴	yáng
𦼵	hé
𦼷	jī
𦼹	bǐng
𦼻	méi
𦼿	dūn
𦽀	ǎo
𦽁	jīng
𦽂	lù
𦽃	miàn
𦽄	diàn
𦽅	hè
𦽇	jiān
𦽊	huá
𦽋	gōu
𦽎	lù
𦽏	fú
𦽐	huǐ
𦽒	zéi
𦽔	jìn
𦽕	sī
𦽖	qūn
𦽜	dàn
𦽞	wàn
𦽟	biǎn
𦽤	jiá
𦽫	dǎn
𦽬	jiū
𦽭	xián
𦽮	bó
𦾏	xiá
𦾑	biāo
𦾕	pò
𦾘	sǎo
𦾙	bèi
𦾚	shà
𦾛	wěi
𦾝	cāng
𦾞	lù
𦾩	dàn
𦾫	gǔ
𦾬	zā
𦾭	bǎng
𦾮	gàn
𦾮	gǎn
𦾱	chāo
𦾲	jì
𦾳	liē
𦾵	qióng
𦾶	jiàn
𦾷	lù
𦾸	duān
𦾹	suān
𦾺	yáo
𦾻	yǐn
𦾽	tà
𦾾	yáo
𦾿	jīng
𦿀	chú
𦿁	fú
𦿂	yuán
𦿃	shǎo
𦿅	bìng
𦿆	dàng
𦿇	shì
𦿊	lú
𦿋	qiè
𦿌	luó
𦿍	pò
𦿏	mèng
𦿏	méng
𦿐	jié
𦿓	jī
𦿖	lù
𧀄	chàng
𧀅	miè
𧀅	mò
𧀆	méng
𧀇	jiǎn
𧀊	cǎi
𧀌	sù
𧀔	hè
𧀕	sà
𧀗	zī
𧀘	kēng
𧀙	gěng
𧀚	sī
𧀠	tí
𧀡	zhàn
𧀢	xiè
𧀣	shuí
𧀤	chǐ
𧀥	yōu
𧀦	lǔ
𧀧	mèng
𧀨	liè
𧀩	sì
𧀬	xī
𧀭	fán
𧀮	fū
𧀯	shěn
𧀰	tí
𧀱	chài
𧀲	yuè
𧀴	fū
𧀵	jiàn
𧀵	shǎn
𧀶	dì
𧀹	zhè
𧀺	xié
𧀻	dān
𧀿	zhí
𧁃	xù
𧁈	niè
𧁉	fàn
𧁊	méng
𧁋	mǐn
𧁾	lóu
𧁿	dú
𧁿	shǔ
𧂁	zhàn
𧂂	jiàn
𧂃	hàn
𧂄	dàn
𧂅	sēn
𧂆	jiàn
𧂇	tán
𧂇	xún
𧂈	jiǎo
𧂉	pó
𧂋	píng
𧂍	sūn
𧂍	zhuàn
𧂏	liáo
𧂐	zì
𧂒	zhuó
𧂔	hù
𧂙	xì
𧂛	méng
𧂜	jù
𧂝	miè
𧂞	xián
𧂠	kuì
𧂡	méng
𧂢	jiān
𧂦	nóu
𧂨	dì
𧂩	sāo
𧃏	chù
𧃐	zhí
𧃑	qián
𧃒	lǚ
𧃔	zhuó
𧃘	zuò
𧃙	hán
𧃚	suǐ
𧃛	gòu
𧃝	chǒu
𧃞	jì
𧃟	yì
𧃠	yú
𧃨	nóu
𧃩	nǐ
𧃪	ruò
𧃮	lín
𧃱	níng
𧄍	qiáo
𧄎	yáo
𧄏	fù
𧄐	shuāng
𧄑	kuì
𧄒	qú
𧄓	dǒng
𧄔	shǔ
𧄚	lí
𧄛	jú
𧄜	ruǐ
𧄠	zhá
𧄤	xiāo
𧄸	mén
𧄸	wěi
𧄹	shí
𧄺	diān
𧄻	lì
𧄼	dèng
𧄼	téng
𧄽	zàn
𧄽	zā
𧄿	luó
𧅀	cán
𧅃	āo
𧅆	jiǎn
𧅈	diào
𧅋	yíng
𧅖	yì
𧅗	dǎng
𧅘	nóu
𧅚	yuè
𧅮	lǐ
𧅯	lí
𧅰	hù
𧅲	yòu
𧅺	nàng
𧆂	chèn
𧆉	fēng
𧆊	biē
𧆏	mǎn
𧆐	gàn
𧆑	huò
𧆑	suǐ
𧆓	cū
𧆕	yǒu
𧆘	yòu
𧆜	xū
𧆡	xù
𧆢	hǔ
𧆣	lú
𧆥	xiá
𧆦	yì
𧆮	hǔ
𧆯	hù
𧆰	zǐ
𧆷	gōng
𧆸	tuī
𧆹	wū
𧆺	líng
𧆻	gū
𧆼	dōng
𧆼	zhōng
𧇄	lú
𧇈	zù
𧇌	tóng
𧇍	xiā
𧇎	hé
𧇓	yuè
𧇙	nán
𧇚	bó
𧇛	hū
𧇜	qì
𧇝	shú
𧇞	qiāng
𧇟	zhōu
𧇠	yào
𧇡	gū
𧇥	bān
𧇦	kǎn
𧇮	hé
𧇯	jì
𧇰	hú
𧇱	yán
𧇶	chūn
𧇷	dǐng
𧇸	qiū
𧇹	hóu
𧇼	hào
𧇿	zù
𧈁	xián
𧈄	xià
𧈅	xì
𧈈	sè
𧈈	xì
𧈌	gé
𧈍	xì
𧈑	gé
𧈔	lǚ
𧈖	gé
𧈗	kè
𧈙	shòu
𧈚	zhù
𧈜	téng
𧈝	yà
𧈞	nì
𧈦	luò
𧈧	méng
𧈧	suī
𧈪	chǎn
𧈭	wù
𧈯	yū
𧈹	zǎo
𧈻	yì
𧈼	jí
𧈼	xī
𧈽	hóng
𧈾	quán
𧈿	wǎng
𧉀	chǐ
𧉁	xì
𧉂	tiǎn
𧉃	yǔn
𧉅	yī
𧉆	jí
𧉇	huī
𧉈	fóu
𧉈	fú
𧉊	fǔ
𧉍	jí
𧉎	xuán
𧉐	shuāng
𧉑	tài
𧉓	dù
𧉗	yuán
𧉛	dì
𧉞	zhǔ
𧉟	tāi
𧉡	rǒng
𧉢	xué
𧉣	yù
𧉤	fàn
𧉥	běi
𧉧	jié
𧉧	qǔ
𧉩	bù
𧉪	jiā
𧉫	zhá
𧉭	nǔ
𧉮	shé
𧉮	yán
𧉮	yí
𧉲	lì
𧊄	guǐ
𧊅	guǎi
𧊇	dài
𧊇	dé
𧊏	gāi
𧊒	cì
𧊔	yǎn
𧊕	sōng
𧊖	shì
𧊘	kù
𧊙	zhǐ
𧊚	tóng
𧊛	qú
𧊜	è
𧊞	xíng
𧊟	rú
𧊠	shū
𧊠	yú
𧊣	yì
𧊤	yì
𧊥	xù
𧊦	fǒu
𧊧	gé
𧊧	è
𧊬	hé
𧊭	yīn
𧊯	hòng
𧊱	duǒ
𧊽	xíng
𧊾	fán
𧋉	qī
𧋊	shuō
𧋊	shā
𧋌	dù
𧋍	dì
𧋍	xué
𧋎	lí
𧋏	yì
𧋐	xí
𧋑	gěng
𧋒	shì
𧋒	tóng
𧋓	kào
𧋔	hòng
𧋕	kùn
𧋖	niè
𧋗	chí
𧋘	tí
𧋚	tóng
𧋠	lí
𧋠	lǐ
𧋡	nà
𧋱	zhān
𧋲	běi
𧌁	tiáo
𧌃	zā
𧌄	yè
𧌄	è
𧌅	shòu
𧌆	kōng
𧌇	péng
𧌈	fù
𧌉	lù
𧌊	xiè
𧌋	xiè
𧌌	xiū
𧌍	lù
𧌎	tiǎn
𧌏	tà
𧌐	cì
𧌑	qū
𧌓	fù
𧌔	zhī
𧌖	shè
𧌖	xiè
𧌗	zǒu
𧌘	fèi
𧌙	mín
𧌚	xīng
𧌝	tóng
𧌞	qí
𧌠	piāo
𧌢	suì
𧌣	ěr
𧌧	hǔ
𧌻	sōng
𧌽	biē
𧌾	dīng
𧌿	bǎn
𧍀	lǐ
𧍀	shī
𧍁	xiè
𧍂	xiáo
𧍃	fěi
𧍒	chuǎi
𧍒	chuǎn
𧍓	shuài
𧍔	yāo
𧍕	jué
𧍖	nìng
𧍖	shěng
𧍘	yōu
𧍙	fàn
𧍜	kuí
𧍝	dì
𧍟	máo
𧍠	jié
𧍢	yán
𧍢	yǐn
𧍥	wēi
𧍨	sāng
𧍩	jié
𧍪	yú
𧍫	wèi
𧍬	è
𧍭	quán
𧍮	jiǒng
𧍯	féng
𧍰	lóng
𧍱	dié
𧍲	pián
𧍴	liàn
𧍵	hú
𧍶	lǜ
𧍿	diàn
𧎃	cuì
𧎄	móu
𧎄	wù
𧎕	wáng
𧎖	juān
𧎗	kē
𧎘	yán
𧎙	jiǎo
𧎡	gōng
𧎣	róng
𧎤	sūn
𧎥	shàn
𧎨	chí
𧎪	qí
𧎫	suǒ
𧎭	yè
𧎮	zǎo
𧎯	quē
𧎰	zhǎn
𧎱	bā
𧎲	zú
𧎳	suǒ
𧎴	zhé
𧎵	xì
𧎷	chǔ
𧎸	jiǎo
𧎹	zuì
𧎺	gē
𧎻	móu
𧎻	wù
𧎾	lüè
𧎿	jí
𧏂	xié
𧏃	xié
𧏆	dǒu
𧏋	qiū
𧏑	píng
𧏓	liú
𧏖	pín
𧏗	cī
𧏥	jié
𧏧	huì
𧏫	shà
𧏸	zhí
𧏹	ài
𧏺	xù
𧏺	òu
𧏻	bì
𧏽	yē
𧏾	nì
𧏿	zhú
𧐁	sù
𧐃	xié
𧐄	yù
𧐄	yú
𧐅	qū
𧐈	zú
𧐉	zhī
𧐊	zhāng
𧐋	lüè
𧐌	wěi
𧐍	chōng
𧐎	mì
𧐐	jī
𧐒	sù
𧐓	yě
𧐔	xí
𧐔	yì
𧐕	tuán
𧐖	liàn
𧐖	lián
𧐗	xuán
𧐙	wù
𧐟	máo
𧐬	hóng
𧐯	lüè
𧐰	dú
𧐱	cóng
𧐲	chán
𧐳	lù
𧐴	sù
𧑀	lüè
𧑆	zhōng
𧑇	lí
𧑈	fèi
𧑊	jǐng
𧑋	kuì
𧑌	yì
𧑍	huá
𧑎	cuì
𧑏	zhú
𧑐	yù
𧑑	běng
𧑒	tūn
𧑓	shǔ
𧑔	dài
𧑕	wū
𧑖	cì
𧑗	nìng
𧑘	dàng
𧑙	zú
𧑚	hán
𧑜	pí
𧑝	chuàn
𧑠	dù
𧑡	pá
𧑤	zhū
𧑦	xié
𧑧	zhé
𧑨	qiè
𧑩	xuān
𧑫	sào
𧒀	bì
𧒂	fù
𧒈	lì
𧒎	é
𧒐	yē
𧒑	shǔ
𧒓	sè
𧒕	qī
𧒖	guò
𧒗	sè
𧒙	fù
𧒚	máo
𧒜	léi
𧒝	zhān
𧒨	chài
𧒭	wèi
𧒽	léi
𧒿	zéi
𧓀	yīng
𧓁	ài
𧓂	xiē
𧓄	bì
𧓋	chán
𧓎	bī
𧓎	pí
𧓏	cóng
𧓐	liè
𧓑	qí
𧓓	jì
𧓔	jīng
𧓕	dōng
𧓖	féi
𧓗	yí
𧓘	tuán
𧓨	měng
𧓩	cán
𧓪	yá
𧓲	yǎng
𧓴	tíng
𧓸	zhí
𧓺	xiè
𧓻	lǜ
𧓽	chài
𧓽	lì
𧓿	máo
𧔂	xiá
𧔅	sòu
𧔖	sū
𧔗	xuè
𧔝	lì
𧔞	yuán
𧔡	zhǎn
𧔣	tà
𧔤	xuán
𧔥	wèi
𧔦	yè
𧔧	páng
𧔨	máo
𧔩	tí
𧔪	pín
𧔬	dù
𧔭	qiú
𧔮	yǐ
𧔳	tuó
𧔴	chài
𧔷	jìn
𧔼	é
𧕃	chán
𧕄	yīng
𧕅	líng
𧕇	xiǎn
𧕉	qī
𧕋	yuè
𧕌	lüè
𧕍	yíng
𧕎	qú
𧕒	fěi
𧕓	zī
𧕙	qīng
𧕝	níng
𧕞	wèi
𧕟	shuāng
𧕡	fù
𧕤	mò
𧕥	mò
𧕦	tuó
𧕧	chài
𧕨	zàng
𧕮	lí
𧕯	lí
𧕯	shī
𧕱	xiá
𧕲	juǎn
𧕴	nán
𧕵	mì
𧕸	huáng
𧕺	shuāng
𧕼	xǔ
𧕿	fěi
𧖁	wén
𧖁	xiè
𧖆	tà
𧖇	yǒng
𧖉	zhǎn
𧖑	qiáng
𧖒	náng
𧖔	lìn
𧖘	luán
𧖙	xiǎn
𧖚	fú
𧖜	líng
𧖠	sāo
𧖢	huì
𧖨	tíng
𧖪	qíng
𧖬	huāng
𧖮	àn
𧖵	mǎn
𧖷	nì
𧖷	nǜ
𧖻	guó
𧖼	ǒu
𧖿	xiàng
𧗁	jīn
𧗆	zhēng
𧗈	n
𧗈	nú
𧗋	sàn
𧗌	hù
𧗎	zú
𧗏	huǐ
𧗒	jī
𧗖	yè
𧗦	xíng
𧗩	là
𧗪	qú
𧗪	yù
𧗫	jué
𧗱	shù
𧗱	yù
𧗲	zhēng
𧗴	yǒng
𧗶	gē
𧗸	jiàn
𧗹	xiān
𧗹	xìn
𧗼	huī
𧗿	shuài
𧘂	chōng
𧘃	háng
𧘈	liǎo
𧘍	jiāng
𧘏	gōng
𧘑	bào
𧘑	zhuó
𧘗	qǐ
𧘜	qiān
𧘞	dǒu
𧘟	bō
𧘟	pō
𧘢	hù
𧘥	niǔ
𧘧	qì
𧘨	diāo
𧘩	diāo
𧘫	lì
𧘮	xiōng
𧘽	ná
𧘿	zhēng
𧙀	là
𧙁	jì
𧙁	pī
𧙁	zhì
𧙁	zī
𧙃	ě
𧙄	bō
𧙅	pō
𧙆	xū
𧙇	dǎn
𧙇	yòng
𧙈	cí
𧙉	lì
𧙌	páo
𧙏	xiù
𧙏	yǒu
𧙛	pù
𧙝	ché
𧙞	qì
𧙡	yì
𧙣	tí
𧙤	duǒ
𧙥	lóng
𧙥	tǒng
𧙧	jiàn
𧙭	zhàn
𧙮	yuàn
𧙶	yú
𧙸	gēng
𧙺	hòu
𧙾	qǐ
𧚀	mù
𧚁	huàn
𧚂	lòng
𧚃	xì
𧚄	é
𧚅	lǎng
𧚆	fèi
𧚇	wèn
𧚇	wǎn
𧚉	cūn
𧚋	péng
𧚏	cuò
𧚐	wēng
𧚡	gǎo
𧚥	cuì
𧚨	qiè
𧚨	qì
𧚨	shà
𧚩	lí
𧚪	qiè
𧚫	jīng
𧚫	qiàn
𧚬	kōng
𧚭	běng
𧚯	shòu
𧚷	wēi
𧛄	shān
𧛏	zī
𧛒	tì
𧛓	qiān
𧛔	dú
𧛗	tú
𧛚	wēi
𧛞	hú
𧛟	xīng
𧛡	shān
𧛢	zhǐ
𧛧	chǐ
𧛸	zhòu
𧛹	wēng
𧛺	chí
𧛻	suǒ
𧛼	xiè
𧛾	kè
𧜁	shài
𧜁	shā
𧜁	shǎi
𧜂	shī
𧜃	shòu
𧜅	jiè
𧜉	gǎo
𧜊	lǚ
𧜔	xiè
𧜚	zhǐ
𧜞	màn
𧜞	mán
𧜠	shuài
𧜡	kè
𧜣	diǎo
𧜤	yī
𧜦	sù
𧜧	chuāng
𧜭	shǔ
𧜱	cuì
𧜲	tuò
𧜵	xiè
𧜽	xuán
𧝂	hè
𧝃	jué
𧝆	tì
𧝇	fèi
𧝉	zhǐ
𧝊	shì
𧝋	tuí
𧝎	chuáng
𧝎	chóng
𧝎	chōng
𧝐	tì
𧝑	zhàn
𧝒	héng
𧝔	qú
𧝕	wéi
𧝗	dūn
𧝘	bào
𧝜	liáo
𧝝	lǎi
𧝤	sī
𧝪	biǎo
𧝫	xiè
𧝬	bié
𧝬	bì
𧝮	cǒng
𧝲	jù
𧝳	hé
𧝷	kuì
𧝸	yōng
𧞀	shù
𧞍	niè
𧞏	yú
𧞐	zhuó
𧞑	méng
𧞒	hú
𧞔	jiè
𧞕	liè
𧞝	jiē
𧞞	xióng
𧞣	yǎn
𧞩	jié
𧞪	lié
𧞪	là
𧞫	shù
𧞬	jié
𧞭	léi
𧞰	zú
𧞲	shì
𧞸	suì
𧞸	wéi
𧞹	dū
𧞺	sù
𧟃	xié
𧟄	ráng
𧟌	luò
𧟑	qiān
𧟘	nàng
𧟙	líng
𧟜	jì
𧟠	mìng
𧟣	gǔ
𧟨	xuán
𧟬	xū
𧟱	bó
𧟼	wēi
𧠂	kū
𧠆	wǎn
𧠈	chà
𧠊	mào
𧠋	kè
𧠎	cì
𧠒	xiàn
𧠓	mò
𧠚	hūn
𧠛	chàn
𧠜	shī
𧠝	zhěn
𧠞	è
𧠟	mí
𧠡	shī
𧠢	qū
𧠣	shū
𧠥	cī
𧠦	yǎn
𧠩	hū
𧠪	qī
𧠫	chì
𧠫	dí
𧠫	zhì
𧠬	huāng
𧠴	zhǐ
𧠶	yǒu
𧠼	gào
𧠽	yǎo
𧠾	pōu
𧡇	yí
𧡈	chèng
𧡉	jì
𧡋	yá
𧡋	ǎi
𧡍	dòng
𧡏	suì
𧡑	jiù
𧡘	qì
𧡘	qīn
𧡙	lián
𧡚	xuǎn
𧡜	liǎo
𧡡	yùn
𧡢	xuǎn
𧡣	cóu
𧡤	piān
𧡦	kuí
𧡨	tí
𧡩	huǎn
𧡪	dàn
𧡪	dān
𧡫	guì
𧡫	kuì
𧡬	chēn
𧡮	shǎng
𧡯	jì
𧡴	liàn
𧡵	kān
𧡶	shèng
𧡸	dōu
𧡹	yóu
𧡺	qí
𧡼	xiǎo
𧢂	yì
𧢃	lóu
𧢆	chuāng
𧢋	lào
𧢌	gāo
𧢐	zēng
𧢒	wéi
𧢒	wěi
𧢖	jiān
𧢛	yīng
𧢜	fán
𧢝	lì
𧢞	qiān
𧢢	yào
𧢦	guì
𧢦	kuí
𧢦	kuī
𧢧	wéi
𧢩	què
𧢬	xiǎo
𧢭	què
𧢰	hū
𧢵	duō
𧢶	chù
𧢹	jīn
𧢹	shēn
𧢼	zhuó
𧢽	é
𧢾	jì
𧣁	tán
𧣃	pā
𧣋	jiè
𧣌	qiào
𧣑	qián
𧣒	jù
𧣕	qiú
𧣖	tuó
𧣚	nuò
𧣛	sì
𧣟	yí
𧣡	gǔ
𧣢	hùn
𧣣	pá
𧣤	zī
𧣦	jiāo
𧣩	xǐ
𧣪	shào
𧣪	shǎo
𧣬	yí
𧣭	zhì
𧣵	lùn
𧣷	zhōu
𧣸	jué
𧣹	tán
𧣺	chuò
𧣺	nuò
𧣻	jù
𧣼	hú
𧣾	zhì
𧤃	bī
𧤍	chì
𧤍	tì
𧤎	xuān
𧤏	jí
𧤐	guǎ
𧤑	jú
𧤒	wò
𧤓	tuó
𧤕	qiú
𧤖	wēi
𧤗	duān
𧤙	shòu
𧤛	zhěn
𧤜	lì
𧤜	nè
𧤟	xì
𧤠	zhé
𧤡	zhì
𧤣	ná
𧤤	xī
𧤨	jiān
𧤮	yáo
𧤯	guó
𧤯	yuè
𧤲	dǐ
𧤴	huò
𧤵	jīng
𧤼	jué
𧤽	jiàn
𧤽	yuè
𧥄	jí
𧥅	xī
𧥆	sù
𧥈	jiān
𧥊	kūn
𧥋	wò
𧥌	kuàng
𧥍	biāo
𧥎	jué
𧥑	bì
𧥓	chán
𧥕	zī
𧥖	lí
𧥖	shǐ
𧥚	fó
𧥛	qiǎn
𧥜	yǎn
𧥞	tàn
𧥟	mò
𧥣	kòu
𧥤	xiē
𧥤	xī
𧥮	dǐ
𧥮	hù
𧥯	hù
𧥱	fú
𧥴	yàng
𧥵	guò
𧥷	rén
𧥸	yìn
𧥹	fēng
𧥺	jùn
𧥺	yùn
𧥼	yún
𧥿	xùn
𧦁	xì
𧦎	xiā
𧦑	háng
𧦚	dǐ
𧦚	hù
𧦝	hào
𧦝	hū
𧦞	pù
𧦟	fān
𧦤	jiā
𧦧	tuō
𧦧	yí
𧦭	tuō
𧦭	xī
𧦮	ná
𧦸	yín
𧦹	yìn
𧧃	jì
𧧄	wàng
𧧅	jiàn
𧧅	shì
𧧆	duī
𧧇	duò
𧧉	tuó
𧧊	wā
𧧋	lì
𧧏	rè
𧧏	rě
𧧒	cì
𧧓	xù
𧧔	zhōu
𧧕	zì
𧧜	wǎng
𧧝	yǎ
𧧟	jì
𧧠	chǎo
𧧩	jí
𧧵	shǎn
𧧶	tú
𧧸	bié
𧧹	xì
𧧺	pī
𧧻	zhà
𧧾	huì
𧨀	suō
𧨀	zuò
𧨂	hè
𧨄	yuē
𧨆	huǎng
𧨆	wū
𧨈	líng
𧨈	wū
𧨊	zhà
𧨋	huá
𧨗	chán
𧨟	è
𧨡	chén
𧨧	suì
𧨩	tiǎn
𧨰	zhì
𧨱	tì
𧨲	āo
𧨳	zhuó
𧨴	zì
𧨵	kē
𧨷	sè
𧨸	tián
𧨹	lù
𧨾	shán
𧨿	zhǎ
𧩃	chōng
𧩅	yàn
𧩒	mǔ
𧩓	hū
𧩚	chī
𧩝	sù
𧩣	nǎo
𧩦	jí
𧩧	duó
𧩨	hòu
𧩪	còng
𧩫	chà
𧩫	zhā
𧩬	yín
𧩮	sòu
𧩮	sǒu
𧩮	xiǎo
𧩰	biàn
𧩱	bèng
𧩲	là
𧩴	chì
𧩴	chī
𧩶	qià
𧩸	ān
𧩹	shī
𧩹	yǐ
𧩼	chì
𧩼	zhǐ
𧪅	nù
𧪇	jì
𧪓	ǒu
𧪕	xiā
𧪘	chài
𧪘	cuǒ
𧪘	jiē
𧪚	ái
𧪝	shèng
𧪞	gé
𧪞	hé
𧪠	jí
𧪡	chī
𧪢	xì
𧪣	zhēng
𧪦	tā
𧪨	mà
𧪫	pī
𧪮	huá
𧪮	xū
𧪯	qiǎn
𧪹	xià
𧫊	yù
𧫑	jié
𧫒	xià
𧫓	lǔ
𧫕	qiè
𧫗	chà
𧫛	yàng
𧫜	jì
𧫝	shǎ
𧫞	lòu
𧫠	jī
𧫡	zhì
𧫢	wàng
𧫤	bì
𧫥	ān
𧫦	yī
𧫧	àn
𧫧	ān
𧫬	lí
𧫹	xiān
𧫾	jiù
𧫿	tǎn
𧬁	hào
𧬂	hè
𧬅	zhā
𧬆	zhǎn
𧬇	yì
𧬈	xì
𧬊	sí
𧬊	xì
𧬋	fà
𧬌	yán
𧬏	mǔ
𧬕	gū
𧬞	yún
𧬤	zhòng
𧬦	chǎn
𧬧	chuáng
𧬨	huì
𧬩	zá
𧬪	gùn
𧬫	jiǎn
𧬬	yá
𧬰	xiàng
𧬰	xiǎng
𧬱	hè
𧭃	dàn
𧭇	mián
𧭈	nìng
𧭈	níng
𧭊	méng
𧭌	liè
𧭍	zhòu
𧭎	pū
𧭏	tāi
𧭓	yíng
𧭔	téng
𧭕	guó
𧭚	qiáng
𧭜	lǜ
𧭝	sà
𧭞	liè
𧭟	chí
𧭠	xiě
𧭣	guó
𧭤	bào
𧭤	báo
𧭥	luò
𧭦	juàn
𧭦	xuān
𧭪	è
𧭳	hé
𧭵	mèi
𧭸	xiè
𧭹	pín
𧭻	hān
𧭼	chèn
𧭽	shàn
𧭾	huì
𧮆	yīng
𧮈	jiǎn
𧮍	ān
𧮑	tà
𧮒	yī
𧮓	tuí
𧮗	liú
𧮙	zuó
𧮛	lí
𧮝	pín
𧮞	xuè
𧮠	nèn
𧮡	dòu
𧮤	lǎn
𧮪	zhān
𧮫	jué
𧮬	jué
𧮬	zhēn
𧮭	jí
𧮮	qiān
𧮰	hān
𧮱	fén
𧮳	hān
𧮴	hóng
𧮵	hé
𧮶	hóu
𧮺	zhàn
𧮻	chóu
𧮻	xiāo
𧮼	tài
𧮽	qiàn
𧮿	shè
𧯀	yīng
𧯃	qīn
𧯆	huò
𧯈	xì
𧯉	hè
𧯊	xì
𧯋	xiā
𧯌	hāo
𧯍	lào
𧯏	lì
𧯒	chēng
𧯖	jùn
𧯗	xī
𧯘	hǎn
𧯞	dòu
𧯞	dōu
𧯠	dōu
𧯡	wān
𧯡	yuè
𧯤	dōu
𧯥	zài
𧯦	juàn
𧯨	lǒu
𧯩	chù
𧯫	zhēng
𧯯	qí
𧯰	kàn
𧯱	huò
𧯱	yù
𧯲	lái
𧯺	gāi
𧯼	shòu
𧯾	dōng
𧰃	lóu
𧰄	tuān
𧰇	yú
𧰈	wù
𧰊	tián
𧰎	láo
𧰒	guó
𧰘	tán
𧰙	qí
𧰠	liè
𧰡	lì
𧰣	xūn
𧰨	gèng
𧰩	tīng
𧰪	hàn
𧰫	chù
𧰭	tún
𧰯	xióng
𧰰	yóu
𧰱	mò
𧰲	chǐ
𧰴	hǔ
𧰵	dú
𧰵	dū
𧰵	zhuó
𧰷	mǔ
𧰹	nà
𧰻	líng
𧰿	ài
𧱀	xiān
𧱄	kǎn
𧱅	sì
𧱆	sān
𧱊	yì
𧱏	yì
𧱐	xiào
𧱐	xiāo
𧱒	zhuō
𧱒	zhī
𧱓	dòu
𧱘	mài
𧱜	lún
𧱝	jué
𧱝	jùn
𧱡	qiāng
𧱢	líng
𧱩	pián
𧱪	còu
𧱫	duò
𧱬	yǔ
𧱰	zhuō
𧱲	xì
𧱳	huài
𧱴	míng
𧱵	táng
𧱹	pū
𧱻	mì
𧱼	mán
𧱾	guāi
𧲀	qiān
𧲂	lín
𧲃	mǐn
𧲄	wěi
𧲅	céng
𧲇	hù
𧲈	suí
𧲋	jù
𧲌	shà
𧲍	méng
𧲗	wéi
𧲘	xī
𧲙	lìng
𧲜	bì
𧲝	wèi
𧲡	lì
𧲢	zhé
𧲤	yóng
𧲥	hú
𧲦	hé
𧲦	wán
𧲧	bā
𧲨	jiān
𧲭	zuǒ
𧲮	zhǎn
𧲯	bō
𧲰	chū
𧲰	qiū
𧲱	yāng
𧲴	dōng
𧲵	qú
𧲺	pí
𧲻	zhǎi
𧲾	shān
𧲿	gòu
𧳀	biào
𧳀	nǎo
𧳁	yí
𧳂	fú
𧳄	xìn
𧳅	shì
𧳅	shǐ
𧳆	tóng
𧳆	tōng
𧳉	dīng
𧳌	tū
𧳍	xiāo
𧳎	wú
𧳏	péi
𧳐	huī
𧳐	xī
𧳕	lái
𧳙	sì
𧳚	cuǐ
𧳛	shà
𧳜	zhǒu
𧳝	zhào
𧳞	wéi
𧳟	lái
𧳠	bì
𧳠	bǐ
𧳣	dǒng
𧳦	nǎo
𧳧	xiē
𧳨	rǎo
𧳩	tuàn
𧳪	wèi
𧳫	jiū
𧳫	qiú
𧳫	yòu
𧳫	yóu
𧳬	méi
𧳭	yuán
𧳮	zhòng
𧳶	sōu
𧳸	gú
𧳹	shào
𧳻	zhǎo
𧳼	pí
𧳿	tōng
𧴁	chī
𧴂	péng
𧴃	chán
𧴄	yōng
𧴅	shuǎng
𧴇	wǔ
𧴉	pí
𧴊	huàn
𧴌	fú
𧴎	biào
𧴓	náo
𧴕	biào
𧴖	wèi
𧴗	yōng
𧴙	nǎo
𧴚	guài
𧴠	lì
𧴢	xìn
𧴣	yán
𧴤	pò
𧴥	péi
𧴪	suǒ
𧴬	rèn
𧴭	shǎn
𧴲	suǒ
𧴸	dān
𧴺	mèn
𧵃	shǒu
𧵈	gòu
𧵊	hàn
𧵊	hān
𧵊	tàn
𧵋	shì
𧵌	yǎng
𧵎	gǔ
𧵛	kē
𧵞	jū
𧵠	pài
𧵡	cè
𧵢	bāo
𧵣	mín
𧵣	xiōng
𧵤	cái
𧵤	zhù
𧵧	lǐn
𧵨	ài
𧵬	mì
𧵬	shèn
𧵭	lǎi
𧵱	xiāo
𧵳	shé
𧵻	huó
𧵼	nì
𧶄	zhèng
𧶆	lìn
𧶇	zhá
𧶊	yún
𧶍	xù
𧶔	chéng
𧶕	wǒ
𧶖	xī
𧶙	bèi
𧶜	shāng
𧶜	shǎng
𧶠	yù
𧶡	mì
𧶲	duǎn
𧶲	zhuàn
𧶵	chà
𧶶	fàn
𧶷	zé
𧶸	chèng
𧶺	tíng
𧷅	yí
𧷋	yāo
𧷎	kū
𧷐	fén
𧷑	xié
𧷒	chèng
𧷛	kuì
𧷟	bīn
𧷡	lòu
𧷡	lóu
𧷥	yì
𧷦	mì
𧷧	xiè
𧷱	guī
𧷳	luó
𧷶	shàn
𧷾	jú
𧷿	dū
𧸂	xiān
𧸅	zhǐ
𧸈	bìn
𧸕	zhǐ
𧸖	lián
𧸖	zhuàn
𧸗	xué
𧸘	biǎn
𧸘	jiǎn
𧸘	liàn
𧸙	suì
𧸦	làn
𧸧	jù
𧸨	mián
𧸩	xùn
𧸪	zhàn
𧸫	gùn
𧸲	zhì
𧸽	wèi
𧸾	quǎn
𧸾	xuàn
𧸿	chài
𧹈	réng
𧹊	yuè
𧹌	zī
𧹐	luò
𧹑	guì
𧹒	mǎi
𧹓	chéng
𧹔	zhàng
𧹕	jū
𧹖	tiǎn
𧹗	wàn
𧹛	zhī
𧹞	niǎn
𧹞	nǎn
𧹣	hān
𧹨	xī
𧹩	lín
𧹬	yān
𧹭	xù
𧹲	hù
𧹳	gàn
𧹴	huò
𧹴	xù
𧹶	xì
𧹺	cuì
𧹽	xì
𧹾	hú
𧺅	yān
𧺎	yì
𧺏	chí
𧺐	jué
𧺒	zú
𧺜	jiào
𧺝	yì
𧺟	tǎn
𧺠	chì
𧺡	bá
𧺢	tòu
𧺢	yì
𧺣	zōng
𧺤	jū
𧺤	qiú
𧺧	chì
𧺨	xǐ
𧺰	nì
𧺲	cū
𧺴	wǔ
𧺶	chù
𧺷	sū
𧺸	yóng
𧺹	jǔ
𧺺	bá
𧺼	cǐ
𧺽	dì
𧺾	pǎn
𧺿	chì
𧺿	yì
𧻁	qiǔ
𧻃	qù
𧻃	yán
𧻍	zhǎi
𧻒	xiàn
𧻓	bèng
𧻔	kuāng
𧻕	qì
𧻖	zhōu
𧻗	jú
𧻘	qiè
𧻙	mò
𧻙	pò
𧻚	yuán
𧻜	guì
𧻜	kuǐ
𧻝	zuī
𧻧	qiè
𧻰	hú
𧻰	zào
𧻱	qiú
𧻲	hái
𧻲	kuī
𧻳	fù
𧻴	làng
𧻵	shà
𧻶	xī
𧻷	bū
𧻸	shì
𧻹	yǒng
𧻺	guāng
𧻺	kuāng
𧻼	niè
𧻿	hǒu
𧼊	mì
𧼎	è
𧼏	xián
𧼐	qūn
𧼐	yǔn
𧼑	xù
𧼒	qǐn
𧼓	dōng
𧼔	léng
𧼕	qì
𧼖	lán
𧼗	fú
𧼘	qǐ
𧼙	chǒng
𧼜	cù
𧼟	mò
𧼠	bēi
𧼤	dào
𧼨	jié
𧼨	jué
𧼩	chòng
𧼩	dòng
𧼪	chì
𧼫	yù
𧼬	cuī
𧼭	qiù
𧼭	sù
𧼭	sōu
𧼭	sǒu
𧼮	tàng
𧼮	tì
𧼮	tāng
𧼯	shù
𧼯	yú
𧼰	zhá
𧼱	bí
𧼱	fú
𧼳	chè
𧼴	fó
𧼴	zhì
𧼵	hóu
𧼶	zhá
𧽄	jié
𧽅	zhá
𧽆	zhān
𧽉	yǎn
𧽊	hái
𧽋	wǔ
𧽌	huá
𧽍	diàn
𧽍	diān
𧽎	yáo
𧽏	sōu
𧽐	qiān
𧽑	jí
𧽒	xiòng
𧽓	qì
𧽔	jūn
𧽖	hái
𧽞	yǎn
𧽟	jié
𧽠	cuī
𧽢	tuán
𧽣	zhāng
𧽤	piāo
𧽥	lù
𧽦	zhī
𧽧	chù
𧽨	mì
𧽩	qiāng
𧽫	liàn
𧽲	lì
𧽵	zōng
𧽶	é
𧽷	sù
𧽸	guì
𧽸	jué
𧽻	jú
𧽼	tán
𧽽	liáo
𧽾	cún
𧽾	sān
𧽿	dòng
𧾁	zá
𧾂	zhí
𧾆	xuàn
𧾇	líng
𧾊	dēng
𧾍	chán
𧾍	zhàn
𧾍	zhān
𧾎	xuān
𧾏	qǐn
𧾐	jiào
𧾑	pì
𧾔	hǎn
𧾚	yú
𧾛	guó
𧾝	xún
𧾠	xún
𧾡	chán
𧾢	jié
𧾢	jí
𧾣	jú
𧾤	yǎn
𧾥	dú
𧾧	hòng
𧾨	xiàn
𧾨	xiǎn
𧾩	xuàn
𧾩	xún
𧾮	líng
𧾯	jié
𧾰	yì
𧾱	qú
𧾲	gān
𧾳	fēng
𧾵	jué
𧾶	qū
𧾻	jiù
𧾽	jì
𧾾	jǐ
𧿅	xí
𧿆	pāng
𧿈	kuàng
𧿉	kù
𧿉	wù
𧿋	kù
𧿌	zhà
𧿏	bà
𧿒	chěn
𧿓	hù
𧿔	nù
𧿕	é
𧿖	xiōng
𧿗	dǔn
𧿘	shēng
𧿙	wán
𧿚	fēn
𧿛	zōng
𧿝	xī
𧿞	zī
𧿠	dì
𧿠	hù
𧿥	bié
𧿧	tuò
𧿨	bǎn
𧿩	gé
𧿫	kē
𧿲	bó
𧿲	zhuì
𧿳	fèi
𧿳	fú
𧿴	mò
𧿵	jiá
𧿶	tuó
𧿷	yù
𧿹	mǔ
𧿺	jué
𧿻	jú
𧿼	guā
𧿽	pǒ
𨀀	niǎn
𨀀	nǐ
𨀁	lóng
𨀄	wǎ
𨀅	yǎn
𨀔	chǒu
𨀕	kuāng
𨀖	hài
𨀘	xiáng
𨀙	xī
𨀛	cún
𨀜	tōng
𨀝	ruò
𨀟	duó
𨀠	chè
𨀤	lèi
𨀥	zī
𨀧	zhěng
𨀨	zuǒ
𨀫	kāng
𨀬	zài
𨀮	xuān
𨀮	yuān
𨀯	qióng
𨀳	fá
𨀴	xún
𨀶	jì
𨀸	chā
𨁀	chōu
𨁀	shū
𨁁	xuàn
𨁂	xié
𨁃	tī
𨁄	hàn
𨁅	xiān
𨁆	shān
𨁇	tùn
𨁈	gēng
𨁈	háng
𨁉	kǔn
𨁊	cén
𨁋	dōu
𨁌	nuó
𨁍	yàn
𨁎	chéng
𨁎	jìng
𨁏	pū
𨁐	qì
𨁑	yuè
𨁒	fū
𨁗	tǐng
𨁟	wǒ
𨁠	shēng
𨁡	tuǒ
𨁴	tǎn
𨁶	yā
𨁶	yǎ
𨁷	zhì
𨁸	lì
𨁸	lù
𨁹	yǎn
𨁺	jū
𨁽	dé
𨁿	chù
𨁿	zhuó
𨂀	zǔ
𨂁	è
𨂂	xuě
𨂂	zhí
𨂃	péng
𨂅	biē
𨂇	dǐ
𨂐	lái
𨂒	yè
𨂜	háo
𨂝	pán
𨂞	tàn
𨂟	kāng
𨂠	lǚ
𨂠	xū
𨂡	zòu
𨂢	jí
𨂣	wù
𨂦	chuàn
𨂩	pò
𨂪	yǎn
𨂫	tuò
𨂭	dú
𨂯	pián
𨂰	chì
𨂱	hùn
𨂲	pīng
𨂴	cōng
𨂵	zhǎ
𨂺	wān
𨂿	wǎi
𨃃	è
𨃄	wèi
𨃅	bāi
𨃇	jiāng
𨃓	chá
𨃕	chù
𨃖	kuà
𨃗	téng
𨃘	qū
𨃘	zōu
𨃙	lì
𨃚	tà
𨃛	sà
𨃞	pán
𨃟	pán
𨃣	sào
𨃤	kào
𨃤	qiāo
𨃭	zú
𨃯	zhì
𨃰	yǎn
𨃲	jié
𨃳	néng
𨄄	luán
𨄅	qū
𨄇	dèng
𨄇	téng
𨄈	liáng
𨄉	chǎn
𨄊	qiè
𨄋	lòu
𨄌	dié
𨄌	xiè
𨄍	cuī
𨄐	jǐ
𨄓	cháo
𨄔	shuàn
𨄕	zú
𨄗	kāng
𨄚	qiāng
𨄛	lí
𨄮	shuāi
𨄯	yù
𨄰	zhāng
𨄱	lěi
𨅅	pó
𨅊	chè
𨅊	zhé
𨅋	xiào
𨅍	tǎn
𨅎	cuì
𨅏	lán
𨅑	xū
𨅒	chú
𨅒	shù
𨅓	dá
𨅓	zhǎ
𨅔	cán
𨅗	bǐ
𨅘	pèng
𨅛	zhú
𨅝	chéng
𨅣	qiáo
𨅤	jī
𨅪	zhāi
𨅬	lán
𨆁	tiǎn
𨆁	yǎn
𨆂	sà
𨆃	jīn
𨆄	zhù
𨆅	duò
𨆇	chà
𨆈	juàn
𨆉	táng
𨆊	bèng
𨆌	fán
𨆍	liè
𨆎	zéi
𨆏	suì
𨆙	sè
𨆧	zhì
𨆨	tuí
𨆪	qīng
𨆬	chuò
𨆰	dà
𨆰	tà
𨆱	bìng
𨆲	wěn
𨆵	pǒ
𨆽	mó
𨆾	cā
𨇁	kuàng
𨇃	cuó
𨇃	zuān
𨇄	rǎo
𨇅	bào
𨇆	lài
𨇍	niǎn
𨇎	lí
𨇕	jiǎo
𨇖	lú
𨇗	lì
𨇘	lóng
𨇙	guì
𨇝	chǎn
𨇤	xiān
𨇦	chàn
𨇨	xiè
𨇩	zhàn
𨇯	shuāng
𨇻	mǐ
𨇼	luán
𨇽	luò
𨈀	diān
𨈈	dié
𨈊	wān
𨈋	yuè
𨈌	luán
𨈎	luán
𨈓	léng
𨈕	wǎi
𨈖	dìn
𨈗	nèn
𨈘	shǎo
𨈙	xiè
𨈙	zhī
𨈚	pí
𨈥	máo
𨈧	yǐn
𨈩	bó
𨈫	zhù
𨈮	chōng
𨈶	mǔ
𨈷	tuó
𨈹	tǒng
𨈺	yé
𨉁	huàng
𨉃	rèn
𨉅	yè
𨉋	tuō
𨉖	zuān
𨉗	yù
𨉚	ā
𨉜	zhōu
𨉝	wān
𨉡	duǒ
𨉢	zhòng
𨉣	hā
𨉤	huáng
𨉥	miàn
𨉥	tǐ
𨉩	chūn
𨉪	qiè
𨉫	gōng
𨉫	qiōng
𨉬	tíng
𨉭	méi
𨉱	tàng
𨉴	róng
𨉷	róng
𨉸	qí
𨉹	guó
𨉽	xiàng
𨉾	tián
𨊅	xiāo
𨊈	zhān
𨊉	cuì
𨊔	lán
𨊘	qū
𨊘	shēn
𨊚	lěi
𨊛	lì
𨊝	chān
𨊞	niè
𨊟	luán
𨊡	tīng
𨊢	huì
𨊢	sháo
𨊧	gōng
𨊰	qì
𨊱	yú
𨊳	xīn
𨊸	yuè
𨊹	bā
𨊺	dài
𨊻	jī
𨊼	xuàn
𨊿	jué
𨋀	niǔ
𨋈	dù
𨋉	jí
𨋐	pā
𨋑	gǒng
𨋒	bèn
𨋔	jú
𨋔	kēng
𨋕	yàng
𨋕	ǎng
𨋖	liǔ
𨋗	ní
𨋘	zhà
𨋙	yìn
𨋚	niǎn
𨋚	ruǎn
𨋛	pào
𨋝	gōng
𨋞	bù
𨋟	hé
𨋠	rǒng
𨋡	guì
𨋥	bì
𨋦	xī
𨋧	jú
𨋨	hún
𨋩	bì
𨋩	fú
𨋫	tiāo
𨋬	chèng
𨋬	zhěng
𨋮	chūn
𨋮	hōng
𨋯	yì
𨋰	cì
𨋲	bìng
𨋷	gōng
𨋺	fá
𨋽	yáng
𨋾	xǔ
𨌁	hōng
𨌄	zàng
𨌅	chái
𨌆	hóng
𨌈	tián
𨌌	zhī
𨌍	xīng
𨌎	xú
𨌑	zhèn
𨌔	wàn
𨌔	wǎn
𨌘	jùn
𨌝	huò
𨌝	wò
𨌠	lù
𨌢	zhēng
𨌣	rǒng
𨌤	chèng
𨌤	chéng
𨌥	fú
𨌧	è
𨌨	tāo
𨌩	táng
𨌫	juān
𨌬	chào
𨌭	tà
𨌮	dǐ
𨌰	zōng
𨌳	kēng
𨌴	tuī
𨌶	kēng
𨍅	rǒng
𨍆	yūn
𨍇	hé
𨍈	zǒng
𨍉	cōng
𨍉	zǒng
𨍊	qiū
𨍎	mù
𨍏	duó
𨍐	xǔ
𨍑	kēng
𨍒	jiàn
𨍒	xiàn
𨍛	dú
𨍜	kǎn
𨍞	yīng
𨍢	zī
𨍧	huáng
𨍩	péng
𨍫	lì
𨍭	bó
𨍭	pò
𨍮	gé
𨍮	lì
𨍯	jú
𨍰	kē
𨍲	gǔn
𨍲	hú
𨍳	yáo
𨍴	táng
𨍶	qióng
𨍷	rǒng
𨍸	liǔ
𨍹	huì
𨍺	jī
𨎉	zhì
𨎋	chēng
𨎋	táng
𨎌	zhǐ
𨎍	kāng
𨎍	liáng
𨎔	yàng
𨎖	chǎng
𨎖	tǎng
𨎗	hōng
𨎛	liáng
𨎝	cáo
𨎡	nǎi
𨎢	zǒng
𨎤	dèng
𨎦	jiāo
𨎧	péng
𨎩	guāng
𨎪	ér
𨎫	jiàn
𨎬	jiào
𨎭	nuó
𨎮	zǎo
𨎳	péng
𨎴	dāng
𨎶	qú
𨎷	lián
𨎸	mù
𨎹	lǎn
𨎾	fén
𨏂	hún
𨏂	xuān
𨏆	kuāng
𨏈	yǐn
𨏉	shuàn
𨏊	jiàn
𨏒	luò
𨏒	léi
𨏔	dú
𨏔	lù
𨏚	gé
𨏛	niǎn
𨏛	rǎng
𨏞	pín
𨏠	lóng
𨏤	zhěn
𨏥	xiàn
𨏨	lìn
𨏩	lián
𨏪	shān
𨏫	bó
𨏬	lì
𨏳	xié
𨏴	gé
𨏵	mǐn
𨏶	lián
𨏹	jué
𨏺	zhōu
𨏿	kē
𨐁	dié
𨐃	zhé
𨐅	shū
𨐆	jī
𨐇	lóng
𨐈	guāng
𨐉	zǎo
𨐊	xiàn
𨐋	qiān
𨐍	shēn
𨐐	yǐn
𨐑	jiè
𨐔	shēn
𨐕	cí
𨐕	shēn
𨐖	sǎ
𨐛	xì
𨐡	kù
𨐣	qú
𨐥	gé
𨐦	bàn
𨐨	bì
𨐩	qiān
𨐰	bīn
𨐱	bàn
𨐳	zuò
𨐴	pì
𨐶	huò
𨐾	biàn
𨐾	bàn
𨑊	nóng
𨑌	chén
𨑎	pēng
𨑑	fǔ
𨑒	tú
𨑜	pǐ
𨑝	pò
𨑠	chǐ
𨑣	xuè
𨑤	qì
𨑥	wù
𨑨	zhì
𨑩	dì
𨑪	cōng
𨑫	yóu
𨑹	cōng
𨑼	dì
𨑽	zhuó
𨑿	zǒu
𨒀	cóng
𨒃	pàn
𨒄	yǎn
𨒅	qì
𨒆	rǒng
𨒇	jiá
𨒉	suì
𨒉	zhuì
𨒉	zhì
𨒊	qiú
𨒋	yuè
𨒍	shì
𨒑	háo
𨒙	hòu
𨒙	tuō
𨒜	bié
𨒞	kàn
𨒢	chuò
𨒤	cǐ
𨒦	yǐn
𨒧	shì
𨒨	hài
𨒩	ruǎn
𨒫	nì
𨒫	yáng
𨒬	chī
𨒮	cī
𨒱	gōng
𨒲	mí
𨒲	xuè
𨒴	jǐ
𨒼	gèn
𨒽	suō
𨒽	zào
𨓁	běng
𨓇	xǐn
𨓈	kuò
𨓊	dié
𨓍	tíng
𨓚	shuì
𨓞	dài
𨓦	lǐ
𨓨	yǒng
𨓩	jiāo
𨓬	tá
𨓭	còu
𨓭	qǔ
𨓮	yín
𨓯	yuān
𨓰	jié
𨓲	qiān
𨓳	yāo
𨓴	yà
𨓷	qīng
𨓿	péi
𨔗	jiā
𨔙	tòu
𨔛	tī
𨔡	chuàn
𨔡	chuán
𨔡	dùn
𨔡	tún
𨔢	chǎn
𨔣	jià
𨔣	jiā
𨔤	chì
𨔥	jiān
𨔥	jīn
𨔦	shù
𨔯	tà
𨕕	zhī
𨕗	yuán
𨕚	hū
𨕜	liè
𨕠	zé
𨕢	chù
𨕦	qiù
𨕧	bēng
𨕹	huán
𨕺	kuā
𨕻	shēng
𨕽	jié
𨕿	wǎng
𨖃	hū
𨖊	jī
𨖊	zé
𨖋	zhì
𨖋	zǎn
𨖌	yàng
𨖎	chǐ
𨖏	jiù
𨖚	liáo
𨖛	yū
𨖠	biàn
𨖠	biǎn
𨖢	kuáng
𨖬	chòu
𨖭	yá
𨖮	zhuó
𨖰	qiè
𨖱	xiàn
𨖳	yuān
𨖴	wǔ
𨖵	jiǎo
𨖶	xiàng
𨖷	shà
𨖹	zhì
𨖼	chòng
𨖾	biān
𨖿	wēi
𨗓	dào
𨗝	jú
𨗝	yù
𨗞	tuí
𨗡	chào
𨗥	huì
𨗦	qiǎn
𨗨	wěi
𨗰	yóu
𨗼	dài
𨗼	dì
𨗾	dà
𨘁	yóu
𨘂	jiù
𨘃	tuí
𨘄	zǎn
𨘇	huì
𨘉	shà
𨘌	huò
𨘔	yáo
𨘙	xiàn
𨘞	xiàn
𨘬	dì
𨘮	jiù
𨘲	huì
𨘴	kào
𨘵	yóu
𨘸	lì
𨘼	chuán
𨘾	chí
𨙀	huò
𨙂	yóu
𨙄	yuè
𨙎	tà
𨙏	zàn
𨙓	niè
𨙔	zhù
𨙡	xiǎn
𨙩	shí
𨙫	kǒu
𨙬	qǐ
𨙭	tǔ
𨙮	fán
𨙯	cūn
𨙲	cūn
𨙲	tún
𨙳	chā
𨙴	cái
𨙴	zài
𨙵	xiàng
𨙶	pèi
𨙷	jǐng
𨙸	qí
𨙸	zhī
𨙹	shǎo
𨙺	niǔ
𨙻	nà
𨙽	qín
𨚍	bèi
𨚍	bì
𨚓	bì
𨚓	fèi
𨚓	fú
𨚔	bāo
𨚕	biàn
𨚖	zī
𨚗	nà
𨚘	wèi
𨚙	háo
𨚡	jǐn
𨚣	zhèng
𨚧	qié
𨚮	hào
𨚯	tóng
𨚰	zǎo
𨚱	shèng
𨚲	cún
𨚳	huāng
𨚴	rú
𨚵	zài
𨚶	nián
𨚾	xiān
𨛈	quán
𨛉	jì
𨛊	yín
𨛋	lǐ
𨛌	máng
𨛍	shào
𨛎	hàn
𨛏	cuò
𨛐	jùn
𨛑	jì
𨛒	bù
𨛓	lòng
𨛔	fǒu
𨛕	yóu
𨛖	kuài
𨛜	xiàng
𨛡	yún
𨛣	qín
𨛤	huí
𨛥	pú
𨛫	lí
𨛬	péi
𨛭	shè
𨛭	shū
𨛮	jū
𨛯	yí
𨛰	zhēng
𨛱	chóng
𨛳	jí
𨛳	xí
𨛵	hǔ
𨛶	róu
𨛶	shòu
𨜌	huàn
𨜍	qiào
𨜎	zhī
𨜏	yíng
𨜐	xǐ
𨜑	qiāo
𨜒	jì
𨜓	zhēng
𨜔	huáng
𨜖	yú
𨜗	zōu
𨜘	méi
𨜜	shěng
𨜩	quán
𨜰	jiāng
𨜱	hé
𨜳	tóng
𨜴	hé
𨜵	wēn
𨜶	yì
𨜷	páng
𨜺	wēng
𨜻	qián
𨜼	lì
𨜽	yí
𨜾	chuàng
𨜿	xù
𨝀	wěi
𨝆	gē
𨝈	yǔ
𨝋	zhài
𨝌	gān
𨝍	qiān
𨝎	kāng
𨝏	lí
𨝐	shēn
𨝑	guàn
𨝓	piáo
𨝕	gài
𨝖	lí
𨝘	hǔ
𨝛	tú
𨝜	shùn
𨝞	hù
𨝟	lí
𨝢	lòu
𨝦	dàng
𨝨	zuò
𨝩	shān
𨝫	shè
𨝫	xì
𨝭	féng
𨝮	jù
𨝮	zōu
𨝯	tóng
𨝰	jiǎo
𨝱	qiáo
𨝲	gāo
𨝲	hào
𨝳	zī
𨝴	huáng
𨝵	shān
𨝸	tán
𨞌	tuō
𨞎	lìng
𨞐	chéng
𨞑	wèng
𨞒	zuó
𨞓	yù
𨞕	chù
𨞕	zhú
𨞗	qún
𨞘	xǐ
𨞙	qú
𨞛	gé
𨞢	qī
𨞣	xū
𨞨	gài
𨞩	què
𨞪	chóu
𨞪	shòu
𨞫	méng
𨞲	shēn
𨞶	qiāo
𨞷	cán
𨞺	lì
𨞼	wàn
𨞽	léi
𨞾	xīng
𨞿	láng
𨟂	shì
𨟃	zhēng
𨟄	fán
𨟊	zhì
𨟏	yín
𨟑	lì
𨟖	mó
𨟗	wěi
𨟙	yīng
𨟚	ráng
𨟠	jué
𨟠	què
𨟠	quān
𨟥	luǒ
𨟲	dài
𨟴	yìn
𨟵	bǐ
𨟶	gē
𨟸	wèn
𨟹	yǎn
𨟺	miǎn
𨟼	gǎng
𨟽	qiú
𨟾	zhī
𨠋	gū
𨠌	tóng
𨠎	líng
𨠏	tí
𨠐	cí
𨠑	tuó
𨠑	yí
𨠒	fàn
𨠓	pō
𨠔	bì
𨠖	bào
𨠟	pēng
𨠡	suān
𨠤	nóng
𨠤	sōng
𨠥	wéi
𨠦	xiáo
𨠨	jì
𨠬	hào
𨠭	yǎn
𨠶	yí
𨠷	zāo
𨠸	yǐng
𨠹	nǎn
𨠿	zā
𨡁	tiǎn
𨡂	xī
𨡃	jiào
𨡄	yán
𨡌	néi
𨡍	tǎn
𨡎	yàn
𨡏	tiǎn
𨡐	zhì
𨡑	chóu
𨡑	chōu
𨡒	táo
𨡗	zhà
𨡙	dān
𨡞	miǎn
𨡡	wǔ
𨡢	yǐn
𨡣	yàn
𨡤	lǎo
𨡩	pō
𨡫	hùn
𨡬	hǎi
𨡭	mú
𨡮	cōng
𨡱	dǐng
𨡱	kù
𨡲	chōu
𨡴	yǒu
𨡸	zhuó
𨡺	kuì
𨡻	sōu
𨢂	yìn
𨢅	zuì
𨢆	sāng
𨢇	liù
𨢈	hàn
𨢉	wèi
𨢊	méng
𨢋	hú
𨢌	lì
𨢎	mì
𨢎	yīn
𨢐	bāng
𨢑	jiǎn
𨢜	què
𨢠	méng
𨢢	mú
𨢣	hǒng
𨢤	hù
𨢥	mí
𨢦	shài
𨢦	zhà
𨢩	shāng
𨢪	chào
𨢬	tú
𨢬	zhuó
𨢮	zhī
𨢯	niàn
𨢵	jì
𨢸	kē
𨢹	zhēng
𨢿	dān
𨣀	liǎo
𨣁	zhǎn
𨣂	gǒng
𨣃	lào
𨣃	láo
𨣄	huā
𨣅	chuài
𨣇	jiǎn
𨣈	kuì
𨣍	shē
𨣔	chěn
𨣕	tǎn
𨣗	hú
𨣘	méng
𨣙	pào
𨣚	zhǎn
𨣛	cháng
𨣝	gǎn
𨣝	jiǎn
𨣠	yì
𨣢	suì
𨣦	xù
𨣧	jì
𨣨	làn
𨣬	yí
𨣯	mì
𨣱	miè
𨣵	cuán
𨣸	lǎn
𨣻	yān
𨣻	yǎn
𨣾	mí
𨤂	yǒng
𨤃	cáng
𨤃	zā
𨤄	jiǎn
𨤇	sōu
𨤇	zāo
𨤎	yán
𨤑	juàn
𨤕	è
𨤘	fèn
𨤚	fèn
𨤡	guàng
𨤢	mái
𨤤	liě
𨤩	chōng
𨤫	lí
𨤱	zhí
𨤴	xiè
𨤷	chóu
𨤹	jí
𨤽	pī
𨥂	jié
𨥇	zhù
𨥇	zhǒu
𨥍	xiōng
𨥑	gǒng
𨥑	kuàng
𨥙	jǐng
𨥛	hù
𨥞	qián
𨥣	cén
𨥦	qí
𨥧	biān
𨥧	fàn
𨥧	wǎn
𨥨	máo
𨥪	dǒu
𨥴	kǒu
𨥶	dài
𨥸	náo
𨥺	hóng
𨦂	lǎi
𨦃	duò
𨦃	duǒ
𨦄	qiān
𨦆	yín
𨦖	lòu
𨦗	huī
𨦛	fù
𨦜	máo
𨦞	zhōu
𨦡	yáng
𨦡	yóng
𨦭	láo
𨦮	jí
𨦯	yì
𨦰	liú
𨦱	cōng
𨦳	nǎn
𨧀	dù
𨧐	tūn
𨧑	xiàng
𨧕	biàn
𨧖	chuáng
𨧗	wù
𨧙	jū
𨧥	xiē
𨧦	pī
𨧧	zhuó
𨧨	ruì
𨧨	zhuì
𨧪	sào
𨧫	zì
𨧭	zhèng
𨧮	mí
𨧰	zú
𨧱	qū
𨧳	chì
𨧵	zhì
𨨏	bō
𨨗	quàn
𨨘	qiān
𨨙	yā
𨨚	chào
𨨛	hé
𨨜	rǔ
𨨠	jū
𨨡	wù
𨨬	chì
𨨭	gǒng
𨨭	kuàng
𨨯	còu
𨨯	zhòu
𨨰	ruàn
𨨱	kuò
𨨲	chí
𨨳	zú
𨨴	jiāo
𨨶	yú
𨨷	tú
𨨸	méng
𨨹	dā
𨨺	shuò
𨨺	xuē
𨩥	fēng
𨩦	gǒu
𨩧	dōng
𨩨	chǎ
𨩩	mào
𨩪	chǎn
𨩫	biān
𨩬	yù
𨩯	wán
𨩰	zú
𨩲	zī
𨩴	chuān
𨩵	wǎn
𨩶	wā
𨩸	juān
𨩸	quān
𨩻	wǎn
𨩽	xià
𨪄	yìng
𨪅	jiàn
𨪈	wěi
𨪉	tí
𨪊	sāo
𨪌	qí
𨪍	shā
𨪎	yù
𨪏	jí
𨪐	dòu
𨪐	tōu
𨪑	chǎn
𨪒	tuán
𨪕	liú
𨪗	zhuì
𨪳	ruàn
𨪶	yàn
𨪷	gǔ
𨪹	lì
𨪺	chā
𨪾	dì
𨪿	liú
𨫀	zhǎn
𨫁	pō
𨫒	lòu
𨫔	xiè
𨫔	zhì
𨬁	lián
𨬅	luǒ
𨬍	duì
𨬍	duò
𨬐	jué
𨬑	lì
𨬒	lán
𨬔	ruàn
𨬕	gū
𨬖	chán
𨬗	xū
𨬚	zhǐ
𨭁	xuè
𨭂	bō
𨭃	chēng
𨭅	zhù
𨭆	hēi
𨭉	bān
𨭎	xǐ
𨭓	dié
𨭖	zhǎn
𨭗	guó
𨭚	biāo
𨭛	gě
𨭛	là
𨭺	jīn
𨮂	gǎi
𨮒	mèng
𨮔	yù
𨮪	xǐ
𨮬	piāo
𨮭	sī
𨮴	dèng
𨮸	chuō
𨮹	dí
𨮺	jī
𨮻	chán
𨮿	zhuó
𨯓	cài
𨯞	jiàng
𨯲	tóu
𨯽	lí
𨰂	qiàn
𨰆	chuō
𨰏	tà
𨰑	diào
𨰓	jiǎn
𨰛	zhǐ
𨰜	jué
𨰞	mó
𨰠	luó
𨰦	bǎo
𨰭	zuǎn
𨰵	zhē
𨰸	yú
𨰻	bǎo
𨰾	mǎ
𨰿	xì
𨱀	hù
𨱁	yì
𨱂	é
𨱃	gū
𨱄	tú
𨱅	zhēn
𨱇	qiú
𨱈	sù
𨱉	liàng
𨱊	qū
𨱋	líng
𨱌	guàn
𨱍	láng
𨱎	tōu
𨱏	dā
𨱐	lòu
𨱑	huáng
𨱒	shòu
𨱓	jiāo
𨱔	zūn
𨱕	gǎi
𨱖	wéi
𨱙	kūn
𨱚	duàn
𨱛	sōng
𨱜	qí
𨱝	yǎng
𨱡	shì
𨱣	gǎi
𨱦	dào
𨱧	yǎo
𨱧	ǎo
𨱫	qián
𨱭	shāo
𨱮	cháng
𨱯	miǔ
𨱱	mó
𨱵	nǎo
𨱸	cōng
𨱺	niè
𨱻	zhāo
𨱼	cén
𨱿	sōng
𨲀	niè
𨲁	cì
𨲄	jùn
𨲆	shāo
𨲈	zhú
𨲉	duǒ
𨲉	shèng
𨲉	tuǒ
𨲊	àn
𨲋	bī
𨲎	tì
𨲐	pǐ
𨲑	xiá
𨲒	qiú
𨲓	shěng
𨲗	tāng
𨲛	mián
𨲛	mán
𨲜	piān
𨲞	tì
𨲟	róng
𨲧	cōng
𨲪	jī
𨲫	féng
𨲬	wù
𨲭	jiào
𨲮	láo
𨲯	zēng
𨲰	péng
𨲱	cǎn
𨲳	nóng
𨲵	chǎn
𨲾	mián
𨲾	mán
𨲿	guì
𨳀	niào
𨳁	chōng
𨳂	chàn
𨳆	nàng
𨳉	xiā
𨳊	jiū
𨳋	jǐ
𨳌	zhèn
𨳑	tǐng
𨳔	mén
𨳕	yuè
𨳗	zhōng
𨳘	tún
𨳙	ruì
𨳚	fēn
𨳚	xiè
𨳛	xī
𨳝	rùn
𨳝	tǐng
𨳞	niǔ
𨳠	wǎng
𨳡	guān
𨳡	jiān
𨳣	fēn
𨳲	biàn
𨳲	bì
𨳷	yí
𨳺	dié
𨳻	jī
𨳼	gǎn
𨳿	jiān
𨳿	mǎ
𨳿	xì
𨴀	jiōng
𨴆	kāi
𨴊	guān
𨴊	què
𨴌	nán
𨴍	móu
𨴎	xù
𨴏	sǒng
𨴐	shèn
𨴑	kuāng
𨴒	què
𨴓	wéi
𨴗	dié
𨴘	nán
𨴚	ruò
𨴛	gōng
𨴜	dòu
𨴜	yòu
𨴞	niǎn
𨴡	chāo
𨴢	hé
𨴣	yàn
𨴩	tú
𨴪	bǔ
𨴬	hú
𨴭	yǒng
𨴯	shǐ
𨴰	chù
𨴹	xiāo
𨴺	mén
𨴻	lǐ
𨴼	tí
𨴾	jiān
𨵂	zhǐ
𨵃	fǔ
𨵃	guā
𨵃	yuè
𨵄	guǎn
𨵆	qì
𨵈	fēi
𨵉	yǔ
𨵊	zhé
𨵋	wěi
𨵌	ě
𨵍	chān
𨵎	qí
𨵎	xī
𨵐	gǔ
𨵗	què
𨵘	huì
𨵚	xié
𨵛	yīng
𨵝	tà
𨵞	wāi
𨵟	fú
𨵠	jiè
𨵡	pì
𨵥	shěng
𨵦	yú
𨵧	kuā
𨵩	pì
𨵪	xié
𨵫	nüè
𨵬	xiàn
𨵭	jiàn
𨵮	xù
𨵰	bì
𨵴	nán
𨵶	liáng
𨵸	pián
𨵼	jìng
𨶀	tǎ
𨶁	yàn
𨶂	ài
𨶅	xiāo
𨶆	qiāng
𨶇	wǔ
𨶈	táng
𨶊	jùn
𨶐	kuò
𨶗	làng
𨶙	něng
𨶜	dòu
𨶜	dǒu
𨶝	shú
𨶟	jiǎo
𨶠	niè
𨶢	yú
𨶨	cè
𨶪	jiǎo
𨶪	liú
𨶬	huà
𨶭	wén
𨶮	yē
𨶯	é
𨶰	guāng
𨶱	huā
𨶲	jiāo
𨶺	lèi
𨶼	shāng
𨶽	yòng
𨶿	dēng
𨷀	guān
𨷁	niú
𨷃	suì
𨷄	xiàng
𨷆	sà
𨷇	chāng
𨷎	rùn
𨷐	yūn
𨷒	fēn
𨷓	jiàn
𨷔	xù
𨷘	xì
𨷙	shú
𨷥	xié
𨷦	lì
𨷩	tóu
𨷬	mǐ
𨷭	chán
𨷮	huō
𨷱	zhuǎn
𨷲	yuè
𨷻	lán
𨷽	yán
𨷾	dàng
𨷿	xiàng
𨸀	yuè
𨸁	tǐng
𨸂	bēng
𨸃	sàn
𨸄	xiàn
𨸅	dié
𨸆	pì
𨸇	pián
𨸉	tǎ
𨸋	jiāo
𨸌	yē
𨸎	yuè
𨸐	réng
𨸑	qiǎo
𨸒	qí
𨸓	diāo
𨸔	qí
𨸔	wéi
𨸗	hàn
𨸘	yuán
𨸙	yóu
𨸚	jí
𨸛	gài
𨸜	hāi
𨸝	shì
𨸟	qū
𨸩	wèn
𨸬	zhèn
𨸭	pō
𨸮	yán
𨸮	yǔn
𨸯	gū
𨸰	jú
𨸱	niǎn
𨸱	tiàn
𨸷	è
𨸺	yā
𨸻	lìn
𨸼	bì
𨹀	zǐ
𨹁	hóng
𨹃	duò
𨹃	duǒ
𨹅	duì
𨹆	xuàn
𨹈	shǎn
𨹈	yáng
𨹊	shǎn
𨹋	yáo
𨹌	rǎn
𨹔	tuó
𨹗	bīng
𨹘	xù
𨹙	tūn
𨹚	chéng
𨹜	dòu
𨹝	yà
𨹝	yì
𨹡	chè
𨹵	juǎn
𨹶	jī
𨹸	zhào
𨹹	bèng
𨹹	bēng
𨹻	tiǎn
𨺀	pēng
𨺅	fù
𨺖	tuǒ
𨺘	xián
𨺙	nì
𨺚	lóng
𨺝	zhuó
𨺟	zhēng
𨺠	shǔn
𨺡	zōng
𨺢	fēng
𨺣	duàn
𨺤	pì
𨺥	yǎn
𨺦	sǒu
𨺧	qiú
𨺨	è
𨺩	qián
𨺫	qiǎn
𨺭	cā
𨺮	xùn
𨺵	zhuì
𨺸	mǎo
𨺹	jiǎo
𨺿	zhǎn
𨻀	bī
𨻀	pí
𨻁	xī
𨻂	yàn
𨻃	fèi
𨻄	niè
𨻆	zhì
𨻈	suǒ
𨻊	yì
𨻌	lěi
𨻍	xù
𨻏	yì
𨻒	wēi
𨻕	jī
𨻖	chēn
𨻗	dié
𨻣	yuán
𨻥	xí
𨻧	liú
𨻨	suǒ
𨻱	bēng
𨻲	xià
𨻳	yàn
𨻳	yān
𨻵	cuī
𨻵	duì
𨻵	zuī
𨻷	kāng
𨻺	qīng
𨻻	lóu
𨻼	bī
𨼈	zhàn
𨼉	cuàn
𨼊	wú
𨼋	xū
𨼌	chēn
𨼍	háo
𨼎	jué
𨼐	chèn
𨼑	chá
𨼒	chǎn
𨼓	zhí
𨼔	xún
𨼣	gé
𨼤	chén
𨼥	gé
𨼥	yè
𨼪	chǔ
𨼫	qú
𨼬	xiè
𨼮	zhàn
𨼯	kěn
𨼱	jué
𨼽	qú
𨼿	méng
𨽀	yè
𨽁	cóng
𨽁	zōu
𨽂	pú
𨽄	shì
𨽉	shǔ
𨽊	chán
𨽍	dú
𨽏	guō
𨽐	lù
𨽐	yáng
𨽑	yān
𨽖	niǎo
𨽗	bīn
𨽗	pín
𨽟	tuí
𨽦	nì
𨽧	huān
𨽨	qián
𨽯	xià
𨽲	líng
𨽷	lián
𨽹	lì
𨽹	yì
𨽻	lì
𨽼	sì
𨽿	dài
𨾂	wèi
𨾅	cì
𨾉	jiǔ
𨾊	hóng
𨾌	yú
𨾎	kuí
𨾒	háng
𨾓	gē
𨾓	yì
𨾔	fàng
𨾗	kuí
𨾗	xié
𨾚	fū
𨾚	guī
𨾛	chǐ
𨾛	qí
𨾞	jiǔ
𨾡	huǎng
𨾡	suī
𨾤	dié
𨾬	suǐ
𨾰	qín
𨾴	guī
𨾻	zhuī
𨾾	tiào
𨿁	yuè
𨿇	zuǐ
𨿏	wú
𨿐	cuǐ
𨿛	xī
𨿛	zhì
𨿠	shuì
𨿢	dōng
𨿭	wéi
𨿿	chǒng
𩀋	rún
𩀖	jí
𩀜	diāo
𩀞	cāng
𩀠	gǔ
𩀠	kòu
𩀣	wéi
𩀧	cán
𩀪	má
𩀫	òu
𩀲	sǎn
𩀶	huī
𩀶	mí
𩀶	wéi
𩀼	sǎn
𩀿	jīn
𩁌	wéi
𩁞	cài
𩁟	lí
𩁯	yuè
𩁴	yūn
𩁷	chēng
𩁺	shān
𩂂	hū
𩂃	shài
𩂄	tún
𩂆	fù
𩂆	fǒu
𩂈	qìn
𩂉	chēn
𩂉	xū
𩂍	chuān
𩂎	fù
𩂒	yì
𩂒	ài
𩂓	dōng
𩂔	fú
𩂕	fú
𩂖	zé
𩂗	pù
𩂙	líng
𩂝	shài
𩂝	yīng
𩂞	pào
𩂢	yín
𩂢	ái
𩂣	luò
𩂤	huà
𩂥	yìn
𩂦	bèng
𩂧	yū
𩂨	shè
𩂪	xiè
𩂫	chǔ
𩂴	shè
𩂵	diàn
𩂹	yì
𩂻	chè
𩂼	gěng
𩂽	lóng
𩂾	píng
𩂿	yǔn
𩃀	yàn
𩃁	mò
𩃃	suī
𩃋	jìng
𩃍	sòng
𩃎	páng
𩃐	yá
𩃑	sè
𩃒	duǒ
𩃕	chuáng
𩃖	xiè
𩃘	tuán
𩃙	gōng
𩃚	xuàn
𩃜	lā
𩃞	líng
𩃠	dài
𩃡	zhá
𩃬	yīn
𩃭	sōng
𩃯	yǔ
𩃰	tuó
𩃱	tuó
𩃴	bà
𩃵	rǎn
𩃶	bó
𩃷	dài
𩃹	zhá
𩃹	zhǎ
𩃺	hóu
𩃾	huǐ
𩄅	lú
𩄊	lìng
𩄋	rú
𩄕	dàn
𩄖	méng
𩄗	xià
𩄘	wěng
𩄙	hán
𩄚	zī
𩄛	zhèn
𩄜	sè
𩄝	cuó
𩄞	lì
𩄠	diān
𩄡	lián
𩄢	gòu
𩄦	péng
𩄪	yīng
𩄬	hòu
𩄮	duì
𩄯	wù
𩄷	piào
𩄸	hè
𩄺	lóng
𩄻	mò
𩄼	fěi
𩄽	lǚ
𩄾	zé
𩄿	bó
𩅀	diàn
𩅀	zhí
𩅁	mǎng
𩅃	chóng
𩅃	zhuàng
𩅄	lù
𩅅	pāng
𩅆	duì
𩅇	bù
𩅌	chēn
𩅍	màn
𩅖	xī
𩅝	ǎn
𩅞	chòng
𩅞	zhōng
𩅠	nàn
𩅡	tuò
𩅢	hé
𩅥	duì
𩅦	dān
𩅦	wān
𩅧	zhōng
𩅨	cén
𩅨	shèn
𩅩	lì
𩅪	shuāng
𩅮	cén
𩅰	sī
𩅲	duì
𩅴	hūn
𩅼	jiàn
𩅼	jiān
𩅽	nóng
𩅾	dàn
𩅿	fù
𩆀	huò
𩆁	huì
𩆁	wèi
𩆂	cí
𩆄	yǒng
𩆅	sà
𩆆	tíng
𩆎	liù
𩆑	suān
𩆒	líng
𩆓	màn
𩆓	mán
𩆔	diàn
𩆘	pāo
𩆚	líng
𩆝	lì
𩆟	nóu
𩆣	liè
𩆤	shǎn
𩆦	fèi
𩆫	shǎn
𩆮	líng
𩆯	jiān
𩆯	zhàn
𩆱	bīn
𩆲	lí
𩆵	sī
𩆵	xiàn
𩆶	ráng
𩆷	jiān
𩆸	zhuó
𩆻	líng
𩆼	líng
𩆽	mèng
𩆿	shuāng
𩇄	líng
𩇇	hùn
𩇎	líng
𩇏	jiān
𩇐	qú
𩇔	nóng
𩇕	jìng
𩇖	chēn
𩇜	chèng
𩇜	chēng
𩇜	zhēn
𩇝	qìng
𩇟	qìng
𩇠	yǎn
𩇠	è
𩇣	sè
𩇩	bèi
𩇫	fēi
𩇮	fèi
𩇯	féi
𩇴	fāng
𩇵	kǔ
𩇺	zá
𩇻	huì
𩇽	féi
𩈁	duì
𩈆	pā
𩈇	niǔ
𩈈	pàng
𩈉	dàn
𩈊	dàn
𩈊	dān
𩈋	ài
𩈍	tiǎn
𩈎	chǎo
𩈏	yǒu
𩈏	ǎo
𩈐	mèi
𩈑	nǎn
𩈔	bò
𩈕	chì
𩈕	yù
𩈖	hān
𩈖	xiān
𩈗	mài
𩈚	pīng
𩈜	duī
𩈞	dào
𩈡	xìng
𩈢	nì
𩈢	nǜ
𩈣	hān
𩈤	chù
𩈥	shuǎ
𩈦	mǎn
𩈬	wàn
𩈭	yì
𩈮	diào
𩈯	yān
𩈱	wò
𩈲	suàn
𩈴	ǎn
𩈵	lán
𩈶	nǎn
𩈸	qiǔ
𩈹	miàn
𩈺	nuǒ
𩈻	cán
𩈼	cǎn
𩉀	làn
𩉁	tiǎn
𩉂	yè
𩉄	niǎn
𩉆	shuǎ
𩉋	cí
𩉍	jiǎn
𩉐	gàn
𩉔	jiàn
𩉕	guó
𩉗	zhān
𩉙	luǒ
𩉜	hàng
𩉜	jī
𩉝	guì
𩉡	jiá
𩉢	jǐ
𩉥	xuàn
𩉧	fēng
𩉫	bì
𩉬	chí
𩉬	qí
𩉯	yuán
𩉰	àng
𩉱	dī
𩉴	è
𩉵	fén
𩉸	jù
𩉹	nǐ
𩉺	tuó
𩉼	shēn
𩉽	fú
𩉾	xiá
𩉿	qú
𩊀	pò
𩊁	wǎn
𩊂	líng
𩊃	mà
𩊄	zhòu
𩊅	bào
𩊇	yù
𩊌	běng
𩊍	mài
𩊏	jiā
𩊑	yǎng
𩊓	kuǎ
𩊓	kù
𩊔	jiào
𩊖	bǐng
𩊚	luò
𩊛	guǐ
𩊜	duò
𩊝	zhì
𩊡	zhèn
𩊢	è
𩊣	zhū
𩊤	bá
𩊨	zhèn
𩊩	féng
𩊩	fēng
𩊪	dòu
𩊫	niǎn
𩊬	bù
𩊭	duì
𩊮	shā
𩊮	suō
𩊯	sè
𩊰	bì
𩊴	zhì
𩊵	zhé
𩊶	bù
𩊺	jué
𩊻	xùn
𩊿	xì
𩋁	zhuó
𩋂	bài
𩋃	táo
𩋃	yáo
𩋄	chǒu
𩋅	tà
𩋆	qiān
𩋈	nào
𩋉	yù
𩋊	è
𩋋	jiān
𩋌	yì
𩋍	xiāo
𩋏	niè
𩋒	bīng
𩋗	guǒ
𩋘	xié
𩋙	diào
𩋜	jū
𩋝	suǒ
𩋞	dié
𩋟	fù
𩋟	fú
𩋠	miǎn
𩋡	shì
𩋢	xuàn
𩋢	yùn
𩋣	tí
𩋤	yù
𩋧	kài
𩋧	xié
𩋨	fú
𩋩	zhì
𩋪	nǐ
𩋫	xuàn
𩋬	yáng
𩋮	bāng
𩋮	fěng
𩋯	zòng
𩋰	zhòu
𩋱	xuān
𩋵	zhū
𩋷	la
𩋹	yìng
𩋺	gào
𩋻	kuò
𩋽	é
𩋾	wéi
𩋾	wěi
𩋾	xuē
𩋿	méi
𩌃	guì
𩌃	huái
𩌄	chǒu
𩌄	zhōu
𩌆	suǒ
𩌇	tà
𩌈	suǒ
𩌉	tà
𩌊	xuè
𩌌	gǒng
𩌍	jiǎ
𩌏	bó
𩌏	bù
𩌏	fù
𩌏	fú
𩌐	tà
𩌑	yuǎn
𩌘	tà
𩌝	chuí
𩌠	xiōng
𩌡	hé
𩌡	juē
𩌢	suō
𩌧	mò
𩌨	chóng
𩌩	suī
𩌪	zé
𩌫	lù
𩌬	zhāng
𩌭	luò
𩌮	xù
𩌯	jiān
𩌰	shān
𩌲	xù
𩌾	jiǎng
𩍂	bào
𩍃	mái
𩍅	tóng
𩍆	xì
𩍉	róng
𩍋	shéng
𩍌	zhòu
𩍎	jiān
𩍏	fù
𩍐	dèng
𩍓	yōng
𩍔	jū
𩍔	qū
𩍖	yì
𩍗	bāng
𩍙	sè
𩍚	suì
𩍜	duó
𩍝	xiè
𩍡	huán
𩍥	rǔ
𩍦	nǐ
𩍧	zhòu
𩍨	guì
𩍪	luò
𩍲	chàn
𩍲	zhī
𩍳	xù
𩍵	zhī
𩍷	jué
𩍸	jū
𩍻	yuán
𩍼	lú
𩍿	bó
𩍿	fù
𩎂	róng
𩎃	xiè
𩎉	xǐ
𩎊	luó
𩎎	gé
𩎑	zuān
𩎒	hàn
𩎒	jiān
𩎔	jiāo
𩎕	sǎ
𩎖	qián
𩎖	qín
𩎗	qūn
𩎘	páo
𩎙	yuè
𩎚	chè
𩎛	fú
𩎜	pēi
𩎟	mèi
𩎟	mò
𩎟	wà
𩎢	tāo
𩎤	kēn
𩎥	xì
𩎫	duò
𩎭	yì
𩎰	suì
𩎲	xiá
𩎳	juān
𩎵	wéi
𩎷	yì
𩎹	yù
𩎻	bài
𩎼	tuó
𩎽	tà
𩎾	páo
𩏂	bì
𩏂	bǐng
𩏅	yùn
𩏆	yùn
𩏇	duàn
𩏈	ruǎn
𩏉	wéi
𩏏	wéi
𩏐	guì
𩏐	wěi
𩏒	dá
𩏓	xiá
𩏖	hùn
𩏗	juǎn
𩏘	suī
𩏚	suì
𩏝	lóu
𩏞	bài
𩏟	yù
𩏠	zhèng
𩏡	guì
𩏣	kuī
𩏤	gāo
𩏥	dān
𩏩	xiǎn
𩏪	zhái
𩏫	sè
𩏭	kē
𩏮	bǔ
𩏯	bó
𩏲	suì
𩏴	yù
𩏵	bù
𩏵	bǔ
𩏶	jiū
𩏷	jiào
𩏷	jiū
𩏹	juàn
𩏺	jué
𩏼	nà
𩏽	zhái
𩏾	tāo
𩏿	wěi
𩐀	xiá
𩐁	xiè
𩐅	sà
𩐆	jī
𩐉	xiè
𩐌	duì
𩐍	zǐ
𩐘	yuǎn
𩐙	qìn
𩐚	fú
𩐛	péng
𩐜	páo
𩐞	yìn
𩐠	hōng
𩐡	zú
𩐣	gōng
𩐤	dòng
𩐥	hē
𩐦	wò
𩐨	pāng
𩐫	sù
𩐬	kǎn
𩐭	niè
𩐮	háo
𩐯	fèng
𩐰	è
𩐱	yè
𩐴	tíng
𩐵	dòng
𩐶	zhé
𩐷	sāng
𩐻	mò
𩐼	sù
𩐾	lè
𩑀	pǔ
𩑁	é
𩑂	zhuó
𩑃	yè
𩑇	xiāng
𩑈	guàng
𩑉	rěn
𩑊	líng
𩑍	ào
𩑐	chāi
𩑒	duó
𩑓	qióng
𩑔	kū
𩑔	yà
𩑕	xū
𩑖	huán
𩑗	yāo
𩑘	zhèn
𩑙	tǐng
𩑚	běng
𩑚	lèi
𩑝	áng
𩑟	kān
𩑟	qiān
𩑡	gěn
𩑡	kū
𩑢	bāi
𩑢	péi
𩑣	yòu
𩑤	ǎo
𩑥	mén
𩑦	mò
𩑬	fǔ
𩑬	guī
𩑭	qīng
𩑮	là
𩑯	dǒu
𩑰	tǎn
𩑳	qiǎn
𩑴	yào
𩑵	wèi
𩑶	hú
𩑶	kū
𩑷	mò
𩑸	hē
𩑹	xuàn
𩑻	bì
𩑻	pó
𩑼	pō
𩑾	dī
𩒀	zhěn
𩒂	shī
𩒃	kǎn
𩒄	cè
𩒇	xū
𩒈	zhěn
𩒊	zhǔ
𩒏	huì
𩒐	chǐ
𩒓	hǒng
𩒔	nóu
𩒕	niè
𩒕	pò
𩒕	è
𩒖	yàn
𩒘	chǒng
𩒙	fǔ
𩒙	guì
𩒚	guāng
𩒛	qī
𩒝	gěn
𩒞	tǐng
𩒢	tǎn
𩒣	qiǎn
𩒦	jiù
𩒦	xìn
𩒧	xū
𩒨	qǐ
𩒪	zhèn
𩒮	qiú
𩒰	ě
𩒳	huì
𩒴	hòng
𩒵	qǐng
𩒷	chē
𩒷	rǒng
𩒺	fù
𩒼	hōng
𩒽	xī
𩒾	wú
𩒿	máng
𩓂	tī
𩓅	hōng
𩓐	bó
𩓒	qǐn
𩓓	gěn
𩓖	fú
𩓗	kuǐ
𩓝	bié
𩓞	jìng
𩓟	kǎn
𩓠	guī
𩓢	gǎo
𩓣	xū
𩓤	àn
𩓥	yuè
𩓦	wù
𩓧	yí
𩓨	jīng
𩓪	lù
𩓫	quán
𩓬	tuí
𩓮	jì
𩓺	jiǒng
𩓻	jué
𩓼	piē
𩓽	kūn
𩔀	wài
𩔁	huì
𩔂	dùn
𩔃	yuǎn
𩔄	jié
𩔆	guì
𩔇	gǎo
𩔈	pò
𩔉	hūn
𩔉	mén
𩔉	mín
𩔊	zhuàn
𩔋	hàng
𩔔	yóng
𩔕	qiú
𩔗	lèi
𩔘	áng
𩔙	pǐ
𩔙	xìn
𩔚	wēng
𩔚	wěng
𩔝	qìn
𩔟	qǐn
𩔠	miè
𩔡	dōu
𩔢	mí
𩔣	zhān
𩔥	qǐng
𩔦	yí
𩔮	bān
𩔱	juān
𩔳	zé
𩔴	xù
𩔵	lán
𩔶	má
𩔷	má
𩔸	ōu
𩔹	bēi
𩔻	póu
𩔼	xù
𩕀	ào
𩕆	hǒng
𩕉	hǒng
𩕊	zhǎn
𩕌	sěn
𩕍	gǎo
𩕍	háo
𩕏	fán
𩕏	pó
𩕐	liào
𩕕	wài
𩕖	xuān
𩕜	kuí
𩕟	è
𩕠	hàn
𩕡	sè
𩕤	dàn
𩕪	xuān
𩕬	è
𩕭	gài
𩕯	dāo
𩕱	měng
𩕲	yī
𩕳	nǐng
𩕵	pín
𩕹	cāng
𩕾	yuàn
𩖀	è
𩖁	niè
𩖁	yá
𩖄	yǐn
𩖇	qiāo
𩖉	hōng
𩖊	líng
𩖌	chān
𩖍	yǐng
𩖒	guān
𩖔	niǎo
𩖕	xū
𩖖	tán
𩖗	jìn
𩖛	péng
𩖝	liáo
𩖠	bèi
𩖣	bá
𩖣	xín
𩖤	tún
𩖥	chāo
𩖦	gān
𩖨	hū
𩖩	wǎng
𩖬	fú
𩖭	pèi
𩖯	náo
𩖰	xín
𩖰	xún
𩖱	xuè
𩖴	liǔ
𩖵	líng
𩖶	xuè
𩖷	qū
𩖸	háo
𩖹	yí
𩖺	hàn
𩖼	fú
𩖽	bá
𩖾	yí
𩗀	bó
𩗄	hōng
𩗅	lì
𩗉	sà
𩗊	xī
𩗎	shì
𩗏	piāo
𩗐	huà
𩗑	yí
𩗒	bó
𩗓	bó
𩗔	něi
𩗕	qiú
𩗘	wěi
𩗙	chè
𩗚	yóu
𩗜	wèi
𩗝	huǐ
𩗞	sà
𩗡	chóu
𩗢	hòng
𩗣	sōu
𩗤	hàn
𩗥	páo
𩗧	fáng
𩗩	liú
𩗪	zhòu
𩗫	pí
𩗭	lì
𩗰	chuí
𩗱	xī
𩗲	zhēng
𩗴	bèng
𩗵	zhēng
𩗶	suì
𩗷	yǎn
𩗼	qīng
𩗽	wù
𩗾	liǎng
𩘀	zhào
𩘁	liáng
𩘅	jiē
𩘇	hōng
𩘈	yōu
𩘊	là
𩘋	hòu
𩘍	yuàn
𩘎	hóng
𩘏	yè
𩘑	yīng
𩘑	yǐng
𩘒	juān
𩘒	xuǎn
𩘓	yóu
𩘘	quán
𩘜	táng
𩘝	suǒ
𩘟	lì
𩘠	sōu
𩘡	lì
𩘤	yù
𩘧	yì
𩘭	xiū
𩘮	áo
𩘯	tuán
𩘰	sù
𩘱	shuài
𩘳	yù
𩘵	fēng
𩘹	sù
𩘺	tuí
𩘻	yù
𩘼	zhēng
𩘽	zhēng
𩘿	táo
𩙄	liú
𩙆	chéng
𩙇	suí
𩙈	sāo
𩙏	gǔ
𩙐	fēng
𩙑	liè
𩙒	piào
𩙒	piāo
𩙖	lì
𩙘	lóng
𩙙	chū
𩙚	xiāo
𩙛	hōng
𩙜	xiè
𩙝	shè
𩙠	lóng
𩙡	hōu
𩙢	shī
𩙢	xuán
𩙣	fēng
𩙥	bá
𩙦	bó
𩙧	táo
𩙨	sù
𩙩	zhào
𩙪	biāo
𩙫	sōu
𩙬	tuí
𩙭	suǒ
𩙮	xiāo
𩙯	héng
𩙰	sāo
𩙲	fēi
𩙷	niù
𩙸	mǎng
𩙽	huán
𩙽	xuān
𩙾	zhī
𩚂	yì
𩚄	yù
𩚇	yí
𩚈	yuē
𩚉	chí
𩚕	qiāng
𩚕	yǐn
𩚖	niù
𩚗	rǒng
𩚛	nà
𩚣	tián
𩚥	bā
𩚪	ěr
𩚫	zhēng
𩚬	è
𩚭	póu
𩚮	jī
𩚮	nì
𩚯	ní
𩚱	jiǒng
𩚲	jiá
𩚵	gān
𩚹	líng
𩚻	zuì
𩚾	bèi
𩛅	shū
𩛆	yǐ
𩛇	pāi
𩛋	nǎo
𩛌	shì
𩛎	mǎn
𩛏	shì
𩛑	tí
𩛘	gōng
𩛝	lèi
𩛞	bǎo
𩛞	něi
𩛞	piǎo
𩛟	mán
𩛟	yuān
𩛠	zuō
𩛡	láng
𩛡	náng
𩛢	xiū
𩛥	zài
𩛦	chèng
𩛧	jiān
𩛨	mào
𩛩	jiá
𩛪	yù
𩛭	yù
𩛮	yí
𩛲	māng
𩛳	cān
𩛳	zài
𩛵	zhuì
𩛶	tí
𩛹	xì
𩛺	jú
𩛻	zhān
𩛻	zuǎn
𩛻	zàn
𩛼	lù
𩛽	táo
𩜀	duī
𩜀	zhuì
𩜁	líng
𩜃	jù
𩜆	jī
𩜇	juàn
𩜇	juǎn
𩜊	zī
𩜌	yuē
𩜍	dōng
𩜒	nǎng
𩜖	chóng
𩜟	àng
𩜣	gēng
𩜥	bō
𩜦	dìng
𩜧	wěi
𩜬	quán
𩜭	kē
𩜰	pì
𩜱	kǎn
𩜱	sǎn
𩜲	fú
𩜳	yǒng
𩜵	tuán
𩜶	tǒu
𩜷	niù
𩜷	yòu
𩜸	yāo
𩜺	yē
𩜽	yàn
𩝈	xián
𩝊	tí
𩝌	suì
𩝐	cí
𩝔	xǔ
𩝕	wù
𩝖	cān
𩝗	yù
𩝚	chǎn
𩝛	xiá
𩝝	gāo
𩝝	kào
𩝞	cāng
𩝟	chā
𩝠	qiǔ
𩝣	dā
𩝥	sù
𩝨	huā
𩝷	wū
𩝸	yuān
𩝽	jiàng
𩝾	xiǎng
𩝿	zhāi
𩞀	chěn
𩞀	càn
𩞀	sǎn
𩞁	mí
𩞁	mó
𩞃	shǎng
𩞃	xiǎng
𩞄	cáo
𩞅	suī
𩞆	chuáng
𩞇	mí
𩞈	zhú
𩞉	chóng
𩞊	jì
𩞋	chóng
𩞙	lián
𩞞	hài
𩞤	dūn
𩞥	xiǎng
𩞦	chēng
𩞧	shǎng
𩞨	lì
𩞩	huáng
𩞬	dèng
𩞯	liáng
𩞶	zā
𩞺	huò
𩞻	lín
𩞾	dú
𩞾	yì
𩞿	hàn
𩟀	yōng
𩟀	yǒng
𩟁	xuàn
𩟁	yuàn
𩟂	guò
𩟃	líng
𩟅	liǎn
𩟇	ào
𩟈	dāng
𩟉	yì
𩟊	nóng
𩟋	shàn
𩟍	xìn
𩟐	dá
𩟑	yù
𩟒	cān
𩟓	wò
𩟔	chá
𩟕	bó
𩟗	jiǎn
𩟞	méng
𩟟	wěi
𩟠	mó
𩟥	juǎn
𩟥	shuì
𩟦	jié
𩟧	shuò
𩟨	huò
𩟫	chuò
𩟭	lóng
𩟮	huài
𩟰	tuō
𩟳	yú
𩟶	chàn
𩟶	jié
𩟷	yōng
𩟸	huò
𩟺	lǎn
𩟿	nà
𩠀	bā
𩠁	gān
𩠂	yǐ
𩠃	jiá
𩠅	dá
𩠆	dìng
𩠇	xùn
𩠈	rěn
𩠉	juǎn
𩠊	tuán
𩠋	xǔ
𩠌	sòng
𩠎	cáo
𩠏	chēng
𩠑	dǐng
𩠚	hái
𩠟	wǔ
𩠦	qǐ
𩠦	shǒu
𩠨	jī
𩠨	qǐ
𩠮	kuí
𩠯	wéi
𩠶	shǒu
𩠷	fú
𩠹	tuán
𩠻	bié
𩠻	hān
𩠽	tán
𩠾	hāng
𩠿	piē
𩡃	yú
𩡄	tán
𩡄	xiāng
𩡌	xiāng
𩡎	xiū
𩡓	wěng
𩡔	hài
𩡕	péng
𩡖	yǐ
𩡝	tán
𩡟	bié
𩡠	xiāng
𩡣	yǐ
𩡦	piáo
𩡧	huán
𩡨	mǔ
𩡩	bā
𩡫	fàn
𩡯	dīng
𩡷	fèi
𩡷	fēn
𩡺	jiè
𩡾	suó
𩢄	wàn
𩢅	gē
𩢈	fēn
𩢊	tuó
𩢌	wén
𩢍	guā
𩢎	duō
𩢐	zhé
𩢑	cǐ
𩢒	yǎo
𩢔	bàn
𩢕	bù
𩢖	mò
𩢘	pǒ
𩢛	gé
𩢞	liú
𩢡	rǎn
𩢨	gān
𩢪	hú
𩢫	móu
𩢮	xiū
𩢯	huāng
𩢰	fú
𩢱	huí
𩢳	qú
𩢴	jié
𩢴	jí
𩢵	tuō
𩢶	yú
𩢷	mò
𩢸	zhōu
𩢹	jiù
𩢻	shú
𩢼	kuāng
𩢽	qióng
𩢾	liè
𩢿	fù
𩣊	xù
𩣖	lìn
𩣘	niè
𩣚	bǐ
𩣚	pī
𩣜	fù
𩣝	bù
𩣞	sà
𩣞	yì
𩣡	bó
𩣣	é
𩣣	ě
𩣩	zhé
𩣫	lì
𩣮	tù
𩣯	dá
𩣱	lù
𩣲	yān
𩣳	dōng
𩣴	qiè
𩣵	wò
𩣵	wǎn
𩣶	mǐng
𩣷	zhù
𩣷	zuī
𩣸	fù
𩣹	qū
𩣺	bēn
𩣻	ǎo
𩣼	qiāng
𩤁	qūn
𩤈	què
𩤉	huá
𩤉	táo
𩤊	jiàn
𩤊	xiàn
𩤋	kùn
𩤏	cuì
𩤒	yí
𩤖	chī
𩤖	ér
𩤗	zòng
𩤘	nǎo
𩤙	chéng
𩤚	duān
𩤛	yóng
𩤜	zhě
𩤞	tàn
𩤟	yáng
𩤠	xié
𩤡	xuān
𩤣	duàn
𩤤	shuǎ
𩤥	xián
𩤦	xián
𩤩	é
𩤲	lā
𩤸	wèi
𩤹	yōu
𩤺	yú
𩤽	tī
𩤿	jīn
𩥁	táng
𩥂	qí
𩥄	diān
𩥅	tāo
𩥆	lǜ
𩥇	zhàn
𩥈	wēn
𩥉	jì
𩥊	jiāo
𩥊	āo
𩥋	dú
𩥋	òu
𩥌	qià
𩥐	shī
𩥑	tǎ
𩥔	mò
𩥘	yóu
𩥠	zhá
𩥣	yáo
𩥫	chōng
𩥬	lí
𩥭	yú
𩥮	chǎn
𩥯	yī
𩥲	chì
𩥴	lí
𩥽	tú
𩥿	zú
𩦂	xián
𩦇	xì
𩦉	bié
𩦊	hán
𩦊	qiān
𩦋	qí
𩦌	shuāng
𩦌	sāng
𩦎	fēi
𩦎	fěi
𩦐	huō
𩦐	shàn
𩦘	huān
𩦠	bàng
𩦡	yú
𩦢	yú
𩦤	jí
𩦱	kuǎi
𩦲	zōng
𩦹	xiàn
𩦺	méng
𩧃	lì
𩧄	zhì
𩧅	fán
𩧆	liè
𩧆	là
𩧇	cài
𩧈	dú
𩧉	guāng
𩧊	xiòng
𩧋	lí
𩧌	qì
𩧏	jué
𩧐	tuō
𩧒	jù
𩧓	xiāo
𩧘	qú
𩧜	zhuǎn
𩧡	jué
𩧦	jiè
𩧨	zhòu
𩧩	xiàn
𩧪	lóng
𩧫	yǎng
𩧬	rǎn
𩧭	yì
𩧮	liè
𩧯	bō
𩧰	hún
𩧱	jì
𩧲	dòng
𩧳	zhōu
𩧴	quān
𩧵	jié
𩧸	lì
𩧺	jú
𩧻	wǎn
𩧼	bēn
𩧿	bī
𩨀	gé
𩨁	chǔn
𩨃	qián
𩨄	sōu
𩨅	wèi
𩨆	chéng
𩨇	lóu
𩨈	yú
𩨉	lā
𩨊	qián
𩨋	diān
𩨌	tǎ
𩨍	zhàn
𩨏	fán
𩨐	liè
𩨑	tīng
𩨒	jī
𩨓	qiān
𩨔	huá
𩨔	hú
𩨗	yú
𩨘	gē
𩨘	qì
𩨙	yú
𩨚	wā
𩨜	bà
𩨝	qí
𩨞	sǎ
𩨟	qiāo
𩨠	yà
𩨡	sǎn
𩨡	xiǎn
𩨨	cī
𩨩	fàn
𩨫	kǔn
𩨬	gǔn
𩨭	quē
𩨮	è
𩨯	qióng
𩨲	mà
𩨳	dū
𩨳	kū
𩨴	yǎo
𩨷	quē
𩨸	chū
𩨹	jiǎ
𩨻	zhǔ
𩨽	duī
𩨾	wá
𩩀	nǎo
𩩄	yán
𩩅	tóng
𩩈	kuài
𩩋	jìng
𩩋	xíng
𩩌	gǔn
𩩍	pīng
𩩑	yǔ
𩩒	hè
𩩔	zhuó
𩩗	shē
𩩘	yǔ
𩩛	jì
𩩝	qiāng
𩩞	shuì
𩩟	chuò
𩩠	zú
𩩡	léng
𩩢	ní
𩩤	wā
𩩥	zhá
𩩧	dàn
𩩮	dù
𩩯	biàn
𩩰	hái
𩩰	jiē
𩩱	qià
𩩲	hé
𩩳	chòng
𩩴	yán
𩩶	yàn
𩩺	sóng
𩩻	téng
𩩼	yǎo
𩩾	kāo
𩪀	zhuī
𩪁	guì
𩪂	ái
𩪃	hài
𩪈	suǒ
𩪉	xù
𩪊	biāo
𩪌	fèng
𩪍	qū
𩪍	shū
𩪎	mǎng
𩪐	guó
𩪖	bì
𩪗	jué
𩪘	chuáng
𩪛	pú
𩪟	yì
𩪢	qiān
𩪣	yì
𩪤	è
𩪥	líng
𩪧	bì
𩪭	huò
𩪮	mó
𩪮	mǒ
𩪱	xūn
𩪴	yàn
𩪸	lì
𩪺	tán
𩪾	luán
𩫀	kài
𩫁	mào
𩫂	xiāo
𩫇	ǎi
𩫊	tǎ
𩫍	mèi
𩫏	guō
𩫏	yōng
𩫓	gǎo
𩫔	náo
𩫕	háo
𩫠	quē
𩫥	cáo
𩫦	sào
𩫫	pí
𩫲	xiē
𩫳	xiāo
𩫴	jú
𩫹	chéng
𩫺	nǎo
𩬀	nèi
𩬍	mǔ
𩬏	shāo
𩬑	chān
𩬑	diān
𩬔	líng
𩬖	zhěn
𩬗	yǎo
𩬙	fù
𩬙	fū
𩬚	gàn
𩬚	qián
𩬛	qióng
𩬜	jú
𩬝	bìng
𩬝	fǎng
𩬞	mián
𩬞	mán
𩬞	máo
𩬟	zhà
𩬠	tāi
𩬤	chōng
𩬫	zhǎi
𩬭	shī
𩬮	yòng
𩬰	qióng
𩬱	dào
𩬲	tì
𩬳	zhuǐ
𩬵	yìn
𩬷	nǎo
𩬸	bō
𩬹	kuāng
𩬺	zhǐ
𩬻	duǒ
𩬼	cōng
𩬽	bǎo
𩬾	yā
𩭇	lí
𩭊	jú
𩭋	kūn
𩭋	wén
𩭌	liè
𩭏	wǒ
𩭐	shǐ
𩭑	niǎo
𩭒	máng
𩭓	jiū
𩭘	xiū
𩭝	wǒ
𩭟	dào
𩭡	xī
𩭢	àn
𩭣	dá
𩭤	zōng
𩭤	zǒng
𩭥	hàn
𩭦	chuí
𩭧	bān
𩭧	bī
𩭩	dòng
𩭫	zhǎng
𩭯	yā
𩭲	dí
𩭳	huō
𩭷	mín
𩭹	sān
𩭺	fù
𩭼	bǎo
𩭽	kè
𩭾	máo
𩭿	rè
𩮀	sōng
𩮀	zōng
𩮀	zǒng
𩮁	qià
𩮂	xiā
𩮃	sōu
𩮄	xiū
𩮅	nà
𩮉	mián
𩮉	mán
𩮎	zhā
𩮏	chán
𩮐	shè
𩮑	wǒ
𩮖	ái
𩮗	bàng
𩮗	fǎng
𩮗	péng
𩮘	hāo
𩮚	sāo
𩮛	suǒ
𩮜	tì
𩮝	yà
𩮟	bìng
𩮠	róng
𩮫	shā
𩮬	wěng
𩮯	áo
𩮱	zhuāng
𩮳	piào
𩮳	piē
𩮳	piǎo
𩮴	cuǐ
𩮴	suī
𩮵	yī
𩮶	sōu
𩮷	dōu
𩮸	nà
𩮸	sōu
𩮹	luó
𩯃	bì
𩯃	fèi
𩯄	zùn
𩯆	nào
𩯇	dēng
𩯈	zhí
𩯉	cuō
𩯊	liáo
𩯋	jǐ
𩯌	bō
𩯍	cóng
𩯎	chéng
𩯏	bǔ
𩯑	sān
𩯒	zàn
𩯘	jiào
𩯛	yào
𩯜	lǔ
𩯞	càn
𩯨	nǐ
𩯰	jié
𩯰	jì
𩯱	pú
𩯲	zhuàng
𩯳	zuǎn
𩯳	zàn
𩯳	zā
𩯺	lì
𩯽	là
𩰀	chōng
𩰃	zhàn
𩰍	biàn
𩰎	wēng
𩰓	hòng
𩰗	pīn
𩰙	sè
𩰞	nǐ
𩰟	fēn
𩰠	xǔ
𩰢	shǐ
𩰤	jù
𩰨	jué
𩰪	yù
𩰬	guō
𩰬	wāi
𩰭	guō
𩰯	hú
𩰰	jìng
𩰲	fèi
𩰲	lì
𩰳	xié
𩰴	ér
𩰵	yuán
𩰶	bèn
𩰶	hái
𩰹	jìng
𩰻	kè
𩰽	zōng
𩰾	fèi
𩱀	pēng
𩱁	gēng
𩱃	jiān
𩱄	ní
𩱆	xián
𩱇	lì
𩱈	chǎo
𩱊	xiàn
𩱊	ér
𩱋	gēng
𩱋	pēng
𩱌	yù
𩱍	hú
𩱎	fèi
𩱏	áo
𩱓	ěr
𩱘	kè
𩱙	kù
𩱚	bó
𩱝	yè
𩱞	jiào
𩱦	chǎo
𩱧	gēng
𩱨	rù
𩱪	yuè
𩱬	lín
𩱱	yù
𩱲	yuè
𩱳	zhāi
𩱴	xiāo
𩱷	miè
𩱻	guǐ
𩱼	jiū
𩱾	tuò
𩲁	xí
𩲂	wěi
𩲃	zhuó
𩲄	wèi
𩲅	kuí
𩲈	mèi
𩲈	wéi
𩲊	hào
𩲋	hāng
𩲌	fāng
𩲍	niú
𩲎	yòu
𩲏	huà
𩲒	làng
𩲠	zhú
𩲡	guǐ
𩲢	bì
𩲢	mèi
𩲣	jiǎ
𩲤	tiáo
𩲦	lǜ
𩲧	kǒng
𩲨	zuǐ
𩲩	líng
𩲪	qí
𩲬	zhú
𩲱	gǔ
𩲲	zù
𩲴	yāng
𩲵	sū
𩲷	kuí
𩲹	chāng
𩲻	yáo
𩲾	yù
𩳅	shū
𩳆	lài
𩳇	yì
𩳈	dōu
𩳌	wú
𩳍	yǐng
𩳎	fú
𩳏	zhuàn
𩳐	fǔ
𩳒	sù
𩳓	lǐ
𩳔	yào
𩳕	tuì
𩳕	tì
𩳝	guì
𩳡	lǜ
𩳢	yàn
𩳣	qí
𩳤	chāng
𩳤	làng
𩳥	zhú
𩳧	guǐ
𩳨	hū
𩳯	jīng
𩳲	chǐ
𩳵	jú
𩳶	zhá
𩳸	miáo
𩴀	zhū
𩴁	gān
𩴂	xiōng
𩴃	jí
𩴇	shài
𩴈	mèi
𩴉	yùn
𩴌	gān
𩴍	shòu
𩴐	lǜ
𩴑	yòu
𩴒	jiàng
𩴓	nuó
𩴘	jù
𩴙	yòu
𩴜	yì
𩴝	téng
𩴞	wéi
𩴟	chě
𩴠	lìn
𩴡	gù
𩴣	lì
𩴤	liào
𩴧	jiāo
𩴨	yáng
𩴩	biāo
𩴪	qí
𩴮	yì
𩴱	bīn
𩴲	méng
𩴳	chà
𩴵	gān
𩴹	qú
𩴺	dí
𩴻	léi
𩵀	líng
𩵄	huān
𩵅	qú
𩵇	luó
𩵉	kuí
𩵍	qiú
𩵎	yú
𩵎	yǔ
𩵏	huà
𩵓	lèi
𩵕	dāo
𩵕	rèn
𩵖	xiǎo
𩵗	sì
𩵚	dù
𩵛	biē
𩵠	niú
𩵠	wěi
𩵢	hè
𩵢	zā
𩵣	pēi
𩵥	fèi
𩵦	mù
𩵩	fū
𩵬	hú
𩵭	wáng
𩵮	shā
𩵮	xiǎo
𩵰	jiāo
𩵰	qiū
𩵱	wǔ
𩵹	fù
𩶁	bǐng
𩶂	zhù
𩶄	zhú
𩶅	chī
𩶇	shěn
𩶈	hū
𩶉	bū
𩶎	rǎn
𩶖	mù
𩶘	lì
𩶛	jiā
𩶞	háng
𩶞	mà
𩶡	méng
𩶢	móu
𩶣	zhōu
𩶤	xiǎn
𩶥	huǐ
𩶥	hóng
𩶦	guài
𩶧	jiù
𩶩	mù
𩶫	rù
𩶫	xuè
𩶭	wú
𩶯	rú
𩶱	zhà
𩷁	nuǒ
𩷂	xié
𩷄	jiàng
𩷋	lǐ
𩷌	shū
𩷍	yì
𩷎	dí
𩷏	qíng
𩷐	jú
𩷓	zhì
𩷕	liáng
𩷕	láng
𩷖	bù
𩷗	kuáng
𩷘	yì
𩷚	bó
𩷧	chì
𩷭	jiàng
𩷯	wò
𩷰	xùn
𩷵	tūn
𩷶	máng
𩷸	fáng
𩷹	zhuó
𩷻	qià
𩷽	tǎ
𩷾	qí
𩸀	pèng
𩸁	biē
𩸂	fèn
𩸂	pèn
𩸃	tù
𩸄	huà
𩸇	è
𩸋	yā
𩸋	è
𩸎	dìng
𩸐	rú
𩸖	è
𩸞	qí
𩸞	yàn
𩸟	sì
𩸥	yíng
𩸦	ní
𩸧	ní
𩸨	yí
𩸹	mí
𩸾	yé
𩸿	pō
𩹀	còu
𩹂	wèi
𩹄	hài
𩹅	yīng
𩹇	tíng
𩹈	zhì
𩹉	fēi
𩹊	yóu
𩹍	kuí
𩹎	àn
𩹏	bà
𩹑	hàn
𩹞	nán
𩹟	nài
𩹢	jīng
𩹥	wēi
𩹱	chù
𩹳	suǒ
𩹴	tāo
𩹵	qí
𩹶	táng
𩹷	wěi
𩹸	gǎn
𩹺	gé
𩹼	hàn
𩹾	nà
𩹿	gé
𩺄	zhēng
𩺗	dá
𩺗	tǎ
𩺛	sī
𩺝	nì
𩺞	sǎng
𩺫	xié
𩺯	zú
𩺰	wú
𩺰	yú
𩺱	nì
𩺲	qī
𩺵	shēn
𩺼	bū
𩻋	kūn
𩻌	lí
𩻎	guā
𩻖	yǎn
𩻗	bù
𩻘	jiàn
𩻚	wú
𩻛	cén
𩻛	jīn
𩻜	lín
𩻝	zhuàn
𩻟	huī
𩻡	tóng
𩻢	zhǎ
𩻤	hēi
𩻧	guǒ
𩻱	jǐng
𩻵	dié
𩻷	yíng
𩻼	zhì
𩼂	wěi
𩼄	jì
𩼅	rǒng
𩼈	yǒu
𩼈	ào
𩼉	dāng
𩼉	hān
𩼊	luó
𩼋	yè
𩼌	wēi
𩼒	qiáng
𩼙	gé
𩼚	jì
𩼦	zòu
𩼨	yí
𩼫	zhǎ
𩼭	liè
𩼴	yè
𩼼	zhān
𩽀	chóu
𩽁	biāo
𩽆	xù
𩽇	yōu
𩽍	xiè
𩽎	wéi
𩽏	lì
𩽛	bó
𩽜	jiǎn
𩽝	chán
𩽞	kūn
𩽡	qíng
𩽧	shuāng
𩽨	xī
𩽩	qú
𩽰	luó
𩽳	dǎng
𩽴	nián
𩽵	lǐ
𩽷	bà
𩽹	è
𩽺	fū
𩽻	fù
𩽼	hǔn
𩽽	zhà
𩽾	ān
𩾁	qiú
𩾂	chóu
𩾃	miǎn
𩾄	xùn
𩾅	tù
𩾆	ní
𩾇	hu
𩾈	shū
𩾊	xū
𩾋	zhòng
𩾌	kāng
𩾎	yōu
𩾒	xiāo
𩾓	xiāo
𩾔	cì
𩾕	chì
𩾗	diāo
𩾗	jiāo
𩾘	yì
𩾚	dīng
𩾝	hàn
𩾝	yàn
𩾞	wán
𩾠	yǐ
𩾡	bào
𩾢	yuān
𩾢	yì
𩾧	xùn
𩾬	xiáng
𩾳	bí
𩾶	jié
𩾷	gē
𩾸	yàn
𩾸	zè
𩾺	zhèn
𩾻	hú
𩾼	xī
𩾽	xīn
𩾾	jiāo
𩾾	xiāo
𩾿	fù
𩿀	zhòng
𩿂	mào
𩿃	xīn
𩿄	qiāng
𩿈	fén
𩿈	fēn
𩿉	bān
𩿊	huān
𩿑	jiāo
𩿓	bào
𩿔	yā
𩿕	yáo
𩿛	xì
𩿝	jù
𩿟	qù
𩿠	yuè
𩿡	tái
𩿢	tǒu
𩿣	mò
𩿤	zhá
𩿥	qú
𩿧	fū
𩿩	duó
𩿩	qú
𩿪	chì
𩿬	yóu
𩿷	tí
𩿺	wā
𩿽	tuó
𩿿	chú
𪀁	gē
𪀉	gē
𪀉	kě
𪀊	qú
𪀏	jiū
𪀏	jù
𪀒	dié
𪀓	yí
𪀔	shī
𪀕	yì
𪀗	guǐ
𪀘	jiàng
𪀚	sōng
𪀛	qióng
𪀝	yuān
𪀝	è
𪀞	huāng
𪀟	huí
𪀠	xún
𪀣	jú
𪀥	zhái
𪀦	chì
𪀧	lǎo
𪀩	chú
𪀩	dàn
𪀩	qí
𪀪	xiū
𪀬	huī
𪀭	tóng
𪀺	fù
𪀽	xún
𪀽	xīn
𪀾	jié
𪀿	mǐ
𪁀	yù
𪁈	zhuàng
𪁈	zhuāng
𪁉	jiāo
𪁊	zhé
𪁊	zhì
𪁋	chéng
𪁍	jié
𪁎	xiāo
𪁏	chén
𪁐	lí
𪁑	yuè
𪁓	zhì
𪁔	láo
𪁕	wò
𪁖	qú
𪁘	wāng
𪁚	yī
𪁛	yì
𪁜	láng
𪁞	tóu
𪁟	hàn
𪁟	ān
𪁠	jué
𪁡	yàn
𪁥	jù
𪁧	chén
𪁧	zhèn
𪁩	tí
𪁩	zhì
𪁪	mǎng
𪁮	xiù
𪁱	chuáng
𪁲	chū
𪁸	qiāng
𪁹	fēi
𪁺	cháng
𪁺	chǎng
𪁼	mián
𪁽	sù
𪁾	wò
𪁾	ǎo
𪂀	fǔ
𪂄	wèi
𪂅	zhī
𪂆	mín
𪂇	chāng
𪂈	yán
𪂉	yù
𪂋	fù
𪂌	tà
𪂍	jǐ
𪂏	fèi
𪂒	hú
𪂓	jū
𪂕	yǔ
𪂛	qí
𪂜	méi
𪂟	biē
𪂠	guǒ
𪂤	mìng
𪂦	wǎn
𪂦	yuān
𪂧	wǎn
𪂴	jīng
𪂵	yù
𪂶	xián
𪂹	chūn
𪂺	jí
𪂼	xiāng
𪂽	pén
𪂾	fù
𪃂	liú
𪃄	sāi
𪃅	xuē
𪃆	zòu
𪃈	jié
𪃋	jiān
𪃋	zhān
𪃍	yú
𪃎	yú
𪃏	méi
𪃐	miǎo
𪃑	mào
𪃒	duó
𪃓	fù
𪃛	jiàn
𪃦	miáo
𪃨	āo
𪃭	kè
𪃶	hóu
𪃺	gòu
𪃼	xī
𪃾	róng
𪃿	gē
𪄀	pán
𪄁	yuán
𪄂	xià
𪄅	shā
𪄆	pí
𪄆	pī
𪄈	qíng
𪄉	yōng
𪄊	qú
𪄌	gòng
𪄎	gé
𪄏	xiān
𪄑	sù
𪄕	bān
𪄖	qí
𪄗	hòu
𪄛	xī
𪄝	wū
𪄭	qī
𪄮	gù
𪄮	hù
𪄯	guī
𪄱	dí
𪄲	shāng
𪄳	mài
𪄴	mǐn
𪄵	jì
𪄶	xí
𪄷	xiān
𪄸	jí
𪄹	cháng
𪄺	kòu
𪄻	chōng
𪄻	zhuāng
𪅂	zhāng
𪅃	piāo
𪅃	piǎo
𪅄	sù
𪅅	lüè
𪅆	lí
𪅇	mèng
𪅈	chōng
𪅉	tiān
𪅋	líng
𪅍	chì
𪅖	chōng
𪅖	zhuāng
𪅙	chì
𪅝	niǎo
𪅟	yóng
𪅮	mì
𪅰	shū
𪅲	xì
𪅴	è
𪅵	zī
𪅸	jié
𪅹	jī
𪅺	hōu
𪅻	shèng
𪅼	lì
𪅾	qī
𪆀	zhōu
𪆁	sī
𪆂	qú
𪆋	xié
𪆗	sī
𪆛	xū
𪆠	fù
𪆯	nóng
𪆰	yà
𪆱	liú
𪆲	jiǎ
𪆲	zhān
𪆳	guī
𪆴	kuí
𪆵	chì
𪆶	càn
𪆷	chú
𪆹	guō
𪆻	dǎn
𪆿	jiàn
𪇁	dāng
𪇂	hòu
𪇄	kòu
𪇄	kū
𪇆	chù
𪇆	dú
𪇇	qiān
𪇈	ài
𪇊	pì
𪇑	xùn
𪇒	jīng
𪇓	mèng
𪇕	bīn
𪇖	lán
𪇗	gǔ
𪇘	chóu
𪇘	táo
𪇛	yōng
𪇜	guá
𪇝	yú
𪇞	zhòu
𪇭	cài
𪇯	liú
𪇰	bǔ
𪇱	luò
𪇲	jié
𪇳	zhēn
𪇴	miè
𪇵	guǎng
𪇷	jiá
𪇹	là
𪈀	shòu
𪈃	guō
𪈆	mèng
𪈇	qián
𪈈	lài
𪈊	hé
𪈋	tuán
𪈑	huī
𪈘	hōng
𪈜	lǚ
𪈟	jiá
𪈥	guī
𪈨	yī
𪈩	huān
𪈰	luó
𪈴	jué
𪈸	guàn
𪈻	quán
𪈼	niǎo
𪈿	mán
𪉂	yùn
𪉃	wén
𪉄	chì
𪉅	chì
𪉆	zhī
𪉈	cí
𪉉	zhuàng
𪉊	huá
𪉋	jié
𪉌	qú
𪉍	tū
𪉎	mín
𪉏	méi
𪉐	yú
𪉑	áo
𪉒	bān
𪉔	pī
𪉕	zhēn
𪉖	lǔ
𪉗	chì
𪉘	tóu
𪉚	jiē
𪉜	zhān
𪉢	jīn
𪉣	lǔ
𪉦	gàn
𪉦	jiàn
𪉦	jiǎn
𪉧	tàn
𪉨	chāng
𪉪	cì
𪉭	wāi
𪉮	còu
𪉯	kàn
𪉱	biàn
𪉸	wēn
𪉻	qiān
𪉿	gàn
𪊂	huì
𪊄	gàn
𪊄	gǎn
𪊆	jì
𪊇	gàn
𪊇	tàn
𪊉	huái
𪊍	sì
𪊐	fū
𪊕	pí
𪊗	cā
𪊜	bèn
𪊢	shí
𪊢	shǐ
𪊥	huán
𪊧	guī
𪊪	ǒu
𪊳	páo
𪊵	yǐng
𪊶	tǐng
𪊷	xiào
𪊹	zhù
𪊻	yú
𪋁	jiàn
𪋄	qǔ
𪋅	wǎn
𪋆	kūn
𪋇	zhuī
𪋉	yù
𪋊	guǒ
𪋋	píng
𪋌	zuǐ
𪋍	zú
𪋏	zhū
𪋐	nuàn
𪋑	zhū
𪋖	piāo
𪋗	mí
𪋜	bì
𪋝	sù
𪋡	pú
𪋢	mí
𪋫	yè
𪋬	yǔ
𪋮	yù
𪋰	zhǔ
𪋳	líng
𪋺	nòu
𪋾	líng
𪌀	liǎo
𪌂	tuō
𪌄	bǐ
𪌅	nà
𪌆	qú
𪌈	pí
𪌉	dǒu
𪌊	niè
𪌋	tún
𪌍	jī
𪌏	líng
𪌓	kù
𪌔	sù
𪌘	tǒu
𪌞	nái
𪌟	zé
𪌢	tǒng
𪌣	gé
𪌤	duī
𪌧	jié
𪌩	tián
𪌪	tiào
𪌫	chí
𪌬	chǎo
𪌬	qū
𪌮	shā
𪌮	suō
𪌰	bó
𪌱	lí
𪌳	luò
𪌵	liáo
𪌶	shù
𪌷	děng
𪌹	chī
𪌺	miè
𪌼	táo
𪌽	hún
𪌿	nié
𪍁	jùn
𪍂	hù
𪍄	lù
𪍅	yè
𪍇	chǎo
𪍇	mài
𪍇	mò
𪍈	chào
𪍌	suò
𪍎	kē
𪍏	fù
𪍑	chǎo
𪍔	suǒ
𪍗	qiū
𪍛	sù
𪍛	xiè
𪍝	yùn
𪍟	suǒ
𪍠	kū
𪍡	bó
𪍣	lǒu
𪍤	mò
𪍦	liǎn
𪍧	xuàn
𪍨	suǒ
𪍩	mán
𪍪	bì
𪍲	tì
𪍴	lián
𪍵	tán
𪍶	shàn
𪍸	qú
𪍹	dú
𪍺	huàn
𪍺	huán
𪍻	sào
𪍿	kuàng
𪎃	niè
𪎅	niè
𪎆	luó
𪎇	zuó
𪎈	yì
𪎉	xiàn
𪎊	chǎo
𪎋	tiè
𪎌	lái
𪎒	shuò
𪎔	mǐ
𪎗	mí
𪎛	wǎn
𪎝	bèn
𪎞	qiāng
𪎠	mǒ
𪎣	liú
𪎤	wò
𪎦	měi
𪎨	tóu
𪎫	mǔ
𪎭	méi
𪎲	zuò
𪎴	tún
𪎵	kàng
𪎶	tún
𪎺	chè
𪎻	zhèng
𪎽	chōng
𪎾	tiān
𪏀	zhì
𪏁	chán
𪏂	chán
𪏅	qīng
𪏆	tūn
𪏇	huǐ
𪏈	què
𪏉	zhān
𪏊	jiān
𪏊	miǎn
𪏋	chán
𪏍	huáng
𪏏	huī
𪏐	chí
𪏒	huáng
𪏓	héng
𪏔	yǔn
𪏖	tuān
𪏗	biān
𪏙	huáng
𪏚	yǔn
𪏟	mò
𪏠	gōng
𪏢	gōng
𪏤	guì
𪏦	chán
𪏨	què
𪏩	ruì
𪏪	kuàng
𪏫	piào
𪏮	rǔ
𪏲	niǔ
𪏳	hù
𪏴	jǐn
𪏵	lí
𪏵	nì
𪏶	bào
𪏸	chī
𪏸	nǐ
𪏺	bì
𪏻	hú
𪏼	lí
𪏿	zhū
𪐀	nǎ
𪐂	quǎn
𪐃	fěng
𪐄	bǐ
𪐅	lí
𪐆	bié
𪐇	nián
𪐈	dǒng
𪐋	lián
𪐌	nì
𪐍	lián
𪐎	má
𪐏	zhé
𪐏	zhí
𪐓	jiā
𪐔	yí
𪐖	lǒng
𪐘	yì
𪐘	yān
𪐝	dài
𪐝	tài
𪐞	dù
𪐣	yǐ
𪐥	tài
𪐦	hāng
𪐧	shù
𪐬	wán
𪐮	sù
𪐯	yǎo
𪐰	èr
𪐲	zhèn
𪐺	dòu
𪐻	jiān
𪐿	pāng
𪑀	huī
𪑂	chà
𪑃	shān
𪑄	lú
𪑅	huì
𪑆	yù
𪑈	yàn
𪑉	wǎn
𪑊	qiào
𪑋	luō
𪑌	yù
𪑏	tú
𪑐	wèi
𪑒	tùn
𪑕	hǔn
𪑖	bēn
𪑗	qiè
𪑙	jīn
𪑙	qián
𪑚	lái
𪑚	lí
𪑜	zhǐ
𪑝	yú
𪑟	cì
𪑦	yè
𪑧	dié
𪑨	chà
𪑩	diàn
𪑪	mán
𪑬	dèng
𪑭	wēi
𪑮	niǎn
𪑯	lèi
𪑰	bīng
𪑱	wò
𪑱	wū
𪑳	zhěn
𪑶	róu
𪑷	wài
𪑸	mì
𪑸	yān
𪑹	jiè
𪑻	hóu
𪑽	zhài
𪑾	rǔ
𪑿	zī
𪒀	pán
𪒂	mò
𪒄	mì
𪒆	qī
𪒇	mò
𪒊	zhī
𪒋	bān
𪒋	pán
𪒍	miè
𪒏	lù
𪒑	qī
𪒒	chōng
𪒔	lí
𪒕	yì
𪒘	dèng
𪒙	cuō
𪒛	duì
𪒜	mà
𪒝	yǎn
𪒟	zèng
𪒠	yǎn
𪒠	àn
𪒠	ǎn
𪒡	duì
𪒡	dài
𪒢	pū
𪒥	yuè
𪒩	huò
𪒪	mài
𪒫	jiǎn
𪒬	nóng
𪒭	qín
𪒯	qín
𪒲	yè
𪒴	tái
𪒹	jiān
𪒼	chá
𪒾	dàn
𪒿	téng
𪓀	lì
𪓃	niǎng
𪓄	chán
𪓅	zāng
𪓊	yù
𪓌	zuì
𪓍	biān
𪓐	chǔ
𪓘	rán
𪓚	rán
𪓛	yāng
𪓜	bǒ
𪓡	cù
𪓬	mí
𪓮	kě
𪓰	cù
𪓷	xí
𪓹	má
𪓻	shī
𪓼	diān
𪓿	shī
𪔂	dǐng
𪔃	jiōng
𪔅	yuán
𪔆	gān
𪔊	huì
𪔋	jī
𪔍	péng
𪔏	dēng
𪔑	bèng
𪔔	péng
𪔔	pāng
𪔕	lóng
𪔕	tà
𪔗	yuān
𪔘	gāo
𪔙	yuān
𪔟	jiā
𪔣	kōng
𪔦	dòng
𪔩	xián
𪔪	qì
𪔬	sāng
𪔰	yìn
𪔳	lóng
𪔶	tēng
𪔷	lóng
𪔺	rèn
𪔽	yìn
𪔾	píng
𪔿	pū
𪕀	yuán
𪕁	chén
𪕁	rǒng
𪕃	fāng
𪕇	hāng
𪕈	mí
𪕉	hú
𪕊	zī
𪕌	líng
𪕍	jiōng
𪕎	rǒng
𪕒	píng
𪕓	guāng
𪕔	ěr
𪕝	cù
𪕞	jùn
𪕦	xiǔ
𪕨	ér
𪕩	tì
𪕫	yáng
𪕭	ài
𪕮	hú
𪕯	xié
𪕯	xí
𪕱	hú
𪕳	sī
𪕴	lǐ
𪕶	yì
𪕷	gǔ
𪕹	táng
𪖀	què
𪖁	zōng
𪖂	lí
𪖄	jiào
𪖇	fán
𪖈	pú
𪖉	sī
𪖋	jié
𪖌	lú
𪖍	lì
𪖎	chán
𪖐	yà
𪖐	yào
𪖕	huī
𪖙	hōu
𪖚	diān
𪖛	qiù
𪖜	jué
𪖞	pì
𪖢	kuī
𪖥	xǐ
𪖦	tī
𪖩	xù
𪖯	biǎn
𪖲	hē
𪖳	lián
𪖶	sù
𪖷	liào
𪖼	jīn
𪗁	lì
𪗂	chán
𪗅	qí
𪗆	qí
𪗉	zī
𪗋	zī
𪗍	qí
𪗏	qí
𪗐	zī
𪗒	zhāi
𪗓	zhāi
𪗔	pà
𪗖	jū
𪗙	yǎn
𪗜	háng
𪗝	nà
𪗤	yǎn
𪗦	zhàn
𪗧	shǐ
𪗨	zhí
𪗭	zhā
𪗴	rǒng
𪗵	zhā
𪗷	yì
𪗸	míng
𪗹	yá
𪗻	zhì
𪗽	huá
𪗽	kuò
𪗾	xiá
𪘀	pián
𪘁	tà
𪘁	xiá
𪘃	yǐ
𪘆	xiū
𪘇	zhāi
𪘉	duǒ
𪘊	è
𪘎	niè
𪘎	yín
𪘐	è
𪘑	suān
𪘒	ān
𪘓	cuó
𪘕	tuó
𪘗	tuó
𪘘	xiá
𪘛	chuò
𪘝	suān
𪘥	jì
𪘦	qiǎn
𪘧	zú
𪘨	zhāi
𪘩	kǔn
𪘩	yǔn
𪘪	zhàn
𪘬	yà
𪘬	yá
𪘬	yí
𪘲	cī
𪘲	yà
𪘲	yá
𪘲	yí
𪘳	yuē
𪘹	hé
𪘺	qià
𪘾	chā
𪙃	óu
𪙈	hú
𪙊	yàn
𪙌	qiè
𪙍	bó
𪙎	qiāng
𪙏	jiá
𪙏	jiè
𪙛	nì
𪙞	chǎn
𪙟	qǐn
𪙡	zāo
𪙤	yǐn
𪙥	xiè
𪙧	qí
𪙨	jiàn
𪙨	jiān
𪙫	xū
𪙭	zèng
𪙯	è
𪙳	zū
𪙴	yǐ
𪙹	zhí
𪙺	lì
𪙽	lì
𪙾	yín
𪚁	lián
𪚃	chán
𪚅	jué
𪚇	zá
𪚎	zhāi
𪚏	pián
𪚑	lóng
𪚓	lóng
𪚘	lóng
𪚝	lóng
𪚠	lóng
𪚢	mǎng
𪚥	zhé
𪚬	gàn
𪚭	gōu
𪚮	rán
𪚯	cù
𪚰	jiāo
𪚷	bǒ
𪚹	zhù
𪚺	qiū
𪚻	yāng
𪛀	xiào
𪛂	huí
𪛃	qū
𪛈	líng
𪛊	yín
𪛎	pì
𪛒	lián
𪜎	qiào
𪞝	duó
𪟎	jiān
𪟝	jì
𪟝	jī
𪠀	kū
𪠏	yǎn
𪠟	zhěn
𪠡	sā
𪠳	chē
𪠵	lún
𪠸	hù
𪠽	dāng
𪡀	qiáo
𪡃	mǎi
𪡈	bái
𪡋	yǎn
𪡏	zhān
𪡛	hé
𪡞	kuì
𪡺	lài
𪢌	lán
𪢒	shù
𪢕	chuò
𪢠	lán
𪢮	luán
𪣆	dōng
𪣒	huán
𪣻	lóu
𪤗	liào
𪤚	lín
𪥠	réng
𪥫	shuāng
𪥰	níng
𪥿	dú
𪧀	yīng
𪧘	jù
𪨇	tuí
𪨊	sóng
𪨗	juē
𪨧	lún
𪨩	yà
𪨰	qū
𪨶	shē
𪨷	yán
𪨹	tuó
𪩇	lǒu
𪩎	yǐng
𪩘	yǎn
𪩛	niè
𪩸	fén
𪪑	qiào
𪪝	yōng
𪪞	qiáng
𪪴	zé
𪫌	lòng
𪫡	lì
𪫷	chóu
𪫸	què
𪫺	xiān
𪬚	pīn
𪭝	wěi
𪭢	chuāng
𪭧	ér
𪭯	guài
𪭵	liǎng
𪭾	xiàn
𪮃	cán
𪮋	xiāo
𪮖	juē
𪮶	là
𪯋	shǎn
𪰶	fèi
𪱥	fèn
𪱷	bèi
𪲎	jī
𪲔	lì
𪲛	jì
𪲮	fèi
𪳍	shè
𪴙	cuán
𪴯	ē
𪵑	xiāo
𪵣	xì
𪵱	lì
𪶄	shí
𪶒	luó
𪷍	qìng
𪷽	zàn
𪸕	xì
𪸩	huī
𪹀	yì
𪹳	zhú
𪹹	tà
𪺣	dào
𪺭	qiáo
𪺷	cāng
𪺹	nǔ
𪺻	nóng
𪺽	yìn
𪻐	cōng
𪻨	dú
𪻲	kūn
𪻺	guī
𪼋	bǐ
𪽪	zhàng
𪽭	jiàn
𪽮	lú
𪽴	shè
𪽷	yì
𪾔	xǔ
𪾢	xiàn
𪾦	lú
𪾸	pín
𪿊	yà
𪿫	pào
𫀌	shī
𫀓	mǐn
𫀨	jiǎn
𫀬	chú
𫀮	dǎng
𫁂	bà
𫁟	zhuǎn
𫁡	lì
𫁲	wú
𫁳	wěi
𫁷	shuāng
𫂃	mǐn
𫂆	guì
𫂈	fèi
𫂖	ài
𫂙	sù
𫂿	sà
𫃗	jiū
𫃜	kòu
𫄙	jiū
𫄚	hù
𫄛	jīn
𫄜	mào
𫄝	diào
𫄞	bì
𫄟	shī
𫄠	huán
𫄡	dòng
𫄢	fú
𫄣	nǒng
𫄤	da
𫄥	lí
𫄦	jié
𫄧	yán
𫄨	chī
𫄩	fán
𫄪	sāng
𫄫	lì
𫄬	xiè
𫄭	fù
𫄮	tīng
𫄰	bāng
𫄱	sè
𫄲	mù
𫄳	xǐ
𫄴	lǜ
𫄵	bēng
𫄶	qiǎng
𫄷	yì
𫄸	xūn
𫄹	zuī
𫅅	jǐ
𫅗	fén
𫅭	pīn
𫅼	lián
𫆏	nǐ
𫇦	yìng
𫇪	gāng
𫇭	wěi
𫇴	chú
𫇽	nóng
𫈉	jiān
𫈎	qíng
𫈟	chén
𫈰	qià
𫈵	jué
𫉁	ài
𫉄	shǔ
𫊪	cháng
𫊮	lú
𫊱	jiǎn
𫊸	jiǎo
𫊻	xún
𫋇	xiāo
𫋌	tè
𫋐	gǒng
𫋲	ōu
𫋷	zé
𫋹	ráo
𫋻	guì
𫌀	jī
𫌇	zhě
𫌋	shù
𫌨	luó
𫌪	mì
𫌫	liàn
𫌭	wéi
𫌯	jiào
𫍐	pín
𫍙	yì
𫍚	yāo
𫍛	fēn
𫍜	qǔ
𫍞	hū
𫍟	yí
𫍠	yuǎn
𫍡	tuó
𫍢	náo
𫍣	tóng
𫍤	jiǎo
𫍥	tiǎo
𫍦	nóng
𫍧	chī
𫍨	zhèn
𫍩	huà
𫍪	jì
𫍫	yàn
𫍬	wǎng
𫍮	qū
𫍯	xián
𫍰	xǐ
𫍱	zhuān
𫍲	xiǎo
𫍳	zhòng
𫍴	lóu
𫍵	áo
𫍶	zhǐ
𫍷	kuì
𫍸	shàn
𫍹	jiē
𫍺	shǎ
𫍻	xī
𫍼	zhòng
𫍽	xuān
𫍾	níng
𫍿	jiǎn
𫎆	zōng
𫎌	jù
𫎦	lòng
𫎧	gòu
𫎨	liàn
𫎩	chēn
𫎪	chèn
𫎫	dàn
𫎬	gàn
𫎭	chēng
𫎱	lì
𫎳	bì
𫎺	cān
𫏃	cháng
𫏆	bō
𫏋	juē
𫏌	lái
𫏐	zàn
𫏑	luò
𫏕	qīng
𫏨	xiān
𫐄	yuè
𫐅	shān
𫐆	kuài
𫐇	nà
𫐈	bá
𫐉	líng
𫐊	fàn
𫐋	zhì
𫐌	píng
𫐍	tián
𫐎	yǐ
𫐏	zhōu
𫐐	ní
𫐑	guǎn
𫐒	hōng
𫐓	róu
𫐔	kē
𫐕	wèi
𫐖	jiāo
𫐗	bú
𫐘	kǎn
𫐙	léi
𫐷	lóu
𫑘	zhuān
𫑡	méng
𫑷	yàn
𫒶	hán
𫓥	bā
𫓦	zǐ
𫓧	fū
𫓨	guō
𫓩	cōng
𫓪	qiān
𫓬	zā
𫓭	yāng
𫓮	liú
𫓯	jī
𫓰	xù
𫓱	qiáo
𫓲	jūn
𫓴	máo
𫓵	shèn
𫓶	xuān
𫓸	wàn
𫓹	jī
𫓺	lǔ
𫓻	niè
𫓼	hé
𫓽	cóng
𫓾	yù
𫔀	liàn
𫔁	fén
𫔂	dī
𫔄	róu
𫔅	suǒ
𫔆	bà
𫔇	bī
𫔈	shuò
𫔊	xiù
𫔋	kuǎn
𫔌	sǎn
𫔍	fán
𫔎	jué
𫔏	chán
𫔑	zhǎn
𫔔	xī
𫔖	nóng
𫔭	kāi
𫔯	dòu
𫔰	biàn
𫔱	lán
𫔲	xiāo
𫔴	lìn
𫔵	zhì
𫔶	niè
𫕥	yǔn
𫖃	huì
𫖅	lóng
𫖇	xuē
𫖑	qín
𫖒	bì
𫖓	bǐng
𫖔	bài
𫖕	gōu
𫖖	zhèng
𫖪	kū
𫖫	zhěn
𫖬	zhěn
𫖮	yǐ
𫖯	fǔ
𫖰	duǒ
𫖱	gěn
𫖲	hùn
𫖳	yūn
𫖴	zé
𫖵	yuè
𫖶	qiān
𫖸	yuàn
𫖹	cù
𫖺	fán
𫗇	yù
𫗈	bó
𫗉	bèng
𫗊	àn
𫗋	sè
𫗚	jiǎn
𫗞	zhān
𫗟	yuán
𫗠	zhāng
𫗢	zuò
𫗣	bì
𫗤	shì
𫗥	yùn
𫗦	bù
𫗧	sù
𫗨	láng
𫗩	luó
𫗪	wèi
𫗫	hú
𫗬	nuǎn
𫗭	wèi
𫗮	huáng
𫗯	hóu
𫗰	duī
𫗱	lián
𫗳	qiǎng
𫗴	zhān
𫗵	xiǎng
𫘛	hàn
𫘜	wén
𫘝	jué
𫘞	tuó
𫘟	pǒ
𫘠	zhì
𫘡	jiōng
𫘣	hàn
𫘤	ái
𫘥	kūn
𫘦	táo
𫘧	lù
𫘨	tí
𫘩	huáng
𫘪	yuán
𫘫	yàn
𫘬	xí
𫘭	shuāng
𫘮	zhé
𫘯	céng
𫘰	zhān
𫘱	xí
𫘽	kuò
𫚈	xù
𫚉	hóng
𫚊	yáng
𫚋	zhuān
𫚌	shā
𫚍	fén
𫚎	bǐng
𫚏	qiáo
𫚐	yāng
𫚑	bì
𫚒	fú
𫚓	liè
𫚔	huí
𫚕	shī
𫚖	cǐ
𫚗	gé
𫚙	pū
𫚚	zhé
𫚛	tuō
𫚜	guī
𫚝	huà
𫚞	lí
𫚡	zhǒu
𫚢	yǎn
𫚣	biān
𫚤	zī
𫚥	xiā
𫚦	yóng
𫚧	qiú
𫚨	bù
𫚪	yù
𫚫	sāo
𫚭	liè
𫛚	jiān
𫛛	zhī
𫛜	fǒu
𫛝	huān
𫛞	jué
𫛟	lóng
𫛠	zhá
𫛡	fú
𫛢	níng
𫛣	yù
𫛤	jiā
𫛥	jiá
𫛦	wū
𫛨	pí
𫛩	yàn
𫛪	rú
𫛫	yuán
𫛬	tú
𫛭	kuáng
𫛮	biē
𫛯	fǎng
𫛰	qí
𫛱	zhuó
𫛲	diāo
𫛳	fú
𫛴	tí
𫛵	qū
𫛶	chì
𫛷	hú
𫛸	tí
𫛺	hóu
𫛻	duó
𫛼	kuí
𫛽	lì
𫛾	chú
𫜀	chén
𫜁	bì
𫜂	zhāng
𫜃	yín
𫜄	zūn
𫜅	huán
𫜊	wēn
𫜑	fēng
𫜒	tuō
𫜔	pí
𫜕	kū
𫜙	yìng
𫜟	cù
𫜨	bā
𫜩	niè
𫜪	yǎo
𫜬	zé
𫜭	chǔ
𫜮	yǎn
𫜯	jiè
𫜰	yà
𫜲	lóng
𫜳	rán
𫜷	shòu
𫜸	huà
𫝈	hún
𫝋	shù
𫝜	zǎ
𫝦	bèi
𫝧	shù
𫝨	huī
𫝩	chóu
𫝪	gòng
𫝫	lái
𫝬	kuì
𫝭	yīng
𫝮	lǎn
𫝵	dǎo
𫞅	xún
𫞗	mǐn
𫞚	zī
𫞛	zhū
𫞝	jué
𫞠	líng
𫞡	róng
𫞢	zhì
𫞣	chǎn
𫞥	bèi
𫞦	jì
𫞧	láo
𫞨	lán
𫞩	mén
𫞷	kuài
𫟃	rèn
𫟄	hóng
𫟅	liáng
𫟆	chóng
𫟑	líng
𫟕	jī
𫟞	zhǐ
𫟟	pàn
𫟠	chǎn
𫟡	cóng
𫟢	tán
𫟤	tuó
𫟥	kēng
𫟦	suì
𫟫	lì
𫟬	zhì
𫟲	qiú
𫟳	sì
𫟴	fēn
𫟵	yǔn
𫟶	shàn
𫟷	lì
𫟸	shì
𫟹	hóng
𫟺	kāi
𫟻	zhōu
𫟼	dá
𫟽	zú
𫟾	zú
𫟿	chā
𫠀	cù
𫠁	hé
𫠂	líng
𫠅	gé
𫠆	kuǐ
𫠇	xín
𫠈	bī
𫠊	xuán
𫠋	lù
𫠌	bàng
𫠏	mù
𫠐	hān
𫠑	sōu
𫠒	zhāng
𫠜	ní
𫠥	lòu
𫡑	yīn
𫡬	wō
𫡶	dàn
𫢒	lǒng
𫢔	guì
𫢘	duì
𫢙	dòng
𫢪	liàn
𫢬	láo
𫢭	wěi
𫢸	dàn
𫢹	chòng
𫢺	cān
𫣉	lán
𫣊	ài
𫣛	qiān
𫣫	sú
𫤸	mào
𫤽	gǎn
𫥍	yán
𫥳	lì
𫥵	lì
𫥺	yè
𫥼	yā
𫦁	suǒ
𫦅	xiào
𫦉	lóu
𫦌	jué
𫦩	liǎng
𫦳	jué
𫧯	xiè
𫧿	dú
𫨆	xiá
𫩕	hōng
𫩚	gāng
𫩛	cóng
𫩤	yè
𫩥	huò
𫩩	chū
𫩫	yè
𫩯	hái
𫩺	jìn
𫪀	guō
𫪁	lài
𫪂	yán
𫪃	lì
𫪄	jiān
𫪘	ōu
𫪚	zàn
𫪧	jiāo
𫪪	zhì
𫪺	tì
𫪽	jìn
𫫇	è
𫫦	dàn
𫫵	lǜ
𫫾	pín
𫬐	sǎi
𫬙	gùn
𫬟	dié
𫭞	zhuān
𫭟	ōu
𫭢	lǔn
𫭨	fá
𫭪	qiāo
𫭮	cè
𫭯	xún
𫭲	yán
𫭼	láo
𫮃	shàn
𫮅	chěn
𫮜	yín
𫮬	jiàng
𫯒	nóng
𫯥	huò
𫯶	yūn
𫰂	duǒ
𫰍	wéi
𫰛	xíng
𫰡	huà
𫰢	huì
𫰨	mái
𫰰	xiān
𫰹	guī
𫱕	làn
𫱿	qiā
𫲗	zàn
𫲸	fēng
𫳃	yā
𫵵	yáng
𫵷	lì
𫵸	kēng
𫶇	dié
𫶊	lǎn
𫶕	yíng
𫶲	kēng
𫷅	kūn
𫷈	xū
𫷉	xiǎn
𫷌	lán
𫷬	lái
𫷮	yìn
𫷷	xīn
𫷹	lóu
𫷾	yǐng
𫸩	kōu
𫹮	yǔ
𫹴	wěi
𫹼	dōng
𫹽	shāng
𫺁	qiè
𫺂	qiè
𫺆	huá
𫺊	qí
𫺌	gōng
𫺓	mèn
𫺘	lào
𫺪	yǎng
𫺷	nán
𫻁	xì
𫼛	diào
𫼝	chōu
𫼣	piē
𫼤	zè
𫼥	hāi
𫼧	huá
𫼫	bì
𫼮	nǎng
𫼱	gāng
𫼵	lǔ
𫼶	suǒ
𫽀	nà
𫽁	liǎn
𫽇	huò
𫽊	jiǎo
𫽋	luó
𫽐	jiān
𫽙	káng
𫽣	jiāng
𫽥	qiān
𫽧	fèi
𫽮	dǎng
𫽲	niǎo
𫽳	bì
𫾁	yǎn
𫾃	sù
𫾲	lǐ
𫿗	shǔ
𬀥	huò
𬀩	wěi
𬀪	xiàn
𬀮	duì
𬀱	kǎi
𬀷	shāng
𬁵	ōu
𬁺	yà
𬁽	sǔn
𬂀	rùn
𬂂	luó
𬂅	dān
𬂉	shèng
𬂠	mó
𬂩	jiā
𬂮	shā
𬂰	nóng
𬃀	guī
𬃊	zhì
𬃘	èr
𬃦	jiān
𬃫	xiǎn
𬃮	fèi
𬃲	lín
𬃳	yán
𬄩	yǐn
𬅢	xià
𬅥	guā
𬅫	pēn
𬆛	nǎo
𬆦	jī
𬆮	kòu
𬆾	mào
𬇃	jiàn
𬇄	bīn
𬇇	dié
𬇕	wàn
𬇘	tuán
𬇙	bèi
𬇰	mèn
𬇹	guó
𬈁	tān
𬈕	fèi
𬈜	yíng
𬈧	sè
𬈱	pō
𬈾	huá
𬉂	fèn
𬉇	shà
𬉋	wěi
𬉠	lán
𬉧	hán
𬉼	ǒu
𬊂	chǎo
𬊈	xún
𬊉	dá
𬊍	chóu
𬊎	gòng
𬊖	měi
𬊗	jiān
𬊤	chǎn
𬊦	shǎn
𬊵	tǎng
𬊶	làn
𬊺	wēi
𬊾	rán
𬋃	liàn
𬋍	lài
𬌗	hé
𬌝	chú
𬌮	yào
𬌷	shān
𬍙	zhǎn
𬍛	lì
𬍡	dàng
𬍤	xún
𬎆	yíng
𬎑	làn
𬎧	cóng
𬏜	mà
𬏟	jì
𬏦	fèi
𬏫	wén
𬏮	guō
𬏷	fèn
𬐚	hǎi
𬐠	yáng
𬑆	gùn
𬑇	chàng
𬑍	chǒu
𬑏	yǐng
𬑒	kōu
𬑓	yè
𬑔	zhòng
𬑕	hùn
𬑗	xián
𬑙	mài
𬑡	chǒu
𬑧	mián
𬒆	yè
𬒇	làn
𬒈	què
𬒍	yǔn
𬒎	kēng
𬒔	gěng
𬒕	sù
𬒗	lán
𬒘	xìn
𬓠	jǐ
𬓫	qiū
𬓱	bèn
𬓸	shài
𬓼	tuí
𬔯	ōu
𬕂	lǒng
𬕄	shī
𬕊	jiàn
𬕛	kū
𬕦	ōu
𬕬	lǐng
𬖃	zuǎn
𬖑	xiàn
𬖖	chōu
𬖘	shì
𬖠	lǒu
𬖮	xiàn
𬘓	xún
𬘔	miè
𬘕	qiú
𬘖	jiǎn
𬘘	dǎn
𬘙	yuè
𬘚	wà
𬘛	qū
𬘜	zhàn
𬘝	zhěn
𬘞	diǎo
𬘟	xiàn
𬘠	gǎi
𬘡	yīn
𬘢	kuàng
𬘤	lǚ
𬘥	quán
𬘦	pài
𬘧	jì
𬘨	zhī
𬘩	tīng
𬘪	liǎn
𬘫	huán
𬘬	qiàn
𬘭	chēn
𬘮	mì
𬘯	zhǔn
𬘰	ruǎn
𬘱	yāo
𬘲	zhǎ
𬘳	xū
𬘵	gēng
𬘶	qiū
𬘷	cuō
𬘸	nì
𬘺	tào
𬘻	xiá
𬘼	suì
𬘽	zhì
𬘾	shuàng
𬙁	yǎn
𬙂	yǎn
𬙃	qiǎn
𬙅	zhǔ
𬙆	fān
𬙇	rán
𬙈	lín
𬙉	dàn
𬙊	mò
𬙋	xiāng
𬙎	lú
𬙝	bì
𬙭	wěi
𬚄	sù
𬛸	niē
𬛹	dàng
𬛼	yú
𬜔	dá
𬜥	lán
𬜧	fà
𬜨	huì
𬜬	màn
𬜯	liǎng
𬜸	huái
𬜾	xián
𬜿	guó
𬝁	yú
𬝃	láo
𬝊	sī
𬝋	jié
𬝠	zéi
𬝯	pín
𬝴	rán
𬞋	jiàn
𬞕	lán
𬞘	tuī
𬞟	pín
𬞣	sēn
𬞫	làn
𬟁	yì
𬟪	xì
𬟺	cóng
𬟽	dōng
𬠃	bì
𬠅	dāng
𬠈	gòng
𬠐	sǐ
𬠠	zéi
𬠷	tuó
𬡇	niǎo
𬡍	diāo
𬡎	zhòu
𬡒	jiá
𬡓	diē
𬡔	shī
𬡕	shā
𬡠	luò
𬡷	zàn
𬡻	chǎn
𬢇	hā
𬢈	dòng
𬢉	cī
𬢊	sì
𬢋	tiào
𬢌	zhì
𬢎	dǔ
𬢏	dān
𬢐	qì
𬢑	yǐng
𬢒	míng
𬢔	dēng
𬢪	zhōu
𬢯	yīng
𬢳	cān
𬣀	wèi
𬣙	xū
𬣚	kǒu
𬣛	zhì
𬣜	hào
𬣝	jùn
𬣞	zhǔ
𬣟	tǒu
𬣠	gàn
𬣡	jiàn
𬣢	tā
𬣣	zhù
𬣤	juǎn
𬣥	tāo
𬣦	ào
𬣧	fèi
𬣨	yǎ
𬣩	wēi
𬣪	huì
𬣬	huì
𬣭	dǎng
𬣮	míng
𬣯	rén
𬣰	huì
𬣱	chóu
𬣲	bìng
𬣳	hěn
𬣶	zhà
𬣷	sù
𬣸	hàn
𬣹	cù
𬣻	tìng
𬣼	lǎng
𬣽	lián
𬣾	zhā
𬣿	láo
𬤀	xià
𬤁	táo
𬤂	tàn
𬤄	càn
𬤅	jí
𬤆	gùn
𬤇	yīn
𬤉	huì
𬤊	shì
𬤋	còng
𬤌	chā
𬤍	huáng
𬤎	xuān
𬤏	duó
𬤐	gē
𬤑	gé
𬤒	gé
𬤓	chī
𬤕	tà
𬤖	gùn
𬤘	chì
𬤙	hū
𬤚	yīng
𬤛	chǎn
𬤜	zhā
𬤝	huì
𬤞	yì
𬤟	liáo
𬤠	yán
𬤡	ào
𬤢	zǔn
𬤣	duì
𬤤	zēng
𬤥	zhuàn
𬤦	yí
𬤨	zào
𬤩	ài
𬤪	tà
𬤫	háo
𬤬	tuān
𬤭	huì
𬤮	zàn
𬤯	jiǎn
𬤰	huān
𬤱	tuí
𬥄	zhé
𬥈	mào
𬥳	chuàng
𬥴	hān
𬥵	yì
𬥶	bì
𬥷	zhèng
𬥸	chuàn
𬥺	yǎn
𬥻	ruǎn
𬥼	zhuàn
𬥽	hòu
𬥾	làn
𬥿	zhàn
𬦅	tàng
𬦆	tuán
𬦣	lì
𬦥	bèi
𬦧	lún
𬦩	zǒu
𬦫	duò
𬦯	xié
𬦴	bìng
𬦵	zhāng
𬦻	guàn
𬧀	qiāng
𬧃	téng
𬧑	niǎn
𬧚	diān
𬧢	lǒng
𬧤	lào
𬧩	guó
𬨁	máo
𬨂	qí
𬨄	yǎng
𬨅	niǎn
𬨆	gǒng
𬨇	kǎi
𬨈	wǎn
𬨉	tián
𬨋	zàng
𬨌	pì
𬨍	gé
𬨎	yóu
𬨏	xǔ
𬨐	huì
𬨑	sǎng
𬨒	guāng
𬨓	cháo
𬨔	pì
𬩎	huò
𬩽	xún
𬩾	lái
𬪍	mào
𬪧	yù
𬪨	zhǎn
𬪩	nóng
𬪺	guàng
𬬇	zhē
𬬧	hàn
𬬨	huá
𬬩	yì
𬬪	kòu
𬬫	pī
𬬬	wéi
𬬭	lún
𬬮	chǎng
𬬯	rén
𬬰	qiāng
𬬱	jīn
𬬲	zhāo
𬬳	qí
𬬵	chén
𬬷	shí
𬬸	shù
𬬹	shén
𬬺	chú
𬬻	lú
𬬽	zuó
𬬾	níng
𬬿	zhāo
𬭀	sì
𬭁	mǔ
𬭂	hóng
𬭃	pī
𬭅	xiàng
𬭆	duǒ
𬭇	guó
𬭈	chá
𬭉	jī
𬭊	dù
𬭌	huá
𬭍	hàn
𬭎	hóng
𬭏	yáng
𬭑	zì
𬭓	tiǎn
𬭔	chuò
𬭕	diāo
𬭖	péng
𬭗	nèi
𬭚	chún
𬭛	bō
𬭜	lèi
𬭝	sǎn
𬭞	dā
𬭟	còu
𬭠	chǎ
𬭡	zhāo
𬭢	guì
𬭣	xiàn
𬭤	hóu
𬭥	zǒng
𬭦	nòu
𬭨	chuí
𬭩	wēng
𬭪	xiá
𬭫	zhǎn
𬭬	huì
𬭭	qī
𬭯	piě
𬭰	yí
𬭲	suǒ
𬭳	xǐ
𬭴	jié
𬭶	hēi
𬭷	chēng
𬭸	lín
𬭺	biāo
𬭻	jiǎo
𬭼	suì
𬭽	bì
𬭿	jī
𬮁	bó
𬮃	zuǎn
𬮄	jiào
𬮘	huò
𬮟	lìn
𬮠	xiǎ
𬮡	mǎ
𬮢	hòng
𬮣	kuāng
𬮤	gé
𬮥	chù
𬮨	huò
𬮩	qì
𬮪	shā
𬮭	kuī
𬮯	què
𬮰	ē
𬮱	yīn
𬮲	yǎo
𬮳	bǎn
𬮴	àn
𬮵	xiàn
𬮹	dēng
𬮺	mà
𬮻	wù
𬮿	gài
𬯀	jī
𬯅	xiá
𬯎	tuí
𬰃	mù
𬰡	luǒ
𬰣	jiǎn
𬰤	zhòu
𬰥	liǎng
𬰱	jiān
𬰳	dié
𬰶	suì
𬰷	chān
𬰸	yù
𬰺	yè
𬱓	qiú
𬱔	yòu
𬱕	mò
𬱖	dí
𬱗	dān
𬱙	pàn
𬱛	zhuàn
𬱜	lèi
𬱝	gěn
𬱟	wěi
𬱠	guā
𬱢	wèn
𬱣	cén
𬱥	hōng
𬱦	qī
𬱪	yí
𬱫	dìng
𬱬	sǎn
𬱭	pò
𬱮	āo
𬱯	shǒu
𬱰	pī
𬱱	zhǎn
𬱳	yù
𬱵	wěi
𬱷	xuè
𬱸	xuè
𬱼	kǎi
𬱽	xuàn
𬱿	guó
𬲀	hū
𬲅	liáo
𬲆	yù
𬲕	jiǎn
𬲜	chēng
𬲦	sì
𬲪	sōng
𬲫	niǎn
𬲭	jiě
𬲮	dī
𬲯	gōu
𬲰	shāng
𬲲	níng
𬲳	yì
𬲴	mǎn
𬲶	cí
𬲷	èn
𬲸	guò
𬲹	māng
𬲺	bǎo
𬲻	tí
𬲼	yè
𬲾	hú
𬳀	yì
𬳁	yáo
𬳂	zhuì
𬳃	bì
𬳅	suǐ
𬳆	jiān
𬳉	dā
𬳊	táo
𬳋	xī
𬳌	qiǔ
𬳍	táng
𬳐	chóng
𬳑	yǐng
𬳒	dèng
𬳓	yōng
𬳔	mó
𬳟	fén
𬳲	chǎn
𬳳	fān
𬳴	pēng
𬳵	pī
𬳶	jiōng
𬳷	guā
𬳸	wò
𬳻	kuāng
𬳽	shēn
𬳾	chí
𬳿	tú
𬴀	liáng
𬴁	àn
𬴂	fēi
𬴃	huō
𬴅	péng
𬴆	qí
𬴇	chì
𬴊	lín
𬴋	tiě
𬴌	méng
𬴍	biāo
𬴎	tuó
𬴏	jiǎn
𬴐	huān
𬴨	nào
𬴩	nóng
𬵨	mì
𬶀	jiē
𬶁	rén
𬶂	dù
𬶄	diào
𬶆	bàng
𬶇	jiè
𬶉	wǔ
𬶊	gèng
𬶋	jū
𬶌	dài
𬶍	tuó
𬶎	jié
𬶏	wéi
𬶐	zhào
𬶓	tíng
𬶔	kào
𬶕	tí
𬶗	láo
𬶛	shàn
𬶞	hú
𬶟	là
𬶠	liàn
𬶢	xīng
𬶣	zhǎ
𬶤	tí
𬶦	yóu
𬶧	róu
𬶨	jì
𬶪	nì
𬶫	huáng
𬶬	qū
𬶭	jì
𬶮	xǐ
𬶯	guǒ
𬶱	jǐng
𬶲	xiàng
𬶴	pū
𬶵	guān
𬶺	guàn
𬶻	bà
𬷕	bǔ
𬷼	yì
𬷽	xiāo
𬷾	hóng
𬸀	wén
𬸁	ǒu
𬸂	gē
𬸅	chú
𬸆	shēng
𬸈	chī
𬸉	qióng
𬸊	rén
𬸌	shā
𬸍	chóu
𬸎	lí
𬸏	láng
𬸐	chuáng
𬸑	yuè
𬸒	qí
𬸕	yīng
𬸖	yán
𬸘	yǎn
𬸙	miáo
𬸚	yuè
𬸛	huáng
𬸜	piān
𬸝	ān
𬸞	lǘ
𬸠	gē
𬸡	lán
𬸢	gāo
𬸣	xiān
𬸤	piāo
𬸥	chōng
𬸦	zhuó
𬸧	yàn
𬸨	qī
𬸩	ǎo
𬸪	fán
𬸬	kòu
𬸭	yà
𬸮	kuí
𬸯	pì
𬸰	hè
𬸱	qú
𬸵	zhàn
𬸶	chāng
𬸷	còu
𬸸	biàn
𬸹	gàn
𬸾	qí
𬹅	cái
𬹇	bó
𬹉	hún
𬹋	hún
𬹌	nié
𬹍	mò
𬹎	shàn
𬹕	zhěn
𬹖	nóng
𬹗	lái
𬹘	téng
𬹣	zhū
𬹺	yá
𬹻	nà
𬹼	xiè
𬹽	háng
𬺀	zhā
𬺁	zhì
𬺂	niè
𬺃	ái
𬺄	kuò
𬺅	chǎn
𬺇	cuó
𬺈	yǐ
𬺉	zé
𬺊	yǔn
𬺋	zú
𬺌	yá
𬺍	jiān
𬺎	cī
𬺏	bó
𬺒	yǐn
𬺓	chǔ
𬺔	jìn
𬺕	chà
𬺖	jué
𬺜	lóng
𬺟	yào
𭀖	lí
𭄛	zuān
𭇜	pō
𭇯	liú
𭈈	mǔ
𭈉	yìng
𭈮	huán
𭉨	zuǐ
𭊸	là
𭎂	zōng
𭎜	dǎo
𭏦	ài
𭏸	wěi
𭕆	suǒ
𭗡	kē
𭘓	hū
𭚦	guō
𭝋	líng
𭞄	ài
𭠙	pū
𭡜	shěn
𭣇	diān
𭣧	yì
𭤎	lí
𭤰	yú
𭧋	tǎng
𭩚	yǐ
𭩛	mēn
𭩰	fá
𭪆	zhuā
𭫀	kuì
𭫙	dí
𭭈	yà
𭰎	dāng
𭰒	shā
𭱊	hòng
𭲫	zhú
𭴊	mó
𭹜	luó
𭻔	lái
𮀤	láo
𮀲	gèng
𮆏	lán
𮇤	líng
𮉠	qiú
𮉡	lú
𮉢	zhì
𮉣	zuó
𮉤	guà
𮉧	liǎng
𮉨	guā
𮉪	zōu
𮉫	ruí
𮉬	cuì
𮉮	suì
𮉯	cài
𮏺	dú
𮐚	fán
𮐨	yīng
𮔂	jié
𮔅	fù
𮔊	liǎng
𮖁	liǎng
𮖱	xié
𮙊	yǐn
𮙋	dú
𮛗	táng
𮜶	dào
𮝴	gū
𮝵	ér
𮝷	fén
𮝸	chūn
𮝹	huàn
𮝺	gé
𮠞	qiāng
𮠳	chěn
𮡈	kē
𮣲	gāng
𮣳	hóng
𮣴	chán
𮣵	zhuì
𮣶	lǜ
𮤫	mén
𮤬	chù
𮤯	ruì
𮤲	bì
𮤸	é
𮧴	chàng
𮧵	wěi
𮨴	fēng
𮨵	liù
𮩛	bì
𮩜	hài
𮩝	ài
𮩞	yì
𮪡	máng
𮪢	hài
𮪣	zōng
𮪤	cǎo
𮪥	dūn
𮫂	níng
𮬛	xù
𮬜	yì
𮬝	guì
𮬞	cān
𮬟	huò
𮬠	lù
𮬡	huá
𮬢	wēng
𮬣	xián
𮬤	zhēn
𮭡	jiè
𮭢	yāo
𮭤	miè
𮭥	gōng
𮭦	chén
𮭨	yàn
𮭪	shuāng
𮭰	gǎng
𮮇	móu
𮯙	kè
𮯴	ní
𮯸	lì
𮰄	chǒng
𮰉	píng
𮰔	wéi
𮰸	yǐ
𮰽	lǎn
𮰾	qiè
𮰿	xíng
𮱁	yǔ
𮱇	lián
𮱊	luó
𮱐	wān
𮱒	yàn
𮱠	jùn
𮱣	tuí
𮱩	yùn
𮱯	dān
𮱵	qiāo
𮲁	qiàn
𮲃	lè
𮲄	tòng
𮲇	guó
𮲚	wàn
𮲝	yāo
𮲟	xǔ
𮲮	shuāng
𮲰	bì
𮲲	qìng
𮲶	jiàn
𮳆	hé
𮳎	lán
𮳏	xiàn
𮳖	yàn
𮳗	shū
𮳜	yì
𮳠	fèng
𮳢	zhǔ
𮳧	qiāo
𮳳	zǒng
𮳴	yè
𮴔	yè
𮴕	qìng
𮴨	cōng
𮴼	yǎn
𮴿	tián
𮵅	xī
𮵑	nǎo
𮵠	yī
𮵮	diǎo
𮵱	lái
𮵿	chà
𮶁	guān
𮶂	féng
𮶃	tāo
𮶔	wèi
𮶙	jiàn
𮶬	jiàn
𮷅	dǒng
𮷇	luò
𮷈	jī
𮷊	bò
𮷍	zhù
𮷗	dài
𮷚	zàng
𮷛	hōng
𮷝	tāo
𮷣	yuǎn
𮷨	lì
𮷸	yuán
𮷻	liú
𮸀	liàn
𮸈	jūn
𮸊	chān
𮸌	shì
𮸏	cuān
𮸐	fāng
𮸕	fù
𮸗	xiǎn
𮸛	kǎi
𮸞	qī
𮸟	cháng
𮸠	xiàn
𮸥	xié
𮸦	fù
𮸧	què
𮸮	xié
𮸹	gù
𮸼	biāo
𮸽	fēi
𮹀	pīn
𮹂	fēi
𮹅	mò
𮹋	zhōu
𮹌	wēn
𮹘	yīng
𮹙	hè
𮹜	yàn
𮹝	tà
灰	huī
𰀡	qiān
𰀢	jiān
𰁜	luán
𰁧	sǒng
𰁸	dàng
𰁾	fù
𰂋	xiàn
𰂎	xiàn
𰂏	yù
𰂗	dì
𰂜	tuǐ
𰂦	lǚ
𰂭	sì
𰃆	zǎn
𰃮	xué
𰃷	cāng
𰃻	bì
𰃿	dú
𰄁	shèn
𰄞	tuán
𰅔	lǜ
𰅥	dú
𰅦	dān
𰅻	xiá
𰆕	wēi
𰆚	lán
𰇀	gài
𰇎	dǒng
𰇕	jiá
𰇖	hóng
𰇘	jī
𰇡	hé
𰇣	xī
𰇲	tǎn
𰇼	shān
𰈆	lǎn
𰈇	cháng
𰈊	diǎn
𰈍	chèn
𰈓	làn
𰈯	zá
𰈶	mó
𰉁	yán
𰉄	zá
𰉘	wěi
𰉙	gāng
𰉚	xiàn
𰉣	yì
𰉥	jiā
𰉩	què
𰉪	yè
𰉱	jiǎn
𰉽	xué
𰊂	zhì
𰊅	zhàn
𰊈	qiǎng
𰊑	xiàn
𰊛	kuí
𰊟	mán
𰊡	yán
𰊢	qiàn
𰋖	lǒu
𰋸	dàng
𰋹	zhuān
𰋽	yān
𰋾	bì
𰌀	yīng
𰌂	zhēng
𰌆	qiàn
𰌇	zé
𰌉	yùn
𰌙	lǎn
𰌦	yā
𰌷	wěi
𰎌	sǒng
𰎎	lóng
𰎏	dōng
𰎐	lú
𰎑	yè
𰎔	yáo
𰎖	zè
𰎛	kuài
𰎞	náo
𰎠	yán
𰎢	wéi
𰎫	yuè
𰎹	yǎn
𰏁	cuán
𰏓	wù
𰏕	sàn
𰏜	lóu
𰏟	lán
𰏲	mà
𰏶	kuài
𰏼	dài
𰐾	kuǎng
𰑁	tuán
𰑄	lún
𰑔	zhí
𰑕	yān
𰑙	liú
𰑟	gōng
𰑥	xián
𰑧	cán
𰑪	shéng
𰑫	luǒ
𰑬	zhì
𰑵	dì
𰑸	yì
𰑿	tǎng
𰒆	mán
𰒒	chì
𰒖	miǎo
𰓄	chéng
𰓆	wǔ
𰓔	shǎn
𰓙	yè
𰓜	zhì
𰓟	zá
𰓧	sūn
𰓬	lì
𰓱	kēng
𰓷	ruán
𰓻	guī
𰓼	chàn
𰔇	dì
𰔋	guì
𰔲	qiān
𰔶	yú
𰕁	xún
𰕅	qū
𰕈	jiǎo
𰕐	xié
𰕭	kuài
𰖈	yǎn
𰖠	nàn
𰖩	lí
𰗆	huì
𰗓	huǎng
𰗖	lún
𰗙	chōu
𰗚	xiě
𰗛	zhái
𰗜	yǎn
𰗡	chǎn
𰗢	huī
𰗦	jǐn
𰗨	shí
𰗬	qiān
𰗵	shěn
𰗹	sù
𰗺	fén
𰘀	dài
𰘈	jú
𰘓	qǐng
𰘠	yán
𰘣	mián
𰘩	xiāo
𰘳	lài
𰘶	sū
𰘸	sǒu
𰙋	wū
𰙎	hān
𰙑	xiào
𰙕	lòu
𰚔	níng
𰚦	lǘ
𰚪	rán
𰚱	yè
𰛊	mǎ
𰛏	cóng
𰛒	dōng
𰛛	shǎn
𰛡	bì
𰛣	zhí
𰛤	zhì
𰛥	ái
𰛦	huì
𰛩	shǎn
𰛪	luán
𰛮	lǔ
𰛲	liàn
𰛵	xián
𰛽	dǐng
𰜐	lǎn
𰜜	qìn
𰜝	yàng
𰜢	hè
𰜨	jiàn
𰜳	yíng
𰝅	yíng
𰝋	yīn
𰝍	huī
𰝗	jiǎn
𰝟	xiǎn
𰝤	xiǎn
𰝾	chuǐ
𰞇	yì
𰞍	jié
𰞤	jiān
𰞲	bì
𰞷	zào
𰞻	fén
𰟘	yàn
𰠛	jiān
𰠫	gāng
𰠲	kēng
𰠴	yǎo
𰠹	pái
𰡄	lú
𰡊	xiāo
𰡋	huī
𰡎	lái
𰡏	wō
𰡔	chán
𰡞	bèn
𰡢	yīng
𰡩	qí
𰡰	chē
𰡵	lú
𰡻	nǎo
𰡽	shú
𰢄	sù
𰢢	wǔ
𰢤	yīng
𰢦	lǒu
𰣦	wěi
𰣩	níng
𰣬	jì
𰣯	xián
𰣶	tuí
𰣼	jī
𰣽	luán
𰤓	tǎng
𰤕	lì
𰤨	tà
𰤫	dú
𰤬	dú
𰥊	kàn
𰥒	cōng
𰥛	fèn
𰥞	yíng
𰥠	mǎn
𰥢	xǐ
𰥣	kēng
𰥨	xián
𰥪	guī
𰥭	měng
𰥹	tǎng
𰦜	bà
𰦦	lì
𰦨	huǐ
𰦭	lóng
𰦰	zé
𰦴	yā
𰦷	láo
𰦾	yán
𰦿	tuó
𰧃	jiàn
𰧇	xián
𰧉	zhì
𰧎	qīn
𰧔	jiān
𰧘	zhū
𰧰	yáng
𰧻	guì
𰧾	nóng
𰨖	tí
𰨜	kuàng
𰨦	jì
𰨳	zī
𰩅	lǒng
𰩏	tiǎo
𰩓	chēng
𰩧	xū
𰩮	tuán
𰩲	lú
𰩸	jiāo
𰩹	dàng
𰩺	yuē
𰩻	zhuā
𰪊	zhōng
𰪏	lù
𰪣	yíng
𰪫	tuán
𰪭	zhāng
𰪶	tuán
𰫋	mén
𰫖	làn
𰫼	zhěng
𰫽	fóu
𰬀	jì
𰬃	liè
𰬅	fū
𰬆	qú
𰬇	zhù
𰬈	xián
𰬉	tuó
𰬋	hóng
𰬌	gēng
𰬍	xié
𰬎	bì
𰬏	zhū
𰬐	qiāo
𰬑	zhēng
𰬒	cì
𰬓	gāi
𰬔	bēng
𰬖	chéng
𰬗	qiú
𰬘	fú
𰬙	chēn
𰬚	yún
𰬛	zhèn
𰬜	miǎn
𰬞	qīn
𰬟	yù
𰬠	huà
𰬡	qiè
𰬢	qī
𰬣	xī
𰬤	bì
𰬥	zǒng
𰬦	hū
𰬧	tián
𰬩	xiù
𰬪	shān
𰬫	zhì
𰬬	miáo
𰬭	běng
𰬮	qiàn
𰬯	zōng
𰬰	zǒng
𰬱	suǒ
𰬲	quán
𰬳	nì
𰬴	zài
𰬵	xuàn
𰬶	qiè
𰬷	sǎn
𰬸	suì
𰬹	zuǎn
𰬺	zūn
𰬻	yù
𰬼	là
𰬽	xiè
𰬾	lián
𰬿	pú
𰭀	yōu
𰭁	cōng
𰭄	guàn
𰭔	juàn
𰭚	lóu
𰭢	shà
𰭣	dào
𰭹	lóng
𰮅	xiāng
𰮇	hū
𰮙	zhù
𰮝	xiāo
𰮲	sōu
𰯋	ní
𰯎	mán
𰯲	jiān
𰰆	tān
𰰋	shuāng
𰰌	zhōu
𰰏	dài
𰰑	lóu
𰰠	xù
𰰢	tāng
𰰤	qiū
𰰨	lún
𰰮	kuī
𰰱	duì
𰰳	shī
𰰴	qǐ
𰰵	shā
𰰶	zá
𰰷	fù
𰰹	liú
𰰺	shè
𰰾	kē
𰱀	gòng
𰱇	jiān
𰱈	yǒng
𰱉	méng
𰱌	nà
𰱍	fén
𰱐	xù
𰱑	jiàn
𰱛	zhōng
𰱝	xiàng
𰱟	fén
𰱦	fù
𰱩	lǘ
𰱮	lǘ
𰱯	bēi
𰱱	cí
𰱲	zhī
𰱾	lài
𰲁	tuí
𰲂	téng
𰲒	lèi
𰲟	wū
𰲠	zhàn
𰲫	wú
𰲬	chē
𰲮	qiǎn
𰲯	zōng
𰲰	lún
𰲲	guǐ
𰲳	zhàn
𰲴	lóng
𰲵	zé
𰲶	xīng
𰲸	è
𰲹	yǐ
𰲺	guò
𰲻	dá
𰳁	jī
𰳂	jiàn
𰳄	chén
𰳊	féi
𰳗	yīng
𰳚	wèi
𰳲	lóng
𰳵	yì
𰳸	duì
𰳹	yǎn
𰳺	nóng
𰳼	shī
𰴂	sēn
𰴕	miè
𰴖	shào
𰴗	lì
𰴘	jiàn
𰴙	jūn
𰴚	lóu
𰴛	dōu
𰴜	qū
𰴝	luó
𰴞	qū
𰴢	lì
𰴣	xué
𰴤	dǎi
𰴯	yíng
𰵊	jiào
𰵌	yáng
𰵍	zhùn
𰵎	yóu
𰵏	chāo
𰵐	fǎn
𰵑	é
𰵒	chén
𰵓	xù
𰵔	yì
𰵖	yì
𰵗	yàng
𰵙	dié
𰵚	líng
𰵛	gòu
𰵜	táo
𰵝	hé
𰵞	yǒng
𰵠	náo
𰵡	kēng
𰵢	jiá
𰵣	hé
𰵤	è
𰵥	yí
𰵦	xiào
𰵧	zhì
𰵨	zhān
𰵩	bū
𰵫	dòu
𰵬	bié
𰵭	chán
𰵮	é
𰵯	shuà
𰵰	xìng
𰵱	chēn
𰵲	qī
𰵳	zhuó
𰵴	chù
𰵵	nì
𰵶	zhuì
𰵷	zhuó
𰵸	tà
𰵹	niè
𰵺	yuán
𰵻	huá
𰵼	huò
𰵽	tāo
𰵾	xǐ
𰵿	hè
𰶀	yú
𰶁	yí
𰶂	còng
𰶃	xí
𰶄	zhā
𰶅	hào
𰶆	hàn
𰶇	tuō
𰶈	chí
𰶉	tán
𰶊	yī
𰶌	nòu
𰶍	juàn
𰶎	sè
𰶏	yào
𰶑	lóng
𰶔	dú
𰶨	mì
𰶬	lóu
𰷞	tè
𰷠	yì
𰷡	wán
𰷢	chí
𰷤	suì
𰷥	cóng
𰷦	fèi
𰷧	jìn
𰷨	kuì
𰷩	shèng
𰷪	yì
𰷫	biāo
𰷬	zhuàn
𰷭	zāng
𰷮	xuàn
𰷴	lì
𰷵	qiāo
𰷶	qiáo
𰷸	dú
𰸇	shuāng
𰸈	dié
𰸊	guì
𰸎	chǎn
𰸐	xǐ
𰸔	lián
𰸚	dài
𰸛	chì
𰸞	tuí
𰹀	duǒ
𰹲	wèi
𰹳	chūn
𰹴	fàn
𰹵	yǐ
𰹶	kuáng
𰹷	yuè
𰹸	tún
𰹺	fǎn
𰹻	bā
𰹼	zhàn
𰹽	pēng
𰹾	xiàn
𰹿	rǒng
𰺀	dǐ
𰺁	qú
𰺂	páo
𰺃	duì
𰺄	gǒng
𰺅	jú
𰺆	hōng
𰺇	wàn
𰺈	yǐn
𰺉	qiàn
𰺊	líng
𰺋	zhé
𰺌	lù
𰺍	guǒ
𰺎	pái
𰺏	péng
𰺐	kǎn
𰺑	yuān
𰺒	chuán
𰺓	fù
𰺔	zǒng
𰺕	duó
𰺖	zhēn
𰺗	jiàn
𰺘	kēng
𰺙	sè
𰺚	ér
𰺛	lǎo
𰺜	fān
𰺝	chōng
𰺞	zhàn
𰺟	jí
𰺠	niè
𰺡	xiá
𰺢	luò
𰺣	lìn
𰺤	mín
𰺨	huò
𰺭	chén
𰺲	dàng
𰺷	rào
𰻆	dì
𰻝	biáng
𰻞	biáng
𰻡	xǔ
𰻦	wéi
𰻮	qiāo
𰻳	bì
𰼅	yì
𰼋	láo
𰼏	làn
𰼑	mí
𰼻	qīng
𰽕	jī
𰽖	bā
𰽗	huá
𰽘	dì
𰽚	kuàng
𰽛	qiǎo
𰽜	ōu
𰽝	lì
𰽞	è
𰽠	zhǐ
𰽡	rì
𰽢	xiàn
𰽣	yǐn
𰽥	bǐng
𰽦	lóng
𰽧	pī
𰽨	zhǎi
𰽩	kǎ
𰽫	shēng
𰽬	hé
𰽭	gōu
𰽮	fú
𰽯	zhù
𰽰	bàn
𰽱	fú
𰽲	jí
𰽳	qīn
𰽴	kuǎ
𰽵	guāng
𰽶	tóng
𰽷	huì
𰽸	pī
𰽹	chǐ
𰽺	guǐ
𰽻	rén
𰽼	bǐng
𰽽	róng
𰽾	guǒ
𰽿	zhé
𰾀	bó
𰾁	hòng
𰾃	zhuó
𰾄	méi
𰾅	hán
𰾆	yù
𰾇	tūn
𰾈	shā
𰾊	cōng
𰾌	jiàn
𰾍	biǎo
𰾎	pī
𰾏	táo
𰾐	fèi
𰾑	qiān
𰾒	guǎn
𰾓	tà
𰾕	yè
𰾖	duò
𰾗	zhēn
𰾘	chěn
𰾙	yú
𰾚	wěi
𰾛	jiè
𰾜	duān
𰾝	shēng
𰾞	zōng
𰾟	fù
𰾡	hōng
𰾢	shī
𰾤	xiá
𰾥	kuí
𰾦	zuǎn
𰾩	yè
𰾪	yā
𰾫	jiàn
𰾬	dá
𰾭	ài
𰾮	lián
𰾯	táng
𰾰	cuī
𰾱	zǒng
𰾲	lù
𰾳	lán
𰾴	sī
𰾶	huì
𰾷	zān
𰾸	dǐng
𰾹	juān
𰾻	tián
𰾼	quān
𰾽	zhú
𰾾	niè
𰾿	là
𰿁	áo
𰿂	xū
𰿃	miè
𰿄	léi
𰿆	zuān
𰿇	zhá
𰿈	jiān
𰿉	lěi
𰿊	luó
𰿦	zhèn
𰿨	guǎn
𰿩	xiā
𰿪	xiè
𰿫	wěi
𰿬	pēng
𰿰	zuān
𰿳	shā
𰿴	yà
𰿵	yú
𰿹	guāng
𰿺	táng
𰿻	xì
𰿾	pì
𱀑	zhì
𱀡	fén
𱁒	duì
𱁞	wān
𱁱	yáng
𱁳	duó
𱁴	bì
𱁶	qiān
𱁷	dú
𱁹	guì
𱁺	lóu
𱁽	lán
𱁾	lán
𱂃	sǎ
𱂄	mèi
𱂅	bì
𱂆	gé
𱂇	quàn
𱂈	yùn
𱂉	qiào
𱂊	shè
𱂋	dú
𱂌	hù
𱂍	duì
𱂎	xiè
𱂐	yùn
𱂠	duó
𱂡	kū
𱂢	zhuō
𱂣	yáo
𱂤	huì
𱂥	é
𱂦	pīng
𱂧	lèi
𱂨	è
𱂩	fù
𱂫	yǎn
𱂬	kuí
𱂭	chuí
𱂮	pǐ
𱂯	cuì
𱂰	hàn
𱂱	kǎn
𱂲	sāi
𱂳	gǎo
𱂴	jiǎng
𱂵	kuī
𱂶	xìn
𱂷	zhān
𱂸	bīn
𱂺	piǎo
𱂻	qiáo
𱃔	biāo
𱃕	xiā
𱃖	yǒu
𱃗	tái
𱃘	liè
𱃙	liú
𱃚	lì
𱃜	ruí
𱃝	xiū
𱃞	yú
𱃟	xí
𱃠	biāo
𱃱	xì
𱃲	yù
𱃳	bó
𱃴	fàn
𱃵	yǐng
𱃷	bǎn
𱃸	zhì
𱃹	èn
𱃺	tiǎn
𱃼	fēn
𱃽	è
𱃾	bù
𱃿	tán
𱄀	fēn
𱄁	tǒu
𱄃	jiàn
𱄄	huì
𱄆	xī
𱄇	shǎng
𱄈	méng
𱄉	èn
𱄊	zàn
𱄼	zhù
𱄽	zhé
𱄾	guāng
𱄿	dú
𱅀	bǎo
𱅁	zhí
𱅂	sà
𱅃	jù
𱅄	bá
𱅅	lóng
𱅇	zhěn
𱅈	bì
𱅉	róng
𱅊	zhì
𱅋	ěr
𱅍	xù
𱅎	fú
𱅏	táo
𱅐	bó
𱅓	bó
𱅔	sǒng
𱅕	lái
𱅖	xuān
𱅗	ě
𱅙	tuì
𱅚	shè
𱅛	tuó
𱅜	yǎo
𱅝	piàn
𱅞	xiá
𱅟	róu
𱅠	hàn
𱅡	guī
𱅢	chéng
𱅣	tāo
𱅤	pīn
𱅦	huáng
𱅧	xū
𱅩	xí
𱅪	diàn
𱅫	yù
𱅬	yàn
𱅮	xiāo
𱆀	qiān
𱆁	qiān
𱆃	kuì
𱆄	fèi
𱆅	lán
𱆆	mán
𱆈	zuǎn
𱆌	shāng
𱆍	chǎo
𱆙	chāo
𱆚	kuǐ
𱆛	chǒu
𱆥	dān
𱇍	yà
𱇏	tuō
𱇐	yuán
𱇑	bèi
𱇒	pí
𱇓	hú
𱇔	nà
𱇕	yú
𱇖	bǎn
𱇗	lún
𱇘	háng
𱇙	shěn
𱇚	mò
𱇛	wèi
𱇜	qū
𱇝	pī
𱇞	shàn
𱇟	xiá
𱇠	qiú
𱇡	xīng
𱇢	gǔn
𱇣	bō
𱇤	yǒu
𱇥	gèng
𱇦	kū
𱇧	yí
𱇨	shū
𱇩	jiǎo
𱇪	luò
𱇫	rú
𱇬	yí
𱇭	lái
𱇮	máng
𱇯	shāo
𱇰	yè
𱇱	tiáo
𱇲	fū
𱇳	suō
𱇴	nà
𱇵	jì
𱇶	lù
𱇷	cuò
𱇸	yìng
𱇹	zhì
𱇺	jì
𱇻	xiàn
𱇼	jiù
𱇽	jú
𱇾	zōng
𱇿	sù
𱈀	jù
𱈁	shān
𱈂	yú
𱈃	wèi
𱈄	hóu
𱈅	zōng
𱈆	lóu
𱈇	gèng
𱈈	gèng
𱈉	qián
𱈊	liú
𱈋	hào
𱈌	xiū
𱈍	ruò
𱈎	sǎng
𱈏	zhú
𱈐	zhuān
𱈑	huī
𱈒	sī
𱈓	xún
𱈔	cén
𱈕	fān
𱈖	lài
𱈗	rú
𱈘	cháng
𱈙	miè
𱈚	è
𱈛	méng
𱈜	xiān
𱉇	yǐ
𱉈	diāo
𱉊	gān
𱉋	hàn
𱉌	yí
𱉍	yù
𱉎	fū
𱉏	tuán
𱉐	jú
𱉑	bān
𱉒	huān
𱉓	hù
𱉔	jué
𱉕	gē
𱉖	pí
𱉗	dàn
𱉘	jū
𱉙	zhǐ
𱉚	dié
𱉛	zhì
𱉜	fū
𱉝	bī
𱉞	wǔ
𱉟	zé
𱉠	jīng
𱉡	biǎn
𱉢	yǎo
𱉣	sōng
𱉤	guì
𱉥	jiá
𱉦	lǎo
𱉧	yuān
𱉨	yā
𱉩	tí
𱉪	ài
𱉫	zhū
𱉬	jiāo
𱉭	guǐ
𱉮	luò
𱉯	yáng
𱉰	yù
𱉱	kūn
𱉲	móu
𱉳	mǎi
𱉴	yáng
𱉵	lái
𱉶	hàn
𱉷	yì
𱉸	tú
𱉹	xī
𱉺	fú
𱉻	tuǒ
𱉼	jí
𱉽	jì
𱉾	jùn
𱉿	jùn
𱊀	lù
𱊁	qí
𱊂	míng
𱊃	lí
𱊄	yì
𱊅	zhuī
𱊆	tù
𱊇	jú
𱊈	yì
𱊊	kōng
𱊋	jiān
𱊌	jū
𱊍	duò
𱊎	zī
𱊏	fú
𱊐	jiē
𱊑	chūn
𱊒	yuán
𱊓	mò
𱊕	tí
𱊖	tú
𱊗	róu
𱊘	chuàn
𱊙	zhèn
𱊚	tián
𱊛	sǔn
𱊜	niǎo
𱊝	táng
𱊟	xiá
𱊠	tú
𱊡	yǎo
𱊢	jí
𱊣	ān
𱊤	yōng
𱊥	shāng
𱊦	yì
𱊧	jué
𱊩	tú
𱊪	líng
𱊫	yú
𱊬	chǔ
𱊭	yù
𱊮	luó
𱊯	jī
𱊰	yì
𱊱	dí
𱊲	bǔ
𱊳	lěi
𱊵	yuè
𱊺	lǔ
𱊻	lǔ
𱊼	chuài
𱊽	huái
𱋆	shàn
𱋇	hé
𱋈	kuàng
𱋊	mò
𱋋	qù
𱋍	tǒu
𱋎	huá
𱋐	qū
𱋓	gé
𱋔	bǐng
𱋕	chǎo
𱋖	fū
𱋗	fū
𱋘	shā
𱋙	guǒ
𱋜	chǎo
𱋝	bù
𱋡	lǒu
𱋢	chǎo
𱋪	zhí
𱋫	kuàng
𱋬	lián
𱋮	méng
𱋱	fén
𱋴	chǎn
𱋶	lú
𱋾	cù
𱋿	qù
𱌀	yāng
𱌁	qú
𱌃	wā
𱌄	zhī
𱌅	mí
𱌆	měng
𱌇	biē
𱌈	má
𱌉	bì
𱌊	chāng
𱌏	hún
𱌖	nòng
𱌗	jì
𱌘	zī
𱌙	zī
𱌫	yǎn
𱌬	zé
𱌭	zōu
𱌮	chū
𱌯	chī
𱌰	yǎo
𱌱	xiè
𱌲	quán
𱌳	yǔn
𱌴	zhāi
𱌵	zhān
𱌶	zōu
𱌷	yí
𱌸	jì
𱌹	óu
𱌺	diān
𱌽	yì
𱍁	gōng
𱍂	dá
𱍄	rán
𱍅	gōu
𱍆	jiāo
𱍇	tóng
𱍈	biē
𱍐	qí
𱍕	pā
𱍛	áo
𱎠	sǐ
𱎶	kuǎ
𱎼	gě
𱏅	jí
𱏋	ān
𱏤	lū
𱏱	lǎo
𱐏	gù
𱐙	chǎn
𱐛	tuǒ
𱐿	wài
𱑖	guān
𱓰	rì
𱔯	zhàn
𱕰	léi
𱖀	hōng
𱖅	biǎn
𱖇	gān
𱖎	ào
𱖑	jù
𱖒	shàn
𱖕	zhuǎi
𱖖	tū
𱖙	hèn
𱖝	zài
𱖞	zài
𱖟	kuāng
𱖧	chōng
𱖫	wú
𱖭	gòng
𱖰	tuó
𱖲	jiàn
𱖷	chéng
𱖼	pái
𱖽	zhōng
𱗂	sǎ
𱗃	hūn
𱗅	niào
𱗉	wā
𱗋	gé
𱗌	là
𱗎	yōu
𱗕	qiū
𱗖	zhǒng
𱗚	yǒng
𱗞	kū
𱗟	líng
𱗢	huǎng
𱗤	gāo
𱘆	hǎi
𱘉	lián
𱘭	nǎng
𱘮	fēn
𱘲	tuō
𱙧	xū
𱚝	zhǎ
𱚦	māo
𱚯	mò
𱚱	ā
𱛆	niao
𱛍	lún
𱛒	hóng
𱛓	lóng
𱛔	lè
𱛧	hāo
𱛨	hòng
𱛬	shí
𱛹	yē
𱛽	duàn
𱜀	nàng
𱜒	xiè
𱜬	liàng
𱝃	shuǎ
𱝄	sāo
𱝉	tòng
𱝴	hú
𱞌	huā
𱞝	qiè
𱟫	chàn
𱠏	kāng
𱠸	yuán
𱢡	huán
𱣂	wū
𱣄	huí
𱣑	ròu
𱣕	qǐ
𱣹	zàng
𱣻	hè
𱤑	guī
𱤗	gé
𱤦	luǎn
𱤭	pèng
𱤺	bēng
𱥟	yuè
𱥣	ruò
𱥰	yā
𱥷	nà
𱦈	guǐ
𱧚	liǎn
𱧴	mài
𱨙	zhā
𱨸	kuò
𱩂	yīng
𱩉	wù
𱩽	è
𱪿	xūn
𱬏	liàn
𱭰	wěng
𱮒	sāng
𱮜	tān
𱮴	gāng
𱮷	càng
𱮿	bāng
𱯧	fù
𱰎	shēng
𱰗	ché
𱰤	qín
𱰥	lēi
𱰭	zī
𱰮	lǐng
𱱚	xī
𱱭	yān
𱱱	jué
𱲆	cè
𱲎	yìng
𱳋	chù
𱳞	zī
𱳢	huī
𱳩	hén
𱳪	dài
𱳳	wù
𱴂	là
𱴇	chéng
𱴐	chǎng
𱴘	jiǎng
𱴞	hóu
𱴨	èn
𱴾	guǎ
𱵁	shěn
𱶡	gàn
𱶻	tuó
𱸂	ōu
𱸃	xī
𱸇	láo
𱸖	yáng
𱸛	běn
𱸜	gǎn
𱸡	háo
𱸥	tiào
𱸧	lū
𱹁	qí
𱹼	zī
𱺨	miǎn
𱺮	háo
𱻴	zhá
𱼞	hàn
𱼷	zhǐ
𱽎	bèi
𱽕	dāo
𱽖	shēn
𱽿	jiàng
𱾃	huā
𱾆	guàn
𱾎	xié
𱾝	zhuī
𱾾	pū
𱿅	bòng
𱿗	biáng
𱿣	kè
𱿫	tàng
𱿯	wāi
𲀃	bāng
𲀄	xū
𲀟	háng
𲀯	xié
𲁉	zhēn
𲁓	biàng
𲂆	xiá
𲂓	zāo
𲂔	zhuó
𲂻	yīng
𲄀	mí
𲄗	kuǎi
𲄚	lào
𲄨	qián
𲅂	róu
𲆦	xì
𲆦	xī
𲆩	sōng
𲆫	xūn
𲆰	xí
𲆰	xī
𲆳	pǐn
𲆵	rǒng
𲇊	xī
𲇙	xiù
𲇰	rì
𲈍	yé
𲈖	gá
𲈼	chǔ
𲉅	táng
𲉉	lún
𲉨	kuàng
𲊹	chāi
𲊽	cí
𲋁	xìng
𲋏	pāo
𲋶	mài
𲌉	jù
𲌞	qián
𲌡	qiáng
𲌰	mào
𲍇	yí
𲍉	yuán
𲍏	xiǎn
𲍐	mǐ
𲍗	huàn
𲍭	zhūn
𲍮	fāng
𲍯	jiān
𲍰	mí
𲍳	yǒu
𲍹	bǎo
𲍾	zhuī
𲍿	yè
𲎅	chì
𲎆	tóng
𲎈	méng
𲎉	mò
