subjectId,documentSha256,collection,kind,title,unitId,role,text,pinyin,english,japanese,missingHanzi,readingRecheck
content:cfb0826f-9da8-5f98-9696-db503e4ec469,8c9cc386eb8c17f4417af5e49f292e38fe5939ab003215e51b9d6f06cfa4be65,learning,word,你好,899484da-12ac-5e4f-9911-94c83e3e832b,headword,你好,nǐ hǎo,hello,こんにちは,0,
content:cfb0826f-9da8-5f98-9696-db503e4ec469,8c9cc386eb8c17f4417af5e49f292e38fe5939ab003215e51b9d6f06cfa4be65,learning,word,你好,7f23f711-d6f7-5e6f-80f4-432c82982356,example,你好，欢迎。,nǐ hǎo ， huān yíng 。,"Hello, welcome.",こんにちは。ようこそ。,0,
content:cfb0826f-9da8-5f98-9696-db503e4ec469,8c9cc386eb8c17f4417af5e49f292e38fe5939ab003215e51b9d6f06cfa4be65,learning,word,你好,5c4a85b0-264d-5ab4-9a28-cf2f4bb5d2a9,definition,见面时表示问候的用语。,jiàn miàn shí biǎo shì wèn hòu de yòng yǔ 。,A greeting used when meeting someone.,人に会ったときに使う挨拶。,0,
content:182e1a43-9188-5915-b3c6-24619ac5db22,5d4aadb698519fea990a666bb4d37683c24793873a2606aaaa5fd2db537569c8,learning,word,学习,eef758cb-07f7-593f-9df9-56e149d739f7,headword,学习,xué xí,to learn,学ぶ,0,
content:182e1a43-9188-5915-b3c6-24619ac5db22,5d4aadb698519fea990a666bb4d37683c24793873a2606aaaa5fd2db537569c8,learning,word,学习,862f578d-b7a1-5e93-ab6b-26792d2023a6,definition,通过阅读、练习等方式获得知识或技能。,tōng guò yuè dú 、 liàn xí děng fāng shì huò dé zhī shi huò jì néng 。,"To gain knowledge or skills through reading, practice, or other methods.",読書や練習などによって知識や技能を身につけること。,0,
content:4dab5c64-c325-52aa-85c0-b54536f56214,d560259c31ce15469d2669e261e280d14743618697cd8ce9945a987770aee802,learning,word,银行,027b6573-b7d9-54ac-8129-3df9b391993d,headword,银行,yín háng,bank,銀行,0,
content:4dab5c64-c325-52aa-85c0-b54536f56214,d560259c31ce15469d2669e261e280d14743618697cd8ce9945a987770aee802,learning,word,银行,08fc5724-f093-5067-bd2a-c5ae99334733,definition,经营存款、贷款等业务的金融机构。,jīng yíng cún kuǎn 、 dài kuǎn děng yè wù de jīn róng jī gòu 。,A financial institution that accepts deposits and provides loans.,預金や貸付などを扱う金融機関。,0,
content:6c90e6a9-346e-575f-9c86-774a93325907,529e6e65fdad9e98447d7f9cb8f495fb01e2099cd5e81359537a90d4f95a8edd,learning,word,行走,2a156bea-af54-5e21-bebf-a2e79c2b8764,headword,行走,xíng zǒu,to walk,歩く,0,
content:6c90e6a9-346e-575f-9c86-774a93325907,529e6e65fdad9e98447d7f9cb8f495fb01e2099cd5e81359537a90d4f95a8edd,learning,word,行走,b74e38f0-2640-52b4-883e-4dd4bbc478b7,definition,用脚步移动身体，走路。,yòng jiǎo bù yí dòng shēn tǐ ， zǒu lù 。,"To move on foot, to walk.",足で移動すること。歩くこと。,0,
content:1fb9f21a-7b53-5520-9a20-0614f1ff3bdd,2035acdfc8c90dea5afbd627600e5613f7638fcb684b99b4aeb451758d822556,learning,word,音乐,3d82806b-4b88-50d1-a333-c74690e6d177,headword,音乐,yīn yuè,music,音楽,0,乐=yuè
content:1fb9f21a-7b53-5520-9a20-0614f1ff3bdd,2035acdfc8c90dea5afbd627600e5613f7638fcb684b99b4aeb451758d822556,learning,word,音乐,1dad44b6-5727-5180-9ccc-b9468913991f,definition,用声音的节奏、旋律等表达情感的艺术。,yòng shēng yīn de jié zòu 、 xuán lǜ děng biǎo dá qíng gǎn de yì shù 。,"The art of expressing feelings through rhythm, melody, and sound.",音のリズムや旋律などで感情を表現する芸術。,0,
content:c01aef0c-96a3-5f73-991a-4a76a61c0e6c,3f06caa9cc57b1185d0023fa53efc8313435d5e4686ca1b15785b4c72dd04d0c,learning,word,快乐,039052d6-dcc1-5317-b5fb-749d393e34b7,headword,快乐,kuài lè,happy,楽しい,0,
content:c01aef0c-96a3-5f73-991a-4a76a61c0e6c,3f06caa9cc57b1185d0023fa53efc8313435d5e4686ca1b15785b4c72dd04d0c,learning,word,快乐,7f4b4a9e-f36a-55ca-8531-47e85536e51d,definition,感到高兴、愉快。,gǎn dào gāo xìng 、 yú kuài 。,Feeling happy or joyful.,楽しく、うれしい気持ちであること。,0,
content:a40738e6-8724-5882-8290-d2443a51f185,e0da61ecdcb5b593c5866bfe989ee7cfa82368a0d579a223bca092a3c80f1ecc,learning,word,女儿,e293c487-f86b-56c1-83cf-2ddc4c5716c0,headword,女儿,nǚ ér,daughter,娘,0,
content:a40738e6-8724-5882-8290-d2443a51f185,e0da61ecdcb5b593c5866bfe989ee7cfa82368a0d579a223bca092a3c80f1ecc,learning,word,女儿,0130f094-8e6a-5dca-997d-ac025e3995b1,definition,父母所生的女性孩子。,fù mǔ suǒ shēng de nǚ xìng hái zi 。,A female child in relation to her parents.,親から見た女の子。娘。,0,
content:dfe09d18-24ba-596d-9874-ee94c80b406b,033a6cdc38a47515d7d198b68c1fe33dcbf88a7689467d9d3eb5bc32506b7223,learning,word,绿色,e06a0096-8586-53b7-9a55-53d3458f6425,headword,绿色,lǜ sè,green,緑色,0,
content:dfe09d18-24ba-596d-9874-ee94c80b406b,033a6cdc38a47515d7d198b68c1fe33dcbf88a7689467d9d3eb5bc32506b7223,learning,word,绿色,54b18a8b-29ee-5527-a9cb-eea071b7e4d9,definition,像草和树叶那样的颜色。,xiàng cǎo hé shù yè nà yàng de yán sè 。,"The color of grass and many leaves, green.",草や木の葉のような色。緑色。,0,
content:1c346b8d-944f-59e5-8edf-135e9293f92f,bb88bee5ff6906aeb3d1c90507acf31069486cf41bb952ecbfb24b73386612ad,learning,word,西安,adc4f688-65e3-56e4-93ea-7302873b0535,headword,西安,xī ān,Xi’an,西安,0,
content:1c346b8d-944f-59e5-8edf-135e9293f92f,bb88bee5ff6906aeb3d1c90507acf31069486cf41bb952ecbfb24b73386612ad,learning,word,西安,86de2f16-88e7-54a3-809f-3decb379e9ee,definition,中国陕西省的省会城市。,zhōng guó shǎn xī shěng de shěng huì chéng shì 。,"The capital city of Shaanxi Province, China.",中国の陝西省の省都。,0,
content:e7e15dd2-ce9c-5396-b8a6-08e313ecc873,62d47d56e88d38bbad1e2fbf94149c60ac6c0764908ed259e981845f91784118,learning,word,先,e2d066a6-4f74-593b-8ff8-b7b087d9b2ea,headword,先,xiān,first,先に,0,
content:e7e15dd2-ce9c-5396-b8a6-08e313ecc873,62d47d56e88d38bbad1e2fbf94149c60ac6c0764908ed259e981845f91784118,learning,word,先,15c05a44-1b6f-5ea6-930f-71967eb3b45a,definition,时间或顺序在前，与后相对。,shí jiān huò shùn xù zài qián ， yǔ hòu xiāng duì 。,"Earlier in time or order, before.",時間や順序が前であること。先に。,0,
content:91aaa4af-ee03-5593-a10d-c50e4f65b3b8,4b174e38d2ab9f5e625aa39a7c166b785a4e868313a798bb658dc70c15ecce02,learning,word,妈妈,c6d6ed58-587b-5971-a856-35107fee4832,headword,妈妈,mā ma,mom,お母さん,0,
content:91aaa4af-ee03-5593-a10d-c50e4f65b3b8,4b174e38d2ab9f5e625aa39a7c166b785a4e868313a798bb658dc70c15ecce02,learning,word,妈妈,3aebc660-74f9-50ed-a97a-021ec9bf1026,definition,对母亲的称呼。,duì mǔ qīn de chēng hu 。,"An everyday term for one's mother, mom.",母親を呼ぶ言葉。お母さん。,0,
content:43a1ee0c-465a-5614-96eb-3ffba41edd8c,a9debaaaf7d9ee04aba5569b2d26c48fffe98a28bc6f3edd88080ae5cbea40c1,learning,word,花儿,7f9906a5-4855-5c66-ba98-e31c5b2d1a71,headword,花儿,huār,flower,花,0,
content:43a1ee0c-465a-5614-96eb-3ffba41edd8c,a9debaaaf7d9ee04aba5569b2d26c48fffe98a28bc6f3edd88080ae5cbea40c1,learning,word,花儿,fe70283f-fff9-5926-8a84-2a170e5f382b,definition,花的儿化说法。,huā de ér huà shuō fǎ 。,"An erhua form of 花, meaning flower.",「花」の児化形。花のこと。,0,
content:2e408c38-284f-5292-a0e6-aca51e5ede6d,1ae98ff199b2411f0227d37c3560d6315aad86c6ac024aef66169b4f714c9c95,learning,word,麻木,de107098-c463-57de-9e18-211aa897a1b7,headword,麻木,má mù,numb,しびれる,0,
content:2e408c38-284f-5292-a0e6-aca51e5ede6d,1ae98ff199b2411f0227d37c3560d6315aad86c6ac024aef66169b4f714c9c95,learning,word,麻木,54fbc81f-ab8a-522d-905a-eeea1a2d12c3,definition,身体某部分失去感觉，也指反应迟钝。,shēn tǐ mǒu bù fen shī qù gǎn jué ， yě zhǐ fǎn yìng chí dùn 。,"Numb, or slow or insensitive in one's reactions.",体の一部の感覚がなくなること。また、反応が鈍いこと。,0,应=yìng
content:dc9c4f8e-a358-5936-9821-efbbde54fa79,ae5d368fb962efa3bd65d8d0177104e7b6768505d6b1ef886d734f8f21e5b5db,learning,word,马上,668745d3-7cae-5c9a-ab34-a433bd564cb5,headword,马上,mǎ shàng,immediately,すぐに,0,
content:dc9c4f8e-a358-5936-9821-efbbde54fa79,ae5d368fb962efa3bd65d8d0177104e7b6768505d6b1ef886d734f8f21e5b5db,learning,word,马上,fda60486-70a0-53d7-93e2-57caf8a35907,definition,表示事情很快就会发生或立刻进行。,biǎo shì shì qing hěn kuài jiù huì fā shēng huò lì kè jìn xíng 。,Immediately or very soon.,すぐに、またはまもなく。,0,
content:7f350ecf-e7e8-566a-8704-5a6eb854afbd,ec36eb7699d9d5063d7b44e10b85c4e40f8e6290bbc576c7fc99694b4577d456,learning,word,骂人,400bd536-6e4a-5a92-8b5e-119257c90b62,headword,骂人,mà rén,to insult someone,人をののしる,0,
content:7f350ecf-e7e8-566a-8704-5a6eb854afbd,ec36eb7699d9d5063d7b44e10b85c4e40f8e6290bbc576c7fc99694b4577d456,learning,word,骂人,51b70a65-1f78-5019-b740-9d49ec61d520,definition,用粗鲁的话责备或侮辱别人。,yòng cū lǔ de huà zé bèi huò wǔ rǔ bié rén 。,To scold or insult someone with rude words.,乱暴な言葉で人を叱ったり侮辱したりすること。,0,
content:58b9fd50-9d3c-5460-b380-bb8c667a191a,c721272b585415d606059864f0f3e44c74def029cb4c9fa54165d12c753f3132,learning,text,一起学习,838d8133-5543-572f-9474-9900a0db2351,body,你好！欢迎学习中文。,nǐ hǎo ！ huān yíng xué xí zhōng wén 。,Hello! Welcome to learning Chinese.,こんにちは。一緒に中国語を学びましょう。,0,
content:4bcd986f-ef77-5c9a-861f-2bdc44f5f4cf,739bfbdaed20d3139da7b1ad9fce8c5d59264d3db05f5f3c2be7a0d1fd2ca0bb,learning,poem,读书小句（原创测试）,dc8e44c2-b8f5-5462-83fd-2cd43a0daf21,body,"今天读好书，
明天学新知。","jīn tiān dú hǎo shū ， 
 míng tiān xué xīn zhī 。",Read a good book today; learn something new tomorrow.,今日はよい本を読み、明日は新しいことを学ぶ。,0,
content:3ffc61c6-197d-53d1-8c86-63a3d47ccb44,91c3e750f3ee753ecdf4fdf35831b991306f95dccdeddfe40f43003b53c71081,learning,grammar,“在”表示位置,0a174352-a0ba-5fb9-b641-b23999da2c84,grammarExplanation,在表示位置。,zài biǎo shì wèi zhì 。,,,0,
content:3ffc61c6-197d-53d1-8c86-63a3d47ccb44,91c3e750f3ee753ecdf4fdf35831b991306f95dccdeddfe40f43003b53c71081,learning,grammar,“在”表示位置,77f3c157-e37f-522c-a910-665e652cfd12,example,我在学校学习。,wǒ zài xué xiào xué xí 。,I study at school.,私は学校で勉強します。,0,
content:3ffc61c6-197d-53d1-8c86-63a3d47ccb44,91c3e750f3ee753ecdf4fdf35831b991306f95dccdeddfe40f43003b53c71081,learning,grammar,“在”表示位置,cabbb3b2-5858-59eb-a481-7ec903cdb78e,example,他在家看书。,tā zài jiā kàn shū 。,He reads at home.,彼は家で本を読みます。,0,
content:25d12ae1-2a25-5cf8-9369-674cf5b366f5,9754bf07963c51086777bed5fc53bbd130196f122108ac83b16b810dc25cef09,learning,grammar,“正在”表示进行,07d58f04-ddb8-50fc-bfab-f6920f4a85e6,grammarExplanation,正在表示动作进行。,zhèng zài biǎo shì dòng zuò jìn xíng 。,,,0,
content:25d12ae1-2a25-5cf8-9369-674cf5b366f5,9754bf07963c51086777bed5fc53bbd130196f122108ac83b16b810dc25cef09,learning,grammar,“正在”表示进行,14304032-11f2-5514-ad7f-a8dc80949b75,example,我正在吃饭。,wǒ zhèng zài chī fàn 。,I am eating.,私は食事をしているところです。,0,
content:25d12ae1-2a25-5cf8-9369-674cf5b366f5,9754bf07963c51086777bed5fc53bbd130196f122108ac83b16b810dc25cef09,learning,grammar,“正在”表示进行,a5493950-7fa5-568d-97df-c7538dbeeccc,example,他们正在学习。,tā men zhèng zài xué xí 。,They are studying.,彼らは勉強しています。,0,
content:dfd80859-b322-5d00-862e-e71230257232,cf9a6099028f612d0b218e554ce7014a81eeddf045ed440e1561f10d80bc023c,learning,grammar,“比”用于比较,64a4c863-c56f-57e2-bc5c-eadaa743011f,grammarExplanation,比表示比较。,bǐ biǎo shì bǐ jiào 。,,,0,
content:dfd80859-b322-5d00-862e-e71230257232,cf9a6099028f612d0b218e554ce7014a81eeddf045ed440e1561f10d80bc023c,learning,grammar,“比”用于比较,b5b18283-e352-5712-a482-b0ca589ab306,example,我比他高。,wǒ bǐ tā gāo 。,I am taller than him.,私は彼より背が高いです。,0,
content:dfd80859-b322-5d00-862e-e71230257232,cf9a6099028f612d0b218e554ce7014a81eeddf045ed440e1561f10d80bc023c,learning,grammar,“比”用于比较,d5f32b61-b77c-536b-8da1-a3b5de4320de,example,今天比昨天热。,jīn tiān bǐ zuó tiān rè 。,Today is hotter than yesterday.,今日は昨日より暑いです。,0,
content:e587b274-c528-508b-8193-a39cc177d0a4,4f50845b278506de887051d79df6f070aabcfeec4152330b2edd18d8877bc89c,learning,word,谢谢,cde9b510-3777-57a3-bf1a-044c87adec84,headword,谢谢,xiè xie,Thank you.,ありがとう。,0,
content:e587b274-c528-508b-8193-a39cc177d0a4,4f50845b278506de887051d79df6f070aabcfeec4152330b2edd18d8877bc89c,learning,word,谢谢,7079f4ac-64da-5d8a-93e4-b8a18f383ae3,definition,表示感谢的用语。,biǎo shì gǎn xiè de yòng yǔ 。,Thank you.,ありがとう。,0,
content:c0ab29a7-717e-591b-b86e-d1c046059514,1c711c7ab8405b72b7847b13158a46a336b8a84a5c729372ae241cb133214059,learning,word,再见,b20702dc-eb86-5b21-87ea-358d95abb722,headword,再见,zài jiàn,Goodbye.,さようなら。,0,
content:c0ab29a7-717e-591b-b86e-d1c046059514,1c711c7ab8405b72b7847b13158a46a336b8a84a5c729372ae241cb133214059,learning,word,再见,f9cc6e45-24bf-57ad-b7f0-0c39601c0037,definition,分别时说的告别用语。,fēn bié shí shuō de gào bié yòng yǔ 。,Goodbye.,さようなら。,0,
content:3c2ef28c-499b-59fb-aecc-1a7566ca7de9,e49b7cbcb5013690875ea56a955735b1c8e9104c629135065aa908b947e30e36,learning,word,零,aa80739a-26e8-5c5c-a5e1-c20a74e85f32,headword,零,líng,Zero.,ゼロ。,0,
content:3c2ef28c-499b-59fb-aecc-1a7566ca7de9,e49b7cbcb5013690875ea56a955735b1c8e9104c629135065aa908b947e30e36,learning,word,零,f4855303-e61c-5c4d-a551-5eb3c52780b2,definition,表示没有数量，也表示数位上的空位。,biǎo shì méi yǒu shù liàng ， yě biǎo shì shù wèi shàng de kòng wèi 。,Zero.,ゼロ。,0,
content:9b948d85-2655-55d0-b258-2892423b28f8,f796570e6a3835db371c003aafbc034d87721dd6842cae3f5b3ffe1e2a42fa23,learning,word,一,6d450a9e-62e5-536d-8e41-9bea0141888d,headword,一,yī,One.,一。,0,
content:9b948d85-2655-55d0-b258-2892423b28f8,f796570e6a3835db371c003aafbc034d87721dd6842cae3f5b3ffe1e2a42fa23,learning,word,一,9400f419-9305-5e93-9225-ff37cacaa566,definition,最小的正整数。,zuì xiǎo de zhèng zhěng shù 。,One.,一。,0,
content:28273027-e7de-515d-b87f-93c36ee36e28,d63191313aa9f776f6219580586b2549a0a3095a952e5a09f566a56252f0428b,learning,word,二,90b93e2b-9240-595a-abc8-85bc87c2e0d6,headword,二,èr,Two.,二。,0,
content:28273027-e7de-515d-b87f-93c36ee36e28,d63191313aa9f776f6219580586b2549a0a3095a952e5a09f566a56252f0428b,learning,word,二,60a2175e-2923-564c-931c-4fb31a4ff380,definition,一加一得到的数。,yī jiā yī dé dào de shù 。,Two.,二。,0,
content:3147766e-859d-5d8b-9f1c-70ee4c654eb8,da6d0e4c3cddc46fe80f1c44ff517d096266fb72090c2fa52c94f1735c4f7482,learning,word,三,ea665ec6-1ed8-5d97-aba4-8c89362424f7,headword,三,sān,Three.,三。,0,
content:3147766e-859d-5d8b-9f1c-70ee4c654eb8,da6d0e4c3cddc46fe80f1c44ff517d096266fb72090c2fa52c94f1735c4f7482,learning,word,三,0c4f57af-e9e1-5018-8d7c-276b940325ce,definition,二加一得到的数。,èr jiā yī dé dào de shù 。,Three.,三。,0,
content:a79a0a17-e3b5-5dcb-b2f2-6e32e80c5c34,6d51fd498d85b80b81dce67ac950629935e011fde598a91b134b2e9d10948a31,learning,word,四,3649f83f-052f-5c5b-9dc7-c7928fb9d742,headword,四,sì,Four.,四。,0,
content:a79a0a17-e3b5-5dcb-b2f2-6e32e80c5c34,6d51fd498d85b80b81dce67ac950629935e011fde598a91b134b2e9d10948a31,learning,word,四,3d7d2a94-a007-523f-b987-09a591fc439b,definition,三加一得到的数。,sān jiā yī dé dào de shù 。,Four.,四。,0,
content:1477583d-3dc1-5255-9182-b382a96951a5,202d12f6143d1a5693a0ffea8e1b5f300b561a399f9ca71df8c1ba6285594457,learning,word,五,9e01866d-a794-5126-8a02-2361e301b626,headword,五,wǔ,Five.,五。,0,
content:1477583d-3dc1-5255-9182-b382a96951a5,202d12f6143d1a5693a0ffea8e1b5f300b561a399f9ca71df8c1ba6285594457,learning,word,五,edede8fc-3fa3-5bb9-aedf-8e28a5f68eb4,definition,四加一得到的数。,sì jiā yī dé dào de shù 。,Five.,五。,0,
content:f6af4e06-9adf-5836-aa3e-929aeb7d5eca,2d856979c90a7b14e72cea5e8a13e4e8b9e81d9c9f50ec84ba1da4dc29f2e3d2,learning,word,六,d5dc0711-cf15-5db7-8e36-92ae258d57b0,headword,六,liù,Six.,六。,0,
content:f6af4e06-9adf-5836-aa3e-929aeb7d5eca,2d856979c90a7b14e72cea5e8a13e4e8b9e81d9c9f50ec84ba1da4dc29f2e3d2,learning,word,六,102312a6-d8e4-57cb-bb2c-9c6acd4f741c,definition,五加一得到的数。,wǔ jiā yī dé dào de shù 。,Six.,六。,0,
content:7e644356-6b53-528e-a181-2e557076ab09,03dd67784326541e37eefa71cbb03757cf6785af532a169fe554e14f36da9ba1,learning,word,七,753e3787-070b-5e29-bdee-b9dee617da01,headword,七,qī,Seven.,七。,0,
content:7e644356-6b53-528e-a181-2e557076ab09,03dd67784326541e37eefa71cbb03757cf6785af532a169fe554e14f36da9ba1,learning,word,七,c7eddf1e-561d-5ea4-919c-df43e45e57f2,definition,六加一得到的数。,liù jiā yī dé dào de shù 。,Seven.,七。,0,
content:b540b730-de4e-5dde-8845-21eedf44df7c,6d2f19bff3e69c25a7ba63ab51f95eb319531f21ec4eed94a13586a68419e6d9,learning,word,八,52de2399-cf41-57da-ae56-47720f711c5e,headword,八,bā,Eight.,八。,0,
content:b540b730-de4e-5dde-8845-21eedf44df7c,6d2f19bff3e69c25a7ba63ab51f95eb319531f21ec4eed94a13586a68419e6d9,learning,word,八,8c584d88-b27c-516b-9ff6-f47c8d6926b4,definition,七加一得到的数。,qī jiā yī dé dào de shù 。,Eight.,八。,0,
content:a4aff0c4-f3b9-59cb-9fe9-adc2ca22a003,ae8ac01f807258ef00f8fb5a87a28e88d3e47154f6895973a22a471e0b38f874,learning,word,九,2e920f69-a623-5fba-ac80-ca31a223ee33,headword,九,jiǔ,Nine.,九。,0,
content:a4aff0c4-f3b9-59cb-9fe9-adc2ca22a003,ae8ac01f807258ef00f8fb5a87a28e88d3e47154f6895973a22a471e0b38f874,learning,word,九,8c1655ee-eb9b-5bc6-bdad-2e5ccad37855,definition,八加一得到的数。,bā jiā yī dé dào de shù 。,Nine.,九。,0,
content:ac5e3e38-43d3-53ea-9c8a-fdd96b89ab21,7bcafa1c21439b2536b2d59b2af483c00f8ec29ee1148c723ea25515265b0248,learning,word,十,0b25d2a8-eef7-50c7-827f-ffc15a6ce1f8,headword,十,shí,Ten.,十。,0,
content:ac5e3e38-43d3-53ea-9c8a-fdd96b89ab21,7bcafa1c21439b2536b2d59b2af483c00f8ec29ee1148c723ea25515265b0248,learning,word,十,72624b37-651d-57f2-a033-0fdb48bdff2d,definition,九加一得到的数。,jiǔ jiā yī dé dào de shù 。,Ten.,十。,0,
content:63f12fb8-0397-5d2f-a80b-e35a5a96f425,7d7cb367eefcf3f0eff1979f5f29acab5e7b9b2eb77643f70ad3a4c747d6b73a,learning,word,百,6035bed6-7b9a-58a5-a6c5-7c4e03612c53,headword,百,bǎi,One hundred.,百。,0,
content:63f12fb8-0397-5d2f-a80b-e35a5a96f425,7d7cb367eefcf3f0eff1979f5f29acab5e7b9b2eb77643f70ad3a4c747d6b73a,learning,word,百,eaedf8a7-1a3f-5cb5-8029-4caa55b3f0ac,definition,十个十的数量。,shí gè shí de shù liàng 。,One hundred.,百。,0,
content:86709377-369c-501b-8fd8-b2bf83eb7dd6,270b17602831d420025d5110074d22c34da57a332202c49e6d1834cdf7ecb529,learning,word,千,eb59cd53-206b-587e-9740-d3891dbf7dbb,headword,千,qiān,One thousand.,千。,0,
content:86709377-369c-501b-8fd8-b2bf83eb7dd6,270b17602831d420025d5110074d22c34da57a332202c49e6d1834cdf7ecb529,learning,word,千,e37dc121-b653-5bb1-959d-af2a92720de8,definition,十个一百的数量。,shí gè yì bǎi de shù liàng 。,One thousand.,千。,0,一=yì
content:d075e877-d8b2-53ce-8f7c-4796cabda9dd,fb454ca8a394c099835e6fa494b4baa9339f8321a02a8947d76eb9928a069468,learning,word,万,1c7f751e-85ef-514c-bff9-ffaef1069abf,headword,万,wàn,Ten thousand.,一万。,0,
content:d075e877-d8b2-53ce-8f7c-4796cabda9dd,fb454ca8a394c099835e6fa494b4baa9339f8321a02a8947d76eb9928a069468,learning,word,万,0ab23548-c6cd-5157-9504-9bde9bfcdde4,definition,十个一千的数量。,shí gè yì qiān de shù liàng 。,Ten thousand.,一万。,0,一=yì
content:18f46aee-ab89-59f9-8990-529051cbd8cd,8bc094a96a60fe9c6f7328356ce4fc2b3ff17fdfcc3b3ab7411495b59ee8af9e,learning,word,克,1c4526ba-f4e6-5765-bca7-95a0b77ca9a8,headword,克,kè,"Gram, one thousandth of a kilogram.",グラム。キログラムの千分の一。,0,
content:18f46aee-ab89-59f9-8990-529051cbd8cd,8bc094a96a60fe9c6f7328356ce4fc2b3ff17fdfcc3b3ab7411495b59ee8af9e,learning,word,克,9b8b69e8-cb09-5802-87d3-3eee339b5c9b,definition,质量单位，千克的千分之一。,zhì liàng dān wèi ， qiān kè de qiān fēn zhī yī 。,"Gram, one thousandth of a kilogram.",グラム。キログラムの千分の一。,0,
content:46dff574-e420-5db3-8e6c-596c80202f72,2b4f91581452e1c704e978283c5814f1c35a4c2de241c34257d64fa168b2bfc9,learning,word,千克,01937547-9dba-5050-a810-7ed915b9c400,headword,千克,qiān kè,"Kilogram, equal to one thousand grams.",キログラム。千グラム。,0,
content:46dff574-e420-5db3-8e6c-596c80202f72,2b4f91581452e1c704e978283c5814f1c35a4c2de241c34257d64fa168b2bfc9,learning,word,千克,7bf397fc-ccd0-53ad-8d0a-f9c967309261,definition,质量单位，通常也叫公斤。,zhì liàng dān wèi ， tōng cháng yě jiào gōng jīn 。,"Kilogram, equal to one thousand grams.",キログラム。千グラム。,0,
content:5f29ae31-4273-5155-a675-fce916f43b63,714df42aecff233910843706c2ab6c8b3d696a4183ded5bc5eb036d6cd43409b,learning,word,公斤,516567c3-aca9-518f-b641-6759da464c95,headword,公斤,gōng jīn,A common Chinese name for kilogram.,キログラムの中国語での一般的な呼び方。,0,
content:5f29ae31-4273-5155-a675-fce916f43b63,714df42aecff233910843706c2ab6c8b3d696a4183ded5bc5eb036d6cd43409b,learning,word,公斤,5e895612-7da3-579d-bb9c-1e5c0b73c0a1,definition,千克的通称，一公斤等于一千克。,qiān kè de tōng chēng ， yì gōng jīn děng yú yì qiān kè 。,A common Chinese name for kilogram.,キログラムの中国語での一般的な呼び方。,0,一=yì; 一=yì
content:4cff9f61-77b0-5a1c-86d0-5336210c57d4,ffad8aaa2e74edee5cb2d411f4414b8cf5ed5090a8a3c6acdf7840d9151b546e,learning,word,斤,7caf0bc2-766d-55ea-b4d6-db6c0dea5256,headword,斤,jīn,"Jin, a customary unit equal to 500 grams in mainland China.",斤。中国大陸では五百グラムに相当する単位。,0,
content:4cff9f61-77b0-5a1c-86d0-5336210c57d4,ffad8aaa2e74edee5cb2d411f4414b8cf5ed5090a8a3c6acdf7840d9151b546e,learning,word,斤,9c99cd95-a158-5a2d-b6bf-b475eba70529,definition,中国大陆常用的市制质量单位，一斤等于五百克。,zhōng guó dà lù cháng yòng de shì zhì zhì liàng dān wèi ， yì jīn děng yú wǔ bǎi kè 。,"Jin, a customary unit equal to 500 grams in mainland China.",斤。中国大陸では五百グラムに相当する単位。,0,一=yì
content:c62d9410-a933-56bf-88a9-de640e78d482,48b869862beeae3a3793141806c7f4dd73e6d7ecb0aef9ac60ae7bbaf666fd71,learning,word,两,b10ea730-ff8a-59d4-803e-ebdccda5f4f6,headword,两,liǎng,"Liang, a customary unit equal to 50 grams in mainland China.",両。中国大陸では五十グラムに相当する単位。,0,
content:c62d9410-a933-56bf-88a9-de640e78d482,48b869862beeae3a3793141806c7f4dd73e6d7ecb0aef9ac60ae7bbaf666fd71,learning,word,两,3fb2ec5a-10ee-5227-88d2-741fa1fea09f,definition,用作市制质量单位时，中国大陆的一两等于五十克。,yòng zuò shì zhì zhì liàng dān wèi shí ， zhōng guó dà lù de yì liǎng děng yú wǔ shí kè 。,"Liang, a customary unit equal to 50 grams in mainland China.",両。中国大陸では五十グラムに相当する単位。,0,一=yì
content:322b5c49-fdb3-5e7e-bd4c-94bd5bd17f56,a019742bbae26858066d29e441f5d8a922e919d050980388e83c9670964e692e,learning,word,吨,904cc4ae-4d26-55b6-b708-39160675e5a4,headword,吨,dūn,"Tonne, equal to one thousand kilograms.",トン。千キログラム。,0,
content:322b5c49-fdb3-5e7e-bd4c-94bd5bd17f56,a019742bbae26858066d29e441f5d8a922e919d050980388e83c9670964e692e,learning,word,吨,e6003968-3e53-5ae5-b595-1c23034a23a5,definition,质量单位，一吨等于一千千克。,zhì liàng dān wèi ， yí dūn děng yú yì qiān qiān kè 。,"Tonne, equal to one thousand kilograms.",トン。千キログラム。,0,一=yí; 一=yì
content:4d5ef746-d657-5fc9-8913-54452ab54d9d,123fd02c26eebd322546546060c3b7e860f419ffefe8602cfc5db30357460dfd,learning,word,今天,fbfa0cae-70b4-595b-9436-72770a4e9838,headword,今天,jīn tiān,Today.,今日。,0,
content:4d5ef746-d657-5fc9-8913-54452ab54d9d,123fd02c26eebd322546546060c3b7e860f419ffefe8602cfc5db30357460dfd,learning,word,今天,773e31f5-267d-53c6-856a-9dc3802b8756,definition,说话时的这一天。,shuō huà shí de zhè yì tiān 。,Today.,今日。,0,一=yì
content:17ff1bb3-5926-5f1a-b1ee-2d07fea92c63,eaa2eea97f73c441b958cdf033504687d4cbef74cface594e3debed5a80018f9,learning,word,明天,47359ff6-42cf-57d7-a858-0d5c87297abb,headword,明天,míng tiān,Tomorrow.,明日。,0,
content:17ff1bb3-5926-5f1a-b1ee-2d07fea92c63,eaa2eea97f73c441b958cdf033504687d4cbef74cface594e3debed5a80018f9,learning,word,明天,ef80e6f2-17d4-50b5-b457-a83652ee1db1,definition,今天的后一天。,jīn tiān de hòu yì tiān 。,Tomorrow.,明日。,0,一=yì
content:8fabba25-9e90-5ec2-a2f8-adcd88dddad2,1f11a081f785fefa0089daa45cc8aea379380040d4839512d9b3670fa246557f,learning,word,昨天,7dc43cd1-3a33-53f0-811b-9d2246213b4a,headword,昨天,zuó tiān,Yesterday.,昨日。,0,
content:8fabba25-9e90-5ec2-a2f8-adcd88dddad2,1f11a081f785fefa0089daa45cc8aea379380040d4839512d9b3670fa246557f,learning,word,昨天,ae9f1c4c-f7b7-5ba4-9ffd-1953187ecdc0,definition,今天的前一天。,jīn tiān de qián yì tiān 。,Yesterday.,昨日。,0,一=yì
content:b110643a-0bca-5698-b7d4-4d520c28a355,d854f1458c4228097543b6072ead7d2be0a96302f40b7af179fef2721a148ceb,learning,word,分钟,42396622-8611-55f2-80ef-c0caec8f64bd,headword,分钟,fēn zhōng,"Minute, equal to sixty seconds.",分。六十秒。,0,
content:b110643a-0bca-5698-b7d4-4d520c28a355,d854f1458c4228097543b6072ead7d2be0a96302f40b7af179fef2721a148ceb,learning,word,分钟,cbb30499-eba9-5717-95b5-4fffe897df54,definition,时间单位，一分钟等于六十秒。,shí jiān dān wèi ， yì fēn zhōng děng yú liù shí miǎo 。,"Minute, equal to sixty seconds.",分。六十秒。,0,一=yì
content:dcabc871-932e-5398-b5f1-0594ed3e1457,c9aef1030d2ae4d86900ac620ecec401bbdb910c371ac0d604a95bdca96dd4a5,learning,word,爸爸,07874521-2c30-5caa-af56-6c089764c419,headword,爸爸,bà ba,"Dad, father.",お父さん。,0,
content:dcabc871-932e-5398-b5f1-0594ed3e1457,c9aef1030d2ae4d86900ac620ecec401bbdb910c371ac0d604a95bdca96dd4a5,learning,word,爸爸,d650c83d-7763-5b69-ba9a-a7885d10790b,definition,对父亲的称呼。,duì fù qīn de chēng hu 。,"Dad, father.",お父さん。,0,
content:655605bf-e717-5bbd-b2b9-5db7fd798c2c,4bf5a3c024e5466531fcc9bd9fa702c62d7d1dbe3f04e5b3ade8bcbbea062285,learning,word,孩子,327011a1-f8a5-5ac5-b397-7abeab50d74b,headword,孩子,hái zi,Child.,子供。,0,
content:655605bf-e717-5bbd-b2b9-5db7fd798c2c,4bf5a3c024e5466531fcc9bd9fa702c62d7d1dbe3f04e5b3ade8bcbbea062285,learning,word,孩子,e013632f-966d-58a8-b2a4-15a220d99d79,definition,儿童，也指父母的子女。,ér tóng ， yě zhǐ fù mǔ de zǐ nǚ 。,Child.,子供。,0,
content:da700374-4a84-5ecd-9edb-eab319180e9d,79425b823eef7ceec675c7128b196f4c53ae1f6eff2ce0997bdb09612af7aa79,learning,word,水,aeb26cf9-125f-5c72-b2c1-9f0cb576f2ae,headword,水,shuǐ,Water.,水。,0,
content:da700374-4a84-5ecd-9edb-eab319180e9d,79425b823eef7ceec675c7128b196f4c53ae1f6eff2ce0997bdb09612af7aa79,learning,word,水,15556c32-1844-5db7-9e8a-2d2f9ba4d0e7,definition,日常饮用的无色液体。,rì cháng yǐn yòng de wú sè yè tǐ 。,Water.,水。,0,
content:6c5a0d22-5c99-552f-91f3-96534c72011a,7cf0952d89ac8c7141c458c50adf0fd49650fac29acad18159cc5a0a842ce278,learning,word,米饭,0b40fc62-2d9a-50ed-8043-d18f0f71bb8e,headword,米饭,mǐ fàn,Cooked rice.,ご飯。,0,
content:6c5a0d22-5c99-552f-91f3-96534c72011a,7cf0952d89ac8c7141c458c50adf0fd49650fac29acad18159cc5a0a842ce278,learning,word,米饭,59423e3c-3bc4-539d-ad3f-d9150bc97e02,definition,用大米煮成的主食。,yòng dà mǐ zhǔ chéng de zhǔ shí 。,Cooked rice.,ご飯。,0,
content:f95e5da3-f27a-5406-9d12-5f69e5299748,122241cbf7cf8099a17feb6bc35218a019a9b8de33875944d44b379b997a82ec,learning,word,苹果,14af6c60-e347-5f52-bb27-8e790bc43a88,headword,苹果,píng guǒ,Apple.,りんご。,0,
content:f95e5da3-f27a-5406-9d12-5f69e5299748,122241cbf7cf8099a17feb6bc35218a019a9b8de33875944d44b379b997a82ec,learning,word,苹果,8ad90b0d-b466-545c-9fec-7af8bd22c650,definition,一种常见的水果。,yì zhǒng cháng jiàn de shuǐ guǒ 。,Apple.,りんご。,0,一=yì
content:a990858b-5fe8-56b5-9526-ccdabff94ad3,5128878885065c00a7b5832f9ee7441b71b1a421a01214677d2c17b35829a78c,learning,word,面包,32c91126-ee59-545e-855d-d872cc667796,headword,面包,miàn bāo,Bread.,パン。,0,
content:a990858b-5fe8-56b5-9526-ccdabff94ad3,5128878885065c00a7b5832f9ee7441b71b1a421a01214677d2c17b35829a78c,learning,word,面包,65dcf37b-cb58-5fa5-a8a5-e2bde63385d4,definition,用面粉等原料烘烤制成的食品。,yòng miàn fěn děng yuán liào hōng kǎo zhì chéng de shí pǐn 。,Bread.,パン。,0,
content:269d5b99-575a-5dba-9c43-0cd83c7dacf5,3a21c9ce0734e9e682dda97d91434501ae986b50dd618175c64002e81795d9b2,learning,word,红色,5862018d-4f82-555f-9099-d834594e3341,headword,红色,hóng sè,Red.,赤色。,0,
content:269d5b99-575a-5dba-9c43-0cd83c7dacf5,3a21c9ce0734e9e682dda97d91434501ae986b50dd618175c64002e81795d9b2,learning,word,红色,a85fbd22-2c3d-582e-bf29-cc749e350848,definition,像鲜血那样的颜色。,xiàng xiān xuè nà yàng de yán sè 。,Red.,赤色。,0,
content:38024271-450b-51b8-a1e8-c60ada3c84fd,6335aa98c5db4221a1988fc6c62b9cc384cc29f15dc1a4a3095ceb2e569a9bb5,learning,word,蓝色,51ecbbd1-6687-5f75-af0a-161070b60165,headword,蓝色,lán sè,Blue.,青色。,0,
content:38024271-450b-51b8-a1e8-c60ada3c84fd,6335aa98c5db4221a1988fc6c62b9cc384cc29f15dc1a4a3095ceb2e569a9bb5,learning,word,蓝色,f3a30108-3746-5471-8e9b-be14802b4ac4,definition,像晴天天空那样的颜色。,xiàng qíng tiān tiān kōng nà yàng de yán sè 。,Blue.,青色。,0,
content:10e66d4a-00f2-5806-8a48-8bf86a716c09,198ff2674102bf9501a3b6bdc0da29e7e996dd48c062e22ecd4ab2b2753cfcef,learning,word,黄色,f8f1464a-cd68-547a-8a54-f6aed48fc016,headword,黄色,huáng sè,Yellow.,黄色。,0,
content:10e66d4a-00f2-5806-8a48-8bf86a716c09,198ff2674102bf9501a3b6bdc0da29e7e996dd48c062e22ecd4ab2b2753cfcef,learning,word,黄色,f3c4580d-b2e3-5282-a907-748124e2c55a,definition,像成熟柠檬果皮那样的颜色。,xiàng chéng shú níng méng guǒ pí nà yàng de yán sè 。,Yellow.,黄色。,0,
content:5f63b402-e642-5414-b020-07cac9bd555b,41ad106cd671cfd6181e74b7e76b9a362928b0c2bc55abe7ba22926b87571879,learning,word,车站,2f74e177-2a10-522a-b2b6-5a1b6eb61d7d,headword,车站,chē zhàn,Station or stop for vehicles and passengers.,駅や停留所。,0,
content:5f63b402-e642-5414-b020-07cac9bd555b,41ad106cd671cfd6181e74b7e76b9a362928b0c2bc55abe7ba22926b87571879,learning,word,车站,267972ad-86c1-5da0-9aaa-5d6809e98dd7,definition,车辆停靠、乘客上下车的地方。,chē liàng tíng kào 、 chéng kè shàng xià chē de dì fang 。,Station or stop for vehicles and passengers.,駅や停留所。,0,
content:4b777611-7d77-5e1b-879a-2010e0d63a50,3048aa049fc1fcd18ddb7d39d3fde23725d0cc4420ae92798b5b7cf3db2a9ed1,learning,word,公交车,72ac15e2-de02-52fb-94bf-7d20cb94bd7e,headword,公交车,gōng jiāo chē,Public bus.,路線バス。,0,
content:4b777611-7d77-5e1b-879a-2010e0d63a50,3048aa049fc1fcd18ddb7d39d3fde23725d0cc4420ae92798b5b7cf3db2a9ed1,learning,word,公交车,2543b7ca-26cf-507a-8e76-c31c699f415c,definition,按固定线路行驶的公共汽车。,àn gù dìng xiàn lù xíng shǐ de gōng gòng qì chē 。,Public bus.,路線バス。,0,
content:b991fbba-fcd9-5a04-b440-9fdb203d90b4,2d72ffd35f944407211c3c73e422074c71afe347240fcc1f1f1d5d883b892a5a,learning,word,老师,ed399b15-5ddb-5db0-919e-863c5c2af5a5,headword,老师,lǎo shī,Teacher.,先生。,0,
content:b991fbba-fcd9-5a04-b440-9fdb203d90b4,2d72ffd35f944407211c3c73e422074c71afe347240fcc1f1f1d5d883b892a5a,learning,word,老师,cffc9abd-57c4-55b6-a1d1-0993c82d5b6e,definition,教学生知识或技能的人。,jiāo xué shēng zhī shi huò jì néng de rén 。,Teacher.,先生。,0,
content:1380913a-d398-5817-a26c-94bf0ad4737d,b0b8e2698cfccab8fbc407b323694a27c59abb3493de862a8b5eaac17afda912,learning,word,学生,f9cc3467-2f49-5b72-b970-1ac7df6c579a,headword,学生,xué shēng,Student.,学生。,0,
content:1380913a-d398-5817-a26c-94bf0ad4737d,b0b8e2698cfccab8fbc407b323694a27c59abb3493de862a8b5eaac17afda912,learning,word,学生,7e28e3e5-59ac-5029-94f9-2ee71ea5ee87,definition,在学校等地方学习的人。,zài xué xiào děng dì fang xué xí de rén 。,Student.,学生。,0,
content:2b284442-c65b-5345-b079-d1b6b24d9475,0a50a9907337a800a816ba42b4f4e8e47f29276822833fb4779611e244ba821b,learning,word,太阳,e3e7939c-e2d9-5568-a73c-d47f16b9881e,headword,太阳,tài yang,Sun.,太陽。,0,
content:2b284442-c65b-5345-b079-d1b6b24d9475,0a50a9907337a800a816ba42b4f4e8e47f29276822833fb4779611e244ba821b,learning,word,太阳,c35b3a1a-af2b-5633-8622-d8cfdeaea308,definition,为地球提供光和热的恒星。,wèi dì qiú tí gōng guāng hé rè de héng xīng 。,Sun.,太陽。,0,
content:ae3d1905-b38a-5ae2-b2de-f21428312493,2421a0609ca82d1bb30d20d69b23be99204fda2e111bca80538e5ff741e12c4b,learning,word,月亮,d3de5d4e-f732-5dad-9335-9f6db27ef85a,headword,月亮,yuè liang,Moon.,月。,0,
content:ae3d1905-b38a-5ae2-b2de-f21428312493,2421a0609ca82d1bb30d20d69b23be99204fda2e111bca80538e5ff741e12c4b,learning,word,月亮,9bf7e9dd-b4a3-542e-acf6-d9ee75c3584d,definition,围绕地球运行的天然卫星。,wéi rào dì qiú yùn xíng de tiān rán wèi xīng 。,Moon.,月。,0,
content:2192fc74-9d8c-5411-be48-9c40f5073cc1,146fe68eb91738ee2268362aa9aff2f03422dbf3b7659f1d4d635e289fed521d,learning,word,您好,2378b226-fecb-5175-bc2e-c3af10f627d8,headword,您好,nín hǎo,"Hello, a respectful greeting.",こんにちは。丁寧な挨拶。,0,
content:2192fc74-9d8c-5411-be48-9c40f5073cc1,146fe68eb91738ee2268362aa9aff2f03422dbf3b7659f1d4d635e289fed521d,learning,word,您好,01d80859-a881-50c4-91e8-18fa161529b3,definition,向对方表示尊敬的问候语。,xiàng duì fāng biǎo shì zūn jìng de wèn hòu yǔ 。,"Hello, a respectful greeting.",こんにちは。丁寧な挨拶。,0,
content:27495445-47e6-5484-ad47-83a33387a8a1,b57ab71c9fad220f4f41e943288e62845d0b384b009e51b55931145ebeb68a6e,learning,word,早上好,ae9fd825-88d2-51cc-946c-955d41019c18,headword,早上好,zǎo shang hǎo,Good morning.,おはようございます。,0,
content:27495445-47e6-5484-ad47-83a33387a8a1,b57ab71c9fad220f4f41e943288e62845d0b384b009e51b55931145ebeb68a6e,learning,word,早上好,5e065d4a-7ea4-5b5f-a82b-358a8a5b1013,definition,早晨见面时的问候语。,zǎo chén jiàn miàn shí de wèn hòu yǔ 。,Good morning.,おはようございます。,0,
content:97a02763-bec8-5883-a882-54e113ee4001,d8922ecd20508333c9d3a520d092fd33370b4ac5f3a3cdeac4aa770c361a7479,learning,word,晚上好,d971f617-6794-52df-8527-1aa2acbbaf63,headword,晚上好,wǎn shang hǎo,Good evening.,こんばんは。,0,
content:97a02763-bec8-5883-a882-54e113ee4001,d8922ecd20508333c9d3a520d092fd33370b4ac5f3a3cdeac4aa770c361a7479,learning,word,晚上好,893b369c-0eb5-5954-a486-2d0ca9ba80b7,definition,晚上见面时的问候语。,wǎn shang jiàn miàn shí de wèn hòu yǔ 。,Good evening.,こんばんは。,0,
content:897044ce-2dec-55ac-9cdb-971a2dce9c6e,e7c54b83ef18aa50d8444e08e421833c6e0edf8d0c44506e3612d9fdc1ee998f,learning,word,对不起,e1f6a7c8-d565-5175-9e29-33f6d4e193a4,headword,对不起,duì bu qǐ,Sorry.,すみません。,0,
content:897044ce-2dec-55ac-9cdb-971a2dce9c6e,e7c54b83ef18aa50d8444e08e421833c6e0edf8d0c44506e3612d9fdc1ee998f,learning,word,对不起,2cbe297f-3025-59a0-96e4-779f6178a387,definition,向别人表示歉意的用语。,xiàng bié rén biǎo shì qiàn yì de yòng yǔ 。,Sorry.,すみません。,0,
content:861a7dc7-2f48-5b0d-9523-836056654862,55145f18b2eb2d306daf340d211f59b20996948eb804d5dc6c86e9ce4e414cee,learning,word,没关系,2d8bd26e-5643-5842-93a6-c1eebbbd1253,headword,没关系,méi guān xi,It's all right. No problem.,大丈夫です。気にしないで。,0,
content:861a7dc7-2f48-5b0d-9523-836056654862,55145f18b2eb2d306daf340d211f59b20996948eb804d5dc6c86e9ce4e414cee,learning,word,没关系,18bdee8c-db39-5f5d-9026-3c62b18c92b8,definition,表示不介意或不必担心的用语。,biǎo shì bú jiè yì huò bú bì dān xīn de yòng yǔ 。,It's all right. No problem.,大丈夫です。気にしないで。,0,不=bú; 不=bú
content:0915d24c-7dc9-5851-82e2-51465c8da191,01deb90a4dfa33f0bc03e0a92949e64dccc9ecdeda5380ba247a7b2dab81dbeb,learning,word,先生,ed9ded06-28a1-5b32-9476-e10005e56cc4,headword,先生,xiān sheng,"Mr. or sir, a polite form of address.",男性への丁寧な呼び方。,0,
content:0915d24c-7dc9-5851-82e2-51465c8da191,01deb90a4dfa33f0bc03e0a92949e64dccc9ecdeda5380ba247a7b2dab81dbeb,learning,word,先生,5bfaaac4-9184-5431-9f9d-e6d0d2935334,definition,对成年男性的一种礼貌称呼。,duì chéng nián nán xìng de yì zhǒng lǐ mào chēng hu 。,"Mr. or sir, a polite form of address.",男性への丁寧な呼び方。,0,一=yì
content:afeffdd1-7acd-5575-8ea2-0415cad9339d,4daf4a1a02fbdd4a13233021f107e9fca1e2eb41e6eedbf355d04bc185afc3e0,learning,word,女士,04708ab7-1a31-5591-9d08-4745eb2cb937,headword,女士,nǚ shì,"Ms. or madam, a polite form of address.",女性への丁寧な呼び方。,0,
content:afeffdd1-7acd-5575-8ea2-0415cad9339d,4daf4a1a02fbdd4a13233021f107e9fca1e2eb41e6eedbf355d04bc185afc3e0,learning,word,女士,6f16a604-5041-5543-87ff-e93c370dbedc,definition,对成年女性的一种礼貌称呼。,duì chéng nián nǚ xìng de yì zhǒng lǐ mào chēng hu 。,"Ms. or madam, a polite form of address.",女性への丁寧な呼び方。,0,一=yì
content:61072eeb-f2d4-5839-a653-3ac2d6c78eba,2547f549eee3047f0a48686f9e53a861fa87d1548760ac05b36ca5b243bed47b,learning,word,叔叔,92256a60-0a0c-5191-830f-617374fccba2,headword,叔叔,shū shu,"Father's younger brother, also a familiar address for a man of the father's generation.",父の弟。また、父と同世代の男性への呼び方。,0,
content:61072eeb-f2d4-5839-a653-3ac2d6c78eba,2547f549eee3047f0a48686f9e53a861fa87d1548760ac05b36ca5b243bed47b,learning,word,叔叔,a73b8203-bcdb-52f8-8c4d-b23c03f33194,definition,父亲的弟弟，也用于称呼与父亲同辈的男性。,fù qīn de dì di ， yě yòng yú chēng hu yǔ fù qīn tóng bèi de nán xìng 。,"Father's younger brother, also a familiar address for a man of the father's generation.",父の弟。また、父と同世代の男性への呼び方。,0,
content:2bee2af0-4d24-53db-aca2-19b2fe177a4d,60f875ec186f35ead772af71ff3242e3e970249f982a18891c7e56f2288d81a9,learning,word,阿姨,bd832292-45fc-596e-868f-c4fcd67abd32,headword,阿姨,ā yí,"Mother's sister, also a familiar address for a woman of the mother's generation.",母の姉妹。また、母と同世代の女性への呼び方。,0,
content:2bee2af0-4d24-53db-aca2-19b2fe177a4d,60f875ec186f35ead772af71ff3242e3e970249f982a18891c7e56f2288d81a9,learning,word,阿姨,3fd06ca5-a92b-582f-b0ab-1d09895d7354,definition,母亲的姐妹，也用于称呼与母亲同辈的女性。,mǔ qīn de jiě mèi ， yě yòng yú chēng hu yǔ mǔ qīn tóng bèi de nǚ xìng 。,"Mother's sister, also a familiar address for a woman of the mother's generation.",母の姉妹。また、母と同世代の女性への呼び方。,0,
content:9837cd70-b2d5-59ba-a717-cba67991dd07,0565f199b5e9151c588bfd72c42f310a44b6e27549afa466f280a0e2c2a16b13,learning,word,爷爷,573f51b6-5be5-53ed-ae1e-df287fd09943,headword,爷爷,yé ye,Paternal grandfather.,父方の祖父。,0,
content:9837cd70-b2d5-59ba-a717-cba67991dd07,0565f199b5e9151c588bfd72c42f310a44b6e27549afa466f280a0e2c2a16b13,learning,word,爷爷,774f85b7-58b9-5b93-9c9d-d690c6ea60e1,definition,父亲的父亲。,fù qīn de fù qīn 。,Paternal grandfather.,父方の祖父。,0,
content:10f3e50b-3236-5d9b-b779-e84a84bc6616,9b2a70f2c2aca5adf8f482dbf92a8ef21e6b1cc4ab46e18d2c2c6e7fd07f63e9,learning,word,奶奶,531f0fc7-fa65-549a-972f-53cd5339e866,headword,奶奶,nǎi nai,Paternal grandmother.,父方の祖母。,0,
content:10f3e50b-3236-5d9b-b779-e84a84bc6616,9b2a70f2c2aca5adf8f482dbf92a8ef21e6b1cc4ab46e18d2c2c6e7fd07f63e9,learning,word,奶奶,3afd710c-53fd-5fe8-a041-e963e5677552,definition,父亲的母亲。,fù qīn de mǔ qīn 。,Paternal grandmother.,父方の祖母。,0,
content:9c7f2153-565d-5857-8542-4e0214aa27b1,cf2fca0594ec1c3f3a8addc4d6fed86f3094d7c9848e8043558a2230be8ddb04,learning,word,哥哥,dec4026e-84d7-582f-84eb-3ec758c0233b,headword,哥哥,gē ge,Older brother.,兄。,0,
content:9c7f2153-565d-5857-8542-4e0214aa27b1,cf2fca0594ec1c3f3a8addc4d6fed86f3094d7c9848e8043558a2230be8ddb04,learning,word,哥哥,a5bfd23c-7033-59c6-a7cf-f202ebe26ee1,definition,同辈中比自己年长的男性手足。,tóng bèi zhōng bǐ zì jǐ nián zhǎng de nán xìng shǒu zú 。,Older brother.,兄。,0,
content:a97bf4b6-91ca-5418-9456-2c3867537aa1,e79847f4f829a6b55b1776c5ae20c962fd334585cbd3dbb1fa52c7d8d909d721,learning,word,姐姐,bbf46c13-8680-5a04-9fb8-84a8b017ca43,headword,姐姐,jiě jie,Older sister.,姉。,0,
content:a97bf4b6-91ca-5418-9456-2c3867537aa1,e79847f4f829a6b55b1776c5ae20c962fd334585cbd3dbb1fa52c7d8d909d721,learning,word,姐姐,90ab23af-a431-5a91-a2bb-4349e819f996,definition,同辈中比自己年长的女性手足。,tóng bèi zhōng bǐ zì jǐ nián zhǎng de nǚ xìng shǒu zú 。,Older sister.,姉。,0,
content:a8b30763-90db-5523-9726-e71f06430d51,c7455f12ace5d8048063d67e3920cefcd428f61b8a0cbb2dbd02896413b16306,learning,word,朋友,3db38907-234c-5dae-a36c-83108140a360,headword,朋友,péng you,Friend.,友達。,0,
content:a8b30763-90db-5523-9726-e71f06430d51,c7455f12ace5d8048063d67e3920cefcd428f61b8a0cbb2dbd02896413b16306,learning,word,朋友,4f86dee4-cabe-5a49-a396-33f582df607f,definition,彼此有友好关系的人。,bǐ cǐ yǒu yǒu hǎo guān xì de rén 。,Friend.,友達。,0,
content:3b6ca97f-0900-5604-aa63-37527b56f19f,38bd35c5267ccabb8928611c0fb84b0c3fc932a12e9baf586652e1db1802526d,learning,word,一个,c7f82f51-8dd9-5636-8e10-71b4f982ab82,headword,一个,yí gè,one (general classifier),一つ（一般的な数え方）,0,一=yí
content:3b6ca97f-0900-5604-aa63-37527b56f19f,38bd35c5267ccabb8928611c0fb84b0c3fc932a12e9baf586652e1db1802526d,learning,word,一个,ab7aad05-9c8b-5445-b64d-da8f2f393b80,definition,用于计算人或许多种事物。,yòng yú jì suàn rén huò xǔ duō zhǒng shì wù 。,one (general classifier),一つ（一般的な数え方）,0,
content:3b6ca97f-0900-5604-aa63-37527b56f19f,38bd35c5267ccabb8928611c0fb84b0c3fc932a12e9baf586652e1db1802526d,learning,word,一个,5880b13a-291a-5d58-8378-988ee35603f4,example,一个苹果,yí gè píng guǒ,one apple,りんご一個,0,一=yí
content:3b6ca97f-0900-5604-aa63-37527b56f19f,38bd35c5267ccabb8928611c0fb84b0c3fc932a12e9baf586652e1db1802526d,learning,word,一个,47210f1c-7b32-5ecf-8de6-c91dafbf4cb1,example,我吃了一个苹果。,wǒ chī le yí gè píng guǒ 。,I ate an apple.,私はりんごを一個食べました。,0,一=yí
content:8bd1162a-aa94-5efa-8ee0-3278778e3f62,5e3da06675ad66a4b7d655151b0cfa99c64405a4a9ded402fce43392cf26d3d3,learning,word,一只,09caa1cb-4335-56da-b9b7-2e3249f2a4af,headword,一只,yì zhī,one (classifier for many animals),一匹・一羽（動物の数え方）,0,一=yì
content:8bd1162a-aa94-5efa-8ee0-3278778e3f62,5e3da06675ad66a4b7d655151b0cfa99c64405a4a9ded402fce43392cf26d3d3,learning,word,一只,354de86b-25ba-5f5a-8f3f-1c7f26f9944a,definition,常用于计算鸟、猫等动物。,cháng yòng yú jì suàn niǎo 、 māo děng dòng wù 。,one (classifier for many animals),一匹・一羽（動物の数え方）,0,
content:8bd1162a-aa94-5efa-8ee0-3278778e3f62,5e3da06675ad66a4b7d655151b0cfa99c64405a4a9ded402fce43392cf26d3d3,learning,word,一只,7b905d5f-0e6c-5aea-95c0-3859f63f742a,example,一只猫,yì zhī māo,one cat,猫一匹,0,一=yì
content:8bd1162a-aa94-5efa-8ee0-3278778e3f62,5e3da06675ad66a4b7d655151b0cfa99c64405a4a9ded402fce43392cf26d3d3,learning,word,一只,c6970794-8220-5d94-b749-1cf3562d62f9,example,我家有一只猫。,wǒ jiā yǒu yì zhī māo 。,My family has a cat.,うちには猫が一匹います。,0,一=yì
content:39a7e161-7bee-56e0-b4e5-a1b29675c9a2,ad7beda0bd5df7f65619f6fd87a54c5d905afc1ae621b28d315e32628c2a302f,learning,word,一条,3b2deb15-36a9-5ff4-9ac4-83589bfdb541,headword,一条,yì tiáo,one (classifier for fish and long objects),一匹・一本（魚や細長い物の数え方）,0,一=yì
content:39a7e161-7bee-56e0-b4e5-a1b29675c9a2,ad7beda0bd5df7f65619f6fd87a54c5d905afc1ae621b28d315e32628c2a302f,learning,word,一条,ce95ef80-16d9-59fb-b7db-5c1342fb007e,definition,常用于计算鱼等细长的动物或物体。,cháng yòng yú jì suàn yú děng xì cháng de dòng wù huò wù tǐ 。,one (classifier for fish and long objects),一匹・一本（魚や細長い物の数え方）,0,长=cháng
content:39a7e161-7bee-56e0-b4e5-a1b29675c9a2,ad7beda0bd5df7f65619f6fd87a54c5d905afc1ae621b28d315e32628c2a302f,learning,word,一条,f7ae95d2-b101-57fc-bff6-7f49c1260466,example,一条鱼,yì tiáo yú,one fish,魚一匹,0,一=yì
content:39a7e161-7bee-56e0-b4e5-a1b29675c9a2,ad7beda0bd5df7f65619f6fd87a54c5d905afc1ae621b28d315e32628c2a302f,learning,word,一条,3b3e3f59-8b0e-56de-aa83-94544954f47d,example,水里有一条鱼。,shuǐ lǐ yǒu yì tiáo yú 。,There is a fish in the water.,水の中に魚が一匹います。,0,一=yì
content:d9bae5f7-1f40-5863-8c15-afab4f485322,5e2a5f3263ed03834c7bfd7f60322af8d879f2e06d63da89061466e997ab0a56,learning,word,一本,c79657a0-f6f7-500c-9d65-bcd085a58fa7,headword,一本,yì běn,one (classifier for books),一冊（本やノートの数え方）,0,一=yì
content:d9bae5f7-1f40-5863-8c15-afab4f485322,5e2a5f3263ed03834c7bfd7f60322af8d879f2e06d63da89061466e997ab0a56,learning,word,一本,59fa6753-d94d-5bf5-a0ca-8709442416ec,definition,用于计算书、本子等。,yòng yú jì suàn shū 、 běn zi děng 。,one (classifier for books),一冊（本やノートの数え方）,0,
content:d9bae5f7-1f40-5863-8c15-afab4f485322,5e2a5f3263ed03834c7bfd7f60322af8d879f2e06d63da89061466e997ab0a56,learning,word,一本,71bfaad7-f0f7-556a-a53a-a1f1fac1bb85,example,一本书,yì běn shū,one book,本一冊,0,一=yì
content:d9bae5f7-1f40-5863-8c15-afab4f485322,5e2a5f3263ed03834c7bfd7f60322af8d879f2e06d63da89061466e997ab0a56,learning,word,一本,0496af38-76b5-597c-a3b5-fed51a53ab2e,example,我买了一本书。,wǒ mǎi le yì běn shū 。,I bought a book.,私は本を一冊買いました。,0,一=yì
content:b0c713fa-07be-5423-8827-117258adaf6a,7eaa5b2b183f3dad94d058f88defc96f51dd92442e095f8f3cc9dcab2dff4af1,learning,word,一张,74a6fee2-541c-5f37-9d4c-78bafe92e8b8,headword,一张,yì zhāng,one (classifier for flat objects),一枚（平たい物の数え方）,0,一=yì
content:b0c713fa-07be-5423-8827-117258adaf6a,7eaa5b2b183f3dad94d058f88defc96f51dd92442e095f8f3cc9dcab2dff4af1,learning,word,一张,c73dbdf5-f6f0-5321-8a4b-49797f6aadb7,definition,常用于计算纸等平面的物体。,cháng yòng yú jì suàn zhǐ děng píng miàn de wù tǐ 。,one (classifier for flat objects),一枚（平たい物の数え方）,0,
content:b0c713fa-07be-5423-8827-117258adaf6a,7eaa5b2b183f3dad94d058f88defc96f51dd92442e095f8f3cc9dcab2dff4af1,learning,word,一张,da3fcbf7-da55-5166-a29b-29683567242b,example,一张纸,yì zhāng zhǐ,one sheet of paper,紙一枚,0,一=yì
content:b0c713fa-07be-5423-8827-117258adaf6a,7eaa5b2b183f3dad94d058f88defc96f51dd92442e095f8f3cc9dcab2dff4af1,learning,word,一张,d4315c94-d1c0-5732-a8d0-9d236991383f,example,请给我一张纸。,qǐng gěi wǒ yì zhāng zhǐ 。,Please give me a sheet of paper.,紙を一枚ください。,0,一=yì
content:6b0a9c81-5cca-5a31-9ec2-917c1fee0c8b,169ae3cbd7117dd2243c006c3cbd621f01b99fe4314be7d891b42693bf031746,learning,word,一支,5317d83a-b634-5948-bc6f-f2fdfb814898,headword,一支,yì zhī,one (classifier for pens and similar objects),一本（ペンなどの数え方）,0,一=yì
content:6b0a9c81-5cca-5a31-9ec2-917c1fee0c8b,169ae3cbd7117dd2243c006c3cbd621f01b99fe4314be7d891b42693bf031746,learning,word,一支,30f7bc6b-bcd5-526b-a1dd-aa188d2d5d5a,definition,常用于计算笔等细长的物体。,cháng yòng yú jì suàn bǐ děng xì cháng de wù tǐ 。,one (classifier for pens and similar objects),一本（ペンなどの数え方）,0,长=cháng
content:6b0a9c81-5cca-5a31-9ec2-917c1fee0c8b,169ae3cbd7117dd2243c006c3cbd621f01b99fe4314be7d891b42693bf031746,learning,word,一支,1b2bd026-0cc0-5840-befd-fd0f9e723fcf,example,一支铅笔,yì zhī qiān bǐ,one pencil,鉛筆一本,0,一=yì
content:6b0a9c81-5cca-5a31-9ec2-917c1fee0c8b,169ae3cbd7117dd2243c006c3cbd621f01b99fe4314be7d891b42693bf031746,learning,word,一支,15e717b7-7404-51e7-980b-f0b1a48cf8a7,example,我有一支铅笔。,wǒ yǒu yì zhī qiān bǐ 。,I have a pencil.,私は鉛筆を一本持っています。,0,一=yì
content:01e22556-3827-5778-9608-4149d044492c,a6719dac9af9c7e43cffc663981c05c0ef0721c088a5b8b495926aebca4fd874,learning,word,一把,f3e4884f-08c7-522e-a354-99010d42161b,headword,一把,yì bǎ,one (classifier for objects with handles),一本・一丁（柄のある物の数え方）,0,一=yì
content:01e22556-3827-5778-9608-4149d044492c,a6719dac9af9c7e43cffc663981c05c0ef0721c088a5b8b495926aebca4fd874,learning,word,一把,d4c316f9-095f-5ff8-bff1-f886ccc2bf96,definition,常用于计算伞、刀等有把手的物品。,cháng yòng yú jì suàn sǎn 、 dāo děng yǒu bǎ shǒu de wù pǐn 。,one (classifier for objects with handles),一本・一丁（柄のある物の数え方）,0,
content:01e22556-3827-5778-9608-4149d044492c,a6719dac9af9c7e43cffc663981c05c0ef0721c088a5b8b495926aebca4fd874,learning,word,一把,dee49efd-3422-5b15-9f47-8294de763e44,example,一把伞,yì bǎ sǎn,one umbrella,傘一本,0,一=yì
content:01e22556-3827-5778-9608-4149d044492c,a6719dac9af9c7e43cffc663981c05c0ef0721c088a5b8b495926aebca4fd874,learning,word,一把,63bb68d3-6e7d-5a21-91b2-e537017d402b,example,他带了一把伞。,tā dài le yì bǎ sǎn 。,He brought an umbrella.,彼は傘を一本持ってきました。,0,一=yì
content:4f0780b4-44c1-51df-8c26-38f9fb2dff38,81ec4854e55388f037d22ae2d48aaf060eed0d16d1e8cb0d620e081dc68800b7,learning,word,一件,6bad8e2b-bd71-5728-9d33-27ba72e263b0,headword,一件,yí jiàn,one (classifier for clothing and matters),一着・一件（服や事柄の数え方）,0,一=yí
content:4f0780b4-44c1-51df-8c26-38f9fb2dff38,81ec4854e55388f037d22ae2d48aaf060eed0d16d1e8cb0d620e081dc68800b7,learning,word,一件,1a9e0fcf-d207-56df-a773-7b869e2ad6c9,definition,常用于计算衣服、事情等。,cháng yòng yú jì suàn yī fu 、 shì qing děng 。,one (classifier for clothing and matters),一着・一件（服や事柄の数え方）,0,
content:4f0780b4-44c1-51df-8c26-38f9fb2dff38,81ec4854e55388f037d22ae2d48aaf060eed0d16d1e8cb0d620e081dc68800b7,learning,word,一件,0f5ce7a9-b520-56de-b706-8da0937e7c8d,example,一件衣服,yí jiàn yī fu,one piece of clothing,服一着,0,一=yí
content:4f0780b4-44c1-51df-8c26-38f9fb2dff38,81ec4854e55388f037d22ae2d48aaf060eed0d16d1e8cb0d620e081dc68800b7,learning,word,一件,8ee290f3-8ec9-59f0-9ee8-9fa10f86245f,example,我买了一件衣服。,wǒ mǎi le yí jiàn yī fu 。,I bought a piece of clothing.,私は服を一着買いました。,0,一=yí
content:f88a7704-7288-5013-b1a6-8652bf20c41c,33c50615615e52b3bed3b89a573599e39903971d50dfa78ab186ca8e205b1256,learning,word,一双,8ae38e10-2687-5a3b-a26d-da753aa1fceb,headword,一双,yì shuāng,one pair,一足・一組（対になる物の数え方）,0,一=yì
content:f88a7704-7288-5013-b1a6-8652bf20c41c,33c50615615e52b3bed3b89a573599e39903971d50dfa78ab186ca8e205b1256,learning,word,一双,1f2f991c-000a-5a25-af25-a63d8c3178f7,definition,用于计算成对的鞋、袜子等。,yòng yú jì suàn chéng duì de xié 、 wà zi děng 。,one pair,一足・一組（対になる物の数え方）,0,
content:f88a7704-7288-5013-b1a6-8652bf20c41c,33c50615615e52b3bed3b89a573599e39903971d50dfa78ab186ca8e205b1256,learning,word,一双,54d24cdb-a848-512d-9c58-38621c002883,example,一双鞋,yì shuāng xié,one pair of shoes,靴一足,0,一=yì
content:f88a7704-7288-5013-b1a6-8652bf20c41c,33c50615615e52b3bed3b89a573599e39903971d50dfa78ab186ca8e205b1256,learning,word,一双,12f41379-87ed-5088-897b-6638a8e65706,example,我有一双新鞋。,wǒ yǒu yì shuāng xīn xié 。,I have a new pair of shoes.,私は新しい靴を一足持っています。,0,一=yì
content:c741ed47-22fb-5be3-a51f-8eed98c2fe76,b8b86a6ae52e7c7d7e82c9ad81ce814ff23d39011e92bfcfc7854ee3bf06ce9a,learning,word,一杯,e6980a3d-9933-58a7-9af9-ea239d14ffee,headword,一杯,yì bēi,one cup or glass,一杯（飲み物などの量）,0,一=yì
content:c741ed47-22fb-5be3-a51f-8eed98c2fe76,b8b86a6ae52e7c7d7e82c9ad81ce814ff23d39011e92bfcfc7854ee3bf06ce9a,learning,word,一杯,db4ec532-70e6-5c93-8262-1c69b2f1c2a4,definition,表示一杯的量，常用于水、茶等。,biǎo shì yì bēi de liàng ， cháng yòng yú shuǐ 、 chá děng 。,one cup or glass,一杯（飲み物などの量）,0,一=yì
content:c741ed47-22fb-5be3-a51f-8eed98c2fe76,b8b86a6ae52e7c7d7e82c9ad81ce814ff23d39011e92bfcfc7854ee3bf06ce9a,learning,word,一杯,f487c888-0409-586f-bcf5-e0f5fb5879d4,example,一杯水,yì bēi shuǐ,one glass of water,水一杯,0,一=yì
content:c741ed47-22fb-5be3-a51f-8eed98c2fe76,b8b86a6ae52e7c7d7e82c9ad81ce814ff23d39011e92bfcfc7854ee3bf06ce9a,learning,word,一杯,62dc9e4a-c92c-580e-882b-8010bc0ae1c9,example,请给我一杯水。,qǐng gěi wǒ yì bēi shuǐ 。,Please give me a glass of water.,水を一杯ください。,0,一=yì
content:14160c0d-5167-5959-96b2-3b01ce64172e,ef7b887298d57eb4216d335f568adbb1bf595e1eaeca4acbac08121421a9862f,learning,word,一碗,aa9f8e90-1b2f-55d8-91ec-8ef46a50cccf,headword,一碗,yì wǎn,one bowl,一杯（ご飯やスープなどの量）,0,一=yì
content:14160c0d-5167-5959-96b2-3b01ce64172e,ef7b887298d57eb4216d335f568adbb1bf595e1eaeca4acbac08121421a9862f,learning,word,一碗,bbda99da-768f-5385-81ef-9b25e71d4289,definition,表示一碗的量，常用于饭、汤等。,biǎo shì yì wǎn de liàng ， cháng yòng yú fàn 、 tāng děng 。,one bowl,一杯（ご飯やスープなどの量）,0,一=yì
content:14160c0d-5167-5959-96b2-3b01ce64172e,ef7b887298d57eb4216d335f568adbb1bf595e1eaeca4acbac08121421a9862f,learning,word,一碗,f7c2341e-e2cc-5b2d-be46-5596c8afc903,example,一碗米饭,yì wǎn mǐ fàn,one bowl of rice,ご飯一杯,0,一=yì
content:14160c0d-5167-5959-96b2-3b01ce64172e,ef7b887298d57eb4216d335f568adbb1bf595e1eaeca4acbac08121421a9862f,learning,word,一碗,10cab51c-a345-516b-a8ee-ce78b71dd19a,example,我吃了一碗米饭。,wǒ chī le yì wǎn mǐ fàn 。,I ate a bowl of rice.,私はご飯を一杯食べました。,0,一=yì
content:32f9a832-06d2-55a0-93ce-fa9c379fae09,64336e745b4b451843ff943a3731de6c6bc6e70f0ff8c861d98e4075d101b30f,learning,word,一辆,81ba5eee-bf36-5519-b72f-ffd467d764eb,headword,一辆,yí liàng,one (classifier for vehicles),一台（車両の数え方）,0,一=yí
content:32f9a832-06d2-55a0-93ce-fa9c379fae09,64336e745b4b451843ff943a3731de6c6bc6e70f0ff8c861d98e4075d101b30f,learning,word,一辆,d51dc506-46f0-54d7-95ac-386f22b481b6,definition,用于计算汽车、自行车等车辆。,yòng yú jì suàn qì chē 、 zì xíng chē děng chē liàng 。,one (classifier for vehicles),一台（車両の数え方）,0,
content:32f9a832-06d2-55a0-93ce-fa9c379fae09,64336e745b4b451843ff943a3731de6c6bc6e70f0ff8c861d98e4075d101b30f,learning,word,一辆,601ab641-64c0-5b66-bbdf-3079ac681acc,example,一辆汽车,yí liàng qì chē,one car,車一台,0,一=yí
content:32f9a832-06d2-55a0-93ce-fa9c379fae09,64336e745b4b451843ff943a3731de6c6bc6e70f0ff8c861d98e4075d101b30f,learning,word,一辆,9d608196-f107-56b7-9f95-fc0f57656be6,example,门口停着一辆汽车。,mén kǒu tíng zhe yí liàng qì chē 。,A car is parked at the entrance.,入り口に車が一台停まっています。,0,一=yí
content:c9da1c5d-fc04-5949-ab0f-8b886e22f7f8,9026d637c055ab22b87912562199fde544e15d38238be5ee4d47ad6f919209dd,learning,word,毫米,a19b6e25-8264-51d8-bff2-fcc0a2d6c97e,headword,毫米,háo mǐ,millimeter,ミリメートル,0,
content:c9da1c5d-fc04-5949-ab0f-8b886e22f7f8,9026d637c055ab22b87912562199fde544e15d38238be5ee4d47ad6f919209dd,learning,word,毫米,56f88b7a-6c59-51b0-9060-1a393c452024,definition,长度单位。十毫米等于一厘米。,cháng dù dān wèi 。 shí háo mǐ děng yú yì lí mǐ 。,millimeter,ミリメートル,0,长=cháng; 一=yì
content:c9da1c5d-fc04-5949-ab0f-8b886e22f7f8,9026d637c055ab22b87912562199fde544e15d38238be5ee4d47ad6f919209dd,learning,word,毫米,44928d3f-2239-5ce0-b739-b26afdb3199f,example,三毫米,sān háo mǐ,three millimeters,三ミリメートル,0,
content:c9da1c5d-fc04-5949-ab0f-8b886e22f7f8,9026d637c055ab22b87912562199fde544e15d38238be5ee4d47ad6f919209dd,learning,word,毫米,41240c7c-3c3a-584f-b25e-184416f4c3e0,example,这块玻璃厚三毫米。,zhè kuài bō li hòu sān háo mǐ 。,This piece of glass is three millimeters thick.,このガラスは厚さが三ミリメートルです。,0,
content:ebbf5b89-1738-54d9-903f-c7cc1004796d,1a8d4b6217a0d27319372aefa16c53a6395fde6a00d823d99b32336614c109e0,learning,word,厘米,6f92dff8-5c7a-572b-b58d-60be333aff77,headword,厘米,lí mǐ,centimeter,センチメートル,0,
content:ebbf5b89-1738-54d9-903f-c7cc1004796d,1a8d4b6217a0d27319372aefa16c53a6395fde6a00d823d99b32336614c109e0,learning,word,厘米,1cf663f1-7ce0-59f0-b4a1-70ca92125379,definition,长度单位。一百厘米等于一米。,cháng dù dān wèi 。 yì bǎi lí mǐ děng yú yì mǐ 。,centimeter,センチメートル,0,长=cháng; 一=yì; 一=yì
content:ebbf5b89-1738-54d9-903f-c7cc1004796d,1a8d4b6217a0d27319372aefa16c53a6395fde6a00d823d99b32336614c109e0,learning,word,厘米,a51060a2-af8d-567a-9b85-ba0e8659dbb2,example,十厘米,shí lí mǐ,ten centimeters,十センチメートル,0,
content:ebbf5b89-1738-54d9-903f-c7cc1004796d,1a8d4b6217a0d27319372aefa16c53a6395fde6a00d823d99b32336614c109e0,learning,word,厘米,5312d34a-5391-5731-8263-30e52d720bd2,example,这支铅笔长十厘米。,zhè zhī qiān bǐ cháng shí lí mǐ 。,This pencil is ten centimeters long.,この鉛筆は長さが十センチメートルです。,0,长=cháng
content:67c418d9-8b2b-5985-b475-3602a0411a92,225760a61e03e25669e14d3373292038d1df9509c77c62a8f823190250cb34f0,learning,word,分米,07f9d408-43ac-5dfb-a71b-b859b1864fc0,headword,分米,fēn mǐ,decimeter,デシメートル,0,
content:67c418d9-8b2b-5985-b475-3602a0411a92,225760a61e03e25669e14d3373292038d1df9509c77c62a8f823190250cb34f0,learning,word,分米,fec28bf1-2964-5d5d-bee0-7fafb510d510,definition,长度单位。一分米等于十厘米。,cháng dù dān wèi 。 yì fēn mǐ děng yú shí lí mǐ 。,decimeter,デシメートル,0,长=cháng; 一=yì
content:67c418d9-8b2b-5985-b475-3602a0411a92,225760a61e03e25669e14d3373292038d1df9509c77c62a8f823190250cb34f0,learning,word,分米,3d2915c6-730b-5a80-b462-757696101f12,example,二分米,èr fēn mǐ,two decimeters,二デシメートル,0,
content:67c418d9-8b2b-5985-b475-3602a0411a92,225760a61e03e25669e14d3373292038d1df9509c77c62a8f823190250cb34f0,learning,word,分米,8e953df4-dd24-5141-a09c-90c121d3b30c,example,这把尺子长二分米。,zhè bǎ chǐ zi cháng èr fēn mǐ 。,This ruler is two decimeters long.,この定規は長さが二デシメートルです。,0,长=cháng
content:ddc5a12a-089a-5569-87a8-420ba60a99ba,a01eeb4da8f946acefa5aa05bc6712eb2f775fb13d50b8eceb4c4e15160c6205,learning,word,米,472b0398-7971-542b-a5cd-2acd468981e9,headword,米,mǐ,meter,メートル,0,
content:ddc5a12a-089a-5569-87a8-420ba60a99ba,a01eeb4da8f946acefa5aa05bc6712eb2f775fb13d50b8eceb4c4e15160c6205,learning,word,米,51236c7f-05ad-5ac4-8b46-e0483cc61299,definition,长度单位。一米等于十分米。,cháng dù dān wèi 。 yì mǐ děng yú shí fēn mǐ 。,meter,メートル,0,长=cháng; 一=yì
content:ddc5a12a-089a-5569-87a8-420ba60a99ba,a01eeb4da8f946acefa5aa05bc6712eb2f775fb13d50b8eceb4c4e15160c6205,learning,word,米,fdae1ab4-5aa5-5570-9ed7-1d33066ca3b6,example,两米,liǎng mǐ,two meters,二メートル,0,
content:ddc5a12a-089a-5569-87a8-420ba60a99ba,a01eeb4da8f946acefa5aa05bc6712eb2f775fb13d50b8eceb4c4e15160c6205,learning,word,米,d94db5e1-e898-5cbe-af42-746c2da1ceef,example,这根绳子长两米。,zhè gēn shéng zi cháng liǎng mǐ 。,This rope is two meters long.,このひもは長さが二メートルです。,0,长=cháng
content:a50c48ac-e5b7-5a38-abcb-1c9a52e0033d,ab6459121df10d436500f628d8459788719abd576d49d9efad511b8c28943538,learning,word,千米,bbd68c96-ec7f-5f94-baf8-089235293cb4,headword,千米,qiān mǐ,kilometer,キロメートル,0,
content:a50c48ac-e5b7-5a38-abcb-1c9a52e0033d,ab6459121df10d436500f628d8459788719abd576d49d9efad511b8c28943538,learning,word,千米,17a92ca9-92d6-52b1-979d-f31e261ab72a,definition,长度单位，也叫公里。,cháng dù dān wèi ， yě jiào gōng lǐ 。,kilometer,キロメートル,0,长=cháng
content:a50c48ac-e5b7-5a38-abcb-1c9a52e0033d,ab6459121df10d436500f628d8459788719abd576d49d9efad511b8c28943538,learning,word,千米,e92d7f8f-10e9-56a4-b3fb-6c9715652505,example,三千米,sān qiān mǐ,three kilometers,三キロメートル,0,
content:a50c48ac-e5b7-5a38-abcb-1c9a52e0033d,ab6459121df10d436500f628d8459788719abd576d49d9efad511b8c28943538,learning,word,千米,06827a20-b44b-577d-ae22-fee3c4ca0278,example,学校离我家三千米。,xué xiào lí wǒ jiā sān qiān mǐ 。,The school is three kilometers from my home.,学校は私の家から三キロメートル離れています。,0,
content:1df65b1c-7804-5310-aae5-ceb25f6169ab,f9ba1cf36a25fcd3cdfbfc3fbcf0abd2869e8d0997a2aa5ec93583e47aeadad5,learning,word,公里,4df55e3a-eaf6-5b2a-8b85-0f50a10c4336,headword,公里,gōng lǐ,kilometer,キロメートル,0,
content:1df65b1c-7804-5310-aae5-ceb25f6169ab,f9ba1cf36a25fcd3cdfbfc3fbcf0abd2869e8d0997a2aa5ec93583e47aeadad5,learning,word,公里,71a217c6-3e20-5778-aed6-42b3bc568328,definition,长度单位。公里就是千米。,cháng dù dān wèi 。 gōng lǐ jiù shì qiān mǐ 。,kilometer,キロメートル,0,长=cháng
content:1df65b1c-7804-5310-aae5-ceb25f6169ab,f9ba1cf36a25fcd3cdfbfc3fbcf0abd2869e8d0997a2aa5ec93583e47aeadad5,learning,word,公里,532a25d2-5b5a-5ab2-ab3c-b1eb89cf4f43,example,两公里,liǎng gōng lǐ,two kilometers,二キロメートル,0,
content:1df65b1c-7804-5310-aae5-ceb25f6169ab,f9ba1cf36a25fcd3cdfbfc3fbcf0abd2869e8d0997a2aa5ec93583e47aeadad5,learning,word,公里,1290df09-3076-580f-90b5-c44046fddcb9,example,我们走了两公里。,wǒ men zǒu le liǎng gōng lǐ 。,We walked two kilometers.,私たちは二キロメートル歩きました。,0,
content:68ef920d-d33c-51de-9094-7dcd04d7792d,a125d2c832ccb2d4d7a7f844488b22ce10c7da24ea0b2a66fbcbb0667caa9069,learning,word,盐,aebbef54-87b0-52e9-8331-f20b10c74885,headword,盐,yán,salt,塩,0,
content:68ef920d-d33c-51de-9094-7dcd04d7792d,a125d2c832ccb2d4d7a7f844488b22ce10c7da24ea0b2a66fbcbb0667caa9069,learning,word,盐,9f1d46e5-f775-5690-a6e7-da5c5e70ce56,definition,有咸味的调味品。,yǒu xián wèi de tiáo wèi pǐn 。,salt,塩,0,调=tiáo
content:68ef920d-d33c-51de-9094-7dcd04d7792d,a125d2c832ccb2d4d7a7f844488b22ce10c7da24ea0b2a66fbcbb0667caa9069,learning,word,盐,2adeb00f-d34c-5577-9135-d0a3a5cf1546,example,一勺盐,yì sháo yán,a spoonful of salt,塩をスプーン一杯,0,一=yì
content:68ef920d-d33c-51de-9094-7dcd04d7792d,a125d2c832ccb2d4d7a7f844488b22ce10c7da24ea0b2a66fbcbb0667caa9069,learning,word,盐,26c545c6-cc76-563b-9f82-dd761cfe17cd,example,汤里放一点盐。,tāng lǐ fàng yì diǎn yán 。,Add a little salt to the soup.,スープに塩を少し入れます。,0,一=yì
content:fdae8144-b03c-5afa-a598-2aca3bb9feea,14d9747a631f2ee173508e1418deb572213fc9e63628bf7f7b3ee81d2a6df02f,learning,word,糖,60abb854-608e-5b85-95c3-07f5ce727cdf,headword,糖,táng,sugar,砂糖,0,
content:fdae8144-b03c-5afa-a598-2aca3bb9feea,14d9747a631f2ee173508e1418deb572213fc9e63628bf7f7b3ee81d2a6df02f,learning,word,糖,53251bfb-acac-599a-ac96-fb722e407c24,definition,有甜味的食品，也可用来调味。,yǒu tián wèi de shí pǐn ， yě kě yòng lái tiáo wèi 。,sugar,砂糖,0,调=tiáo
content:fdae8144-b03c-5afa-a598-2aca3bb9feea,14d9747a631f2ee173508e1418deb572213fc9e63628bf7f7b3ee81d2a6df02f,learning,word,糖,4abf8d9d-e189-54e1-8f1f-9376a92f29c5,example,一勺糖,yì sháo táng,a spoonful of sugar,砂糖をスプーン一杯,0,一=yì
content:fdae8144-b03c-5afa-a598-2aca3bb9feea,14d9747a631f2ee173508e1418deb572213fc9e63628bf7f7b3ee81d2a6df02f,learning,word,糖,e84d9de4-bd62-504d-93c6-96e12962bace,example,我在牛奶里加了一点糖。,wǒ zài niú nǎi lǐ jiā le yì diǎn táng 。,I added a little sugar to the milk.,私は牛乳に砂糖を少し入れました。,0,一=yì
content:ae05792f-a9c9-54c5-ac04-7bd079f147b2,35b7849b3dadc8cabf88e91941d2fd98f313569e0da03062ed6ef8b765343872,learning,word,酱油,01e92972-1bc3-5cd5-95d3-a3b9a6aa96fe,headword,酱油,jiàng yóu,soy sauce,醤油,0,
content:ae05792f-a9c9-54c5-ac04-7bd079f147b2,35b7849b3dadc8cabf88e91941d2fd98f313569e0da03062ed6ef8b765343872,learning,word,酱油,043b8ba0-3648-56ae-ac91-bb8614452c33,definition,用大豆等原料酿制的咸味调味汁。,yòng dà dòu děng yuán liào niàng zhì de xián wèi tiáo wèi zhī 。,soy sauce,醤油,0,调=tiáo
content:ae05792f-a9c9-54c5-ac04-7bd079f147b2,35b7849b3dadc8cabf88e91941d2fd98f313569e0da03062ed6ef8b765343872,learning,word,酱油,899fbac7-e045-5570-85ed-f2cd44408795,example,一瓶酱油,yì píng jiàng yóu,a bottle of soy sauce,醤油一本,0,一=yì
content:ae05792f-a9c9-54c5-ac04-7bd079f147b2,35b7849b3dadc8cabf88e91941d2fd98f313569e0da03062ed6ef8b765343872,learning,word,酱油,bd754d19-39bf-52b7-b5e0-cb69a2d3d718,example,炒菜时可以加一点酱油。,chǎo cài shí kě yǐ jiā yì diǎn jiàng yóu 。,You can add a little soy sauce when stir-frying.,炒め物をするときに醤油を少し加えられます。,0,一=yì
content:93af7237-84da-5b64-a290-ced81fa3a752,60b51921a356fc89c0943ace3babb9cc954752f0ff119d2c8feb8aced9e1851d,learning,word,醋,c0134273-bbac-5996-895a-9c52adc2db24,headword,醋,cù,vinegar,酢,0,
content:93af7237-84da-5b64-a290-ced81fa3a752,60b51921a356fc89c0943ace3babb9cc954752f0ff119d2c8feb8aced9e1851d,learning,word,醋,c523a03f-ed87-53d8-8f62-83f28f811b11,definition,带酸味的液体调味品。,dài suān wèi de yè tǐ tiáo wèi pǐn 。,vinegar,酢,0,调=tiáo
content:93af7237-84da-5b64-a290-ced81fa3a752,60b51921a356fc89c0943ace3babb9cc954752f0ff119d2c8feb8aced9e1851d,learning,word,醋,5aac885e-bea1-5f7c-b27a-6a0dd1409a3c,example,一瓶醋,yì píng cù,a bottle of vinegar,酢一本,0,一=yì
content:93af7237-84da-5b64-a290-ced81fa3a752,60b51921a356fc89c0943ace3babb9cc954752f0ff119d2c8feb8aced9e1851d,learning,word,醋,c49b215b-caa9-5057-96fc-3fbc3f3689f0,example,我吃饺子时喜欢蘸醋。,wǒ chī jiǎo zi shí xǐ huan zhàn cù 。,I like dipping dumplings in vinegar.,私は餃子に酢をつけて食べるのが好きです。,0,
content:61ddba2d-e5f6-5af2-baa6-49a9c9ec6d76,5482b3ae6315ac06c7b82f56e73f27a37dd210ec04b43e11675234aedc57e74d,learning,word,食用油,5b77ed1c-c9d5-519d-bc43-eb8819fc1e13,headword,食用油,shí yòng yóu,cooking oil,食用油,0,
content:61ddba2d-e5f6-5af2-baa6-49a9c9ec6d76,5482b3ae6315ac06c7b82f56e73f27a37dd210ec04b43e11675234aedc57e74d,learning,word,食用油,a6a38bda-08a7-5b53-bf76-3090ce971988,definition,可以用来烹调食物的油。,kě yǐ yòng lái pēng tiáo shí wù de yóu 。,cooking oil,食用油,0,调=tiáo
content:61ddba2d-e5f6-5af2-baa6-49a9c9ec6d76,5482b3ae6315ac06c7b82f56e73f27a37dd210ec04b43e11675234aedc57e74d,learning,word,食用油,51cb4bb6-bb6b-51f6-8f7e-fedd0badf349,example,一瓶食用油,yì píng shí yòng yóu,a bottle of cooking oil,食用油一本,0,一=yì
content:61ddba2d-e5f6-5af2-baa6-49a9c9ec6d76,5482b3ae6315ac06c7b82f56e73f27a37dd210ec04b43e11675234aedc57e74d,learning,word,食用油,7794ded9-b8ff-5d04-8c6a-dec3c167fe83,example,炒菜需要食用油。,chǎo cài xū yào shí yòng yóu 。,Cooking oil is needed for stir-frying.,炒め物には食用油が必要です。,0,
content:94c42787-2787-5387-b29a-6e570128bb34,8904ba52ca3c820f47c2e9cdc0efb8e8ed096bf01616bc034612b31bb5e5ed77,learning,word,香油,95e2193b-6834-59ca-bb33-07fa49ed570d,headword,香油,xiāng yóu,sesame oil,ごま油,0,
content:94c42787-2787-5387-b29a-6e570128bb34,8904ba52ca3c820f47c2e9cdc0efb8e8ed096bf01616bc034612b31bb5e5ed77,learning,word,香油,c77812ce-dd75-52c6-93ba-d9540f819d68,definition,通常指用芝麻制成的油。,tōng cháng zhǐ yòng zhī ma zhì chéng de yóu 。,sesame oil,ごま油,0,
content:94c42787-2787-5387-b29a-6e570128bb34,8904ba52ca3c820f47c2e9cdc0efb8e8ed096bf01616bc034612b31bb5e5ed77,learning,word,香油,e02f9e08-121e-51d7-a6b5-628b51385c43,example,一瓶香油,yì píng xiāng yóu,a bottle of sesame oil,ごま油一本,0,一=yì
content:94c42787-2787-5387-b29a-6e570128bb34,8904ba52ca3c820f47c2e9cdc0efb8e8ed096bf01616bc034612b31bb5e5ed77,learning,word,香油,e5dae7b4-f513-5fcd-b38c-ecc1c1c5a4fe,example,汤里加几滴香油。,tāng lǐ jiā jǐ dī xiāng yóu 。,Add a few drops of sesame oil to the soup.,スープにごま油を数滴加えます。,0,
content:eb3959f8-000c-524a-8ce3-b6c96f994bf0,7edc4c24f8cc2d1fc22e2ad6d08b84e32903ac002f9934d9df0938aa3e7f38a8,learning,word,胡椒粉,3cfb03db-f867-5bc5-bcec-09d3548e1ba2,headword,胡椒粉,hú jiāo fěn,ground pepper,こしょう,0,
content:eb3959f8-000c-524a-8ce3-b6c96f994bf0,7edc4c24f8cc2d1fc22e2ad6d08b84e32903ac002f9934d9df0938aa3e7f38a8,learning,word,胡椒粉,1d23a3f1-812f-52f2-8157-2d3bb78575ab,definition,用胡椒磨成的调味粉。,yòng hú jiāo mó chéng de tiáo wèi fěn 。,ground pepper,こしょう,0,调=tiáo
content:eb3959f8-000c-524a-8ce3-b6c96f994bf0,7edc4c24f8cc2d1fc22e2ad6d08b84e32903ac002f9934d9df0938aa3e7f38a8,learning,word,胡椒粉,82e67588-e4e2-5a41-a6f9-b6395c210068,example,一瓶胡椒粉,yì píng hú jiāo fěn,a bottle of ground pepper,こしょう一瓶,0,一=yì
content:eb3959f8-000c-524a-8ce3-b6c96f994bf0,7edc4c24f8cc2d1fc22e2ad6d08b84e32903ac002f9934d9df0938aa3e7f38a8,learning,word,胡椒粉,89549524-903c-5462-bea9-ff0e69068724,example,我在汤里撒了一点胡椒粉。,wǒ zài tāng lǐ sǎ le yì diǎn hú jiāo fěn 。,I sprinkled a little pepper into the soup.,私はスープにこしょうを少し振り入れました。,0,一=yì
content:103cb2fd-df50-5ea4-88b2-7ec1264390f7,d52d6ba4586f655c0ddb27cbdd2ca9e76ca5140d885ff6fa971c9af7a8fbcc8b,learning,word,花椒,6ec4d67f-f58d-5057-9e80-fa1ca1faa9ca,headword,花椒,huā jiāo,Sichuan pepper,花椒（ホアジャオ）,0,
content:103cb2fd-df50-5ea4-88b2-7ec1264390f7,d52d6ba4586f655c0ddb27cbdd2ca9e76ca5140d885ff6fa971c9af7a8fbcc8b,learning,word,花椒,b6c14885-b8d5-5367-914b-586b600622d5,definition,带香味和麻味的香料。,dài xiāng wèi hé má wèi de xiāng liào 。,Sichuan pepper,花椒（ホアジャオ）,0,
content:103cb2fd-df50-5ea4-88b2-7ec1264390f7,d52d6ba4586f655c0ddb27cbdd2ca9e76ca5140d885ff6fa971c9af7a8fbcc8b,learning,word,花椒,378de216-8b4f-501c-940a-d391fc8a6ee0,example,一包花椒,yì bāo huā jiāo,a packet of Sichuan pepper,花椒一袋,0,一=yì
content:103cb2fd-df50-5ea4-88b2-7ec1264390f7,d52d6ba4586f655c0ddb27cbdd2ca9e76ca5140d885ff6fa971c9af7a8fbcc8b,learning,word,花椒,c7e21d04-b304-5abd-b370-ab6f6bc19228,example,这道菜放了花椒，吃起来有点麻。,zhè dào cài fàng le huā jiāo ， chī qǐ lái yǒu diǎn má 。,This dish contains Sichuan pepper and tastes slightly numbing.,この料理には花椒が入っていて、食べると少し舌がしびれます。,0,
content:602a6d36-d506-5a3f-ab03-5c302dee4945,8004e9087cb3f47a9731795cd1b37f9cecb26f0e7a55e9aeedb0a996bf98ff62,learning,word,八角,d668bfcd-288a-5820-ad32-4f0dbedba9df,headword,八角,bā jiǎo,star anise,八角（スターアニス）,0,
content:602a6d36-d506-5a3f-ab03-5c302dee4945,8004e9087cb3f47a9731795cd1b37f9cecb26f0e7a55e9aeedb0a996bf98ff62,learning,word,八角,86cdaf15-a7a4-5ee7-b71f-7a604abe48b4,definition,形状像星星的一种香料。,xíng zhuàng xiàng xīng xing de yì zhǒng xiāng liào 。,star anise,八角（スターアニス）,0,一=yì
content:602a6d36-d506-5a3f-ab03-5c302dee4945,8004e9087cb3f47a9731795cd1b37f9cecb26f0e7a55e9aeedb0a996bf98ff62,learning,word,八角,1debe771-82bc-5311-9fd1-6389438faf31,example,一颗八角,yì kē bā jiǎo,one star anise pod,八角一個,0,一=yì
content:602a6d36-d506-5a3f-ab03-5c302dee4945,8004e9087cb3f47a9731795cd1b37f9cecb26f0e7a55e9aeedb0a996bf98ff62,learning,word,八角,85095627-17cb-52dd-97a7-5ea08e30d8af,example,炖肉时可以放一颗八角。,dùn ròu shí kě yǐ fàng yì kē bā jiǎo 。,You can add one star anise pod when stewing meat.,肉を煮込むときに八角を一個入れられます。,0,一=yì
content:be697bf8-8390-56db-ab11-56bed07da11f,009237a7aee85c874816b8d7a375e58969c34bcbf4a826319ca18617b500fb80,learning,word,料酒,90577713-3041-5ce1-90fb-e052fc7d2b74,headword,料酒,liào jiǔ,cooking wine,料理酒,0,
content:be697bf8-8390-56db-ab11-56bed07da11f,009237a7aee85c874816b8d7a375e58969c34bcbf4a826319ca18617b500fb80,learning,word,料酒,cef1e01b-a9c4-54fc-9ef2-122a4da55d5e,definition,烹调时用来去腥和增香的酒。,pēng tiáo shí yòng lái qù xīng hé zēng xiāng de jiǔ 。,cooking wine,料理酒,0,调=tiáo
content:be697bf8-8390-56db-ab11-56bed07da11f,009237a7aee85c874816b8d7a375e58969c34bcbf4a826319ca18617b500fb80,learning,word,料酒,953838a0-e5ba-57b5-a4c5-1764b7575733,example,一瓶料酒,yì píng liào jiǔ,a bottle of cooking wine,料理酒一本,0,一=yì
content:be697bf8-8390-56db-ab11-56bed07da11f,009237a7aee85c874816b8d7a375e58969c34bcbf4a826319ca18617b500fb80,learning,word,料酒,98e032b3-d0ef-5555-aae7-61fcdc4ccc7f,example,做鱼时可以加一点料酒。,zuò yú shí kě yǐ jiā yì diǎn liào jiǔ 。,You can add a little cooking wine when preparing fish.,魚を料理するときに料理酒を少し加えられます。,0,一=yì
content:dca58080-60bc-5de7-9e90-fcac178a2e61,758ffb0648a07daa56995981a4c343ea87985b611784c6b8683844267f4016f5,learning,word,蚝油,4042c566-2885-5785-96d7-53920d32db5f,headword,蚝油,háo yóu,oyster sauce,オイスターソース,0,
content:dca58080-60bc-5de7-9e90-fcac178a2e61,758ffb0648a07daa56995981a4c343ea87985b611784c6b8683844267f4016f5,learning,word,蚝油,6aa92417-c1a9-56b7-8450-bde3da41cac6,definition,用牡蛎等原料制成的鲜味调味汁。,yòng mǔ lì děng yuán liào zhì chéng de xiān wèi tiáo wèi zhī 。,oyster sauce,オイスターソース,0,调=tiáo
content:dca58080-60bc-5de7-9e90-fcac178a2e61,758ffb0648a07daa56995981a4c343ea87985b611784c6b8683844267f4016f5,learning,word,蚝油,bc89bda1-d8a3-5b78-9849-5f837e361a16,example,一瓶蚝油,yì píng háo yóu,a bottle of oyster sauce,オイスターソース一本,0,一=yì
content:dca58080-60bc-5de7-9e90-fcac178a2e61,758ffb0648a07daa56995981a4c343ea87985b611784c6b8683844267f4016f5,learning,word,蚝油,9c6cdb70-972b-5eba-a745-37740b152aae,example,炒青菜时加一点蚝油。,chǎo qīng cài shí jiā yì diǎn háo yóu 。,Add a little oyster sauce when stir-frying greens.,青菜を炒めるときにオイスターソースを少し加えます。,0,一=yì
content:374f9d52-cff6-5649-8043-f12049c9cedb,cf965f506479cd1f505b86c7cc7c3b7b9767bf91a5e241863fd310ec0855ae24,learning,word,辣椒酱,b166540d-7507-5dfb-a454-73e2bd2e765e,headword,辣椒酱,là jiāo jiàng,chili sauce,チリソース,0,
content:374f9d52-cff6-5649-8043-f12049c9cedb,cf965f506479cd1f505b86c7cc7c3b7b9767bf91a5e241863fd310ec0855ae24,learning,word,辣椒酱,05287731-9be9-5d2b-ba34-07d0fd173e21,definition,用辣椒等原料制成的酱。,yòng là jiāo děng yuán liào zhì chéng de jiàng 。,chili sauce,チリソース,0,
content:374f9d52-cff6-5649-8043-f12049c9cedb,cf965f506479cd1f505b86c7cc7c3b7b9767bf91a5e241863fd310ec0855ae24,learning,word,辣椒酱,b48a59c6-fb36-599f-8bab-8852d9cdaea6,example,一瓶辣椒酱,yì píng là jiāo jiàng,a jar of chili sauce,チリソース一瓶,0,一=yì
content:374f9d52-cff6-5649-8043-f12049c9cedb,cf965f506479cd1f505b86c7cc7c3b7b9767bf91a5e241863fd310ec0855ae24,learning,word,辣椒酱,fa01290b-c9e2-5101-891c-e2699481b574,example,这瓶辣椒酱很辣。,zhè píng là jiāo jiàng hěn là 。,This chili sauce is very spicy.,このチリソースはとても辛いです。,0,
content:685e6948-1e6a-5f7d-8fbe-8e054e6d8864,5da25a4e5dc3499827c7df5c3101516970d060a74ac4ac65981cc818094bf231,learning,word,锅,5dcc144f-9097-5036-86b0-1bb64f70aa61,headword,锅,guō,pot or pan,鍋,0,
content:685e6948-1e6a-5f7d-8fbe-8e054e6d8864,5da25a4e5dc3499827c7df5c3101516970d060a74ac4ac65981cc818094bf231,learning,word,锅,06e53ec9-2260-53ab-a92f-aabe188545ae,definition,用来煮、炒等烹调食物的器具。,yòng lái zhǔ 、 chǎo děng pēng tiáo shí wù de qì jù 。,pot or pan,鍋,0,调=tiáo
content:685e6948-1e6a-5f7d-8fbe-8e054e6d8864,5da25a4e5dc3499827c7df5c3101516970d060a74ac4ac65981cc818094bf231,learning,word,锅,7579571e-2dd3-5ffa-aef2-2f13a2f6b924,example,一口锅,yì kǒu guō,one pot,鍋一つ,0,一=yì
content:685e6948-1e6a-5f7d-8fbe-8e054e6d8864,5da25a4e5dc3499827c7df5c3101516970d060a74ac4ac65981cc818094bf231,learning,word,锅,06438644-0328-5def-8dbb-8cc6af75d412,example,我用锅煮汤。,wǒ yòng guō zhǔ tāng 。,I use a pot to make soup.,私は鍋でスープを作ります。,0,
content:ce123457-6c2a-5972-a1dd-1bbb9cb6a8ac,235dcc8ec1f4de5ac37c54350a5b406ddf4f1705c73a0a249b79b5e487cfe63f,learning,word,平底锅,ec8d5b62-e702-50cf-8cf0-f8372ca2708a,headword,平底锅,píng dǐ guō,frying pan,フライパン,0,
content:ce123457-6c2a-5972-a1dd-1bbb9cb6a8ac,235dcc8ec1f4de5ac37c54350a5b406ddf4f1705c73a0a249b79b5e487cfe63f,learning,word,平底锅,81934f06-7c2c-581f-a4e0-a393564f3965,definition,底部平坦，常用来煎食物的锅。,dǐ bù píng tǎn ， cháng yòng lái jiān shí wù de guō 。,frying pan,フライパン,0,
content:ce123457-6c2a-5972-a1dd-1bbb9cb6a8ac,235dcc8ec1f4de5ac37c54350a5b406ddf4f1705c73a0a249b79b5e487cfe63f,learning,word,平底锅,f85e2d85-3f07-5666-84e4-68bc1ff574f5,example,一个平底锅,yí gè píng dǐ guō,one frying pan,フライパン一つ,0,一=yí
content:ce123457-6c2a-5972-a1dd-1bbb9cb6a8ac,235dcc8ec1f4de5ac37c54350a5b406ddf4f1705c73a0a249b79b5e487cfe63f,learning,word,平底锅,f830f41c-b910-55dd-ba47-a4c2e1a466e5,example,我用平底锅煎鸡蛋。,wǒ yòng píng dǐ guō jiān jī dàn 。,I fry eggs in a frying pan.,私はフライパンで卵を焼きます。,0,
content:3299c64a-2e60-5565-8023-7430be31cdf2,8c84a4340b0132c551bc5ff74153c711f21fc9a415e735891ba8509789dc236e,learning,word,菜刀,a669f988-95c4-5c65-852b-e24f5a1edc85,headword,菜刀,cài dāo,kitchen knife,包丁,0,
content:3299c64a-2e60-5565-8023-7430be31cdf2,8c84a4340b0132c551bc5ff74153c711f21fc9a415e735891ba8509789dc236e,learning,word,菜刀,9ee5cb3e-f405-5111-b075-117d6ef65849,definition,厨房里用来切食材的刀。,chú fáng lǐ yòng lái qiē shí cái de dāo 。,kitchen knife,包丁,0,
content:3299c64a-2e60-5565-8023-7430be31cdf2,8c84a4340b0132c551bc5ff74153c711f21fc9a415e735891ba8509789dc236e,learning,word,菜刀,2c9c0ba7-dc9a-593b-a84a-3cde3afb8376,example,一把菜刀,yì bǎ cài dāo,one kitchen knife,包丁一本,0,一=yì
content:3299c64a-2e60-5565-8023-7430be31cdf2,8c84a4340b0132c551bc5ff74153c711f21fc9a415e735891ba8509789dc236e,learning,word,菜刀,e00bdc69-1b24-5274-93eb-1ca1a5e29b02,example,妈妈用菜刀切菜。,mā ma yòng cài dāo qiē cài 。,Mom cuts vegetables with a kitchen knife.,お母さんは包丁で野菜を切ります。,0,
content:9cc9bc9b-8a9f-59fe-839d-abc66cdd3f11,aa153f2b9e612d762f4d780b9650d5a2e8df1ff685e90a5236b555df577a9a65,learning,word,砧板,0fd731c2-0280-5c5a-8ee7-1ce920a94687,headword,砧板,zhēn bǎn,cutting board,まな板,0,
content:9cc9bc9b-8a9f-59fe-839d-abc66cdd3f11,aa153f2b9e612d762f4d780b9650d5a2e8df1ff685e90a5236b555df577a9a65,learning,word,砧板,a104207e-d8e5-5c8b-90cd-409fc82c7822,definition,切食材时垫在下面的板。,qiē shí cái shí diàn zài xià miàn de bǎn 。,cutting board,まな板,0,
content:9cc9bc9b-8a9f-59fe-839d-abc66cdd3f11,aa153f2b9e612d762f4d780b9650d5a2e8df1ff685e90a5236b555df577a9a65,learning,word,砧板,0163a390-e548-5090-b7d0-0652784f197e,example,一块砧板,yí kuài zhēn bǎn,one cutting board,まな板一枚,0,一=yí
content:9cc9bc9b-8a9f-59fe-839d-abc66cdd3f11,aa153f2b9e612d762f4d780b9650d5a2e8df1ff685e90a5236b555df577a9a65,learning,word,砧板,a515bd3a-91dd-5f5f-8eb1-4925a58a51bd,example,我在砧板上切胡萝卜。,wǒ zài zhēn bǎn shàng qiē hú luó bo 。,I cut carrots on the cutting board.,私はまな板の上でにんじんを切ります。,0,
content:291e5d0c-038d-5691-a93c-dea9d9d72983,258a1bcdda027b39399c94ff9bff5c17b0fc9abd91d8b224e11cf23c9fdf99d7,learning,word,锅铲,05159203-3f3f-5da3-95d6-e7657b659ca1,headword,锅铲,guō chǎn,cooking spatula,調理用へら,0,
content:291e5d0c-038d-5691-a93c-dea9d9d72983,258a1bcdda027b39399c94ff9bff5c17b0fc9abd91d8b224e11cf23c9fdf99d7,learning,word,锅铲,cb055300-6bb1-5485-9c39-a5c90f0f2158,definition,炒菜时用来翻动食物的工具。,chǎo cài shí yòng lái fān dòng shí wù de gōng jù 。,cooking spatula,調理用へら,0,
content:291e5d0c-038d-5691-a93c-dea9d9d72983,258a1bcdda027b39399c94ff9bff5c17b0fc9abd91d8b224e11cf23c9fdf99d7,learning,word,锅铲,2b0a1f4c-036d-5c74-8242-983e2818aebc,example,一把锅铲,yì bǎ guō chǎn,one cooking spatula,調理用へら一本,0,一=yì
content:291e5d0c-038d-5691-a93c-dea9d9d72983,258a1bcdda027b39399c94ff9bff5c17b0fc9abd91d8b224e11cf23c9fdf99d7,learning,word,锅铲,b07486b8-0e62-5537-8b8a-0767bbfeb6fe,example,炒菜时要用锅铲翻动食物。,chǎo cài shí yào yòng guō chǎn fān dòng shí wù 。,Use a spatula to turn the food when stir-frying.,炒め物をするときはへらで食材を返します。,0,
content:eb03e0fc-4422-5475-b7ee-824ab454dc27,5c1de730a196abf71a354435ce779dc989db59e8c042f9d143975ccbb4ceabd3,learning,word,漏勺,34b026de-df53-5e28-bb0c-cd1fcc09af11,headword,漏勺,lòu sháo,slotted spoon or skimmer,穴あきおたま,0,
content:eb03e0fc-4422-5475-b7ee-824ab454dc27,5c1de730a196abf71a354435ce779dc989db59e8c042f9d143975ccbb4ceabd3,learning,word,漏勺,7967e9c8-6bea-57cb-8c7d-d1c994a8f511,definition,有孔，能滤去液体的勺子。,yǒu kǒng ， néng lǜ qù yè tǐ de sháo zi 。,slotted spoon or skimmer,穴あきおたま,0,
content:eb03e0fc-4422-5475-b7ee-824ab454dc27,5c1de730a196abf71a354435ce779dc989db59e8c042f9d143975ccbb4ceabd3,learning,word,漏勺,8ab55167-76e3-594d-acdb-436b8501e1d7,example,一把漏勺,yì bǎ lòu sháo,one slotted spoon,穴あきおたま一本,0,一=yì
content:eb03e0fc-4422-5475-b7ee-824ab454dc27,5c1de730a196abf71a354435ce779dc989db59e8c042f9d143975ccbb4ceabd3,learning,word,漏勺,b891420f-5766-5fe8-aa64-fb713e6084a5,example,我用漏勺捞起饺子。,wǒ yòng lòu sháo lāo qǐ jiǎo zi 。,I lift the dumplings out with a slotted spoon.,私は穴あきおたまで餃子をすくい上げます。,0,
content:5540df37-f293-51e4-adbc-0e46413b8a9e,0cd1642c63d777dc50f7f11d81893fc00366cf31a1889d652167ccb32325e4f8,learning,word,碗,aab995e7-28f5-5d1e-9875-0dfc6743e52b,headword,碗,wǎn,bowl,茶碗・ボウル,0,
content:5540df37-f293-51e4-adbc-0e46413b8a9e,0cd1642c63d777dc50f7f11d81893fc00366cf31a1889d652167ccb32325e4f8,learning,word,碗,f685002e-a106-5a12-ab65-e7a325a5f23b,definition,用来盛饭、汤等食物的器皿。,yòng lái chéng fàn 、 tāng děng shí wù de qì mǐn 。,bowl,茶碗・ボウル,0,
content:5540df37-f293-51e4-adbc-0e46413b8a9e,0cd1642c63d777dc50f7f11d81893fc00366cf31a1889d652167ccb32325e4f8,learning,word,碗,befa5b50-471b-566a-aa8a-1f92e21bed5a,example,一个碗,yí gè wǎn,one bowl,茶碗一つ,0,一=yí
content:5540df37-f293-51e4-adbc-0e46413b8a9e,0cd1642c63d777dc50f7f11d81893fc00366cf31a1889d652167ccb32325e4f8,learning,word,碗,2f29dc23-0d96-51d7-90c1-0dc2d088ab9e,example,碗里有米饭。,wǎn lǐ yǒu mǐ fàn 。,There is rice in the bowl.,茶碗にご飯が入っています。,0,
content:c58be765-3254-5c0a-989c-7c78ee158123,c5ed15b237455a77bb6f18ac089416c541fc88ccf3e840c75fdaf679b8abc3fa,learning,word,盘子,9a34f042-392a-5291-bde4-181119aaddfc,headword,盘子,pán zi,plate,皿,0,
content:c58be765-3254-5c0a-989c-7c78ee158123,c5ed15b237455a77bb6f18ac089416c541fc88ccf3e840c75fdaf679b8abc3fa,learning,word,盘子,8eb22dba-0ca0-583d-876d-6f1fff75a9dd,definition,用来盛放菜肴等的浅底器皿。,yòng lái chéng fàng cài yáo děng de qiǎn dǐ qì mǐn 。,plate,皿,0,
content:c58be765-3254-5c0a-989c-7c78ee158123,c5ed15b237455a77bb6f18ac089416c541fc88ccf3e840c75fdaf679b8abc3fa,learning,word,盘子,06854738-61b8-5097-8257-f5485af7b96a,example,一个盘子,yí gè pán zi,one plate,皿一枚,0,一=yí
content:c58be765-3254-5c0a-989c-7c78ee158123,c5ed15b237455a77bb6f18ac089416c541fc88ccf3e840c75fdaf679b8abc3fa,learning,word,盘子,9a5175f0-18eb-5b74-90ce-8e112fc0e5b3,example,请把水果放在盘子里。,qǐng bǎ shuǐ guǒ fàng zài pán zi lǐ 。,Please put the fruit on the plate.,果物を皿に載せてください。,0,
content:ae9e8897-1dbc-5b92-a811-d59e2ef773c3,0570dd84c79cd3223a66ece128715c094919f342069fa9e5a12ba9150dc112ce,learning,word,筷子,385c0434-51af-57e1-b5e5-6ed9487b771d,headword,筷子,kuài zi,chopsticks,箸,0,
content:ae9e8897-1dbc-5b92-a811-d59e2ef773c3,0570dd84c79cd3223a66ece128715c094919f342069fa9e5a12ba9150dc112ce,learning,word,筷子,5e08e560-7e1a-5e6f-ad63-5466cba963ec,definition,用来夹取食物的一对细棍。,yòng lái jiā qǔ shí wù de yí duì xì gùn 。,chopsticks,箸,0,一=yí
content:ae9e8897-1dbc-5b92-a811-d59e2ef773c3,0570dd84c79cd3223a66ece128715c094919f342069fa9e5a12ba9150dc112ce,learning,word,筷子,c1fc96ee-fd9a-5dfc-ba12-2c18a330a180,example,一双筷子,yì shuāng kuài zi,a pair of chopsticks,箸一膳,0,一=yì
content:ae9e8897-1dbc-5b92-a811-d59e2ef773c3,0570dd84c79cd3223a66ece128715c094919f342069fa9e5a12ba9150dc112ce,learning,word,筷子,cc8a60e0-56ce-59f2-8271-a58f304e2708,example,我用筷子吃饭。,wǒ yòng kuài zi chī fàn 。,I eat with chopsticks.,私は箸で食事をします。,0,
content:00c3bf1a-9039-5555-8a3d-a86fb87c9617,f19b7eb986e76b173027f37905d13313bf3ad2a790ee180c5bb621e1bff330ea,learning,word,勺子,a8bc10b1-c035-56ee-85c9-7d486e291cf2,headword,勺子,sháo zi,spoon,スプーン,0,
content:00c3bf1a-9039-5555-8a3d-a86fb87c9617,f19b7eb986e76b173027f37905d13313bf3ad2a790ee180c5bb621e1bff330ea,learning,word,勺子,22fb1898-518f-5ab4-b798-6e195509cf3b,definition,用来舀取食物或液体的用具。,yòng lái yǎo qǔ shí wù huò yè tǐ de yòng jù 。,spoon,スプーン,0,
content:00c3bf1a-9039-5555-8a3d-a86fb87c9617,f19b7eb986e76b173027f37905d13313bf3ad2a790ee180c5bb621e1bff330ea,learning,word,勺子,75638687-cd97-5053-a25e-79db7cad2a5c,example,一把勺子,yì bǎ sháo zi,one spoon,スプーン一本,0,一=yì
content:00c3bf1a-9039-5555-8a3d-a86fb87c9617,f19b7eb986e76b173027f37905d13313bf3ad2a790ee180c5bb621e1bff330ea,learning,word,勺子,908a9389-2e49-57f6-b918-90edfc79cb90,example,我用勺子喝汤。,wǒ yòng sháo zi hē tāng 。,I use a spoon to eat soup.,私はスプーンでスープを飲みます。,0,
content:91a63d24-0bc0-5cb7-aadc-c88180051e00,ed9a02f9cbd407740311d9b690e8ea0bdc39f505b4744f721d1bbf61ddebf118,learning,word,电饭锅,ebf6dcad-3b3b-530b-82cc-71e26869e6cb,headword,电饭锅,diàn fàn guō,rice cooker,炊飯器,0,
content:91a63d24-0bc0-5cb7-aadc-c88180051e00,ed9a02f9cbd407740311d9b690e8ea0bdc39f505b4744f721d1bbf61ddebf118,learning,word,电饭锅,9e00854a-154e-5c22-b9ea-d40df512d58f,definition,用电加热，主要用来煮饭的锅。,yòng diàn jiā rè ， zhǔ yào yòng lái zhǔ fàn de guō 。,rice cooker,炊飯器,0,
content:91a63d24-0bc0-5cb7-aadc-c88180051e00,ed9a02f9cbd407740311d9b690e8ea0bdc39f505b4744f721d1bbf61ddebf118,learning,word,电饭锅,b4a0c2b7-3a3b-5269-90d1-ed58708ece52,example,一个电饭锅,yí gè diàn fàn guō,one rice cooker,炊飯器一台,0,一=yí
content:91a63d24-0bc0-5cb7-aadc-c88180051e00,ed9a02f9cbd407740311d9b690e8ea0bdc39f505b4744f721d1bbf61ddebf118,learning,word,电饭锅,647f74bb-8b90-574a-8135-f8daaf272d2b,example,电饭锅里的饭煮好了。,diàn fàn guō lǐ de fàn zhǔ hǎo le 。,The rice in the rice cooker is ready.,炊飯器のご飯が炊けました。,0,
content:88352c91-f40f-5a85-bae6-3d08888a1fc7,02c5f88449434951c2c722f6241303148ee7ff0f1960af5f5a0ba1b6f08c9ed7,learning,word,水壶,1e46b27e-081d-508d-adaf-a15723969d8e,headword,水壶,shuǐ hú,kettle or water flask,やかん・水筒,0,
content:88352c91-f40f-5a85-bae6-3d08888a1fc7,02c5f88449434951c2c722f6241303148ee7ff0f1960af5f5a0ba1b6f08c9ed7,learning,word,水壶,21e1fba8-2269-5c89-a911-b22fb03a0053,definition,用来装水或烧水的壶。,yòng lái zhuāng shuǐ huò shāo shuǐ de hú 。,kettle or water flask,やかん・水筒,0,
content:88352c91-f40f-5a85-bae6-3d08888a1fc7,02c5f88449434951c2c722f6241303148ee7ff0f1960af5f5a0ba1b6f08c9ed7,learning,word,水壶,379eb7cc-54e8-5d01-9d8b-a1d7604edd82,example,一个水壶,yí gè shuǐ hú,one kettle,やかん一つ,0,一=yí
content:88352c91-f40f-5a85-bae6-3d08888a1fc7,02c5f88449434951c2c722f6241303148ee7ff0f1960af5f5a0ba1b6f08c9ed7,learning,word,水壶,c93ed43c-80d8-5a53-973e-1e7027f753b4,example,我用水壶烧水。,wǒ yòng shuǐ hú shāo shuǐ 。,I boil water in a kettle.,私はやかんでお湯を沸かします。,0,
content:3418d800-818c-5cfa-a296-d280228085e1,c6ef22a024d0c11543b7f7c15ad2cb1d9ecda309f9fd8742799617b6490bce0f,learning,word,牙刷,e6705352-ca61-5b92-8958-3af2843c4533,headword,牙刷,yá shuā,toothbrush,歯ブラシ,0,
content:3418d800-818c-5cfa-a296-d280228085e1,c6ef22a024d0c11543b7f7c15ad2cb1d9ecda309f9fd8742799617b6490bce0f,learning,word,牙刷,7a4e507a-9fdc-5bb8-8caa-217b2e68f4de,definition,用来清洁牙齿的刷子。,yòng lái qīng jié yá chǐ de shuā zi 。,toothbrush,歯ブラシ,0,
content:3418d800-818c-5cfa-a296-d280228085e1,c6ef22a024d0c11543b7f7c15ad2cb1d9ecda309f9fd8742799617b6490bce0f,learning,word,牙刷,9be3f87e-70ab-5c9d-a9d8-268bb2ebe577,example,一支牙刷,yì zhī yá shuā,one toothbrush,歯ブラシ一本,0,一=yì
content:3418d800-818c-5cfa-a296-d280228085e1,c6ef22a024d0c11543b7f7c15ad2cb1d9ecda309f9fd8742799617b6490bce0f,learning,word,牙刷,98306f62-fed3-513c-93c4-f916db49b75a,example,我买了一支新牙刷。,wǒ mǎi le yì zhī xīn yá shuā 。,I bought a new toothbrush.,私は新しい歯ブラシを一本買いました。,0,一=yì
content:2093dce8-e7ac-5234-8a82-b86527f24d47,fafbe64cb4752708ab8bca82a148526ae9ae692df0fd7ad587180444e623c40a,learning,word,牙膏,e65140ec-40e7-5a47-9715-42a711406db7,headword,牙膏,yá gāo,toothpaste,歯磨き粉,0,
content:2093dce8-e7ac-5234-8a82-b86527f24d47,fafbe64cb4752708ab8bca82a148526ae9ae692df0fd7ad587180444e623c40a,learning,word,牙膏,733d74a1-c549-583b-beec-a1804696c9a8,definition,刷牙时用来清洁牙齿的膏状用品。,shuā yá shí yòng lái qīng jié yá chǐ de gāo zhuàng yòng pǐn 。,toothpaste,歯磨き粉,0,
content:2093dce8-e7ac-5234-8a82-b86527f24d47,fafbe64cb4752708ab8bca82a148526ae9ae692df0fd7ad587180444e623c40a,learning,word,牙膏,44eb5f37-fcf8-53b8-83ae-76d9a748eb0d,example,一支牙膏,yì zhī yá gāo,a tube of toothpaste,歯磨き粉一本,0,一=yì
content:2093dce8-e7ac-5234-8a82-b86527f24d47,fafbe64cb4752708ab8bca82a148526ae9ae692df0fd7ad587180444e623c40a,learning,word,牙膏,293e8c11-6450-527b-b13d-ac7c998b94c7,example,请在牙刷上挤一点牙膏。,qǐng zài yá shuā shàng jǐ yì diǎn yá gāo 。,Please squeeze a little toothpaste onto the toothbrush.,歯ブラシに歯磨き粉を少し出してください。,0,一=yì
content:2a404aa3-ab0e-51b3-98d1-fd76575d6a02,a88967a61b97a6f029c1ab0c3f2e97f8d741855094366afa4d5f6568cfbebbf6,learning,word,毛巾,f76a533d-2e65-51fd-b637-5df32435a646,headword,毛巾,máo jīn,towel,タオル,0,
content:2a404aa3-ab0e-51b3-98d1-fd76575d6a02,a88967a61b97a6f029c1ab0c3f2e97f8d741855094366afa4d5f6568cfbebbf6,learning,word,毛巾,db41614a-fa33-507f-be91-b29168be01f0,definition,用来擦脸、擦手等的织物。,yòng lái cā liǎn 、 cā shǒu děng de zhī wù 。,towel,タオル,0,
content:2a404aa3-ab0e-51b3-98d1-fd76575d6a02,a88967a61b97a6f029c1ab0c3f2e97f8d741855094366afa4d5f6568cfbebbf6,learning,word,毛巾,3b16e6dc-00ea-5dcb-8a38-463025d065ad,example,一条毛巾,yì tiáo máo jīn,one towel,タオル一枚,0,一=yì
content:2a404aa3-ab0e-51b3-98d1-fd76575d6a02,a88967a61b97a6f029c1ab0c3f2e97f8d741855094366afa4d5f6568cfbebbf6,learning,word,毛巾,4847b34b-f70f-510c-9779-0aaa3dc939d9,example,我用毛巾擦手。,wǒ yòng máo jīn cā shǒu 。,I dry my hands with a towel.,私はタオルで手を拭きます。,0,
content:9d59f6c7-444c-5876-94f0-e1e606189d76,698b0924991f9cb4b1717360269f422956580166fb1ffb98fa4bc95206e095ff,learning,word,肥皂,97b22652-5a1f-5e5e-bf7c-247c53131e34,headword,肥皂,féi zào,soap,石けん,0,
content:9d59f6c7-444c-5876-94f0-e1e606189d76,698b0924991f9cb4b1717360269f422956580166fb1ffb98fa4bc95206e095ff,learning,word,肥皂,02499381-433a-56fe-9860-513bd5c4db9f,definition,常用于洗手、洗衣等的清洁用品。,cháng yòng yú xǐ shǒu 、 xǐ yī děng de qīng jié yòng pǐn 。,soap,石けん,0,
content:9d59f6c7-444c-5876-94f0-e1e606189d76,698b0924991f9cb4b1717360269f422956580166fb1ffb98fa4bc95206e095ff,learning,word,肥皂,efb8fad5-1b8c-5d52-a703-f53cb772853a,example,一块肥皂,yí kuài féi zào,a bar of soap,石けん一個,0,一=yí
content:9d59f6c7-444c-5876-94f0-e1e606189d76,698b0924991f9cb4b1717360269f422956580166fb1ffb98fa4bc95206e095ff,learning,word,肥皂,ed5cef0f-d902-544f-b773-02f7a58ccca9,example,请用肥皂洗手。,qǐng yòng féi zào xǐ shǒu 。,Please wash your hands with soap.,石けんで手を洗ってください。,0,
content:ae29dbfe-6635-5bbe-a7e9-0a5d09af0971,6afc66ed4c0802e7f58406c8f62bfb720fdfaefe80d260371c3d586441689cb0,learning,word,洗发水,2e9a8bbf-f561-5e3e-993a-42d825a66a09,headword,洗发水,xǐ fà shuǐ,shampoo,シャンプー,0,发=fà
content:ae29dbfe-6635-5bbe-a7e9-0a5d09af0971,6afc66ed4c0802e7f58406c8f62bfb720fdfaefe80d260371c3d586441689cb0,learning,word,洗发水,eb1072b5-3905-5473-a236-c56d1b5fcd64,definition,用来清洗头发的液体用品。,yòng lái qīng xǐ tóu fa de yè tǐ yòng pǐn 。,shampoo,シャンプー,0,
content:ae29dbfe-6635-5bbe-a7e9-0a5d09af0971,6afc66ed4c0802e7f58406c8f62bfb720fdfaefe80d260371c3d586441689cb0,learning,word,洗发水,6a484f85-700b-54b5-8d68-f7ff43d8c37e,example,一瓶洗发水,yì píng xǐ fà shuǐ,a bottle of shampoo,シャンプー一本,0,一=yì; 发=fà
content:ae29dbfe-6635-5bbe-a7e9-0a5d09af0971,6afc66ed4c0802e7f58406c8f62bfb720fdfaefe80d260371c3d586441689cb0,learning,word,洗发水,e6538f2f-c44a-502d-9630-dd57193749c6,example,我用洗发水洗头发。,wǒ yòng xǐ fà shuǐ xǐ tóu fa 。,I wash my hair with shampoo.,私はシャンプーで髪を洗います。,0,发=fà
content:43866cac-3622-5bfe-b4e9-de5545a5e178,d7545e4e20f28f9564e8d613ddbfb4c66a912b9fde49529dfc5dd96a350b923e,learning,word,沐浴露,7d01873a-ee3b-5390-8c84-dd213c07dec1,headword,沐浴露,mù yù lù,body wash,ボディソープ,0,
content:43866cac-3622-5bfe-b4e9-de5545a5e178,d7545e4e20f28f9564e8d613ddbfb4c66a912b9fde49529dfc5dd96a350b923e,learning,word,沐浴露,391ce6b3-d6a3-5c22-817b-96f75bee4eec,definition,洗澡时用来清洁身体的液体用品。,xǐ zǎo shí yòng lái qīng jié shēn tǐ de yè tǐ yòng pǐn 。,body wash,ボディソープ,0,
content:43866cac-3622-5bfe-b4e9-de5545a5e178,d7545e4e20f28f9564e8d613ddbfb4c66a912b9fde49529dfc5dd96a350b923e,learning,word,沐浴露,d2615371-4c03-5d2b-bdb1-15bebf93184b,example,一瓶沐浴露,yì píng mù yù lù,a bottle of body wash,ボディソープ一本,0,一=yì
content:43866cac-3622-5bfe-b4e9-de5545a5e178,d7545e4e20f28f9564e8d613ddbfb4c66a912b9fde49529dfc5dd96a350b923e,learning,word,沐浴露,6717981a-d2d3-5ca8-9bb7-e0223bc8a3b0,example,洗澡时可以用沐浴露清洁身体。,xǐ zǎo shí kě yǐ yòng mù yù lù qīng jié shēn tǐ 。,You can use body wash to clean your body when showering.,シャワーのときにボディソープで体を洗えます。,0,
content:7e0dfd75-8ffc-572d-b283-2af6af7f8ba0,196e53ea8b04c69d7204c1ed64d92a8859f73a592419c7d1789bb4d62fd61666,learning,word,卫生纸,6edb7603-0bae-51a0-b6a0-53b059f45073,headword,卫生纸,wèi shēng zhǐ,toilet paper,トイレットペーパー,0,
content:7e0dfd75-8ffc-572d-b283-2af6af7f8ba0,196e53ea8b04c69d7204c1ed64d92a8859f73a592419c7d1789bb4d62fd61666,learning,word,卫生纸,0dd42dc2-c7cd-5879-bb5a-960a3baca21c,definition,如厕等日常卫生清洁用的纸。,rú cè děng rì cháng wèi shēng qīng jié yòng de zhǐ 。,toilet paper,トイレットペーパー,0,
content:7e0dfd75-8ffc-572d-b283-2af6af7f8ba0,196e53ea8b04c69d7204c1ed64d92a8859f73a592419c7d1789bb4d62fd61666,learning,word,卫生纸,9de9c8a3-87c5-5dae-859e-8ccce0eec1a3,example,一卷卫生纸,yì juǎn wèi shēng zhǐ,a roll of toilet paper,トイレットペーパー一巻,0,一=yì
content:7e0dfd75-8ffc-572d-b283-2af6af7f8ba0,196e53ea8b04c69d7204c1ed64d92a8859f73a592419c7d1789bb4d62fd61666,learning,word,卫生纸,9695aac8-6324-539c-b564-c7feb9ecd58a,example,卫生间里有卫生纸。,wèi shēng jiān lǐ yǒu wèi shēng zhǐ 。,There is toilet paper in the bathroom.,トイレにはトイレットペーパーがあります。,0,
content:b3fdd021-7e4c-5ddd-b07e-4362d680fb84,fbad6380e28ddbef26370d7086a0631f2c37e276ec2c227d543aac284865ce45,learning,word,纸巾,caea3b09-be25-501f-9b86-ce499f050ab3,headword,纸巾,zhǐ jīn,tissue,ティッシュ,0,
content:b3fdd021-7e4c-5ddd-b07e-4362d680fb84,fbad6380e28ddbef26370d7086a0631f2c37e276ec2c227d543aac284865ce45,learning,word,纸巾,4d80c9da-d0fa-5ccb-a0ee-82e834d09b6c,definition,用来擦嘴、擦手等的柔软纸品。,yòng lái cā zuǐ 、 cā shǒu děng de róu ruǎn zhǐ pǐn 。,tissue,ティッシュ,0,
content:b3fdd021-7e4c-5ddd-b07e-4362d680fb84,fbad6380e28ddbef26370d7086a0631f2c37e276ec2c227d543aac284865ce45,learning,word,纸巾,ea6cd623-ac7f-54fb-ac28-5148f455bade,example,一包纸巾,yì bāo zhǐ jīn,a packet of tissues,ティッシュ一袋,0,一=yì
content:b3fdd021-7e4c-5ddd-b07e-4362d680fb84,fbad6380e28ddbef26370d7086a0631f2c37e276ec2c227d543aac284865ce45,learning,word,纸巾,ae404122-99a6-5a80-a050-8cfc7f6837e6,example,我用纸巾擦嘴。,wǒ yòng zhǐ jīn cā zuǐ 。,I wipe my mouth with a tissue.,私はティッシュで口を拭きます。,0,
content:bae9adeb-2729-5ffe-bcee-677f515b312c,f3c042ee985668fcf40c1d600a412dfbe116a0816c18aaf4efad50736b43eb7e,learning,word,洗衣液,724fe27e-6b78-5c02-8320-ae1c0990317b,headword,洗衣液,xǐ yī yè,liquid laundry detergent,液体洗濯洗剤,0,
content:bae9adeb-2729-5ffe-bcee-677f515b312c,f3c042ee985668fcf40c1d600a412dfbe116a0816c18aaf4efad50736b43eb7e,learning,word,洗衣液,417796dd-7f6d-58f2-ab62-436787f942fe,definition,用来洗衣服的液体清洁用品。,yòng lái xǐ yī fu de yè tǐ qīng jié yòng pǐn 。,liquid laundry detergent,液体洗濯洗剤,0,
content:bae9adeb-2729-5ffe-bcee-677f515b312c,f3c042ee985668fcf40c1d600a412dfbe116a0816c18aaf4efad50736b43eb7e,learning,word,洗衣液,28abb5e1-c4a9-514a-8610-c82c529b1f12,example,一瓶洗衣液,yì píng xǐ yī yè,a bottle of liquid laundry detergent,液体洗濯洗剤一本,0,一=yì
content:bae9adeb-2729-5ffe-bcee-677f515b312c,f3c042ee985668fcf40c1d600a412dfbe116a0816c18aaf4efad50736b43eb7e,learning,word,洗衣液,283d6be5-bf11-5e34-b5a5-3cbb2d724fd4,example,洗衣服时加一点洗衣液。,xǐ yī fu shí jiā yì diǎn xǐ yī yè 。,Add a little liquid detergent when washing clothes.,洗濯するときに液体洗剤を少し入れます。,0,一=yì
content:26abd66c-e2a9-5729-b44b-a288313f98bf,605fa239a0ba37f2265db56b7bdd6aa8bbea25800c01ee4adad29c972e23c2c8,learning,word,扫帚,f93bbb3d-73a3-5e85-9ca9-8b4066f5dc8d,headword,扫帚,sào zhou,broom,ほうき,0,扫=sào
content:26abd66c-e2a9-5729-b44b-a288313f98bf,605fa239a0ba37f2265db56b7bdd6aa8bbea25800c01ee4adad29c972e23c2c8,learning,word,扫帚,33330608-fcf9-5787-b971-c795f0eb7b35,definition,用来扫地、清理灰尘的工具。,yòng lái sǎo dì 、 qīng lǐ huī chén de gōng jù 。,broom,ほうき,0,
content:26abd66c-e2a9-5729-b44b-a288313f98bf,605fa239a0ba37f2265db56b7bdd6aa8bbea25800c01ee4adad29c972e23c2c8,learning,word,扫帚,610f77b5-6b78-5663-ac89-c4a949557d47,example,一把扫帚,yì bǎ sào zhou,one broom,ほうき一本,0,一=yì; 扫=sào
content:26abd66c-e2a9-5729-b44b-a288313f98bf,605fa239a0ba37f2265db56b7bdd6aa8bbea25800c01ee4adad29c972e23c2c8,learning,word,扫帚,ecbfd808-1224-5ae2-bcdb-fad79cde588b,example,我用扫帚扫地。,wǒ yòng sào zhou sǎo dì 。,I sweep the floor with a broom.,私はほうきで床を掃きます。,0,扫=sào
content:400048e5-0bca-5e1a-8486-2b0ee3dcfca6,fba2ddf5fbfff2335214024609e9ca6cb5acb1f9371c357f68e8a9f279b24ed0,learning,word,拖把,40904a4d-ada6-5b54-a602-a29193653f2f,headword,拖把,tuō bǎ,mop,モップ,0,
content:400048e5-0bca-5e1a-8486-2b0ee3dcfca6,fba2ddf5fbfff2335214024609e9ca6cb5acb1f9371c357f68e8a9f279b24ed0,learning,word,拖把,33f937b5-9095-5232-a76e-6a465ace57ab,definition,用来擦洗地面的清洁工具。,yòng lái cā xǐ dì miàn de qīng jié gōng jù 。,mop,モップ,0,
content:400048e5-0bca-5e1a-8486-2b0ee3dcfca6,fba2ddf5fbfff2335214024609e9ca6cb5acb1f9371c357f68e8a9f279b24ed0,learning,word,拖把,4750c373-951d-5e62-a1cb-0c4cf6e649ec,example,一把拖把,yì bǎ tuō bǎ,one mop,モップ一本,0,一=yì
content:400048e5-0bca-5e1a-8486-2b0ee3dcfca6,fba2ddf5fbfff2335214024609e9ca6cb5acb1f9371c357f68e8a9f279b24ed0,learning,word,拖把,772f5660-0226-50bf-b928-9c0eaf32ce5a,example,我用拖把擦地。,wǒ yòng tuō bǎ cā dì 。,I clean the floor with a mop.,私はモップで床を拭きます。,0,
content:c9bff470-f4ef-5edd-b4b3-8dfaaa0e463c,5a7cc6201627b779fe6e6295f00d9ea57f6f5f766b5d8d49c18e26686f134da5,learning,word,垃圾桶,11bf44e3-a786-5c22-92f0-4a105a0bbb5b,headword,垃圾桶,lā jī tǒng,trash can,ごみ箱,0,
content:c9bff470-f4ef-5edd-b4b3-8dfaaa0e463c,5a7cc6201627b779fe6e6295f00d9ea57f6f5f766b5d8d49c18e26686f134da5,learning,word,垃圾桶,0f8e8018-c189-500a-bfc1-73ca713ad11e,definition,用来盛放垃圾的容器。,yòng lái chéng fàng lā jī de róng qì 。,trash can,ごみ箱,0,
content:c9bff470-f4ef-5edd-b4b3-8dfaaa0e463c,5a7cc6201627b779fe6e6295f00d9ea57f6f5f766b5d8d49c18e26686f134da5,learning,word,垃圾桶,5e6274ad-2733-5937-812a-b02bcc553ffb,example,一个垃圾桶,yí gè lā jī tǒng,one trash can,ごみ箱一つ,0,一=yí
content:c9bff470-f4ef-5edd-b4b3-8dfaaa0e463c,5a7cc6201627b779fe6e6295f00d9ea57f6f5f766b5d8d49c18e26686f134da5,learning,word,垃圾桶,f75fd346-2530-5854-b276-033fdf374da9,example,请把垃圾放进垃圾桶。,qǐng bǎ lā jī fàng jìn lā jī tǒng 。,Please put the trash in the trash can.,ごみをごみ箱に入れてください。,0,
content:7aa30cdb-b9db-5ae6-8ff8-eaa2c564bf45,14cbab67752e30566d75e9b69f4e5431841e52d7b0579415483c184b7adb5758,learning,text,自我介绍,97aa173d-8943-538f-9f9c-b8d78412e15d,body,大家好，我叫小明。我是一名学生。我喜欢读书，也喜欢运动。很高兴和大家一起学习。,dà jiā hǎo ， wǒ jiào xiǎo míng 。 wǒ shì yì míng xué sheng 。 wǒ xǐ huan dú shū ， yě xǐ huan yùn dòng 。 hěn gāo xìng hé dà jiā yì qǐ xué xí 。,,,0,一=yì; 一=yì
content:d718046a-6d46-5845-ad30-5b0241cc67c3,41553e8e03411839b8f292a37dd8cee77195523c1d6f48b0a96ba2b79423e96a,learning,text,我的家,9b8ef87c-797f-53b8-973a-35d10c5a39de,body,我家有三口人：爸爸、妈妈和我。我们每天一起吃晚饭。周末，我们常常去公园散步。我爱我的家。,wǒ jiā yǒu sān kǒu rén ： bà ba 、 mā ma hé wǒ 。 wǒ men měi tiān yì qǐ chī wǎn fàn 。 zhōu mò ， wǒ men cháng cháng qù gōng yuán sàn bù 。 wǒ ài wǒ de jiā 。,,,0,一=yì
content:13409ac0-9913-5f65-b8be-639ba06679e1,5bd91ef35d625020bb228f7ea26050e5e7edd7bfcfabe7a94d95320ffb1cc2f5,learning,text,一天的生活,087539c8-aa5d-5234-aaa6-bcecd15875e9,body,早上七点，我起床。洗脸、刷牙以后，我吃早饭。下午，我学习中文。晚上十点，我准备睡觉。,zǎo shang qī diǎn ， wǒ qǐ chuáng 。 xǐ liǎn 、 shuā yá yǐ hòu ， wǒ chī zǎo fàn 。 xià wǔ ， wǒ xué xí zhōng wén 。 wǎn shang shí diǎn ， wǒ zhǔn bèi shuì jiào 。,,,0,觉=jiào
content:073b51e7-a63d-57f4-9e6f-a3961f018181,ac98516195433653d4a5e9aba2115f44d3902a152edb131d735771a570c23179,learning,text,在学校,053e8a42-0cbd-510f-9d62-ac36b7a47450,body,我每天早上去学校。上课时，我们认真听老师讲课。下课后，我和同学一起做游戏。,wǒ měi tiān zǎo shang qù xué xiào 。 shàng kè shí ， wǒ men rèn zhēn tīng lǎo shī jiǎng kè 。 xià kè hòu ， wǒ hé tóng xué yì qǐ zuò yóu xì 。,,,0,一=yì
content:ed2ed925-deb9-5930-b66f-5eeb77e8ff57,103bf33fc4cf8202b6f6e0e828283dfe8ae72d5e2d19a26df711e5f21e61c4b6,learning,text,去买东西,e37fea35-069f-51c5-aac6-f5225c3f034c,body,今天，我去商店买东西。请问，这个苹果多少钱？这个苹果三元。我要两个，谢谢！,jīn tiān ， wǒ qù shāng diàn mǎi dōng xi 。 qǐng wèn ， zhè gè píng guǒ duō shao qián ？ zhè gè píng guǒ sān yuán 。 wǒ yào liǎng gè ， xiè xie ！,,,0,
content:dbc164c5-72dc-57dc-8611-7ec230a1a18e,7aceb1f6c67ad3c96266928a7a04f98f10ec7a91c3d6fc3164f2d2a7bc82c895,learning,text,问路,60bf5c22-78b5-52c6-92e4-6ba3845b6344,body,请问，车站在哪里？请先往前走，再向右转。车站就在前面。谢谢您的帮助。,qǐng wèn ， chē zhàn zài nǎ lǐ ？ qǐng xiān wǎng qián zǒu ， zài xiàng yòu zhuǎn 。 chē zhàn jiù zài qián miàn 。 xiè xie nín de bāng zhù 。,,,0,
content:1e94d656-db9e-59d5-8a4c-af587014d84a,e5500941225665107e5e0fc327c84dce8e1483b9dba7a5081c37cdc47b160ad2,learning,poem,静夜思,fac4b6fd-f0bd-522c-b69b-bba4de68089e,body,"床前明月光，
疑是地上霜。
举头望明月，
低头思故乡。","chuáng qián míng yuè guāng ， 
 yí shì dì shàng shuāng 。 
 jǔ tóu wàng míng yuè ， 
 dī tóu sī gù xiāng 。",,,0,
content:17eb211b-e576-5201-bb25-11126ba9066a,86f2ee3ca3e3baaec67336681f45683e9f82bd56e486e766f7592a5bc25b36d3,learning,poem,春晓,6d823e55-8314-50b2-9c05-e55ba78177e7,body,"春眠不觉晓，
处处闻啼鸟。
夜来风雨声，
花落知多少。","chūn mián bù jué xiǎo ， 
 chù chù wén tí niǎo 。 
 yè lái fēng yǔ shēng ， 
 huā luò zhī duō shǎo 。",,,0,
content:b70a571b-b254-58bb-82e5-a9070cd2cc2f,056215c127325ba860135ef844b1fa6705b500c988515850d81c2925ee438f7d,learning,poem,咏鹅,8f2d22c2-250d-5aa7-975a-23578e43d931,body,"鹅，鹅，鹅，
曲项向天歌。
白毛浮绿水，
红掌拨清波。","é ， é ， é ， 
 qū xiàng xiàng tiān gē 。 
 bái máo fú lǜ shuǐ ， 
 hóng zhǎng bō qīng bō 。",,,0,
content:564d265a-a3e8-55fd-b6f1-07788532c9f3,056e35c710acad588144a5f6c705819da3ebed8ac3e72951eccfa07e481fec68,learning,poem,悯农（其二）,8b68d205-11b3-51f7-9421-5db192bb5087,body,"锄禾日当午，
汗滴禾下土。
谁知盘中餐，
粒粒皆辛苦。","chú hé rì dāng wǔ ， 
 hàn dī hé xià tǔ 。 
 shuí zhī pán zhōng cān ， 
 lì lì jiē xīn kǔ 。",,,0,谁=shuí
content:50b1ebd6-afe7-5534-b62e-ff175fb61c9d,f526e99afbf122b8386abd4df148b56846f1a5bf66320b47f5b6b7c7699a822b,learning,poem,登鹳雀楼,ccb7371a-9f1b-5742-b1d9-e66b5e981e4c,body,"白日依山尽，
黄河入海流。
欲穷千里目，
更上一层楼。","bái rì yī shān jìn ， 
 huáng hé rù hǎi liú 。 
 yù qióng qiān lǐ mù ， 
 gèng shàng yì céng lóu 。",,,0,一=yì
content:1babe1ea-8284-596c-94ab-b617d0f95cdb,e95e5ad23942c5a0bc986d612b9beb517a9fdf69629b17ba5e6f94dbc30de8b0,learning,poem,江雪,a75e202c-d205-5a17-8264-6e37e510b5de,body,"千山鸟飞绝，
万径人踪灭。
孤舟蓑笠翁，
独钓寒江雪。","qiān shān niǎo fēi jué ， 
 wàn jìng rén zōng miè 。 
 gū zhōu suō lì wēng ， 
 dú diào hán jiāng xuě 。",,,0,
content:6574b16a-b8e6-5255-99cd-1d69be6f8f5b,95adfda6a59f3afa6e2a15858201a43005918c037cd6d1e7e85408ca3ef29f8d,dictionary,word,中国,0529a07a-98ff-51f9-ad21-4d18a60c538e,headword,中国,zhōng guó,China,中国,0,
content:6574b16a-b8e6-5255-99cd-1d69be6f8f5b,95adfda6a59f3afa6e2a15858201a43005918c037cd6d1e7e85408ca3ef29f8d,dictionary,word,中国,e1750403-747b-5a61-b55d-c274337ba887,definition,中华人民共和国的简称。,zhōng huá rén mín gòng hé guó de jiǎn chēng 。,A short name for the People's Republic of China.,中華人民共和国の略称。,0,
content:b3816bcf-86b5-59ae-a9e8-59a9e2f5f432,0394aea08ca67166c9fa1b1717ff4af3742d2882a597f46ec87e216a254c98b0,dictionary,word,中文,ad1bb4c4-0121-53f1-8670-aa317f8a1616,headword,中文,zhōng wén,Chinese,中国語,0,
content:b3816bcf-86b5-59ae-a9e8-59a9e2f5f432,0394aea08ca67166c9fa1b1717ff4af3742d2882a597f46ec87e216a254c98b0,dictionary,word,中文,ad470c43-cf84-5c30-854c-23161d1d8a9b,definition,汉语，通常也指汉语的书面语。,hàn yǔ ， tōng cháng yě zhǐ hàn yǔ de shū miàn yǔ 。,"Chinese, often referring to its written form.",中国語。特に、その書き言葉を指すこともある。,0,
content:9cad104d-587b-5b28-9e72-f5681aad90bb,87577453e2666479bead7a304e671713a31b267a90f2b81383da23ddf55b85ea,dictionary,word,学习,2d648250-88f8-5b4b-8f4d-8747c7e6b1b1,headword,学习,xué xí,to study,勉強する,0,
content:9cad104d-587b-5b28-9e72-f5681aad90bb,87577453e2666479bead7a304e671713a31b267a90f2b81383da23ddf55b85ea,dictionary,word,学习,f724d277-1be0-56d3-89b8-ec8c29f77906,definition,通过阅读、练习等方式获得知识或技能。,tōng guò yuè dú 、 liàn xí děng fāng shì huò dé zhī shi huò jì néng 。,"To gain knowledge or skills through reading, practice, or other methods.",読書や練習などによって知識や技能を身につけること。,0,
content:1bcec53d-e2ec-5e1c-b41c-3ddf16636a89,f07f815146639f7a1e87d8d76833114837717f193b5ae6dc929b23a26d9d3870,pinyin,word,八,6137a882-58e2-503c-aba5-640e18d94efc,headword,八,bā,eight,八,0,
content:1bcec53d-e2ec-5e1c-b41c-3ddf16636a89,f07f815146639f7a1e87d8d76833114837717f193b5ae6dc929b23a26d9d3870,pinyin,word,八,c36c5b25-fa50-5f0c-9d2b-523ce135b149,definition,数目，七加一。,shù mù ， qī jiā yī 。,,,0,
content:06cd890b-71df-566a-862f-aadb266ce5c8,15733fc98dfe8ff179d99069b6282615546c15c6199f413a6983b3ff723a3140,pinyin,word,拔,fe77b51b-7a6d-5fe3-aeaf-0cde9840345f,headword,拔,bá,pull out,抜く,0,
content:06cd890b-71df-566a-862f-aadb266ce5c8,15733fc98dfe8ff179d99069b6282615546c15c6199f413a6983b3ff723a3140,pinyin,word,拔,bc92fd98-6b32-5a14-ab3a-a375eed1538d,definition,用力向外拉出。,yòng lì xiàng wài lā chū 。,,,0,
content:6bb38103-dda6-5eb7-b6ce-44a977cded9b,1d5ad54b9bf4735caa0fa83238e0d81f2be9906dea98c09d563d7497b804cc09,pinyin,word,把,e691c397-7949-50fe-9124-8cb221025461,headword,把,bǎ,hold,握る,0,
content:6bb38103-dda6-5eb7-b6ce-44a977cded9b,1d5ad54b9bf4735caa0fa83238e0d81f2be9906dea98c09d563d7497b804cc09,pinyin,word,把,987a5447-9d0b-5fd0-b937-a4539f7dd0ba,definition,用手握住；也用于把字句。,yòng shǒu wò zhù ； yě yòng yú bǎ zì jù 。,,,0,
content:ada711d6-530d-51ae-b948-ae99fdc2a588,f52fa88d3d0d374899df4682b462ce41be1c65e5f9c32aba72c1e2de5848139c,pinyin,word,爸,4a837ff4-fb54-5312-a86e-17037d5014bd,headword,爸,bà,dad,お父さん,0,
content:ada711d6-530d-51ae-b948-ae99fdc2a588,f52fa88d3d0d374899df4682b462ce41be1c65e5f9c32aba72c1e2de5848139c,pinyin,word,爸,e3f51c56-adb1-5873-8713-9b669a273d5c,definition,父亲的称呼。,fù qīn de chēng hu 。,,,0,
content:1f7c9e2c-b04b-5978-b66f-86cacf4d326d,5fdec44708fb3df3a346f72ddefc51bb23d230950fbace5190635163c894b511,pinyin,word,趴,3453cf73-32e8-563b-ba3e-c698282f98b1,headword,趴,pā,lie prone,うつ伏せになる,0,
content:1f7c9e2c-b04b-5978-b66f-86cacf4d326d,5fdec44708fb3df3a346f72ddefc51bb23d230950fbace5190635163c894b511,pinyin,word,趴,872f2a42-b63e-5065-9433-be8cfc2702df,definition,身体朝下伏着。,shēn tǐ cháo xià fú zhe 。,,,0,
content:9c9f355c-5c5e-5445-9d7f-61c3f8cb8495,04b695f0fe6cf5a4a794cd7c8b14bb9eb96ec6e392657c7f2a4e023132bf58a1,pinyin,word,爬,52215a34-4bae-5410-a060-35d90d0f60b5,headword,爬,pá,climb,登る,0,
content:9c9f355c-5c5e-5445-9d7f-61c3f8cb8495,04b695f0fe6cf5a4a794cd7c8b14bb9eb96ec6e392657c7f2a4e023132bf58a1,pinyin,word,爬,78312b2b-611f-5060-a4d7-e62935f7d7fa,definition,手脚并用向前或向上移动。,shǒu jiǎo bìng yòng xiàng qián huò xiàng shàng yí dòng 。,,,0,
content:4d896b22-cc47-5087-bf28-59b51b2515b2,0f3d8cc05a9213ecf5d028000de9bc2f51273bdda244b89ad2d2052266b46172,pinyin,word,怕,68e6ef9c-5f71-57d5-bab3-a6b791249502,headword,怕,pà,fear,怖がる,0,
content:4d896b22-cc47-5087-bf28-59b51b2515b2,0f3d8cc05a9213ecf5d028000de9bc2f51273bdda244b89ad2d2052266b46172,pinyin,word,怕,e3b422f3-770a-51ed-87c9-a3377e4af2c9,definition,感到恐惧或担心。,gǎn dào kǒng jù huò dān xīn 。,,,0,
content:29e6b886-6669-5b4e-ba1a-7f7e3a1de190,30bdd5c8750d271dd37e9d87a89144a15decb0388678cf34f8a0a72cf20f2ccc,pinyin,word,妈,a76b8b5c-c32c-54a3-b554-f596b7917ad9,headword,妈,mā,mother,母,0,
content:29e6b886-6669-5b4e-ba1a-7f7e3a1de190,30bdd5c8750d271dd37e9d87a89144a15decb0388678cf34f8a0a72cf20f2ccc,pinyin,word,妈,3a97ddf8-8aae-5f61-9f9c-08296cc99d90,definition,母亲的称呼。,mǔ qīn de chēng hu 。,,,0,
content:1421608f-254b-5f33-9e70-98438a70c853,d76b3cda2fb8c86a7669c38fe049351f32c4658434b9afdcc4eb7fbadd6485b3,pinyin,word,麻,19c119cd-8cd8-5500-bd72-64fc57c5071b,headword,麻,má,hemp,麻,0,
content:1421608f-254b-5f33-9e70-98438a70c853,d76b3cda2fb8c86a7669c38fe049351f32c4658434b9afdcc4eb7fbadd6485b3,pinyin,word,麻,00142def-a06f-5022-8aac-b3fc1cf5d827,definition,一种可取纤维的植物。,yī zhǒng kě qǔ xiān wéi de zhí wù 。,,,0,
content:bdfed54a-572f-5728-869a-c190eb6e63c9,0bde5d9dda1105ed479f55606e690f3670048d0f62d305055c49c9d1463905e2,pinyin,word,马,f121514d-2e3a-5735-bde0-9742316976fa,headword,马,mǎ,horse,馬,0,
content:bdfed54a-572f-5728-869a-c190eb6e63c9,0bde5d9dda1105ed479f55606e690f3670048d0f62d305055c49c9d1463905e2,pinyin,word,马,f8d04f7c-15fd-5657-b784-62b46ea44da9,definition,一种可供骑乘、拉车的动物。,yī zhǒng kě gōng qí chéng 、 lā chē de dòng wù 。,,,0,
content:93685cb7-4f86-5fa9-9a44-148494a708e1,40073cec3cfbcc8bab40482f9c48506a47c43dc51aeb508c43ff8f9b098cfe93,pinyin,word,骂,b7c86e97-df38-5a2b-9e11-eda756a7ebd6,headword,骂,mà,scold,叱る,0,
content:93685cb7-4f86-5fa9-9a44-148494a708e1,40073cec3cfbcc8bab40482f9c48506a47c43dc51aeb508c43ff8f9b098cfe93,pinyin,word,骂,3c725393-cbc8-508e-9d3a-d6340f189a98,definition,用粗鲁的话责备或攻击别人。,yòng cū lǔ de huà zé bèi huò gōng jī bié rén 。,,,0,
content:9c6cd65f-074c-51d0-8bd1-c09eefec8812,7d60dd1ff060330a1af168e25708061d4d2ed8fff7ba5f32bc1ce36ceae1b97f,pinyin,word,发,188775e4-3193-591b-9a32-3b08395db86d,headword,发,fā,send,送る,0,
content:9c6cd65f-074c-51d0-8bd1-c09eefec8812,7d60dd1ff060330a1af168e25708061d4d2ed8fff7ba5f32bc1ce36ceae1b97f,pinyin,word,发,a68750a9-e01a-54a0-8aa7-82736806daa7,definition,送出；发出。,sòng chū ； fā chū 。,,,0,
content:ca5535e8-d832-54a1-9534-3c5d0126534b,fbc8247876f3994534f07549b330de0ca8aee710a9b81b55e4127e8f66040be2,pinyin,word,罚,23475d21-f8a6-5e4f-89f4-6a4dede1898e,headword,罚,fá,punish,罰する,0,
content:ca5535e8-d832-54a1-9534-3c5d0126534b,fbc8247876f3994534f07549b330de0ca8aee710a9b81b55e4127e8f66040be2,pinyin,word,罚,cdfda514-fd00-513b-8412-9f01f051c477,definition,因过错而受到惩处。,yīn guò cuò ér shòu dào chéng chǔ 。,,,0,处=chǔ
content:b6db6f12-a2e1-5a82-adf9-2721a7be038d,9046e496f219c36619ed0c0912da6bbf575dcd750a242b643aee891a4e4d3a53,pinyin,word,法,9dd310b8-86ca-57cc-99e1-7c8da6aa7896,headword,法,fǎ,law,法律,0,
content:b6db6f12-a2e1-5a82-adf9-2721a7be038d,9046e496f219c36619ed0c0912da6bbf575dcd750a242b643aee891a4e4d3a53,pinyin,word,法,d7513908-ef25-5661-b9e5-c70906e06e46,definition,方法；规则或法律。,fāng fǎ ； guī zé huò fǎ lǜ 。,,,0,
content:1480198e-5b09-502e-bc1b-b65e1795b73f,8d505e54986b79551ebb3bdf16540c63703e6868d75985003ee88eb17608a2c2,pinyin,word,发,db6431f7-3b0d-5b41-bd22-5946f20d93ea,headword,发,fà,hair,髪,0,发=fà
content:1480198e-5b09-502e-bc1b-b65e1795b73f,8d505e54986b79551ebb3bdf16540c63703e6868d75985003ee88eb17608a2c2,pinyin,word,发,69a3ff56-7408-532d-9722-94e4a67b056b,definition,头上生长的毛。,tóu shàng shēng zhǎng de máo 。,,,0,
content:6f474961-0684-502e-b26f-ad1933239627,7bb9ceadb51b0dd5c0516383c8b60fc4bd172f0190347fe2c5f39d1ba6828a87,pinyin,word,搭,83acd03f-6249-5546-a97e-85eaab709378,headword,搭,dā,put up,組み立てる,0,
content:6f474961-0684-502e-b26f-ad1933239627,7bb9ceadb51b0dd5c0516383c8b60fc4bd172f0190347fe2c5f39d1ba6828a87,pinyin,word,搭,0ea482a4-b348-56d9-b505-4320449defb0,definition,把东西架起或连接。,bǎ dōng xi jià qǐ huò lián jiē 。,,,0,
content:63b29b7a-9ead-5ef3-8c99-1e4f813971be,80e28045db41a024c50ab06f722fa7b5d9c8e68362b6aa275435069290af6095,pinyin,word,达,3d86f919-85a9-57e4-a0aa-6ed50a65ff0e,headword,达,dá,reach,達する,0,
content:63b29b7a-9ead-5ef3-8c99-1e4f813971be,80e28045db41a024c50ab06f722fa7b5d9c8e68362b6aa275435069290af6095,pinyin,word,达,d18961b8-9fc1-5bd7-afb9-f726ca0ebc21,definition,到达；达到。,dào dá ； dá dào 。,,,0,
content:13f677ec-505f-5046-858e-3c74f3113de1,b22802ee3472cdec2d49117c536542f05e99f1c92685f86392d15b37ac527c0a,pinyin,word,打,1026251c-955e-5743-a9b6-d6bb66efc437,headword,打,dǎ,hit,打つ,0,
content:13f677ec-505f-5046-858e-3c74f3113de1,b22802ee3472cdec2d49117c536542f05e99f1c92685f86392d15b37ac527c0a,pinyin,word,打,3ea5a217-994c-55e9-85ba-8184a3d84561,definition,击、敲；也用于打球等动作。,jī 、 qiāo ； yě yòng yú dǎ qiú děng dòng zuò 。,,,0,
content:c6240ff4-6022-5a16-a034-bb392bc8b251,9d036c57f6c15f2b47b8ba833b14ca47b719fc7e9108e9c095d5a576415da8fc,pinyin,word,大,48c94169-3f54-51de-9e55-0ebf5f8cd514,headword,大,dà,big,大きい,0,
content:c6240ff4-6022-5a16-a034-bb392bc8b251,9d036c57f6c15f2b47b8ba833b14ca47b719fc7e9108e9c095d5a576415da8fc,pinyin,word,大,33847d3a-287f-5f7e-b6d0-c54e687870c6,definition,与小相对。,yǔ xiǎo xiāng duì 。,,,0,
content:8a4fbc3b-4970-5c6a-acd7-a241839fb3ce,241e30a5126af105f8bba9fe1436caf8ff93a88c94fc04d1035717c82a5dee96,pinyin,word,他,a0d97dd8-363a-58cf-9ed0-6339f391b75e,headword,他,tā,he,彼,0,
content:8a4fbc3b-4970-5c6a-acd7-a241839fb3ce,241e30a5126af105f8bba9fe1436caf8ff93a88c94fc04d1035717c82a5dee96,pinyin,word,他,d9895348-dc27-50b8-8d5c-19274923fcf2,definition,指男性第三人称。,zhǐ nán xìng dì sān rén chēng 。,,,0,
content:0c51ba62-5a51-5154-a656-d813fbd52105,7e97dacd26acfc499381234f80e297b801e93e9a7d11ef5d4fc1a963c43d1bba,pinyin,word,塔,942ca080-ad96-5b9f-9704-7dd298af146b,headword,塔,tǎ,tower,塔,0,
content:0c51ba62-5a51-5154-a656-d813fbd52105,7e97dacd26acfc499381234f80e297b801e93e9a7d11ef5d4fc1a963c43d1bba,pinyin,word,塔,6f7ccf0e-b8c0-5774-9df1-c2d3866b6f24,definition,高耸、分层的建筑物。,gāo sǒng 、 fēn céng de jiàn zhù wù 。,,,0,
content:f42b2c38-a67d-5f23-9527-0f5119b191d6,742bb156e7660d8a1949b2caf62ff546d98e1a44a5cf32973072d2ebf476cee5,pinyin,word,踏,57b2a052-1c08-58de-953e-b3838eb7255b,headword,踏,tà,step on,踏む,0,
content:f42b2c38-a67d-5f23-9527-0f5119b191d6,742bb156e7660d8a1949b2caf62ff546d98e1a44a5cf32973072d2ebf476cee5,pinyin,word,踏,9880f004-b7e2-5bf7-9a55-99021e189e94,definition,用脚踩。,yòng jiǎo cǎi 。,,,0,
content:dbac7f4d-6c93-531c-818f-291fef3d5258,c137ac7bc1895853ad27ba19fa88baa0c2bfea88362cb60c255bf4818c176d5b,pinyin,word,拿,ca43f663-9915-55a2-965f-4f4512342e39,headword,拿,ná,take,取る,0,
content:dbac7f4d-6c93-531c-818f-291fef3d5258,c137ac7bc1895853ad27ba19fa88baa0c2bfea88362cb60c255bf4818c176d5b,pinyin,word,拿,5dd0b103-3fcd-5bc4-92c0-bcb15b8e0dd0,definition,用手取或握住。,yòng shǒu qǔ huò wò zhù 。,,,0,
content:c122a371-3467-5304-b275-f7fae4cb863a,1af3b2bfda2a881f516dd9f45ab4a009d8015e05fa729e9dfc562098e3fba7ce,pinyin,word,哪,3429975a-3afa-52c7-beb0-507cfc59a529,headword,哪,nǎ,which,どの,0,
content:c122a371-3467-5304-b275-f7fae4cb863a,1af3b2bfda2a881f516dd9f45ab4a009d8015e05fa729e9dfc562098e3fba7ce,pinyin,word,哪,18e40735-4920-57dc-a19d-49e971df144e,definition,询问人或事物中的某一个。,xún wèn rén huò shì wù zhōng de mǒu yī gè 。,,,0,
content:7a193102-f26e-59a0-a4f1-49c66a13ca80,cd2a2c27ae360bd65842dae5dea22c702df5297e2bd80d5ed4aa5c8dcc722a9d,pinyin,word,那,087a5b55-e372-562c-9296-21c117ca33d9,headword,那,nà,that,あの,0,
content:7a193102-f26e-59a0-a4f1-49c66a13ca80,cd2a2c27ae360bd65842dae5dea22c702df5297e2bd80d5ed4aa5c8dcc722a9d,pinyin,word,那,ee0e17ac-31d7-5390-a1ce-288bd2fa8b28,definition,指较远的人或事物。,zhǐ jiào yuǎn de rén huò shì wù 。,,,0,
content:b59a66fe-08bd-5e20-aedb-8fa2516a43ce,eda5947229988e0b2f2bd068e76aac1025e8f2fc2b1b7d8fcbdcc974b4202f1f,pinyin,word,拉,257252f6-5cd6-53a2-8941-288810c17c10,headword,拉,lā,pull,引く,0,
content:b59a66fe-08bd-5e20-aedb-8fa2516a43ce,eda5947229988e0b2f2bd068e76aac1025e8f2fc2b1b7d8fcbdcc974b4202f1f,pinyin,word,拉,196b5e6b-c6a9-57ab-bb0b-fceff5ed1205,definition,用力使物体向自己移动。,yòng lì shǐ wù tǐ xiàng zì jǐ yí dòng 。,,,0,
content:5eb1b349-eac6-5c05-a1f5-935b095fdc57,c3df60408575bc0b1204edf2921eab855ada5d922f77075c4b798c748e327b7e,pinyin,word,喇,e90d9ae0-a827-5184-8c0f-e7731f378e58,headword,喇,lǎ,trumpet (喇叭),ラッパ（喇叭）,0,
content:5eb1b349-eac6-5c05-a1f5-935b095fdc57,c3df60408575bc0b1204edf2921eab855ada5d922f77075c4b798c748e327b7e,pinyin,word,喇,190c1b1a-a098-581e-bda0-4d4a40a469da,definition,用于喇叭一词。,yòng yú lǎ ba yī cí 。,,,0,
content:da18640b-a371-597f-9ebd-47364a733640,275b5f48320080c00d42e5209f7dfea5848dc8c08badfc9e6259703433bef49a,pinyin,word,辣,bb8cd969-28fe-5bff-8378-78c6e6ae3a29,headword,辣,là,spicy,辛い,0,
content:da18640b-a371-597f-9ebd-47364a733640,275b5f48320080c00d42e5209f7dfea5848dc8c08badfc9e6259703433bef49a,pinyin,word,辣,804b6689-9f7b-5542-aeec-271fe39346dc,definition,像辣椒一样刺激的味道。,xiàng là jiāo yī yàng cì jī de wèi dào 。,,,0,
content:4c90d1ce-c366-5318-b27a-a90e7f43af2f,2b9c0317ae166a1fbf91e0bc432429fa2590133bd0383dd6daaf20643ccf2f95,pinyin,word,歌,5e98a36d-abd1-59c8-a873-be2d58360b9b,headword,歌,gē,song,歌,0,
content:4c90d1ce-c366-5318-b27a-a90e7f43af2f,2b9c0317ae166a1fbf91e0bc432429fa2590133bd0383dd6daaf20643ccf2f95,pinyin,word,歌,4fe35c58-f49a-57e3-9cb7-88719ad4a41e,definition,能唱出的有节奏的词句。,néng chàng chū de yǒu jié zòu de cí jù 。,,,0,
content:ff817a41-7d9a-56b5-9ee6-5e6b6c7068c1,c3261528591125e14d9ac27242394e6c5f0a09a6927d284f2fa713e25002f5e2,pinyin,word,格,d3fe5acd-ac62-5657-a580-474459e72073,headword,格,gé,grid,格子,0,
content:ff817a41-7d9a-56b5-9ee6-5e6b6c7068c1,c3261528591125e14d9ac27242394e6c5f0a09a6927d284f2fa713e25002f5e2,pinyin,word,格,933307ff-0160-5277-a946-81f66c81ff2f,definition,格子；规格。,gé zi ； guī gé 。,,,0,
content:8888da08-9ca0-575d-992d-6b5cb1db327a,1ef192b4d7f11d97a9553afe9d3d7f2dc57610020ff523bf092f6d88a2ed5923,pinyin,word,葛,7cc13d5c-d254-573e-a29b-98136f75e507,headword,葛,gě,surname Ge,姓の葛,0,
content:8888da08-9ca0-575d-992d-6b5cb1db327a,1ef192b4d7f11d97a9553afe9d3d7f2dc57610020ff523bf092f6d88a2ed5923,pinyin,word,葛,599056f5-e3e6-531c-84b3-4c659bd80348,definition,姓氏。,xìng shì 。,,,0,
content:0815c4fe-0e16-55fc-ab44-482bb6dcc9f0,0ccfaf5b40d54cdb5503966df9a27993446cba8740ced342082e232b7916a3b6,pinyin,word,个,752c2f68-a905-5ae9-8a65-3eb45fb80cbb,headword,个,gè,individual,個,0,
content:0815c4fe-0e16-55fc-ab44-482bb6dcc9f0,0ccfaf5b40d54cdb5503966df9a27993446cba8740ced342082e232b7916a3b6,pinyin,word,个,6da442bd-2249-53fc-b279-eaa694c0f2e9,definition,用于计算人或事物的量词。,yòng yú jì suàn rén huò shì wù de liàng cí 。,,,0,
content:d0d26a00-5f99-557f-ba52-0032f1d08793,9094d3b2dddb9a9a71c05328667375a310d2b7c577b6f294a8e47d99481893b9,pinyin,word,科,970d8698-9a12-5d23-84dc-ece3650f28e9,headword,科,kē,subject,科目,0,
content:d0d26a00-5f99-557f-ba52-0032f1d08793,9094d3b2dddb9a9a71c05328667375a310d2b7c577b6f294a8e47d99481893b9,pinyin,word,科,b778e39b-ef75-534f-844b-c473dd21f8c2,definition,学科；类别。,xué kē ； lèi bié 。,,,0,
content:a88750b1-cc35-5337-826f-082fc792ca95,71b10a36035f21bf722b407b1d23e021732f729e71c49f53126744ce5a3c2dc4,pinyin,word,咳,40d5af56-f291-56e5-9479-38329944f122,headword,咳,ké,cough,咳,0,
content:a88750b1-cc35-5337-826f-082fc792ca95,71b10a36035f21bf722b407b1d23e021732f729e71c49f53126744ce5a3c2dc4,pinyin,word,咳,abc4a481-6c62-563f-906e-8c13ab9d85d3,definition,咳嗽，把气从喉咙突然呼出。,ké sou ， bǎ qì cóng hóu lóng tū rán hū chū 。,,,0,
content:104f5f50-3031-5ef7-bfc0-09f6cc801b24,049cf1656f618ed34d4498c6b455512b38277fa354687f5529ed159538a44f36,pinyin,word,可,e987d575-eb0b-5f23-83c8-2fb515aece18,headword,可,kě,may,可能,0,
content:104f5f50-3031-5ef7-bfc0-09f6cc801b24,049cf1656f618ed34d4498c6b455512b38277fa354687f5529ed159538a44f36,pinyin,word,可,8b075bf0-2f2a-52dc-9eef-5dc00fbd88d9,definition,可以；能够。,kě yǐ ； néng gòu 。,,,0,
content:72644b26-b80d-5ced-8c12-b12828e04305,5b631dfadacad10b4c785a7d335b389c634803e0edf269959eee8ce16678dfce,pinyin,word,课,488de153-cc91-5dd1-b884-a66a80dabe61,headword,课,kè,lesson,授業,0,
content:72644b26-b80d-5ced-8c12-b12828e04305,5b631dfadacad10b4c785a7d335b389c634803e0edf269959eee8ce16678dfce,pinyin,word,课,bd01e33e-fcc4-59ca-a193-1a87d72c0b0a,definition,教学的一个时段或学习内容。,jiào xué de yī gè shí duàn huò xué xí nèi róng 。,,,0,
content:191ba872-4caa-50cd-b790-f7ed0f92621d,53d4b38a8f1ef7cf802a86b8cbab1b2c163ff89f4bf72c31705f637a5e4c9ce0,pinyin,word,喝,f4d84989-adb9-56bf-a8b2-cc96252e0a2a,headword,喝,hē,drink,飲む,0,
content:191ba872-4caa-50cd-b790-f7ed0f92621d,53d4b38a8f1ef7cf802a86b8cbab1b2c163ff89f4bf72c31705f637a5e4c9ce0,pinyin,word,喝,1a00a610-77aa-538b-8204-1e175dc40f4a,definition,把水等液体咽下去。,bǎ shuǐ děng yè tǐ yàn xià qù 。,,,0,
content:73af767c-83d7-5a2c-afb2-c640ca45e958,10c0d293d08e7e9b66cfb0ae451bd7a7dd6c699932db45bc13456990bbad5ab6,pinyin,word,河,d0165a51-08c4-5525-888a-a5b96ff5517e,headword,河,hé,river,川,0,
content:73af767c-83d7-5a2c-afb2-c640ca45e958,10c0d293d08e7e9b66cfb0ae451bd7a7dd6c699932db45bc13456990bbad5ab6,pinyin,word,河,4272fd76-481a-53b6-be87-d381f3927ab1,definition,天然的较大水道。,tiān rán de jiào dà shuǐ dào 。,,,0,
content:bd1c160c-bd6f-5fb7-975e-d9015b9eb427,64d9d7eb02aa05292fb331f883c596fa138d611b3014afc64dd455bd5c98bd18,pinyin,word,贺,a3722ca7-6646-5ade-8e0c-d72630c91136,headword,贺,hè,congratulate,祝う,0,
content:bd1c160c-bd6f-5fb7-975e-d9015b9eb427,64d9d7eb02aa05292fb331f883c596fa138d611b3014afc64dd455bd5c98bd18,pinyin,word,贺,ab09e233-a453-5077-9f50-b6eafb1e3ae6,definition,表示祝贺。,biǎo shì zhù hè 。,,,0,
content:ccc0678c-7b5e-5703-b5ce-ac4767819394,a2357cbe4e0f78abfeb07a616c00c0658c1e00f30359e55720f3d55856febc69,pinyin,word,鸡,be146873-d940-5d90-82d7-74556921601e,headword,鸡,jī,chicken,鶏,0,
content:ccc0678c-7b5e-5703-b5ce-ac4767819394,a2357cbe4e0f78abfeb07a616c00c0658c1e00f30359e55720f3d55856febc69,pinyin,word,鸡,aee212ae-ac3f-5ab6-ac9d-7c36709c693b,definition,一种常见家禽。,yī zhǒng cháng jiàn jiā qín 。,,,0,
content:57f7a046-f859-5f7b-8b17-b7628cfacf9f,e7247c8405eb6a8d74bccdc20b0fcadd7d882ab8446021856967cc779dbb9a18,pinyin,word,急,85a86735-ce24-5c44-ac3f-ae01ac382413,headword,急,jí,urgent,急な,0,
content:57f7a046-f859-5f7b-8b17-b7628cfacf9f,e7247c8405eb6a8d74bccdc20b0fcadd7d882ab8446021856967cc779dbb9a18,pinyin,word,急,de2da077-d778-5444-bb87-01345e65e90a,definition,着急；急迫。,zháo jí ； jí pò 。,,,0,
content:11bccbd2-3e15-5a6a-848d-b9ba00b033d1,8186b8be1a203a59205c6a4769e934246e411270b1d501fbcc3cd0bd4503927f,pinyin,word,几,1b60e0a0-6a68-5dad-9096-46f29c42be48,headword,几,jǐ,how many,いくつ,0,
content:11bccbd2-3e15-5a6a-848d-b9ba00b033d1,8186b8be1a203a59205c6a4769e934246e411270b1d501fbcc3cd0bd4503927f,pinyin,word,几,d6f1d5d3-f96d-560a-b2c4-01c715ed4006,definition,询问数目。,xún wèn shù mù 。,,,0,
content:1d372e87-6139-5553-a089-51860476e387,f97d01b4f9752edbc388a4af50b134c3ca932b2008a1f8001f1ee2ed8a73b562,pinyin,word,记,5d473e2c-b513-5107-9231-661a0a314197,headword,记,jì,remember,覚える,0,
content:1d372e87-6139-5553-a089-51860476e387,f97d01b4f9752edbc388a4af50b134c3ca932b2008a1f8001f1ee2ed8a73b562,pinyin,word,记,b7a242ea-6682-5fd8-97be-edc94d3bc468,definition,记住；记录。,jì zhù ； jì lù 。,,,0,
content:74c514b6-1158-5c33-895f-e9685a58fdfc,dadf797c0c5f39568504aff7d00038f12d8917572d46de4a8164b3804f8f8d45,pinyin,word,七,85578d9f-c446-5356-acda-b8c45b023b94,headword,七,qī,seven,七,0,
content:74c514b6-1158-5c33-895f-e9685a58fdfc,dadf797c0c5f39568504aff7d00038f12d8917572d46de4a8164b3804f8f8d45,pinyin,word,七,87a01384-b7b0-5adb-b984-d10edf79cfcb,definition,数目，六加一。,shù mù ， liù jiā yī 。,,,0,
content:1a796e96-fdc1-5c7d-a7a9-05ba24312e96,d6e76d8dea5d2db2c613e4f13d9cdf2e1199a746cfd7c3decd1bcaa63b21e8e6,pinyin,word,骑,693f34b7-fe88-58f7-809d-051db4b0a19f,headword,骑,qí,ride,乗る,0,
content:1a796e96-fdc1-5c7d-a7a9-05ba24312e96,d6e76d8dea5d2db2c613e4f13d9cdf2e1199a746cfd7c3decd1bcaa63b21e8e6,pinyin,word,骑,46fb6ec7-068e-524a-9e8e-33fcb7628939,definition,跨坐在动物或车辆上。,kuà zuò zài dòng wù huò chē liàng shàng 。,,,0,
content:e5dde4e3-80e5-5afe-9c67-97d61089dcd2,3a4ab5cfe75c792ab59342339ea2229d6ea6e7e48436af2c5b4961ccf41798ae,pinyin,word,起,b0ef0bbd-66e2-5d8f-b9b5-5d921d9b8fdf,headword,起,qǐ,rise,起きる,0,
content:e5dde4e3-80e5-5afe-9c67-97d61089dcd2,3a4ab5cfe75c792ab59342339ea2229d6ea6e7e48436af2c5b4961ccf41798ae,pinyin,word,起,468062c4-e55a-5e66-9d38-a7d465f1c728,definition,由坐卧到站立；开始。,yóu zuò wò dào zhàn lì ； kāi shǐ 。,,,0,
content:d0b23e15-73c0-597f-aecd-36ec842dd5c2,9a3279025ae841dbde949bd8bc8fd496a079a9c8ec4955c8b007bceae75af574,pinyin,word,气,3685a874-f473-54de-9b03-1110396062ca,headword,气,qì,air,空気,0,
content:d0b23e15-73c0-597f-aecd-36ec842dd5c2,9a3279025ae841dbde949bd8bc8fd496a079a9c8ec4955c8b007bceae75af574,pinyin,word,气,cf73a16a-029c-5da5-980c-954c045d997a,definition,气体；空气。,qì tǐ ； kōng qì 。,,,0,
content:17c4aea2-bdc0-5ec2-bd0c-7ce7946e5d7e,a7c8f1b5ca0ecf867dccaf3a6dcd944c1b86507577abae6c01867371cb6ca02c,pinyin,word,西,89f3e330-7296-538e-8b98-5a8e261b5a09,headword,西,xī,west,西,0,
content:17c4aea2-bdc0-5ec2-bd0c-7ce7946e5d7e,a7c8f1b5ca0ecf867dccaf3a6dcd944c1b86507577abae6c01867371cb6ca02c,pinyin,word,西,bf60ccce-3d03-52cb-98b9-db8fe63b07eb,definition,与东相对的方向。,yǔ dōng xiāng duì de fāng xiàng 。,,,0,
content:72539af7-056c-57e8-9a91-c37aebc48952,6b7359d4c86e9cca1c0e5ae8e05001eac787baef20e69218e4d353714008a7ff,pinyin,word,习,1995e170-b242-5792-bc82-6d777a2ff117,headword,习,xí,practice,習う,0,
content:72539af7-056c-57e8-9a91-c37aebc48952,6b7359d4c86e9cca1c0e5ae8e05001eac787baef20e69218e4d353714008a7ff,pinyin,word,习,e8e7c4bd-fa58-510f-aacd-fccd97a64707,definition,学习；练习。,xué xí ； liàn xí 。,,,0,
content:cc4496ea-c724-5332-983f-05ed174d876a,7f771442dd335ea99d05ceb90393fd84047d2e16a64872536bc808f32c508a9e,pinyin,word,洗,95299a60-5473-550a-99cf-a8aa2fcc14a0,headword,洗,xǐ,wash,洗う,0,
content:cc4496ea-c724-5332-983f-05ed174d876a,7f771442dd335ea99d05ceb90393fd84047d2e16a64872536bc808f32c508a9e,pinyin,word,洗,c50eb751-4bf3-5e58-9c53-9cfda842fa79,definition,用水等去掉污垢。,yòng shuǐ děng qù diào wū gòu 。,,,0,
content:a42c689e-17e8-50c0-8904-7d3cb936a7a9,4be2042f58e6c1b4dbd7e521ecbf0f3f734b348be7b6ac7115883f03d1bee7a8,pinyin,word,细,e5fdd923-d47b-5ad1-902d-e4aa73934756,headword,细,xì,fine,細かい,0,
content:a42c689e-17e8-50c0-8904-7d3cb936a7a9,4be2042f58e6c1b4dbd7e521ecbf0f3f734b348be7b6ac7115883f03d1bee7a8,pinyin,word,细,a7a6ec64-a750-56cb-af67-b4a763f9d678,definition,与粗相对；精细。,yǔ cū xiāng duì ； jīng xì 。,,,0,
content:2d4ae828-b429-5b61-a997-d87214383a3a,6a70915de8fba8b47924805e9ad0e9ea641f5ec8aebb4769bea580b50bf0fe91,pinyin,word,知,8c8601eb-d7bd-5500-8e5d-8511f8960ee0,headword,知,zhī,know,知る,0,
content:2d4ae828-b429-5b61-a997-d87214383a3a,6a70915de8fba8b47924805e9ad0e9ea641f5ec8aebb4769bea580b50bf0fe91,pinyin,word,知,bdc98190-41b8-5cf7-83ee-fdaa1ff991f9,definition,知道；了解。,zhī dào ； liǎo jiě 。,,,0,
content:8563ee03-bd96-549f-b162-0cfa1b8864be,ebfe85158f341e0e8d60190de215c2f50b4bcd9f3e9caef4d0a7ff9a26af0008,pinyin,word,直,8f94df28-4338-50d9-8f58-095e93bff43e,headword,直,zhí,straight,まっすぐ,0,
content:8563ee03-bd96-549f-b162-0cfa1b8864be,ebfe85158f341e0e8d60190de215c2f50b4bcd9f3e9caef4d0a7ff9a26af0008,pinyin,word,直,8603ae26-a3cf-5ebb-93e1-778a4ff6ffa8,definition,不弯曲。,bù wān qū 。,,,0,
content:3aa806f2-30c2-514f-b267-c15e0c21ea19,02645bf9203472bdf40a96403d5dc982ae74af2ea0433d0d3b873ca2a02b9cbd,pinyin,word,纸,24372a22-64e3-5d65-8dd2-7d4315200ce3,headword,纸,zhǐ,paper,紙,0,
content:3aa806f2-30c2-514f-b267-c15e0c21ea19,02645bf9203472bdf40a96403d5dc982ae74af2ea0433d0d3b873ca2a02b9cbd,pinyin,word,纸,9bba9803-ddaa-5ffb-8920-945780fa4acb,definition,用于书写、印刷等的薄片材料。,yòng yú shū xiě 、 yìn shuā děng de báo piàn cái liào 。,,,0,
content:3fdce10a-27c1-5847-9e95-57b0f7d20a8c,a6edd6c44686b53201a61d735a5a42b65e16d1d29ca73b69729b5a12e4b46a72,pinyin,word,至,672549b8-227d-5b7f-9d4b-c60317409e8b,headword,至,zhì,arrive,至る,0,
content:3fdce10a-27c1-5847-9e95-57b0f7d20a8c,a6edd6c44686b53201a61d735a5a42b65e16d1d29ca73b69729b5a12e4b46a72,pinyin,word,至,dfb31c5c-a376-5eb0-aca8-d51b71d5b392,definition,到；到达。,dào ； dào dá 。,,,0,
content:1a792b89-6644-599a-acba-b19660166567,6fa4cca2c2f0b464f8ef2a7f2bbcd2f724a868b81ee16a4c9363b31da6b94320,pinyin,word,吃,dacd6599-8c26-50db-a0c1-7503939ab25a,headword,吃,chī,eat,食べる,0,
content:1a792b89-6644-599a-acba-b19660166567,6fa4cca2c2f0b464f8ef2a7f2bbcd2f724a868b81ee16a4c9363b31da6b94320,pinyin,word,吃,79011f84-96ad-5bd5-816a-8df95ea00a95,definition,把食物送入口中咽下。,bǎ shí wù sòng rù kǒu zhōng yàn xià 。,,,0,
content:c7cab9e6-3e3e-5a48-b9b2-dfa09d27f06b,50723e997d95278d2c25723c36a32f646254ae5b726ce26a2e4d6ac7a8a8cc9c,pinyin,word,迟,f548013b-655a-53ad-bcd3-fe54d3f603c1,headword,迟,chí,late,遅い,0,
content:c7cab9e6-3e3e-5a48-b9b2-dfa09d27f06b,50723e997d95278d2c25723c36a32f646254ae5b726ce26a2e4d6ac7a8a8cc9c,pinyin,word,迟,31b45aa3-2c7d-5085-a8d3-1558d12281f2,definition,比预定或合适的时间晚。,bǐ yù dìng huò hé shì de shí jiān wǎn 。,,,0,
content:c88653b8-5278-55f1-a0c8-032105ed6369,912694280ce086e9d18f26c83ba3e66f773823f38c8d221fac1831cdd13b251b,pinyin,word,尺,1c7adfac-95f3-5adf-906a-7fb696ac171b,headword,尺,chǐ,ruler,物差し,0,
content:c88653b8-5278-55f1-a0c8-032105ed6369,912694280ce086e9d18f26c83ba3e66f773823f38c8d221fac1831cdd13b251b,pinyin,word,尺,530e376a-b297-506d-96e0-cb37ab99e236,definition,量长度的工具；长度单位。,liáng cháng dù de gōng jù ； cháng dù dān wèi 。,,,0,长=cháng; 长=cháng
content:0e6f3f41-0432-5090-b113-a8d5478fdf23,4b702eb4631a4689aac4636e75ba83e0e3ca88289a8e9ff989a90a3db8ac6e02,pinyin,word,赤,86895457-7cc3-5430-acbb-a4f084dfeb22,headword,赤,chì,red,赤い,0,
content:0e6f3f41-0432-5090-b113-a8d5478fdf23,4b702eb4631a4689aac4636e75ba83e0e3ca88289a8e9ff989a90a3db8ac6e02,pinyin,word,赤,56508ae9-81cf-55d2-887d-5179187f7d56,definition,红色。,hóng sè 。,,,0,
content:0e292023-2c06-5097-aef0-f325c8d64ead,56dba614e45f8a507bef8209826b1af7a4eec78337db16b6f502acc9d417de95,pinyin,word,诗,5c4334c7-3e96-5fd8-944f-592e179ceaf8,headword,诗,shī,poem,詩,0,
content:0e292023-2c06-5097-aef0-f325c8d64ead,56dba614e45f8a507bef8209826b1af7a4eec78337db16b6f502acc9d417de95,pinyin,word,诗,713fcf46-93a8-5d75-a2f3-751cc340f098,definition,用凝练、有节奏的语言表达感情的文学作品。,yòng níng liàn 、 yǒu jié zòu de yǔ yán biǎo dá gǎn qíng de wén xué zuò pǐn 。,,,0,
content:7952280a-cc34-50ed-b2cd-fa0405c0fc34,10b502e60dd53b9d2953f1598340e49ec4a6b609b4ec363c6118d764bd82cf54,pinyin,word,十,5dd25f22-c06a-5044-adb6-7d2fd1585d73,headword,十,shí,ten,十,0,
content:7952280a-cc34-50ed-b2cd-fa0405c0fc34,10b502e60dd53b9d2953f1598340e49ec4a6b609b4ec363c6118d764bd82cf54,pinyin,word,十,b81625b7-8561-5e59-a9a9-84382cc842b6,definition,数目，九加一。,shù mù ， jiǔ jiā yī 。,,,0,
content:9aa84714-abbd-5742-90c3-f4e4fadc9183,d37b17b672c49ff4e1046700fb3ee2aefe7969993e4b642aac0a34989fbb2327,pinyin,word,史,5e5a10c0-f6a8-518c-a8b7-09a0fc6d406b,headword,史,shǐ,history,歴史,0,
content:9aa84714-abbd-5742-90c3-f4e4fadc9183,d37b17b672c49ff4e1046700fb3ee2aefe7969993e4b642aac0a34989fbb2327,pinyin,word,史,70a70c86-d400-5b76-b6f9-8c62ea808b13,definition,历史；过去发生的事情。,lì shǐ ； guò qù fā shēng de shì qing 。,,,0,
content:74acdc2b-9cc7-5c3f-9f5d-7541f7826c88,ef34f058a4ef9db6cdc0bfed555301f31e7d717bb647f3b88338ab0b4ce73b7b,pinyin,word,是,0cf4cf8d-70cf-5f9b-96d4-3d3cab37ad41,headword,是,shì,be,である,0,
content:74acdc2b-9cc7-5c3f-9f5d-7541f7826c88,ef34f058a4ef9db6cdc0bfed555301f31e7d717bb647f3b88338ab0b4ce73b7b,pinyin,word,是,df17b8f4-e05a-5657-a837-af3f3a71ff9b,definition,表示判断或肯定。,biǎo shì pàn duàn huò kěn dìng 。,,,0,
content:3bb7ab82-b8c6-5d37-891d-922f9ac3fe78,cf02736aa18b38032822b9094708376b16d335e1da2c3423a42bd87f0a6b1087,pinyin,word,日,a57f54c5-1b81-56a6-a431-cafda6cb68a7,headword,日,rì,sun,日,0,
content:3bb7ab82-b8c6-5d37-891d-922f9ac3fe78,cf02736aa18b38032822b9094708376b16d335e1da2c3423a42bd87f0a6b1087,pinyin,word,日,23e7b2ff-0d0e-5b33-a8de-c6835faf11e8,definition,太阳；一天。,tài yáng ； yī tiān 。,,,0,
content:60a6cc46-2dbf-54d5-a242-547ae5a91877,098a1c397530a431f90312da7f15e818e8f7a0bd9acf1d472f33372797bc142d,pinyin,word,资,8bc8f2ee-9970-542f-abd8-ffff5bf92db8,headword,资,zī,resources,資源,0,
content:60a6cc46-2dbf-54d5-a242-547ae5a91877,098a1c397530a431f90312da7f15e818e8f7a0bd9acf1d472f33372797bc142d,pinyin,word,资,58b8d528-3d6c-546d-b61e-08f24a09305b,definition,财物；供使用的条件。,cái wù ； gōng shǐ yòng de tiáo jiàn 。,,,0,
content:9eb11ac1-4ec3-545c-8607-bbcbc72d0f60,1a37a77124b7ecd232f3f7575394cf30e7374987c0904756a4820bbeb179eb51,pinyin,word,子,4add82db-4476-56a5-bac8-7782c3256d21,headword,子,zǐ,child,子,0,
content:9eb11ac1-4ec3-545c-8607-bbcbc72d0f60,1a37a77124b7ecd232f3f7575394cf30e7374987c0904756a4820bbeb179eb51,pinyin,word,子,f5b6bf41-9451-515c-b5d9-1272773e8242,definition,孩子；后代。,hái zi ； hòu dài 。,,,0,
content:4b1c5a46-7590-5466-8823-fbd3eb93c2cf,f780abfc487e17a59623ce56e6b5d88bdfc3131a404f0a9d91be8e9320e867dd,pinyin,word,字,b3c69ab1-a0d5-5c43-844a-5c40c5153c2f,headword,字,zì,character,文字,0,
content:4b1c5a46-7590-5466-8823-fbd3eb93c2cf,f780abfc487e17a59623ce56e6b5d88bdfc3131a404f0a9d91be8e9320e867dd,pinyin,word,字,7c15b27e-6e72-5f49-bca6-7eeebd03cd22,definition,记录语言的书写符号。,jì lù yǔ yán de shū xiě fú hào 。,,,0,
content:60a61a60-442f-529d-8aee-5c74eb83b20d,0d5ae911fe12c147b4a8fe304ffbc0af7f4c45770bd3b40f0489304dda204172,pinyin,word,雌,ad97c861-46c4-5e94-be9c-9651b6e1ece5,headword,雌,cī,female,雌,0,雌=cī
content:60a61a60-442f-529d-8aee-5c74eb83b20d,0d5ae911fe12c147b4a8fe304ffbc0af7f4c45770bd3b40f0489304dda204172,pinyin,word,雌,acbb2017-71dd-5006-85af-16d2c2a318ac,definition,某些动物中能够产卵或生育的一方。,mǒu xiē dòng wù zhōng néng gòu chǎn luǎn huò shēng yù de yī fāng 。,,,0,
content:f00ee764-7cf8-52aa-baaa-96c72f355b25,a1a70bb0227814f60d45b3312426f86355c1026f45e64e594f13f1d680cc7f78,pinyin,word,词,da8b7b42-3162-58b2-b51f-392b4f850aa6,headword,词,cí,word,語,0,
content:f00ee764-7cf8-52aa-baaa-96c72f355b25,a1a70bb0227814f60d45b3312426f86355c1026f45e64e594f13f1d680cc7f78,pinyin,word,词,fe017138-9ef1-5e99-b42b-044cc972f2e7,definition,语言中能独立运用的单位。,yǔ yán zhōng néng dú lì yùn yòng de dān wèi 。,,,0,
content:0e20c23c-5e4f-540a-9d71-bf9884aa1cb1,ffe76359e7a513487083f7c321394f0854bf11b1708b1c1b2d1d5c542fd8075a,pinyin,word,此,11dc23da-cf61-526b-9032-2c088fdc5f35,headword,此,cǐ,this,これ,0,
content:0e20c23c-5e4f-540a-9d71-bf9884aa1cb1,ffe76359e7a513487083f7c321394f0854bf11b1708b1c1b2d1d5c542fd8075a,pinyin,word,此,fdde97f8-2efc-5a6d-be97-cd25d2343a51,definition,这个。,zhè ge 。,,,0,
content:3468703b-4b7c-58f7-b4e9-2e12fa944fa8,b427f5274ce2db9f1348d0e753a36388629c6735188a011eb772d1135148fdbb,pinyin,word,次,b7417978-8e1b-5c80-9550-6fb123a18efa,headword,次,cì,time,回,0,
content:3468703b-4b7c-58f7-b4e9-2e12fa944fa8,b427f5274ce2db9f1348d0e753a36388629c6735188a011eb772d1135148fdbb,pinyin,word,次,a27be1d9-1e5f-5ecf-9662-0ffa30beb16b,definition,次数；顺序。,cì shù ； shùn xù 。,,,0,
content:a83944e5-aa26-5bb1-8820-b8bbc53391f5,9cb39833713e5e0fefc799ab93a27dc4f3cd9b2fdaf34f55a90be5a67063059a,pinyin,word,丝,d7934f08-a765-56d1-8335-e1e3f37a87cf,headword,丝,sī,silk,絹,0,
content:a83944e5-aa26-5bb1-8820-b8bbc53391f5,9cb39833713e5e0fefc799ab93a27dc4f3cd9b2fdaf34f55a90be5a67063059a,pinyin,word,丝,75837155-41bc-5f4d-989c-bfbd42185740,definition,蚕吐出的细长纤维。,cán tǔ chū de xì cháng xiān wéi 。,,,0,长=cháng
content:4955f974-ef79-5823-848b-17db36e08d9f,b335005e1fa235f7de322e05c1784aeb8088138b86acf7da7447c8a08d827d11,pinyin,word,死,84e04efd-621e-54e5-a515-48a0acc28dd3,headword,死,sǐ,die,死ぬ,0,
content:4955f974-ef79-5823-848b-17db36e08d9f,b335005e1fa235f7de322e05c1784aeb8088138b86acf7da7447c8a08d827d11,pinyin,word,死,5919ecd9-8a7a-54cf-994e-28b70f33e5f3,definition,生命结束。,shēng mìng jié shù 。,,,0,
content:3bc3f7dd-2b4c-5a14-bba6-4323d5f5f0c8,3eccb40fc805b4b368ca3f710592743a765c869a0c2d7273479abf2e32e2c967,pinyin,word,四,1f29b57b-ece2-5ae6-8c72-d59b3f16beff,headword,四,sì,four,四,0,
content:3bc3f7dd-2b4c-5a14-bba6-4323d5f5f0c8,3eccb40fc805b4b368ca3f710592743a765c869a0c2d7273479abf2e32e2c967,pinyin,word,四,80d81ee8-1f5d-5682-8e2b-9d525c525457,definition,数目，三加一。,shù mù ， sān jiā yī 。,,,0,
content:10e4fb76-a399-5d6c-a722-c935428823f5,a6bb9eb131b6047ebb7ba60e69baa3bcb1f7b13f4d0075ac650f9b49d328fb57,pinyin,word,衣,7b0f0573-b494-5086-a8ed-035a3a3bcf7b,headword,衣,yī,clothes,服,0,
content:10e4fb76-a399-5d6c-a722-c935428823f5,a6bb9eb131b6047ebb7ba60e69baa3bcb1f7b13f4d0075ac650f9b49d328fb57,pinyin,word,衣,48d38c27-d40a-5ef9-920f-6fe104d34db0,definition,衣服。,yī fu 。,,,0,
content:5cff304f-bb65-5158-93f8-8cef7ead7aa6,d0252b41c769472a4ed2461e3b59b64063662d0773b22a090ba17496a689f738,pinyin,word,移,e40dbf50-6d0c-58ec-abd4-543e204bb9da,headword,移,yí,move,移る,0,
content:5cff304f-bb65-5158-93f8-8cef7ead7aa6,d0252b41c769472a4ed2461e3b59b64063662d0773b22a090ba17496a689f738,pinyin,word,移,cfa2b53c-365b-5637-9ad2-bb1bce4ed555,definition,改变位置；移动。,gǎi biàn wèi zhì ； yí dòng 。,,,0,
content:241d7131-76fe-51fa-a684-5d9222e9e42f,4e4333e15f85e59606a63a111be6ca727e1ff69b85c1b44701d83d620a2e0c01,pinyin,word,椅,56e8d0c2-fe3d-5e08-955f-6de1785a44d7,headword,椅,yǐ,chair,椅子,0,
content:241d7131-76fe-51fa-a684-5d9222e9e42f,4e4333e15f85e59606a63a111be6ca727e1ff69b85c1b44701d83d620a2e0c01,pinyin,word,椅,d1df11d4-d861-5592-82fa-81c55f5f7c9e,definition,供人坐的家具，常有靠背。,gōng rén zuò de jiā jù ， cháng yǒu kào bèi 。,,,0,
content:316065b4-9d8e-558d-9b2a-88943e5577d9,1fa37ba0fbe3a6aca7a6380ceece2f541aa12a1e28f6ab6aaca7cfcd26c790b1,pinyin,word,意,8d02e1bc-66b2-5fd8-b150-2c24894b7b6f,headword,意,yì,meaning,意味,0,
content:316065b4-9d8e-558d-9b2a-88943e5577d9,1fa37ba0fbe3a6aca7a6380ceece2f541aa12a1e28f6ab6aaca7cfcd26c790b1,pinyin,word,意,11247f4a-a14b-552d-8ee9-c88179ab9a2b,definition,意思；心意。,yì si ； xīn yì 。,,,0,
content:43043ac9-e396-550d-ab8e-08f30b6b94eb,bf6e63e3d79044ef931a53c45057c871c35071694c81c1de3ecb5ba6356c34b6,pinyin,word,屋,a1403a2f-107d-574d-b944-f3af72c590ea,headword,屋,wū,house,家,0,
content:43043ac9-e396-550d-ab8e-08f30b6b94eb,bf6e63e3d79044ef931a53c45057c871c35071694c81c1de3ecb5ba6356c34b6,pinyin,word,屋,f1a8472d-7c81-5106-9191-93c19399f157,definition,房屋。,fáng wū 。,,,0,
content:b0f975a9-1d2f-5163-a139-31ce5211ec84,4f031de3ef54e6d55a521d9e2a84ed0d11a9a57a2219f261e0d7c491dcf7de24,pinyin,word,无,34370d54-49d9-58b2-9b33-2ce99e324f57,headword,无,wú,without,ない,0,
content:b0f975a9-1d2f-5163-a139-31ce5211ec84,4f031de3ef54e6d55a521d9e2a84ed0d11a9a57a2219f261e0d7c491dcf7de24,pinyin,word,无,3c873a93-dc6b-5323-92d0-f89d6a602646,definition,没有。,méi yǒu 。,,,0,
content:9711bbd5-ed16-5f5b-ae24-7130ac856882,7aac2135be683e3d83a08756bd93f47f9997513cf0df4266cc49942a39e47afc,pinyin,word,五,a26722e8-a3de-5606-9b82-1f076581c7fe,headword,五,wǔ,five,五,0,
content:9711bbd5-ed16-5f5b-ae24-7130ac856882,7aac2135be683e3d83a08756bd93f47f9997513cf0df4266cc49942a39e47afc,pinyin,word,五,237b2a4f-8711-53a5-80af-aee4aa8d449e,definition,数目，四加一。,shù mù ， sì jiā yī 。,,,0,
content:30e4a63c-ca3f-532d-afae-a76df9f7347f,4b6c39f929f4c69b7bf1b4df93f6b252da6b4ed227e4df7c6847a2ca01669e70,pinyin,word,物,c246d54d-ab38-53f6-8d85-08482bf6dfc3,headword,物,wù,thing,物,0,
content:30e4a63c-ca3f-532d-afae-a76df9f7347f,4b6c39f929f4c69b7bf1b4df93f6b252da6b4ed227e4df7c6847a2ca01669e70,pinyin,word,物,9d5138dc-c292-58fd-baa9-1ae0011bc6c7,definition,东西；事物。,dōng xi ； shì wù 。,,,0,
content:b6da15cf-cc16-5f34-bb74-1be05f0f8b20,c5fed297a13bfbffe20902951c58eeccb2c33001dd25c1d1249df75a4b154fb6,pinyin,word,淤,41ecd7c7-36c0-5889-8507-85a80d35003f,headword,淤,yū,silt,泥がたまる,0,
content:b6da15cf-cc16-5f34-bb74-1be05f0f8b20,c5fed297a13bfbffe20902951c58eeccb2c33001dd25c1d1249df75a4b154fb6,pinyin,word,淤,c15223f3-b931-533d-8452-713ce4835546,definition,泥沙沉积或堵塞。,ní shā chén jī huò dǔ sè 。,,,0,
content:8b0e94df-027c-5456-871c-2bf9da02e478,626be8c638bde3ed0968b9ad72fccbed4f454c2a52f59f377b81743ab50044d5,pinyin,word,鱼,ade5c039-a238-5c18-9609-fa969a947366,headword,鱼,yú,fish,魚,0,
content:8b0e94df-027c-5456-871c-2bf9da02e478,626be8c638bde3ed0968b9ad72fccbed4f454c2a52f59f377b81743ab50044d5,pinyin,word,鱼,e79c2700-f784-50cd-8890-c7723565053b,definition,生活在水中、通常用鳃呼吸的动物。,shēng huó zài shuǐ zhōng 、 tōng cháng yòng sāi hū xī de dòng wù 。,,,0,
content:69ce6ef6-433e-5e68-966c-884220796bde,31174cc1a435a6fdd04aad027377708f2a03b53774a51a389a7c57e1ace7fef1,pinyin,word,雨,43ab3382-63c5-5e00-bd6a-dd05d1d1d338,headword,雨,yǔ,rain,雨,0,
content:69ce6ef6-433e-5e68-966c-884220796bde,31174cc1a435a6fdd04aad027377708f2a03b53774a51a389a7c57e1ace7fef1,pinyin,word,雨,1e059b06-721e-54ac-bd6a-33e4de15bc7a,definition,从云中降落的水滴。,cóng yún zhōng jiàng luò de shuǐ dī 。,,,0,
content:17826a55-8119-57af-9408-7c75c9c2feee,865fd7b9341c7ac8660443c4009e4cca915dcaaa261feef06a25a7f852701887,pinyin,word,玉,de6b7020-be62-5b8f-b55a-6c11c167fca6,headword,玉,yù,jade,玉,0,
content:17826a55-8119-57af-9408-7c75c9c2feee,865fd7b9341c7ac8660443c4009e4cca915dcaaa261feef06a25a7f852701887,pinyin,word,玉,1dec610b-9a9b-5f56-b9b3-458e5e7a4a02,definition,质地坚硬、可雕刻的美丽石头。,zhì dì jiān yìng 、 kě diāo kè de měi lì shí tou 。,,,0,
content:257332cc-cf7c-5195-aaa8-a1f15d188912,2be81c1051bdc4e381a6df06f9a241af1f1b502783cf7f00bd379c107ac1f141,pinyin,word,阿,640b94a0-269c-5313-83bb-ecd721cb3a45,headword,阿,ā,prefix ā,接頭語の阿,0,
content:257332cc-cf7c-5195-aaa8-a1f15d188912,2be81c1051bdc4e381a6df06f9a241af1f1b502783cf7f00bd379c107ac1f141,pinyin,word,阿,06f6703d-40d7-5b7d-9f88-9ba27318c988,definition,常放在人名或称呼前，表示亲近。,cháng fàng zài rén míng huò chēng hu qián ， biǎo shì qīn jìn 。,,,0,
content:46d2e5e4-c791-50b9-aa25-52679228d10a,11e3a7632a93acd2fc474f82b804855973f6e50a86845f13649696258614e725,pinyin,word,噢,1093db09-cb8c-5e2a-9217-f0354c3a197a,headword,噢,ō,oh,ああ,0,
content:46d2e5e4-c791-50b9-aa25-52679228d10a,11e3a7632a93acd2fc474f82b804855973f6e50a86845f13649696258614e725,pinyin,word,噢,847598cc-e9a4-5dfe-af7c-4cabf8335a78,definition,表示了解或领会的叹词。,biǎo shì liǎo jiě huò lǐng huì de tàn cí 。,,,0,
content:d28498ba-9b9d-57a4-baba-48a720bf0510,810f20f7af939c93cb0b1adf4804ec03d7f83030c45f243a7e088986a5c0f8ce,pinyin,word,哦,dc96244d-da74-5e6b-888c-b0f67f855f35,headword,哦,ó,oh?,おや,0,
content:d28498ba-9b9d-57a4-baba-48a720bf0510,810f20f7af939c93cb0b1adf4804ec03d7f83030c45f243a7e088986a5c0f8ce,pinyin,word,哦,d9719563-21f1-5813-b724-0db2143ac1ad,definition,表示疑问或惊讶的叹词。,biǎo shì yí wèn huò jīng yà de tàn cí 。,,,0,
content:2fe07c58-e3ed-5628-ac5b-bacdacfbafb3,58b91286b53ee0e00ae17dfcaf52582a1f706e5f3d93b1648b87b7774bc5b745,pinyin,word,哦,959d8cd8-ee74-5217-b591-22364087012e,headword,哦,ò,oh!,ああ,0,哦=ò
content:2fe07c58-e3ed-5628-ac5b-bacdacfbafb3,58b91286b53ee0e00ae17dfcaf52582a1f706e5f3d93b1648b87b7774bc5b745,pinyin,word,哦,d357a393-401d-50df-9264-ab68a836d699,definition,表示明白、应答等的叹词。,biǎo shì míng bai 、 yìng dá děng de tàn cí 。,,,0,应=yìng
content:c66a3df7-44fe-5aab-b41f-37bbc4cb2228,50fa7f5d6aa797c5ef6a59e11630e80ca25cbe94725f0bb1a64e7ff4585c00d2,pinyin,word,鹅,44d97b97-8073-57a9-ac14-16e4b9549b4a,headword,鹅,é,goose,ガチョウ,0,
content:c66a3df7-44fe-5aab-b41f-37bbc4cb2228,50fa7f5d6aa797c5ef6a59e11630e80ca25cbe94725f0bb1a64e7ff4585c00d2,pinyin,word,鹅,8b4e0ec2-1508-58e1-985e-cf1564d62737,definition,一种颈长、常在水边活动的家禽。,yī zhǒng jǐng cháng 、 cháng zài shuǐ biān huó dòng de jiā qín 。,,,0,长=cháng
content:79290b80-f6a3-5362-90eb-d16fd28894a5,70b2b0dbe79709bed8d1b400e4375d277caaa16e69e3af9facda7188eadb84b4,pinyin,word,恶,a152ff9b-f9d3-5cab-85dc-d6a006c85a17,headword,恶,ě,nauseous (恶心),吐き気（恶心）,0,恶=ě
content:79290b80-f6a3-5362-90eb-d16fd28894a5,70b2b0dbe79709bed8d1b400e4375d277caaa16e69e3af9facda7188eadb84b4,pinyin,word,恶,cdb214f1-8121-5e88-bc0e-0d226ab0177b,definition,用于恶心，表示想呕吐或令人厌恶。,yòng yú ě xin ， biǎo shì xiǎng ǒu tù huò lìng rén yàn wù 。,,,0,恶=ě; 恶=wù
content:21531305-9f2d-5270-a69e-ccb8d8cc96f9,1899b356f20f313f274c719686fc7ed15931975be765ad973cf50684986ea21a,pinyin,word,饿,c4cfd3e4-ebfe-5035-abfe-fc6188f2abbc,headword,饿,è,hungry,空腹,0,
content:21531305-9f2d-5270-a69e-ccb8d8cc96f9,1899b356f20f313f274c719686fc7ed15931975be765ad973cf50684986ea21a,pinyin,word,饿,476301cd-8d39-54f1-8ebf-49d705a25bfa,definition,肚子空、想吃东西。,dù zi kōng 、 xiǎng chī dōng xi 。,,,0,
content:fe8fbb1e-7e7e-544c-9525-a1d8b9d8c539,f24deb857f6809412a3cc2a296fa85b5014c2ad5d691e4681a96ec5b2ef5d311,pinyin,word,哀,574466c6-9a97-5bb4-99a2-1e64ff35da60,headword,哀,āi,sorrow,悲しみ,0,
content:fe8fbb1e-7e7e-544c-9525-a1d8b9d8c539,f24deb857f6809412a3cc2a296fa85b5014c2ad5d691e4681a96ec5b2ef5d311,pinyin,word,哀,b0490f3c-576f-5b01-9044-89f94ffcddaf,definition,悲伤。,bēi shāng 。,,,0,
content:06b9208b-f2aa-561a-bb94-1bfb4acd978a,0eb0808c022a21855bf16aa2ad9a41816701dfaf4b3703b9d4d1b2473dc88220,pinyin,word,矮,9cb9ac2b-8921-5a94-9d5b-05458f89f817,headword,矮,ǎi,short,背が低い,0,
content:06b9208b-f2aa-561a-bb94-1bfb4acd978a,0eb0808c022a21855bf16aa2ad9a41816701dfaf4b3703b9d4d1b2473dc88220,pinyin,word,矮,5aaccfd4-8650-525c-90ff-04fb46a1c817,definition,与高相对。,yǔ gāo xiāng duì 。,,,0,
content:83ce61be-85e8-5f8a-a12e-38a4ad350959,1847084fbb5f2206ed4963b0d30b484ac1edba9fd86d7996e04e7d96d0ef4075,pinyin,word,爱,cbb4f853-a365-5255-a173-8047c662302e,headword,爱,ài,love,愛する,0,
content:83ce61be-85e8-5f8a-a12e-38a4ad350959,1847084fbb5f2206ed4963b0d30b484ac1edba9fd86d7996e04e7d96d0ef4075,pinyin,word,爱,0a041086-9f6e-59d5-80c3-e63fa6feb6af,definition,喜爱；关心。,xǐ ài ； guān xīn 。,,,0,
content:b85dac87-b163-53da-a0c1-54e14c886a9a,f192f374c5f9df991969bfe4cc7e03b461ae38cea72c3d0774fede1ea262ccb2,pinyin,word,杯,df574195-c548-58c9-a003-993120318fe2,headword,杯,bēi,cup,コップ,0,
content:b85dac87-b163-53da-a0c1-54e14c886a9a,f192f374c5f9df991969bfe4cc7e03b461ae38cea72c3d0774fede1ea262ccb2,pinyin,word,杯,84b032f1-7607-54d6-aadb-f62efb152198,definition,盛饮料等的器具。,chéng yǐn liào děng de qì jù 。,,,0,
content:1d434076-b29d-5542-9c18-53add0517933,494c5bf2a33dfb8af56e4126b63efab2799bd05ab62bbb8af1a9cb3ef2abc747,pinyin,word,北,04fa69fa-6fe7-5645-864c-eba34fc7a7d1,headword,北,běi,north,北,0,
content:1d434076-b29d-5542-9c18-53add0517933,494c5bf2a33dfb8af56e4126b63efab2799bd05ab62bbb8af1a9cb3ef2abc747,pinyin,word,北,8e5accc5-c9d4-59f7-8305-fda16bae6be4,definition,与南相对的方向。,yǔ nán xiāng duì de fāng xiàng 。,,,0,
content:cf0a070f-1cae-5119-a290-de62d0b31517,57144d3c1e7f6027bc900842a4d3e93093a90005cc0b211852f086e567bc7af9,pinyin,word,贝,e566a7fc-2694-5c64-8f79-bacf698a778d,headword,贝,bèi,shell,貝,0,
content:cf0a070f-1cae-5119-a290-de62d0b31517,57144d3c1e7f6027bc900842a4d3e93093a90005cc0b211852f086e567bc7af9,pinyin,word,贝,6bef59f5-de23-5d31-9239-850e60f467cf,definition,有硬壳的软体动物或它的壳。,yǒu yìng ké de ruǎn tǐ dòng wù huò tā de ké 。,,,0,
content:5af59882-8116-5e43-8b32-cd38efe2d154,38ba0e4706a38c5334c01e042cc917f8913e8cc9c970c8369a61db0ae2cc8ade,pinyin,word,归,7bdcd013-fe84-5081-bb90-f4951637d6af,headword,归,guī,return,帰る,0,
content:5af59882-8116-5e43-8b32-cd38efe2d154,38ba0e4706a38c5334c01e042cc917f8913e8cc9c970c8369a61db0ae2cc8ade,pinyin,word,归,e387c85a-7c27-523f-9ff6-a29a1f687286,definition,返回；归属。,fǎn huí ； guī shǔ 。,,,0,
content:54dbd2cf-da6b-5128-ad24-e6b02ad510e5,d055fd297b498ef4946fc64d51dc524077e2ea4b1cf69b34d97813c4833898ee,pinyin,word,鬼,d8901a45-8b55-56e3-8e2b-4ca544d669da,headword,鬼,guǐ,ghost,幽霊,0,
content:54dbd2cf-da6b-5128-ad24-e6b02ad510e5,d055fd297b498ef4946fc64d51dc524077e2ea4b1cf69b34d97813c4833898ee,pinyin,word,鬼,5f4b0783-cd48-5397-89f3-bbf05261d641,definition,传说中人死后的灵魂。,chuán shuō zhōng rén sǐ hòu de líng hún 。,,,0,
content:90944051-4210-58e5-aa7a-b87dadb275e1,c3ea1abba0b5416c20f7c082110493e25d63b243bc6ac333ce62eb88ab697d91,pinyin,word,贵,00b8fb8f-a0a4-5829-842f-fa9ae2ab279b,headword,贵,guì,expensive,高価,0,
content:90944051-4210-58e5-aa7a-b87dadb275e1,c3ea1abba0b5416c20f7c082110493e25d63b243bc6ac333ce62eb88ab697d91,pinyin,word,贵,41574850-58fb-5a1e-bc04-277c67f9c048,definition,价格高；珍贵。,jià gé gāo ； zhēn guì 。,,,0,
content:e339d606-d92c-533c-86f1-deb67931c5f9,761264bfecb65ef584e22c7f50a3c14960c5be9006897382d8b98c6986a807af,pinyin,word,包,ca4f541c-7a54-50cd-9487-c5e7e38e9da4,headword,包,bāo,bag,袋,0,
content:e339d606-d92c-533c-86f1-deb67931c5f9,761264bfecb65ef584e22c7f50a3c14960c5be9006897382d8b98c6986a807af,pinyin,word,包,0b70116d-1ec2-5dfc-8fd6-2f203c1aa514,definition,包裹东西；装东西的袋子。,bāo guǒ dōng xi ； zhuāng dōng xi de dài zi 。,,,0,
content:4d30b995-8c0f-5544-b929-52ed3f973be8,d8a83545145e00a0871c52ee17a5894dd373c9aa8dad106f451b0835100bdfbc,pinyin,word,雹,2c58db66-418b-5c3f-b566-deb90585f905,headword,雹,báo,hail,雹,0,
content:4d30b995-8c0f-5544-b929-52ed3f973be8,d8a83545145e00a0871c52ee17a5894dd373c9aa8dad106f451b0835100bdfbc,pinyin,word,雹,0b2d85b7-85a7-5367-b422-961d951219bb,definition,从云中降下的冰粒或冰块。,cóng yún zhōng jiàng xià de bīng lì huò bīng kuài 。,,,0,
content:b758d879-e567-5126-86be-8352b1d4f47b,d0c40e05d9bef8aa83817bce1645ade93dcb3947ff470af536bfda965a699921,pinyin,word,宝,e8aaa8bb-438d-50cd-b2aa-0a8ecc456cd0,headword,宝,bǎo,treasure,宝,0,
content:b758d879-e567-5126-86be-8352b1d4f47b,d0c40e05d9bef8aa83817bce1645ade93dcb3947ff470af536bfda965a699921,pinyin,word,宝,9b5a837a-0745-576f-8d61-98bcabe2a460,definition,珍贵的东西。,zhēn guì de dōng xi 。,,,0,
content:d11c99ae-b763-5060-b309-2147b62ff0f1,235491b7e5348290c592abce0d867172977d8649400aed84bf8f7c8bcfe09193,pinyin,word,抱,1be8f588-8b11-5396-908e-d88377970648,headword,抱,bào,hug,抱く,0,
content:d11c99ae-b763-5060-b309-2147b62ff0f1,235491b7e5348290c592abce0d867172977d8649400aed84bf8f7c8bcfe09193,pinyin,word,抱,a865b978-9f4d-51fe-8874-5d3cddad85a1,definition,用手臂围住。,yòng shǒu bì wéi zhù 。,,,0,
content:010ca40a-04f1-5a98-ada4-3e7a5b471cfc,96a4c42921ded69c3101ecf234f26ae76d0c119417125433f09077cb7d33895f,pinyin,word,沟,944455c5-88bf-5db2-b228-ab4a76c45233,headword,沟,gōu,ditch,溝,0,
content:010ca40a-04f1-5a98-ada4-3e7a5b471cfc,96a4c42921ded69c3101ecf234f26ae76d0c119417125433f09077cb7d33895f,pinyin,word,沟,eb12a5e5-d461-56c7-8269-61e82db2f5de,definition,地面上细长的凹处或水道。,dì miàn shàng xì cháng de āo chù huò shuǐ dào 。,,,0,长=cháng
content:8edf48c0-8cf8-5a71-abca-e3b40b02cb92,2840012ddae05fbd50a23f0c0a5fd1b960540016ea964aa5388007e417535097,pinyin,word,狗,814d79a5-8a92-55aa-95c9-a1f6e09cae9f,headword,狗,gǒu,dog,犬,0,
content:8edf48c0-8cf8-5a71-abca-e3b40b02cb92,2840012ddae05fbd50a23f0c0a5fd1b960540016ea964aa5388007e417535097,pinyin,word,狗,09b9a66f-9162-5716-ae1f-114db3f16489,definition,一种常见家养动物。,yī zhǒng cháng jiàn jiā yǎng dòng wù 。,,,0,
content:2a5414e5-d064-5997-8b52-02e7d113f6aa,0d6714baacdd3ef998b8161a17b95d700c1b34d7847eceb3a38e5b6c80b0c1fb,pinyin,word,够,b92d8e5b-67af-544d-b1cb-cddd12f92004,headword,够,gòu,enough,十分,0,
content:2a5414e5-d064-5997-8b52-02e7d113f6aa,0d6714baacdd3ef998b8161a17b95d700c1b34d7847eceb3a38e5b6c80b0c1fb,pinyin,word,够,53164094-bf87-54c9-96d8-deaad784666e,definition,达到所需的数量或程度。,dá dào suǒ xū de shù liàng huò chéng dù 。,,,0,
content:bb74a438-f74d-5995-be35-1bfd8d1d7dfa,2ba2b81b48a75b77fb8fd1bd021f48b2e678ef946c8cb76f5a25c3f525e0bb8f,pinyin,word,溜,18f1b722-817a-5cc3-92b1-b18114183aef,headword,溜,liū,slip away,こっそり去る,0,
content:bb74a438-f74d-5995-be35-1bfd8d1d7dfa,2ba2b81b48a75b77fb8fd1bd021f48b2e678ef946c8cb76f5a25c3f525e0bb8f,pinyin,word,溜,c4ea79fa-e850-5ab3-97f4-6c95848e371d,definition,悄悄离开；滑行。,qiāo qiāo lí kāi ； huá xíng 。,,,0,
content:5a4ee6a4-e8a2-5440-9ba7-e2a8f65b8381,c8e068b23f7a39c35970f0f338bfdbe8f83fd2ad5882e8f81fd13b11d542f28a,pinyin,word,流,43653ed8-d957-58ed-97cc-f8a50840db91,headword,流,liú,flow,流れる,0,
content:5a4ee6a4-e8a2-5440-9ba7-e2a8f65b8381,c8e068b23f7a39c35970f0f338bfdbe8f83fd2ad5882e8f81fd13b11d542f28a,pinyin,word,流,885d9a8d-d96b-5998-9462-82e048f144ec,definition,液体移动。,yè tǐ yí dòng 。,,,0,
content:b18ed4e8-3f63-5366-a665-9b1f4ea16053,241d88e900441aa0598eb4f38505a3f35aba7d0ddfdd54fbbbb315c198ff8aa1,pinyin,word,柳,ba99abb0-8139-5b58-9e37-130e62f44b73,headword,柳,liǔ,willow,柳,0,
content:b18ed4e8-3f63-5366-a665-9b1f4ea16053,241d88e900441aa0598eb4f38505a3f35aba7d0ddfdd54fbbbb315c198ff8aa1,pinyin,word,柳,58da1af2-ddfa-58ac-82bd-12e448931e64,definition,一种枝条细长的树。,yī zhǒng zhī tiáo xì cháng de shù 。,,,0,长=cháng
content:e2ced02d-8d61-5d01-9168-34fcb6db5ef2,9e46ba36b3b211e4d5855d754f105a01756960b0f52d2272379308ee8bf9ffcd,pinyin,word,六,a0e415c4-45d1-5e14-adfd-edfd8a378e18,headword,六,liù,six,六,0,
content:e2ced02d-8d61-5d01-9168-34fcb6db5ef2,9e46ba36b3b211e4d5855d754f105a01756960b0f52d2272379308ee8bf9ffcd,pinyin,word,六,3186c062-e1d8-522c-8cef-2348cec9cddf,definition,数目，五加一。,shù mù ， wǔ jiā yī 。,,,0,
content:2e7c7666-e2f1-57eb-8eaf-3ea87ec10887,4ce54b2e96ee527446dad668776a48f8cedb845ff36d297840adab2010fa6b64,pinyin,word,街,3f2cf65c-e665-50b2-9846-81b7d4288fea,headword,街,jiē,street,街,0,
content:2e7c7666-e2f1-57eb-8eaf-3ea87ec10887,4ce54b2e96ee527446dad668776a48f8cedb845ff36d297840adab2010fa6b64,pinyin,word,街,0621a24b-d4c1-5c2e-b2ac-c39e65befde6,definition,两旁有房屋的道路。,liǎng páng yǒu fáng wū de dào lù 。,,,0,
content:faa92d28-f779-5ad5-aff6-e4fa7a2b9e5b,c55aad00dd9b9baac9b86d895366817f7b31f12fc306781d4719a1775da3888c,pinyin,word,节,2b96f0e0-9ef7-563c-8ed3-a0689c96149b,headword,节,jié,festival,祭り,0,
content:faa92d28-f779-5ad5-aff6-e4fa7a2b9e5b,c55aad00dd9b9baac9b86d895366817f7b31f12fc306781d4719a1775da3888c,pinyin,word,节,673398dc-2730-5b62-a585-69e1f1e60441,definition,节日；段落。,jié rì ； duàn luò 。,,,0,
content:8e329c29-9074-5806-a13e-34c79f51533c,48e3a05945724b071e644c817b13462b57db3ec5620b8b1a16158034eb12b239,pinyin,word,解,c6aef215-3e39-5cd3-b586-447dcee42b65,headword,解,jiě,untie,解く,0,
content:8e329c29-9074-5806-a13e-34c79f51533c,48e3a05945724b071e644c817b13462b57db3ec5620b8b1a16158034eb12b239,pinyin,word,解,fe28820f-1bce-57c6-9fbc-e62c14189cd1,definition,分开；解开。,fēn kāi ； jiě kāi 。,,,0,
content:1fa02ac0-b4a8-54a1-a917-5824981b6391,a8a35ddd843f09c8b90b4341d55a0fdb9c9c523190c85f9a5dec6de9eb8ef172,pinyin,word,借,efcf8c34-9640-5b66-9988-0104d1be3ef6,headword,借,jiè,borrow,借りる,0,
content:1fa02ac0-b4a8-54a1-a917-5824981b6391,a8a35ddd843f09c8b90b4341d55a0fdb9c9c523190c85f9a5dec6de9eb8ef172,pinyin,word,借,1938e6c0-08d7-5726-b03c-60e3b3c17970,definition,暂时使用别人的东西或让别人暂用。,zàn shí shǐ yòng bié rén de dōng xi huò ràng bié rén zàn yòng 。,,,0,
content:0d4a63db-22d4-5cbf-912f-e41df45c6347,b4b2cfa2fadcf53a45da586bd85541b96a0eef8324bdef3dccc748385c0b38dd,pinyin,word,约,3e1543ed-4627-51e2-b68a-2b35738e94e8,headword,约,yuē,appointment,約束,0,
content:0d4a63db-22d4-5cbf-912f-e41df45c6347,b4b2cfa2fadcf53a45da586bd85541b96a0eef8324bdef3dccc748385c0b38dd,pinyin,word,约,c7af9961-c399-545d-8b1c-9bef3b56b99b,definition,事先商定；约定。,shì xiān shāng dìng ； yuē dìng 。,,,0,
content:3192dd38-c2cc-573e-bdee-effa9fa2e9b8,ad73fa82722bd82a471a5ec1b7a228d128085955510455ab990d2054b9b9b8b7,pinyin,word,月,693d82a9-8059-50d4-b151-b0ce86372754,headword,月,yuè,moon,月,0,
content:3192dd38-c2cc-573e-bdee-effa9fa2e9b8,ad73fa82722bd82a471a5ec1b7a228d128085955510455ab990d2054b9b9b8b7,pinyin,word,月,da8f1d30-9b37-585b-876b-4638a0cda9a3,definition,月亮；计时单位。,yuè liang ； jì shí dān wèi 。,,,0,
content:239b3c9a-bcd9-5783-8d72-81ea318f787d,bac3d6a880d7d4598342fd1fb5a7089ba5c23a53d9146493b712d650d0bcd55e,pinyin,word,儿,42863ad1-f695-5860-9a40-7b2d8b4e0718,headword,儿,ér,child,子,0,
content:239b3c9a-bcd9-5783-8d72-81ea318f787d,bac3d6a880d7d4598342fd1fb5a7089ba5c23a53d9146493b712d650d0bcd55e,pinyin,word,儿,c1e7dcfa-22c5-5ff7-a8ca-27133522eaa2,definition,小孩；儿子。,xiǎo hái ； ér zi 。,,,0,
content:3ffd493b-a3c1-5444-9bbe-520b1fcb3bcd,655be485e85a8d85e30ad04ba91cbb460bbcd09edc21b47aa0d7d1fb82bc64be,pinyin,word,耳,1b65d943-1821-5e50-9df4-a7dee1e8590f,headword,耳,ěr,ear,耳,0,
content:3ffd493b-a3c1-5444-9bbe-520b1fcb3bcd,655be485e85a8d85e30ad04ba91cbb460bbcd09edc21b47aa0d7d1fb82bc64be,pinyin,word,耳,27ba509d-cddb-5337-845b-3d36dd742515,definition,听觉器官。,tīng jué qì guān 。,,,0,
content:adf89327-5477-5fba-bb7c-26dd5b3e931c,c3774f206e56658fe1a814318b73fd0ed713c7809ee45d3736f19148e9d40c3c,pinyin,word,二,08382a88-b4da-52b0-9177-97e746858504,headword,二,èr,two,二,0,
content:adf89327-5477-5fba-bb7c-26dd5b3e931c,c3774f206e56658fe1a814318b73fd0ed713c7809ee45d3736f19148e9d40c3c,pinyin,word,二,0d499f03-80c5-5388-8d6a-49e7a5570953,definition,数目，一加一。,shù mù ， yī jiā yī 。,,,0,
content:37676933-28bf-5f42-ab7b-e3ba3f755230,f27917cb529d23d5098e11459ffbd604b35c39e975ed0eef4fa5be6a0dc7e2b6,pinyin,word,安,07b2095a-7d03-500a-8680-b16a276db460,headword,安,ān,peace,安らか,0,
content:37676933-28bf-5f42-ab7b-e3ba3f755230,f27917cb529d23d5098e11459ffbd604b35c39e975ed0eef4fa5be6a0dc7e2b6,pinyin,word,安,b663a6c3-7581-57b7-a3e5-b2b5e5ab61cc,definition,平静；安全。,píng jìng ； ān quán 。,,,0,
content:2a4faf28-bfd5-505c-84c4-ead0ac42c647,00fc214ffe53a2419279e76cfcc088474c6450f1ae0f556c1f292a7d7fd45610,pinyin,word,岸,340ac512-92b2-5fb7-a9fb-c3749f346e8e,headword,岸,àn,shore,岸,0,
content:2a4faf28-bfd5-505c-84c4-ead0ac42c647,00fc214ffe53a2419279e76cfcc088474c6450f1ae0f556c1f292a7d7fd45610,pinyin,word,岸,0ecb4157-2ed7-5156-885b-ad0d57452401,definition,水边的陆地。,shuǐ biān de lù dì 。,,,0,
content:8af06e9d-23be-573a-a7e2-df4793ad5c01,a5bcc9571e1cea107ac40f34dd9fbe13bc73983f9062cb5522cbeb268ea2276e,pinyin,word,奔,5f00d8ed-a904-5df6-9eb1-ed59a31a4924,headword,奔,bēn,run,走る,0,
content:8af06e9d-23be-573a-a7e2-df4793ad5c01,a5bcc9571e1cea107ac40f34dd9fbe13bc73983f9062cb5522cbeb268ea2276e,pinyin,word,奔,c770339d-4cc1-55a6-93b2-13a17d801ec3,definition,快跑。,kuài pǎo 。,,,0,
content:834c36aa-9175-571d-9c6d-54bacb24c5a7,a3d103b8aa9fcd4aa2d085f53cd7ffbb1ac1ea07f4b3e94021df76c786e52d68,pinyin,word,本,7cc0f673-2120-56d1-b87c-7a70b6f180ec,headword,本,běn,"volume (classifier), root",冊（量詞）・根本,0,
content:834c36aa-9175-571d-9c6d-54bacb24c5a7,a3d103b8aa9fcd4aa2d085f53cd7ffbb1ac1ea07f4b3e94021df76c786e52d68,pinyin,word,本,f6f218a6-b3d4-53b0-8c40-95b050ad068f,definition,书籍的量词；根本。,shū jí de liàng cí ； gēn běn 。,,,0,
content:a13288d3-11ba-5239-9fb0-4cd976e66af2,dd7d425a511b10bd7a9cac2bd116de8abf4511b1ba878284e060074745900aa1,pinyin,word,笨,ceee49c8-2295-5ca7-8e97-b928b9ab37fd,headword,笨,bèn,clumsy,不器用,0,
content:a13288d3-11ba-5239-9fb0-4cd976e66af2,dd7d425a511b10bd7a9cac2bd116de8abf4511b1ba878284e060074745900aa1,pinyin,word,笨,8404d0c1-40a5-587f-a063-d45f82af9ae8,definition,不灵巧；理解慢。,bù líng qiǎo ； lǐ jiě màn 。,,,0,
content:8c1e4392-05f3-53ef-8b63-bd64d2cd1942,267e2f1f16f0ed12ce7e9e268c92c26b012975cbd1611009b06899ec3a9a4850,pinyin,word,音,08f24b40-3af6-5544-bf96-3f6520104642,headword,音,yīn,sound,音,0,
content:8c1e4392-05f3-53ef-8b63-bd64d2cd1942,267e2f1f16f0ed12ce7e9e268c92c26b012975cbd1611009b06899ec3a9a4850,pinyin,word,音,c2913512-4707-50ad-8c88-d0f9c95b9eea,definition,声音。,shēng yīn 。,,,0,
content:84926ab3-fd3f-51af-9660-c5e6d05b58db,7333b64c3024ffe4390db1a144a230952475dac5f63c5758bc3d65f63736bb36,pinyin,word,银,4aebe364-44d2-57f2-b46d-956e91812532,headword,银,yín,silver,銀,0,
content:84926ab3-fd3f-51af-9660-c5e6d05b58db,7333b64c3024ffe4390db1a144a230952475dac5f63c5758bc3d65f63736bb36,pinyin,word,银,37173122-e7eb-5742-b296-a845ba086d42,definition,一种银白色金属。,yī zhǒng yín bái sè jīn shǔ 。,,,0,
content:cfb09b2e-0716-54a1-8fd4-c8fc04a3dcd7,248eca1420f4fff903cf057b50116080a2b94ac847badd376ae129afa9a658e8,pinyin,word,引,c0e8bf19-1f40-59e5-b011-1017f6c8a278,headword,引,yǐn,lead,導く,0,
content:cfb09b2e-0716-54a1-8fd4-c8fc04a3dcd7,248eca1420f4fff903cf057b50116080a2b94ac847badd376ae129afa9a658e8,pinyin,word,引,383757ec-afb2-57b3-8a28-1db99c4bdaea,definition,领着走；引导。,lǐng zhe zǒu ； yǐn dǎo 。,,,0,
content:3aeb731a-d69a-55bf-af89-337ef4d4fc4e,5af1f0e0601f74a7853f0dbb1ad1ff8e1f6e2bbbe2fd68ecfb75a78da3e558cd,pinyin,word,印,f1d17c9a-fa83-514b-9626-75b7b6c4a0a4,headword,印,yìn,stamp,印,0,
content:3aeb731a-d69a-55bf-af89-337ef4d4fc4e,5af1f0e0601f74a7853f0dbb1ad1ff8e1f6e2bbbe2fd68ecfb75a78da3e558cd,pinyin,word,印,faab2bb0-7a28-5313-ba08-fe9529d1c326,definition,印章；留下痕迹。,yìn zhāng ； liú xià hén jì 。,,,0,
content:439c6a9d-2af8-5633-a828-a43eaa8fed5b,44383527cbf979513c542c319f989ef9b5848e4b951660d506a86debba8f50b6,pinyin,word,轮,0ab0e2b7-ece6-5415-8c65-de3d1adaaed7,headword,轮,lún,wheel,車輪,0,
content:439c6a9d-2af8-5633-a828-a43eaa8fed5b,44383527cbf979513c542c319f989ef9b5848e4b951660d506a86debba8f50b6,pinyin,word,轮,b9bfb896-3ffc-5aa1-b88d-36e22f2014b1,definition,轮子，能绕轴转动的圆形物体。,lún zi ， néng rào zhóu zhuàn dòng de yuán xíng wù tǐ 。,,,0,转=zhuàn
content:d35b951b-de29-5c96-a9af-4a4a6611ebbe,2dceaa1876e63616ca3a12ef3be9cb9dc5e866776312eecc90335cd6df92c83a,pinyin,word,论,9160362d-f8e9-5f6f-842e-a119c9a461f0,headword,论,lùn,discuss,論じる,0,
content:d35b951b-de29-5c96-a9af-4a4a6611ebbe,2dceaa1876e63616ca3a12ef3be9cb9dc5e866776312eecc90335cd6df92c83a,pinyin,word,论,61614fba-37f0-517e-9781-4b14f450a3b2,definition,讨论；说明道理。,tǎo lùn ； shuō míng dào li 。,,,0,
content:3a414f31-1f29-59bc-b3b7-dd91abb638b9,af44b03846a83277cdc45cf4d2f4773605995333a3075ee24fab4d49aee15cfb,pinyin,word,晕,e4349dcc-e568-57bd-87eb-45d9b0fa093f,headword,晕,yūn,dizzy,めまい,0,
content:3a414f31-1f29-59bc-b3b7-dd91abb638b9,af44b03846a83277cdc45cf4d2f4773605995333a3075ee24fab4d49aee15cfb,pinyin,word,晕,88b9d4e1-547b-5d47-aa68-cd27afa22f5c,definition,头脑昏沉，感到周围旋转。,tóu nǎo hūn chén ， gǎn dào zhōu wéi xuán zhuǎn 。,,,0,
content:ec176164-b409-5913-842c-a2916af5f67e,f1e77012cac9958fdfa76b0d95fed1fc7ffb150297b146cb0716a94ffb0e0077,pinyin,word,云,6916d9b5-a0fc-5a99-a045-e6d9adeca57e,headword,云,yún,cloud,雲,0,
content:ec176164-b409-5913-842c-a2916af5f67e,f1e77012cac9958fdfa76b0d95fed1fc7ffb150297b146cb0716a94ffb0e0077,pinyin,word,云,e6bfde98-c8f9-503c-bd08-5aa22a1aab4a,definition,空中由小水滴或冰晶组成的物体。,kōng zhōng yóu xiǎo shuǐ dī huò bīng jīng zǔ chéng de wù tǐ 。,,,0,
content:5b953ee0-a10f-5dc2-a6a4-93699cf8235b,0a9f14cbc3bc8fba17acc8a04da75a43cafbb51db455b4c5c6bc8ae20d3671ca,pinyin,word,允,1d8c5570-6b3c-5172-9bd9-990244b4499e,headword,允,yǔn,permit,許す,0,
content:5b953ee0-a10f-5dc2-a6a4-93699cf8235b,0a9f14cbc3bc8fba17acc8a04da75a43cafbb51db455b4c5c6bc8ae20d3671ca,pinyin,word,允,426e6498-4b4c-5743-b9f9-b201b6d66a74,definition,允许；答应。,yǔn xǔ ； dā ying 。,,,0,
content:f0c2f1d9-6f4e-5c82-ad13-aa2cd724d051,899b3329d33f10cc87dc2c9efe2651f80c0f246ae0796f6e2e20a46657418a2b,pinyin,word,运,dc460079-ecd2-5d2b-87e7-f17747bd65a2,headword,运,yùn,transport,運ぶ,0,
content:f0c2f1d9-6f4e-5c82-ad13-aa2cd724d051,899b3329d33f10cc87dc2c9efe2651f80c0f246ae0796f6e2e20a46657418a2b,pinyin,word,运,7502647e-0048-525e-bcf4-dbdd4015d651,definition,移动；运输。,yí dòng ； yùn shū 。,,,0,
content:7321de0c-22aa-5ae2-bdac-715c3fcb48f5,903195071d39e0ef3599902f0c584027c5733fdd1f1ab98f8101f6992e456b85,pinyin,word,帮,ca413b14-f91b-5f11-8fbd-f001648190a0,headword,帮,bāng,help,助ける,0,
content:7321de0c-22aa-5ae2-bdac-715c3fcb48f5,903195071d39e0ef3599902f0c584027c5733fdd1f1ab98f8101f6992e456b85,pinyin,word,帮,ab2b04cd-711c-5741-8d99-8f37f8db8642,definition,帮助。,bāng zhù 。,,,0,
content:a983fff0-4c65-5295-a667-39408845bdda,e93dc916293b00f367b33cd22c7a183bcd081dbe07503b5f1b9524351345ab42,pinyin,word,绑,7d5f9585-48da-5614-811b-b6b6b99fab5c,headword,绑,bǎng,tie,縛る,0,
content:a983fff0-4c65-5295-a667-39408845bdda,e93dc916293b00f367b33cd22c7a183bcd081dbe07503b5f1b9524351345ab42,pinyin,word,绑,e0e349e6-0b95-5997-8cec-7c1ef151c197,definition,用绳子等缠绕、捆住。,yòng shéng zi děng chán rào 、 kǔn zhù 。,,,0,
content:ec2aaf5d-01e5-582a-856a-8527f8640350,74d344fe6f9a78f449b68fc76bb427c5e4ce59b39ba1ca311afb28e18c3008c0,pinyin,word,棒,d3d05c4b-9ba5-507c-b886-7403ebb70884,headword,棒,bàng,stick,棒,0,
content:ec2aaf5d-01e5-582a-856a-8527f8640350,74d344fe6f9a78f449b68fc76bb427c5e4ce59b39ba1ca311afb28e18c3008c0,pinyin,word,棒,49beb713-c98b-5b27-998e-f5841f67340f,definition,棍子；也表示很好。,gùn zi ； yě biǎo shì hěn hǎo 。,,,0,
content:5e715d0c-8950-5c71-9efa-e99513dc395a,5a248856ffa2c2f9b1198e088a92244c28d05e1b4153900b6df43a4fbdf2b602,pinyin,word,灯,9a5b502c-109b-531f-af6c-a89394a8e820,headword,灯,dēng,lamp,灯り,0,
content:5e715d0c-8950-5c71-9efa-e99513dc395a,5a248856ffa2c2f9b1198e088a92244c28d05e1b4153900b6df43a4fbdf2b602,pinyin,word,灯,eacceea3-7e9a-58ea-bc4e-8b24b2308bca,definition,照明的器具。,zhào míng de qì jù 。,,,0,
content:9614bd42-8dd3-5481-bc5d-acad99ac69db,4690e0e1fc5b1f61cf0f227d1c61f1283cdaa05806391cb17fa3d1a30798f48e,pinyin,word,等,c5dac27a-aede-520c-9967-36d1293b09a9,headword,等,děng,wait,待つ,0,
content:9614bd42-8dd3-5481-bc5d-acad99ac69db,4690e0e1fc5b1f61cf0f227d1c61f1283cdaa05806391cb17fa3d1a30798f48e,pinyin,word,等,308f18a3-cc0a-5d88-b91d-3473a4407c9a,definition,等待；相同。,děng dài ； xiāng tóng 。,,,0,
content:1e784d76-e549-5770-840f-4c6c524c9ae2,2e79ceb12f758ae5802c99e8fcbec95b9cf14ec9b1ca6913b657a6c45e7f09c7,pinyin,word,凳,b459c183-e3f4-5adc-83b8-203ac3dc5bb3,headword,凳,dèng,stool,腰掛け,0,
content:1e784d76-e549-5770-840f-4c6c524c9ae2,2e79ceb12f758ae5802c99e8fcbec95b9cf14ec9b1ca6913b657a6c45e7f09c7,pinyin,word,凳,1680b2e2-d06d-5533-b463-8c3c944f51a6,definition,没有靠背的坐具。,méi yǒu kào bèi de zuò jù 。,,,0,
content:8b36b1df-5ecb-59b6-a3b5-ef6fdcf70940,e8a277adefb3c0493ccce1924aac0dea9d69079720725fda0515e86de1696b43,pinyin,word,丁,45d74a15-72d1-536c-bd36-efaa50625476,headword,丁,dīng,adult male,成人男子,0,
content:8b36b1df-5ecb-59b6-a3b5-ef6fdcf70940,e8a277adefb3c0493ccce1924aac0dea9d69079720725fda0515e86de1696b43,pinyin,word,丁,2632dd38-99fc-579c-941a-236b535210de,definition,成年男子；也用于姓氏。,chéng nián nán zǐ ； yě yòng yú xìng shì 。,,,0,
content:8eacda30-20a7-51ba-84aa-f60b46ff174e,2778c1aa896b2029d1fba5e73cc51b519685e0eff09a24d77ca4190b0dfe634c,pinyin,word,顶,df0eb7b7-6698-5f39-b539-565deabd4492,headword,顶,dǐng,top,頂上,0,
content:8eacda30-20a7-51ba-84aa-f60b46ff174e,2778c1aa896b2029d1fba5e73cc51b519685e0eff09a24d77ca4190b0dfe634c,pinyin,word,顶,ef6ff766-73fc-53e6-a295-3cdc2013a113,definition,最上面的部分。,zuì shàng miàn de bù fen 。,,,0,
content:1dfa3de8-c83c-5af0-9d2b-13dfbe57afa3,14b5196d05d0bc479d8ab1a9af2079607aa51db2d4d0b816fbb4d93199949c81,pinyin,word,定,a584e0fa-049f-50d3-b2df-d4651a9b760f,headword,定,dìng,decide,決める,0,
content:1dfa3de8-c83c-5af0-9d2b-13dfbe57afa3,14b5196d05d0bc479d8ab1a9af2079607aa51db2d4d0b816fbb4d93199949c81,pinyin,word,定,cad61ceb-a057-51a4-9169-407c17a0c31c,definition,确定；固定。,què dìng ； gù dìng 。,,,0,
content:41e5283b-ea4f-55f3-a71f-54751a316659,7c7e89999b4ed1a0598a18db95ac4acd9c434e21cdf96cbb1d1874fb1aa47c6f,pinyin,word,冬,08c9bc70-4876-585f-87ef-81fabf61285a,headword,冬,dōng,winter,冬,0,
content:41e5283b-ea4f-55f3-a71f-54751a316659,7c7e89999b4ed1a0598a18db95ac4acd9c434e21cdf96cbb1d1874fb1aa47c6f,pinyin,word,冬,cb8dd399-5de2-5e5d-88ab-32a019bd6760,definition,一年四季中的冬季。,yī nián sì jì zhōng de dōng jì 。,,,0,
content:8c6120e1-7547-5eea-9614-53d5b2f25c84,e52a1648a1a81e1973930f3c57cf7aa177742b44a9a3985fdd241c81750fce11,pinyin,word,懂,ab4f0618-1137-518a-a773-53c963f8cdbb,headword,懂,dǒng,understand,分かる,0,
content:8c6120e1-7547-5eea-9614-53d5b2f25c84,e52a1648a1a81e1973930f3c57cf7aa177742b44a9a3985fdd241c81750fce11,pinyin,word,懂,c55de61d-cd19-5d75-b3b9-38b2429fa27a,definition,明白；了解。,míng bai ； liǎo jiě 。,,,0,
content:a5ceac0b-6d06-5791-85ef-e5efb09fefc5,b76c8b7aa85cffe0c925ffea46aa3e8b657cb561ddd489e6d9d736d3c54566c6,pinyin,word,动,a59f26c3-6294-50ea-94c1-3bd6cd154f06,headword,动,dòng,move,動く,0,
content:a5ceac0b-6d06-5791-85ef-e5efb09fefc5,b76c8b7aa85cffe0c925ffea46aa3e8b657cb561ddd489e6d9d736d3c54566c6,pinyin,word,动,3a35e2a6-a728-58bd-9104-70172c1977c1,definition,改变原来的位置或状态。,gǎi biàn yuán lái de wèi zhì huò zhuàng tài 。,,,0,
content:3199ab53-abe9-5c25-8133-8094122745f9,4b440ab0b41087adb51c603d1618202c604b46fb8975733c7663d860068b3f24,pinyin,word,椰,7486b378-8bfa-5620-b00a-71a9b2f81b41,headword,椰,yē,coconut,ココナッツ,0,
content:3199ab53-abe9-5c25-8133-8094122745f9,4b440ab0b41087adb51c603d1618202c604b46fb8975733c7663d860068b3f24,pinyin,word,椰,d98384ab-a296-547c-99e0-8f838b1803ea,definition,椰子，一种生长在热带的植物及其果实。,yē zi ， yī zhǒng shēng zhǎng zài rè dài de zhí wù jí qí guǒ shí 。,,,0,
content:322402c6-faad-51aa-bf26-14b1ec4cff8f,6889b36e4effad5c5079ce15032e7362db33ba78c6eb11d9271572999b558c16,pinyin,word,爷,3c969bbe-63fc-50cb-be67-fe2e90940fca,headword,爷,yé,grandfather,祖父,0,
content:322402c6-faad-51aa-bf26-14b1ec4cff8f,6889b36e4effad5c5079ce15032e7362db33ba78c6eb11d9271572999b558c16,pinyin,word,爷,5db5b43d-e29a-5aa0-889b-45f47b5e5b41,definition,祖父的称呼。,zǔ fù de chēng hu 。,,,0,
content:3847efa6-fd42-5dc1-a3f0-adbea2abdcf2,f504b2a97e15e5b4d0186c438816b7d8b75e04ad1b8af63eac49b1ae51b95132,pinyin,word,野,23e38050-5ba6-532e-a958-c370523a6457,headword,野,yě,wild,野生,0,
content:3847efa6-fd42-5dc1-a3f0-adbea2abdcf2,f504b2a97e15e5b4d0186c438816b7d8b75e04ad1b8af63eac49b1ae51b95132,pinyin,word,野,52df3050-1248-5e99-ae30-536d94d0a19c,definition,郊外；未经驯养的。,jiāo wài ； wèi jīng xùn yǎng de 。,,,0,
content:973ed55b-c5d3-58e7-8c41-f371046eb5fb,4ebffb8c90972e7dc7befb9fcbc035a69ba24d31df84b99cf49364da0037c259,pinyin,word,夜,b4760252-dfaa-516b-8799-e7516f1afa4b,headword,夜,yè,night,夜,0,
content:973ed55b-c5d3-58e7-8c41-f371046eb5fb,4ebffb8c90972e7dc7befb9fcbc035a69ba24d31df84b99cf49364da0037c259,pinyin,word,夜,829ace29-65a4-5ad7-834f-ed5a4a43d8c5,definition,天黑到天亮的一段时间。,tiān hēi dào tiān liàng de yī duàn shí jiān 。,,,0,
content:4999d31c-7230-57c7-b7dd-cd1c8de324b9,7f49c662607f0d33ebca937caa4b7fedbeacbd79f8d65adcd84675c4da51afde,pinyin,word,冤,4b965f1a-5150-5fb3-b929-5120700f0274,headword,冤,yuān,injustice,冤罪,0,
content:4999d31c-7230-57c7-b7dd-cd1c8de324b9,7f49c662607f0d33ebca937caa4b7fedbeacbd79f8d65adcd84675c4da51afde,pinyin,word,冤,1b886ee8-493b-5e22-b32f-d84bc2d01314,definition,受到不公平的对待。,shòu dào bù gōng píng de duì dài 。,,,0,
content:3afff783-1cab-5b72-90b4-e58e8f59c3d8,cb2fcb60e5919e4a2976f07681c4f1ce9a778a0239b938de7b9a0066d7791922,pinyin,word,元,3c409ee2-4121-586d-91db-b722d82f2f4d,headword,元,yuán,yuan,元,0,
content:3afff783-1cab-5b72-90b4-e58e8f59c3d8,cb2fcb60e5919e4a2976f07681c4f1ce9a778a0239b938de7b9a0066d7791922,pinyin,word,元,a8006124-25a5-56e0-bdde-b1831ebf6485,definition,货币单位；开始。,huò bì dān wèi ； kāi shǐ 。,,,0,
content:53a94228-657b-5803-8015-826ccc1d963d,ebfd51f577e539af64110bcea89949fbdb17ce7b9c240f45b37c60d0a3de2dfb,pinyin,word,远,799c6f50-e134-5bb4-a5ad-ea047be6de6f,headword,远,yuǎn,far,遠い,0,
content:53a94228-657b-5803-8015-826ccc1d963d,ebfd51f577e539af64110bcea89949fbdb17ce7b9c240f45b37c60d0a3de2dfb,pinyin,word,远,59b76493-daa7-5acb-866a-8e9bd264683a,definition,距离长，与近相对。,jù lí cháng ， yǔ jìn xiāng duì 。,,,0,长=cháng
content:810ae83e-7693-5dda-baf7-87e01cdd3523,aca109645c2b4780aaaefd94248a51674e9512943bd647ff96beb25341b90a77,pinyin,word,院,d01f5303-34e1-5e80-88b5-1548ff1058dd,headword,院,yuàn,courtyard,庭,0,
content:810ae83e-7693-5dda-baf7-87e01cdd3523,aca109645c2b4780aaaefd94248a51674e9512943bd647ff96beb25341b90a77,pinyin,word,院,9bcd00f7-66f3-5f63-8536-f132742b7223,definition,院子；某些机构的名称。,yuàn zi ； mǒu xiē jī gòu de míng chēng 。,,,0,
content:523a68ab-7afe-5083-adaa-975e5dadcffa,69c64cb5775593df9bdd72b553680369781d0ffb72d67f3241069e7b99d0372a,pinyin,word,英,e5ee592d-6f88-5ba7-bc10-08c2abefadc5,headword,英,yīng,heroic,優れた,0,
content:523a68ab-7afe-5083-adaa-975e5dadcffa,69c64cb5775593df9bdd72b553680369781d0ffb72d67f3241069e7b99d0372a,pinyin,word,英,ea910a0e-2a56-5b95-9645-e6e30783536a,definition,杰出；也用于英雄。,jié chū ； yě yòng yú yīng xióng 。,,,0,
content:5ae49677-0d2e-5975-a1a1-077e51b58a1d,c3dc15eedb6951ac0a74057579ddb2ce6788bf4723cfa778bb095deebd47b29b,pinyin,word,迎,cef99455-524e-5497-8f68-cd176471c43e,headword,迎,yíng,welcome,迎える,0,
content:5ae49677-0d2e-5975-a1a1-077e51b58a1d,c3dc15eedb6951ac0a74057579ddb2ce6788bf4723cfa778bb095deebd47b29b,pinyin,word,迎,416fb637-5c28-53fd-829a-2c5cd05b4eb2,definition,朝着来的人或事物过去接待。,cháo zhe lái de rén huò shì wù guò qù jiē dài 。,,,0,
content:2ac2ee21-d4b3-5dfb-8428-acbc87ff441b,14c9e5b3a3d810f466557a46db45cc82b6b2141dd5a2351c06523c14b1bff0d7,pinyin,word,影,aab3122e-6a9d-512b-8134-9ccfff58f694,headword,影,yǐng,shadow,影,0,
content:2ac2ee21-d4b3-5dfb-8428-acbc87ff441b,14c9e5b3a3d810f466557a46db45cc82b6b2141dd5a2351c06523c14b1bff0d7,pinyin,word,影,a6d3b9cd-1c37-5ce8-b686-eb6b327b815f,definition,光被挡住后形成的暗处。,guāng bèi dǎng zhù hòu xíng chéng de àn chù 。,,,0,
content:3f02d348-1415-5d1d-a237-ee549e5e342e,e8b147d569787826421688457a73243f42fb70265816bae276948cd09e2aa249,pinyin,word,硬,ab68d44c-51d4-5109-96d3-7fe884c12ffa,headword,硬,yìng,hard,硬い,0,
content:3f02d348-1415-5d1d-a237-ee549e5e342e,e8b147d569787826421688457a73243f42fb70265816bae276948cd09e2aa249,pinyin,word,硬,df0bbfff-8368-5554-a24a-d4f8c98b18ab,definition,与软相对。,yǔ ruǎn xiāng duì 。,,,0,
content:b06d717c-193f-5447-9186-078f76788a8e,52dada5f66bc6be5f571c24787e85c24d7d28208faa93c09e0fb0ea977f77bb0,pinyin,word,匆,83dea6f4-ec3c-5b10-bc20-2312832e5759,headword,匆,cōng,hurried,慌ただしい,0,
content:b06d717c-193f-5447-9186-078f76788a8e,52dada5f66bc6be5f571c24787e85c24d7d28208faa93c09e0fb0ea977f77bb0,pinyin,word,匆,2ab1bf2c-ec24-5337-addd-860a7b6f89f0,definition,急促，匆忙。,jí cù ， cōng máng 。,,,0,
content:158bdcf7-5b01-56f8-b1f1-ca35eb56b361,810c91bc2c47f4670ab9674436f32f0db0ed39cb148c6c413aef8db4397d6add,pinyin,word,跑,6556ea0b-e4e6-5fd6-af11-89713e152967,headword,跑,pǎo,run,走る,0,
content:158bdcf7-5b01-56f8-b1f1-ca35eb56b361,810c91bc2c47f4670ab9674436f32f0db0ed39cb148c6c413aef8db4397d6add,pinyin,word,跑,e6bfcabf-4e9a-5122-943f-6ae3c4b8e4eb,definition,两脚交替向前快速移动。,liǎng jiǎo jiāo tì xiàng qián kuài sù yí dòng 。,,,0,
content:0744f8b3-0939-53f8-b8c9-29692af111dc,ac6ba929c9618182f65fcc57f2426b1418c54ba4b5002c06de45fb6e256a80b5,pinyin,word,捏,97957888-b8e0-5f18-bd9a-ec27898656be,headword,捏,niē,pinch,つまむ,0,
content:0744f8b3-0939-53f8-b8c9-29692af111dc,ac6ba929c9618182f65fcc57f2426b1418c54ba4b5002c06de45fb6e256a80b5,pinyin,word,捏,c27c52fc-94f7-58f8-8d34-40849de47377,definition,用手指夹住或按压。,yòng shǒu zhǐ jiā zhù huò àn yā 。,,,0,
content:fceb3275-9e44-5f49-a7b7-ba40fce2ba72,613662e6fe48e66b7b03cd9dee5948f1b2eeb7cbcc10bbb1daf8bb12fd000cf5,pinyin,word,抬,9f5e5763-8635-583b-84e8-02f502ae2743,headword,抬,tái,lift,持ち上げる,0,
content:fceb3275-9e44-5f49-a7b7-ba40fce2ba72,613662e6fe48e66b7b03cd9dee5948f1b2eeb7cbcc10bbb1daf8bb12fd000cf5,pinyin,word,抬,d6fa1a13-6cc8-5653-9040-407169b28a0c,definition,把手或物体向上举。,bǎ shǒu huò wù tǐ xiàng shàng jǔ 。,,,0,
content:47265ebc-5738-5b4e-9cf5-4acc5f05f634,40bac4bc1aa6faaae54361955a8bb6a2507ef9e26e4be205def174e1565158ec,pinyin,word,火,e6cca7f1-6764-52d0-8184-8dec8229583a,headword,火,huǒ,fire,火,0,
content:47265ebc-5738-5b4e-9cf5-4acc5f05f634,40bac4bc1aa6faaae54361955a8bb6a2507ef9e26e4be205def174e1565158ec,pinyin,word,火,d3a15909-0c30-5d39-bcae-b070cb43866d,definition,物体燃烧时发出的光和热。,wù tǐ rán shāo shí fā chū de guāng hé rè 。,,,0,
content:32b38b78-b744-5192-a7ed-cf055eb34e7f,212c5976c24a8d39b0d547af89034ad17671719331e629f758fb940c53ba911f,pinyin,word,人,dc770cbe-4bf0-5c37-8570-06811f5d97dd,headword,人,rén,person,人,0,
content:32b38b78-b744-5192-a7ed-cf055eb34e7f,212c5976c24a8d39b0d547af89034ad17671719331e629f758fb940c53ba911f,pinyin,word,人,3c7fff6b-72a1-52f5-bdd4-79088be0d3bf,definition,能使用语言和工具进行劳动的高等动物。,néng shǐ yòng yǔ yán hé gōng jù jìn xíng láo dòng de gāo děng dòng wù 。,,,0,
content:d0157488-2f43-5856-a612-be35aceff478,b26a2d770090ceeb37bdd5c216f4eeb07d3ef2c6a943f9f47a7cadda139313d9,pinyin,word,忍,5779b228-fb42-59ab-999e-3b52a1a2edc2,headword,忍,rěn,endure,耐える,0,
content:d0157488-2f43-5856-a612-be35aceff478,b26a2d770090ceeb37bdd5c216f4eeb07d3ef2c6a943f9f47a7cadda139313d9,pinyin,word,忍,c835e951-24b1-5ed5-b747-058d56db78a1,definition,克制感情或承受痛苦。,kè zhì gǎn qíng huò chéng shòu tòng kǔ 。,,,0,
content:a505b40c-a9b4-532e-8969-1e7d22621b23,9a14365847ea3157845dd316c849378d0809728ef37628bfb355f39d6937de70,pinyin,word,学,121a8c21-2e9f-5451-9500-9c0983c6e47d,headword,学,xué,learn,学ぶ,0,
content:a505b40c-a9b4-532e-8969-1e7d22621b23,9a14365847ea3157845dd316c849378d0809728ef37628bfb355f39d6937de70,pinyin,word,学,37a3cdfa-3818-58b6-9a1a-21077ad4a9bb,definition,通过练习或研究获得知识和技能。,tōng guò liàn xí huò yán jiū huò dé zhī shí hé jì néng 。,,,0,
content:5b41cffc-9571-5d72-b93a-55c0a40ef6a6,d49f257b9e340ff32013f1e0ba5273cb17e724e3137b5254c871fb1a71011555,pinyin,word,雪,6d19de94-0172-531a-8772-f19a7a467809,headword,雪,xuě,snow,雪,0,
content:5b41cffc-9571-5d72-b93a-55c0a40ef6a6,d49f257b9e340ff32013f1e0ba5273cb17e724e3137b5254c871fb1a71011555,pinyin,word,雪,841f9ec6-d1b9-5046-8f28-acda9937df37,definition,从云中落下的白色冰晶。,cóng yún zhōng là xià de bái sè bīng jīng 。,,,0,
content:242ba5f1-ca32-5fc8-bc0b-8a7e34b7392b,079150d65abe0d6a334a685bda4c15215403ed80f45d85fad64955b8a3ddd492,pinyin,word,靴,f58f9c7e-c3b0-5b29-abde-1a3558b0cb36,headword,靴,xuē,boot,ブーツ,0,
content:242ba5f1-ca32-5fc8-bc0b-8a7e34b7392b,079150d65abe0d6a334a685bda4c15215403ed80f45d85fad64955b8a3ddd492,pinyin,word,靴,98dc0c3b-763c-504b-bcde-73b8c2efd5ea,definition,靴子，筒部较高的鞋。,xuē zi ， tǒng bù jiào gāo de xié 。,,,0,
content:f3b3153f-c15a-503d-9cb5-56daa6b73029,5d3167e8d498585ed4378587868b7fa4d870dfd92efd1366cbcb62d122cee094,pinyin,word,吞,8cead35f-08ec-581e-9d34-3acea1f12d37,headword,吞,tūn,swallow,飲み込む,0,
content:f3b3153f-c15a-503d-9cb5-56daa6b73029,5d3167e8d498585ed4378587868b7fa4d870dfd92efd1366cbcb62d122cee094,pinyin,word,吞,3e21b344-0435-5714-b41a-3683e32abc30,definition,使食物等从口中进入肚子。,shǐ shí wù děng cóng kǒu zhōng jìn rù dǔ zi 。,,,0,
content:b2ac1d86-1236-53f8-b587-ae553e08edf3,cd72716cc6556a9a81c67bda47491f6a8854c169c8bafd54cc6012787a5d12d3,pinyin,word,准,eb177e43-ce07-56ab-b045-0c18a1947b87,headword,准,zhǔn,accurate,正確な,0,
content:b2ac1d86-1236-53f8-b587-ae553e08edf3,cd72716cc6556a9a81c67bda47491f6a8854c169c8bafd54cc6012787a5d12d3,pinyin,word,准,87b8a7b2-3780-5d2f-8d0c-0599bc5d9101,definition,准确，符合要求。,zhǔn què ， fú hé yāo qiú 。,,,0,
content:cd440541-6e81-5c53-b705-db249e65dc04,0dc3a48ffe361c954e55798bad0872aa421ce1a4639945190dcc55ab1b341999,pinyin,word,认,2b026b4a-730a-5dff-b8d1-1523dc297858,headword,认,rèn,recognize,見分ける,0,
content:cd440541-6e81-5c53-b705-db249e65dc04,0dc3a48ffe361c954e55798bad0872aa421ce1a4639945190dcc55ab1b341999,pinyin,word,认,46804e8e-5073-547b-bd64-235d42753cb6,definition,辨别，记住。,biàn bié ， jì zhù 。,,,0,
content:19fa2868-b9bc-50d1-a3a2-58e1446f5656,6a171cee5673f0b3d880e3998cff1df3d3745df7facf3034b4b7bdd822d4fee6,pinyin,word,能,51a87825-53f5-5976-a88d-4275b8fafee4,headword,能,néng,can,できる,0,
content:19fa2868-b9bc-50d1-a3a2-58e1446f5656,6a171cee5673f0b3d880e3998cff1df3d3745df7facf3034b4b7bdd822d4fee6,pinyin,word,能,ae7e6559-3b78-5034-9c07-d072abfc1b9f,definition,有能力或条件做某事。,yǒu néng lì huò tiáo jiàn zuò mǒu shì 。,,,0,
content:fd0c8719-200e-5397-a65e-dd99db0b33c2,fb7220a68d69f33205e3df6a9d8656decda0582ca08b2235148280055c985eac,pinyin,word,红,a7c89dd1-d6df-5c51-80e3-e18e896448d8,headword,红,hóng,red,赤い,0,
content:fd0c8719-200e-5397-a65e-dd99db0b33c2,fb7220a68d69f33205e3df6a9d8656decda0582ca08b2235148280055c985eac,pinyin,word,红,c9144de7-4f7d-5299-b0c0-4616bdfd5064,definition,像鲜血一样的颜色。,xiàng xiān xuè yī yàng de yán sè 。,,,0,
content:907f7ebf-1c9a-5ee0-95e4-45d4dfecfac7,40621123af10f2cbd6596815223660b3b3dfc2bb34ea0462f833815be9e19105,pinyin,word,南,8d2a4cd4-2431-5bd3-8133-304240695502,headword,南,nán,south,南,0,
content:907f7ebf-1c9a-5ee0-95e4-45d4dfecfac7,40621123af10f2cbd6596815223660b3b3dfc2bb34ea0462f833815be9e19105,pinyin,word,南,771f8600-988b-5acc-80b1-5abbc52e48cd,definition,早晨面对太阳时右手的一方。,zǎo chén miàn duì tài yáng shí yòu shǒu de yī fāng 。,,,0,
content:38c98ac0-176e-5e53-9d2a-9201df001b50,cc6b51877400ff69ca0edbc38e5c177cd819f2ffe13e1f71a6ff97222246294b,pinyin,word,伞,632ba33d-ea03-51dd-862a-f18d0952ce4f,headword,伞,sǎn,umbrella,傘,0,
content:38c98ac0-176e-5e53-9d2a-9201df001b50,cc6b51877400ff69ca0edbc38e5c177cd819f2ffe13e1f71a6ff97222246294b,pinyin,word,伞,ad8dd3f2-aad8-597a-9c65-85cda438f55c,definition,遮雨或遮阳的用具。,zhē yǔ huò zhē yáng de yòng jù 。,,,0,
content:a85f1941-bb9a-5ce9-ab3e-c4f5b2ff5c45,367e875b682eff8091a455004543f25fc992f7db7c9640dd404903690f1ec7aa,pinyin,word,长,3ebae424-57c7-5adb-b001-e1b978fa5726,headword,长,cháng,long,長い,0,长=cháng
content:a85f1941-bb9a-5ce9-ab3e-c4f5b2ff5c45,367e875b682eff8091a455004543f25fc992f7db7c9640dd404903690f1ec7aa,pinyin,word,长,af25dcd3-d59a-5b61-b926-f7370df46d52,definition,两点之间的距离大。,liǎng diǎn zhī jiān de jù lí dà 。,,,0,
content:4ea01f18-e5af-556c-845c-5ae2b15ea3b7,0865e6988951e459f7d9a016d69212f56b2aa7ea7c53fd631f0d9ce6a87f866e,pinyin,word,回,7a221442-77c7-5081-8651-a892eb9ce680,headword,回,huí,return,戻る,0,
content:4ea01f18-e5af-556c-845c-5ae2b15ea3b7,0865e6988951e459f7d9a016d69212f56b2aa7ea7c53fd631f0d9ce6a87f866e,pinyin,word,回,b9f82a97-2dce-5162-a9e6-2db27bd96464,definition,返回原来的地方。,fǎn huí yuán lái de dì fāng 。,,,0,
content:324416d0-4428-5a69-be44-f1be7ce768aa,bab336bcffb790fc0dedc7cb02de3c066ed8d4d1e28cb320f083aff8f397fe2a,pinyin,word,肥,1d4efc51-91b9-5cf0-b260-ad46fe14ac76,headword,肥,féi,fat,脂肪が多い,0,
content:324416d0-4428-5a69-be44-f1be7ce768aa,bab336bcffb790fc0dedc7cb02de3c066ed8d4d1e28cb320f083aff8f397fe2a,pinyin,word,肥,23507f91-3e4a-500b-b83c-3880db295e24,definition,脂肪多，也指肥料。,zhī fáng duō ， yě zhǐ féi liào 。,,,0,
content:9708d1aa-b112-5683-8160-59456ba6bded,310e35ab51d0a5403912cf6e5b0c835afeca0bf63af14ec0c652acb167e389c5,pinyin,word,楼,9d9c1b16-0b49-5003-be9a-0e0f1acb88b3,headword,楼,lóu,multistory building,二階建て以上の建物,0,
content:9708d1aa-b112-5683-8160-59456ba6bded,310e35ab51d0a5403912cf6e5b0c835afeca0bf63af14ec0c652acb167e389c5,pinyin,word,楼,b3181e39-9c32-51f4-9b50-e6191152cbb9,definition,两层或两层以上的房屋。,liǎng céng huò liǎng céng yǐ shàng de fáng wū 。,,,0,
content:9ec48946-2470-5cef-8eea-9ce8f024cae7,f29a83dca163ed0302a5fd44f466a5bbe153c23a71571728bf122cc534bf9c56,pinyin,word,坡,6d4f89f9-6bda-543e-8f12-bcdd9439fe14,headword,坡,pō,slope,坂,0,
content:9ec48946-2470-5cef-8eea-9ce8f024cae7,f29a83dca163ed0302a5fd44f466a5bbe153c23a71571728bf122cc534bf9c56,pinyin,word,坡,e85338cd-e476-57ef-b525-a133fbcf9229,definition,倾斜的地面。,qīng xié de dì miàn 。,,,0,
content:225b1c95-5b23-599d-967a-8a5a6e134df2,84edc887e9b46db44f9da69e2517b5922d536e1999b56af3ac8ae0040bfed92e,pinyin,word,婆,99bb2527-a8cb-51d3-bcfd-2e1306f9e1b5,headword,婆,pó,elderly woman,年配の女性,0,
content:225b1c95-5b23-599d-967a-8a5a6e134df2,84edc887e9b46db44f9da69e2517b5922d536e1999b56af3ac8ae0040bfed92e,pinyin,word,婆,7bae9734-9b58-5ade-9ba8-63312ec74a90,definition,年长的妇女。,nián zhǎng de fù nǚ 。,,,0,
content:84e71036-675f-5121-81e7-0545b832a954,f9cbad2428c2c3d0e4acf4b1550cbd890890b06192b977387ab42b6cc6f187a4,pinyin,word,破,e7cdb82c-e0e7-59ea-a3b3-c0b8ae6df250,headword,破,pò,broken,壊れる,0,
content:84e71036-675f-5121-81e7-0545b832a954,f9cbad2428c2c3d0e4acf4b1550cbd890890b06192b977387ab42b6cc6f187a4,pinyin,word,破,9d9879a3-11f2-5e69-8612-e252af07909b,definition,完整的东西出现损伤。,wán zhěng de dōng xī chū xiàn sǔn shāng 。,,,0,
content:d0befa8f-95c6-50ac-80ff-5511fa3ff846,462432309eaf55459269e8d35491e42f130119ca8dbdb8a9202a70bc17d4a556,pinyin,word,癌,0a50eb1f-bf07-5074-8f08-0dbd759013a0,headword,癌,ái,cancer,がん,0,
content:d0befa8f-95c6-50ac-80ff-5511fa3ff846,462432309eaf55459269e8d35491e42f130119ca8dbdb8a9202a70bc17d4a556,pinyin,word,癌,d7f88794-a093-56a1-990a-262374b4f2d7,definition,由恶性肿瘤引起的疾病。,yóu è xìng zhǒng liú yǐn qǐ de jí bìng 。,,,0,
content:176cd650-5268-5700-9cb7-818a75e5f006,dccf0994ce6f52c81a22797e4f92c9837d8b7a69799d06b4e5bc2f2b67a52134,pinyin,word,波浪,fcd5a26b-e11d-5b30-bc4b-2627d490bb60,headword,波浪,bō làng,wave,波,0,
content:176cd650-5268-5700-9cb7-818a75e5f006,dccf0994ce6f52c81a22797e4f92c9837d8b7a69799d06b4e5bc2f2b67a52134,pinyin,word,波浪,342a7c2d-c2da-5fa3-b67c-8a44976a9c83,definition,水面起伏形成的波。,shuǐ miàn qǐ fú xíng chéng de bō 。,,,0,
content:05b14c2d-4fcc-54e7-b6e1-8d2e1eb4e2c0,580055c7d45b7aaab082c8f250130275632e6d0729de2093881c8e2a32388c5c,pinyin,word,播放,8f003dd6-f05d-5369-a5d8-ed57bd9f039c,headword,播放,bō fàng,play audio or video,再生する,0,
content:05b14c2d-4fcc-54e7-b6e1-8d2e1eb4e2c0,580055c7d45b7aaab082c8f250130275632e6d0729de2093881c8e2a32388c5c,pinyin,word,播放,151ec798-d68a-55fe-b7d8-7f77c7bdcf40,definition,通过设备放出声音或影像。,tōng guò shè bèi fàng chū shēng yīn huò yǐng xiàng 。,,,0,
content:5abe3f93-a592-5337-a1bb-435fc8cf1acc,6da5f5de22085bb09b568734cb4c162ec252a17627665fa8d2657972fbbdecde,pinyin,word,爸爸,5633d51e-57eb-50da-9b39-e0c68e9a52e0,headword,爸爸,bà ba,dad,お父さん,0,
content:5abe3f93-a592-5337-a1bb-435fc8cf1acc,6da5f5de22085bb09b568734cb4c162ec252a17627665fa8d2657972fbbdecde,pinyin,word,爸爸,a3ce647d-5c01-508a-aa37-17d5b34c532d,definition,对父亲的称呼。,duì fù qīn de chēng hu 。,,,0,
content:3bc00afb-e952-5e4a-b23c-80913fb812c1,ba3ebfd5339cb98dcf2913252df8a52e87cbfbd6ee1c0c7542b17b4f52196fd8,pinyin,word,婆婆,8c5353bb-3bce-5e15-a5c4-90fe8d55dbca,headword,婆婆,pó po,mother-in-law; elderly woman,義母・年配の女性,0,
content:3bc00afb-e952-5e4a-b23c-80913fb812c1,ba3ebfd5339cb98dcf2913252df8a52e87cbfbd6ee1c0c7542b17b4f52196fd8,pinyin,word,婆婆,e110c639-8c60-5ea5-90df-a5363798b4cd,definition,丈夫的母亲；也可称年长的妇女。,zhàng fu de mǔ qīn ； yě kě chēng nián zhǎng de fù nǚ 。,,,0,
content:4fce8f07-c060-5eae-804b-f25eaf0c2eaf,d59585034b6da0b9224a8e4f5567d1941b1c499d4f6fb5870da13ea13bf6e008,pinyin,word,破坏,11530eb4-f15b-5e69-9d2c-7a48d27a3c07,headword,破坏,pò huài,damage; destroy,壊す,0,
content:4fce8f07-c060-5eae-804b-f25eaf0c2eaf,d59585034b6da0b9224a8e4f5567d1941b1c499d4f6fb5870da13ea13bf6e008,pinyin,word,破坏,6e948c8e-cf96-5e2f-ad4c-8a13f78da7d9,definition,使事物损坏或受到损害。,shǐ shì wù sǔn huài huò shòu dào sǔn hài 。,,,0,
content:8e73b31d-814d-50bf-a69a-90ff63e76af6,9a2ad7a36e929e6106a2a109f0efe360d2090353442722226f032bd32e262766,pinyin,word,苹果,929dd0f5-4eba-51a5-aa03-9732d916f0e0,headword,苹果,píng guǒ,apple,りんご,0,
content:8e73b31d-814d-50bf-a69a-90ff63e76af6,9a2ad7a36e929e6106a2a109f0efe360d2090353442722226f032bd32e262766,pinyin,word,苹果,d077260f-e8ac-540f-a4d3-af4729762e1f,definition,一种常见水果，通常呈圆形。,yī zhǒng cháng jiàn shuǐ guǒ ， tōng cháng chéng yuán xíng 。,,,0,
content:e67d2798-5d26-565c-8025-3d8194f10503,ded1ee116df2aba3b01b1139cf662b79691302ec6098ad9d909c665f8fa260df,pinyin,word,害怕,ac67651f-abc4-5856-b7da-95f1a5322b92,headword,害怕,hài pà,be afraid,怖がる,0,
content:e67d2798-5d26-565c-8025-3d8194f10503,ded1ee116df2aba3b01b1139cf662b79691302ec6098ad9d909c665f8fa260df,pinyin,word,害怕,dc44f1de-567f-5746-8be1-b8593e908e4d,definition,因危险或困难而感到恐惧。,yīn wēi xiǎn huò kùn nán ér gǎn dào kǒng jù 。,,,0,
content:7bb9622d-b666-5a35-a820-caccdd25451f,09433dd380ee2fa21ff74ab74288670d714f2046c62c449476e3b03377d96266,pinyin,word,妈妈,df94afc7-3be9-56fa-8972-c313076e5a03,headword,妈妈,mā ma,mother,お母さん,0,
content:7bb9622d-b666-5a35-a820-caccdd25451f,09433dd380ee2fa21ff74ab74288670d714f2046c62c449476e3b03377d96266,pinyin,word,妈妈,68b15991-0fb6-5378-9428-884e28cafadf,definition,对母亲的称呼。,duì mǔ qīn de chēng hu 。,,,0,
content:6ca54d6a-d535-5d33-977d-976934cbb423,6a065f542c45d9f29cbd1985a1b09a4a0f52b9de956a1c66b466cb11bd97ddf1,pinyin,word,麻木,8b591e07-7caa-59ce-a0be-63cb584e853a,headword,麻木,má mù,numb,感覚がない,0,
content:6ca54d6a-d535-5d33-977d-976934cbb423,6a065f542c45d9f29cbd1985a1b09a4a0f52b9de956a1c66b466cb11bd97ddf1,pinyin,word,麻木,379e442b-20de-5a8b-969a-e03e8a6b9a4e,definition,身体某部分失去感觉；也指反应迟钝。,shēn tǐ mǒu bù fen shī qù gǎn jué ； yě zhǐ fǎn yìng chí dùn 。,,,0,应=yìng
content:1cfc340a-29a5-58b6-8550-f572804a494e,899d8769674434c31e9d9a0ba8107a6af48c165c2dfbebc8dd3e2f924c9021e7,pinyin,word,马车,a448c8e0-f706-523b-b4da-bc9872ab9be8,headword,马车,mǎ chē,horse-drawn carriage,馬車,0,
content:1cfc340a-29a5-58b6-8550-f572804a494e,899d8769674434c31e9d9a0ba8107a6af48c165c2dfbebc8dd3e2f924c9021e7,pinyin,word,马车,bbdad3d3-cddf-5a16-8c55-cb01373aedfe,definition,由马拉着行驶的车辆。,yóu mǎ lā zhe xíng shǐ de chē liàng 。,,,0,
content:367fa7d3-f03c-55e1-8e4d-0715a631559a,0fe724e7231fb2f07f7fa30794e9c4b6cfb352621101a3fef9715c0f2807ff80,pinyin,word,蘑菇,9409ead0-c487-5a8a-be45-a50aa5b4410f,headword,蘑菇,mó gu,mushroom,きのこ,0,
content:367fa7d3-f03c-55e1-8e4d-0715a631559a,0fe724e7231fb2f07f7fa30794e9c4b6cfb352621101a3fef9715c0f2807ff80,pinyin,word,蘑菇,71e4ce1e-9d1e-559b-9a6e-8beac8527c95,definition,一类常有菌盖和菌柄的真菌。,yī lèi cháng yǒu jūn gài hé jūn bǐng de zhēn jūn 。,,,0,
content:e252a68b-0cc3-5ca1-a1df-e7147a675c26,b57e681899d55fc0befd4d9a53e07601f8cb3f3b2f014c3e667bd2481a82213a,pinyin,word,抹布,849354c1-f51a-5334-9ed5-cb4297350bb5,headword,抹布,mā bù,cleaning cloth,ふきん,0,
content:e252a68b-0cc3-5ca1-a1df-e7147a675c26,b57e681899d55fc0befd4d9a53e07601f8cb3f3b2f014c3e667bd2481a82213a,pinyin,word,抹布,3e301304-d4e1-5b83-b712-c5664df10365,definition,用来擦拭器物的布。,yòng lái cā shì qì wù de bù 。,,,0,
content:23717704-3cc0-5560-9101-aa469ad9364e,7b252dd2c8d0454bc38d329007ef69b99ed88a9fd80afc41a7b08b1b5799fb89,pinyin,word,佛教,1b1f4586-c0c7-530e-b0fe-198cb04dc6f0,headword,佛教,fó jiào,Buddhism,仏教,0,
content:23717704-3cc0-5560-9101-aa469ad9364e,7b252dd2c8d0454bc38d329007ef69b99ed88a9fd80afc41a7b08b1b5799fb89,pinyin,word,佛教,d5023ef0-46ae-50cf-a155-0f33defdc767,definition,起源于古印度、由释迦牟尼创立的宗教。,qǐ yuán yú gǔ yìn dù 、 yóu shì jiā móu ní chuàng lì de zōng jiào 。,,,0,
content:f20b82cc-f642-52df-8cb4-fa3978d18df2,d461ba2117d714684e85765fbf9250ee2334426aa938cb879af38b13aad93a6d,pinyin,word,办法,94ad25cb-93fd-528c-be42-64b1567b7c82,headword,办法,bàn fǎ,method; way,方法,0,
content:f20b82cc-f642-52df-8cb4-fa3978d18df2,d461ba2117d714684e85765fbf9250ee2334426aa938cb879af38b13aad93a6d,pinyin,word,办法,5b3950aa-cd60-5dfa-a31a-882f8f32a875,definition,处理事情或解决问题的方法。,chǔ lǐ shì qing huò jiě jué wèn tí de fāng fǎ 。,,,0,处=chǔ
content:79f422d1-b962-5057-af68-b417911d12ee,23b25eb84f32b8cba696c4ee6ac9a6218569275c4501089e6dfc797815f81411,pinyin,word,罚款,46ac98e7-e370-53cc-b903-5935bad2ab85,headword,罚款,fá kuǎn,fine; monetary penalty,罰金,0,
content:79f422d1-b962-5057-af68-b417911d12ee,23b25eb84f32b8cba696c4ee6ac9a6218569275c4501089e6dfc797815f81411,pinyin,word,罚款,3957f250-855e-5f82-bb55-25e66d69a720,definition,因违反规定而被要求缴纳的钱。,yīn wéi fǎn guī dìng ér bèi yāo qiú jiǎo nà de qián 。,,,0,
content:be704042-b618-5d92-b953-4d963e428721,8ef2f5fad336b4d103d179dbb3d2eef4fd5d86fa6134d7af7d621268fcd24aae,pinyin,word,地图,29270afa-ec31-5d51-a6d3-6ba5f3be46fe,headword,地图,dì tú,map,地図,0,
content:be704042-b618-5d92-b953-4d963e428721,8ef2f5fad336b4d103d179dbb3d2eef4fd5d86fa6134d7af7d621268fcd24aae,pinyin,word,地图,30087666-b949-5490-bf04-6ca69c6297ec,definition,按一定比例表示地理事物的图。,àn yī dìng bǐ lì biǎo shì dì lǐ shì wù de tú 。,,,0,
content:d8744ccd-98d6-577b-acf9-71c8522cf72d,fd999db811080a8616284058852f81d219058299def4f5ecf34ee6bad6be24f8,pinyin,word,冬天,60282aff-d5e5-55f0-a8f7-b1d37a69d988,headword,冬天,dōng tiān,winter,冬,0,
content:d8744ccd-98d6-577b-acf9-71c8522cf72d,fd999db811080a8616284058852f81d219058299def4f5ecf34ee6bad6be24f8,pinyin,word,冬天,e1481a17-7708-5da0-b9b0-e3999c1bc369,definition,一年四季中通常最寒冷的季节。,yī nián sì jì zhōng tōng cháng zuì hán lěng de jì jié 。,,,0,
content:6a85b5e8-026c-58a6-88d4-16f85470d476,d464d10079dd1f88eccbbb603f031082a868ad772d991c16eb4293ade174ae6d,pinyin,word,老师,717bfb92-3246-5abc-8bc9-e7e5b757d361,headword,老师,lǎo shī,teacher,先生,0,
content:6a85b5e8-026c-58a6-88d4-16f85470d476,d464d10079dd1f88eccbbb603f031082a868ad772d991c16eb4293ade174ae6d,pinyin,word,老师,fcd671a4-d40e-5dad-89b0-132ab295c33d,definition,教学生知识和技能的人。,jiāo xué sheng zhī shi hé jì néng de rén 。,,,0,
content:b3bafbd9-2e1f-594f-93c6-b7a34ee8a372,fa11abb0c5fe818af0145fac7008596c97576ffc49819d59f49025c54f55ad87,pinyin,word,花朵,ea7250b9-6d91-5443-aa03-dd798f34b39e,headword,花朵,huā duǒ,flower,花,0,
content:b3bafbd9-2e1f-594f-93c6-b7a34ee8a372,fa11abb0c5fe818af0145fac7008596c97576ffc49819d59f49025c54f55ad87,pinyin,word,花朵,ff9132d0-2031-5e5c-8600-9f60ac89484d,definition,植物的花。,zhí wù de huā 。,,,0,
content:79ebf9f0-c3ae-5c2a-86e0-94e5515bc26f,90f2400f2970b443ebff28613e1cce53e889ec046b3cc261bd4ad5686dafe361,pinyin,word,天空,7c7bcf42-81ed-5645-8858-da20c83c1297,headword,天空,tiān kōng,sky,空,0,
content:79ebf9f0-c3ae-5c2a-86e0-94e5515bc26f,90f2400f2970b443ebff28613e1cce53e889ec046b3cc261bd4ad5686dafe361,pinyin,word,天空,d8aa23a2-eb5a-5e99-8797-4aedff77e319,definition,地面以上的广阔空间。,dì miàn yǐ shàng de guǎng kuò kōng jiān 。,,,0,
content:f128f81d-feed-5a63-a6a7-a7fddbdbb16b,44e208305020de7f698291cd51871032ecc47d0a2eda8bce2b9408179fe1f969,pinyin,word,兔子,f286527c-5f08-57e0-8d33-3bbc3cb7ecb3,headword,兔子,tù zi,rabbit,ウサギ,0,
content:f128f81d-feed-5a63-a6a7-a7fddbdbb16b,44e208305020de7f698291cd51871032ecc47d0a2eda8bce2b9408179fe1f969,pinyin,word,兔子,7200f539-81bf-58cb-af65-98b7409ac4ca,definition,耳朵长、善于跳跃的小动物。,ěr duo cháng 、 shàn yú tiào yuè de xiǎo dòng wù 。,,,0,长=cháng
content:19758af9-ab18-54eb-9c0f-c4c659fcc740,72e7c82f15a1f3613f27cd218612cf474ab14e9ed50f881a1ba398715dc197d2,pinyin,word,太阳,c53bc092-99bf-5279-a519-516bab5ce234,headword,太阳,tài yang,sun,太陽,0,
content:19758af9-ab18-54eb-9c0f-c4c659fcc740,72e7c82f15a1f3613f27cd218612cf474ab14e9ed50f881a1ba398715dc197d2,pinyin,word,太阳,463468e4-d341-5145-8063-9ed7314edfdb,definition,给地球带来光和热的恒星。,gěi dì qiú dài lái guāng hé rè de héng xīng 。,,,0,
content:f7e1ce1e-1143-5f1a-b423-4cb6b2957d02,07959cfa902bf98e791075cc5b0a396db564c5cdb696ebd84d9d5bbd08188f62,pinyin,word,奶奶,bd6791e3-711e-5b34-ab3f-a4f171b8b5e5,headword,奶奶,nǎi nai,paternal grandmother,父方の祖母,0,
content:f7e1ce1e-1143-5f1a-b423-4cb6b2957d02,07959cfa902bf98e791075cc5b0a396db564c5cdb696ebd84d9d5bbd08188f62,pinyin,word,奶奶,4ce866b8-3ba8-580c-8a8c-2ea48e499bdc,definition,父亲的母亲。,fù qīn de mǔ qīn 。,,,0,
content:626d86c2-359e-58e5-af82-df2bd3c78bdd,1bca4128603edac2ed153fb653ef8504ae196efd78eca05d745c22fc765b6f4b,pinyin,word,牛奶,75808bbf-85d8-58e0-9652-f98625eb0e4f,headword,牛奶,niú nǎi,milk,牛乳,0,
content:626d86c2-359e-58e5-af82-df2bd3c78bdd,1bca4128603edac2ed153fb653ef8504ae196efd78eca05d745c22fc765b6f4b,pinyin,word,牛奶,8af263cd-acac-5465-a2a3-d8fec8dbe075,definition,牛产的奶。,niú chǎn de nǎi 。,,,0,
content:4a0d1f37-757a-5c46-a18a-91131b07ddcc,8c460d6ea971891354fd458bbb5e33986df542ed922e35f09d16136a51d28f96,pinyin,word,哥哥,c60343db-6d01-538d-ac96-0b622b97ac8a,headword,哥哥,gē ge,older brother,兄,0,
content:4a0d1f37-757a-5c46-a18a-91131b07ddcc,8c460d6ea971891354fd458bbb5e33986df542ed922e35f09d16136a51d28f96,pinyin,word,哥哥,94e2dab4-b904-56ee-81e2-4e46d05a2765,definition,同辈中比自己年长的男子。,tóng bèi zhōng bǐ zì jǐ nián zhǎng de nán zǐ 。,,,0,
content:34ff975a-30ea-55cd-aaf6-a16e791a86a2,cf297bd4bbec27213d49220f3ed25ce4d11ceb457f4f768e78bcf5603dd5156c,pinyin,word,快乐,0cdd716e-6b80-5a0f-aa6e-4b49226e5111,headword,快乐,kuài lè,happy,楽しい,0,
content:34ff975a-30ea-55cd-aaf6-a16e791a86a2,cf297bd4bbec27213d49220f3ed25ce4d11ceb457f4f768e78bcf5603dd5156c,pinyin,word,快乐,bbe5c63a-e7cd-5237-b10e-ea5f9f70fed4,definition,感到高兴和愉快。,gǎn dào gāo xìng hé yú kuài 。,,,0,
content:4d8c6821-7858-597d-adb6-21e93701aa50,0df5e5d79ab610160ecaad75f7dda12b0177b03a5922af71899073431f8c80e4,pinyin,word,姐姐,e07db6c0-ecf8-5bdd-a729-116d4dd5ffa2,headword,姐姐,jiě jie,older sister,姉,0,
content:4d8c6821-7858-597d-adb6-21e93701aa50,0df5e5d79ab610160ecaad75f7dda12b0177b03a5922af71899073431f8c80e4,pinyin,word,姐姐,78d07e86-4c12-522a-b301-c8265631879b,definition,同辈中比自己年长的女子。,tóng bèi zhōng bǐ zì jǐ nián zhǎng de nǚ zǐ 。,,,0,
content:c7db3559-e5ae-5996-abac-a0014537053f,3e1520d0a562d6268b363144dcce5a7ab0d9cf8c8ebae9ef65add273e80d1779,pinyin,word,气球,9cb712a0-c24d-5aca-aaa1-1742c8fb0c37,headword,气球,qì qiú,balloon,風船,0,
content:c7db3559-e5ae-5996-abac-a0014537053f,3e1520d0a562d6268b363144dcce5a7ab0d9cf8c8ebae9ef65add273e80d1779,pinyin,word,气球,b0f8ac94-51aa-5453-b12b-3be471f25d2f,definition,充入气体后鼓起来的球。,chōng rù qì tǐ hòu gǔ qǐ lái de qiú 。,,,0,
content:4688a159-f807-52e2-a1e7-ca262df323d6,f5de02396e9d7a48d4925a445eb64bc00a2f50fa3108cc28dbcd8afe5d521273,pinyin,word,西瓜,0a3eb702-183b-5acc-b300-847dc0111e7d,headword,西瓜,xī guā,watermelon,スイカ,0,
content:4688a159-f807-52e2-a1e7-ca262df323d6,f5de02396e9d7a48d4925a445eb64bc00a2f50fa3108cc28dbcd8afe5d521273,pinyin,word,西瓜,a2495d18-72d1-51b1-8a47-f4c5e73ea091,definition,一种夏天常见、果肉多汁的水果。,yì zhǒng xià tiān cháng jiàn 、 guǒ ròu duō zhī de shuǐ guǒ 。,,,0,一=yì
content:a240e7ba-cccf-536e-ab88-92980224eacc,7bfa4fdde372043363ad8156fb7cdf5c4115cf76bcb59eb446cf46b94a0f6b12,pinyin,word,蜘蛛,b06f830a-41e5-5916-8ecd-9106f40479f6,headword,蜘蛛,zhī zhū,spider,クモ,0,
content:a240e7ba-cccf-536e-ab88-92980224eacc,7bfa4fdde372043363ad8156fb7cdf5c4115cf76bcb59eb446cf46b94a0f6b12,pinyin,word,蜘蛛,65113170-a51a-59c8-90d4-c592a2c131e9,definition,有八条腿、常能结网的小动物。,yǒu bā tiáo tuǐ 、 cháng néng jié wǎng de xiǎo dòng wù 。,,,0,
content:778a642c-7e3d-57e7-b76e-8614214e1ec4,cf5a36aa0d899f61bd383e0ce097c4e738cbad90fc032fdb2b5cf1dbcac1387f,pinyin,word,春天,1d62b473-e86a-584d-ab73-070bcb297d53,headword,春天,chūn tiān,spring,春,0,
content:778a642c-7e3d-57e7-b76e-8614214e1ec4,cf5a36aa0d899f61bd383e0ce097c4e738cbad90fc032fdb2b5cf1dbcac1387f,pinyin,word,春天,9bfa1f35-15e0-55e6-a05a-9594c84897de,definition,冬天之后、夏天之前的季节。,dōng tiān zhī hòu 、 xià tiān zhī qián de jì jié 。,,,0,
content:05920158-9ca3-5c17-8597-d1f4dbd18f30,6aaeb93647e88933d9459b9fc94c588c60ba166da5fe2ca66e96e435010567bd,pinyin,word,狮子,a63a0fb3-580b-5877-ab3f-c829feaffa71,headword,狮子,shī zi,lion,ライオン,0,
content:05920158-9ca3-5c17-8597-d1f4dbd18f30,6aaeb93647e88933d9459b9fc94c588c60ba166da5fe2ca66e96e435010567bd,pinyin,word,狮子,e847f1e8-443c-5612-a78a-fef981a5de3f,definition,一种体型大、以肉为食的猫科动物。,yì zhǒng tǐ xíng dà 、 yǐ ròu wéi shí de māo kē dòng wù 。,,,0,一=yì; 为=wéi
content:a0f8c10f-5b0e-58ca-9a75-c8a49fe0aa2a,6d4fc7b187d2a1e5120f08cb5b1a51408592f4d788097d2031ae4105c91f990d,pinyin,word,人民,9d3b0c87-ea55-5730-a048-8bdaba1f6fb8,headword,人民,rén mín,people,人民,0,
content:a0f8c10f-5b0e-58ca-9a75-c8a49fe0aa2a,6d4fc7b187d2a1e5120f08cb5b1a51408592f4d788097d2031ae4105c91f990d,pinyin,word,人民,3c8935a3-c429-5131-aae7-a414148afc13,definition,社会成员的总称。,shè huì chéng yuán de zǒng chēng 。,,,0,
content:0f24c093-4280-5e2f-8786-18368a6149b3,77968af292a84871a134d00f199753392f4815e4decdcb5128d44224ea30b292,pinyin,word,容易,3820ed10-45c3-5403-9642-53ba84f8c2a5,headword,容易,róng yì,easy,易しい,0,
content:0f24c093-4280-5e2f-8786-18368a6149b3,77968af292a84871a134d00f199753392f4815e4decdcb5128d44224ea30b292,pinyin,word,容易,faaf8855-263e-54e8-b7d3-a921420e5631,definition,做起来不困难。,zuò qǐ lái bù kùn nán 。,,,0,
content:3c1cb5ed-7b06-5976-a465-290a1d6a035d,c9c7d6eb79c7d39507a2ccd5c0a8d62796d95efba10fe48ef03514c1a520d22f,pinyin,word,草地,7506811e-da38-550e-8588-98ff7da0b4bc,headword,草地,cǎo dì,grassland,草地,0,
content:3c1cb5ed-7b06-5976-a465-290a1d6a035d,c9c7d6eb79c7d39507a2ccd5c0a8d62796d95efba10fe48ef03514c1a520d22f,pinyin,word,草地,eb8d7492-082f-5d59-8624-c02d7483484d,definition,长着草的地面。,zhǎng zhe cǎo de dì miàn 。,,,0,
content:da6da5cb-e570-53ca-b240-7efe11b0fdf5,29375c3c5883aa50d9623bc215d17524cb0619bf52a091097f536c1bb4bfc706,pinyin,word,森林,1df35c09-0db1-5ee0-b170-1ab7403ca558,headword,森林,sēn lín,forest,森林,0,
content:da6da5cb-e570-53ca-b240-7efe11b0fdf5,29375c3c5883aa50d9623bc215d17524cb0619bf52a091097f536c1bb4bfc706,pinyin,word,森林,f23abad6-d960-591b-ad36-1e0e28b02447,definition,大片生长着树木的地方。,dà piàn shēng zhǎng zhe shù mù de dì fang 。,,,0,
content:0e3f6de7-0491-587d-8994-743f4267c975,fce1f9f37e859b5fb26661279b1e306cd6b6a22f4f291acbccdf55ffa8a9ae8b,pinyin,word,衣服,038b9e22-df0c-51bc-8642-0b10d6e45461,headword,衣服,yī fu,clothes,服,0,
content:0e3f6de7-0491-587d-8994-743f4267c975,fce1f9f37e859b5fb26661279b1e306cd6b6a22f4f291acbccdf55ffa8a9ae8b,pinyin,word,衣服,350cf487-8eaf-521d-ae26-39d1653516cf,definition,穿在身上的衣物。,chuān zài shēn shàng de yī wù 。,,,0,
content:4187d3bf-c366-5067-932f-a12e90322a24,960fcc4ed9338b2818e6fa16b6beb75bec82a27c6fa2b3428590e51b12c4a7f8,pinyin,word,我们,2fc52eb9-e4b8-514c-b203-3f1e5ebc97df,headword,我们,wǒ men,we; us,私たち,0,
content:4187d3bf-c366-5067-932f-a12e90322a24,960fcc4ed9338b2818e6fa16b6beb75bec82a27c6fa2b3428590e51b12c4a7f8,pinyin,word,我们,3d8e2182-02fb-5e43-a256-4ec510e76491,definition,说话人和与自己有关的一些人。,shuō huà rén hé yǔ zì jǐ yǒu guān de yì xiē rén 。,,,0,一=yì
content:3883566c-9536-513d-9b1f-eb9d99744580,fa42a3b49d724c940a8e747242911b9782e1316a7978e42945f7796c92e44854,pinyin,word,月亮,ddd31086-7ebf-5ba4-8b01-3cb4c54a035b,headword,月亮,yuè liang,moon,月,0,
content:3883566c-9536-513d-9b1f-eb9d99744580,fa42a3b49d724c940a8e747242911b9782e1316a7978e42945f7796c92e44854,pinyin,word,月亮,320a0086-3655-5e06-a47e-0581990ccbef,definition,围绕地球运行的天然卫星。,wéi rào dì qiú yùn xíng de tiān rán wèi xīng 。,,,0,
content:c195c141-ecd1-504f-b784-b9b54df51493,8af4919ae42fe877544680dfd81b33fd72a3d1976a279f0404a71e607e02c69c,pinyin,word,耳朵,6266bb5f-7f25-56aa-9b93-545275194b16,headword,耳朵,ěr duo,ear,耳,0,
content:c195c141-ecd1-504f-b784-b9b54df51493,8af4919ae42fe877544680dfd81b33fd72a3d1976a279f0404a71e607e02c69c,pinyin,word,耳朵,1497bb78-4694-568f-8961-35dbba0dc1e7,definition,听声音的器官。,tīng shēng yīn de qì guān 。,,,0,
content:c7891593-a0ed-571a-a454-b7d268789252,f8abeff8673315e8d4da14c03867b82d5d1ca1b7d6d1c5d52131ed66ca325ae5,pinyin,word,飞机,ae473aae-68b8-53a6-bd94-a74846ecea8a,headword,飞机,fēi jī,airplane,飛行機,0,
content:c7891593-a0ed-571a-a454-b7d268789252,f8abeff8673315e8d4da14c03867b82d5d1ca1b7d6d1c5d52131ed66ca325ae5,pinyin,word,飞机,0426d0ae-5ead-526f-9789-514dbb716104,definition,依靠动力在空中飞行的交通工具。,yī kào dòng lì zài kōng zhōng fēi xíng de jiāo tōng gōng jù 。,,,0,
content:bf242184-838f-545c-94a5-213b80b22824,8de4f8dcca4692cf0bb3d913c33084a949ddbc3ab0eca401edbc4d363adbe6f2,pinyin,word,朋友,2c9c5151-f002-5198-a600-d2a392463a3c,headword,朋友,péng you,friend,友達,0,
content:bf242184-838f-545c-94a5-213b80b22824,8de4f8dcca4692cf0bb3d913c33084a949ddbc3ab0eca401edbc4d363adbe6f2,pinyin,word,朋友,6977880d-13d0-5d5e-8421-1da59d6eb75c,definition,彼此有交情的人。,bǐ cǐ yǒu jiāo qing de rén 。,,,0,
content:1eb8113e-cb95-5a3c-8a9d-1e8f58c7960e,86039bfff5f482ad8f3684c154ff6dd417fa32ea3defaff020a101a50016c040,pinyin,word,礼物,2011554e-b5b0-5fbf-aa83-6b7f1bde0fab,headword,礼物,lǐ wù,gift,贈り物,0,
content:1eb8113e-cb95-5a3c-8a9d-1e8f58c7960e,86039bfff5f482ad8f3684c154ff6dd417fa32ea3defaff020a101a50016c040,pinyin,word,礼物,072b38c5-ac4a-570f-bc9d-dd45836a46de,definition,为了表达心意而送给别人的东西。,wèi le biǎo dá xīn yì ér sòng gěi bié rén de dōng xi 。,,,0,
content:3931b4d5-1d2a-5566-b133-5929b38d992d,4f43518ab3811fa994199a0ed704e480605e27afc84e10de22c4a8aedecbc829,pinyin,word,帽子,ff688b0d-0290-57d2-9e7c-8b7a963a83b7,headword,帽子,mào zi,hat,帽子,0,
content:3931b4d5-1d2a-5566-b133-5929b38d992d,4f43518ab3811fa994199a0ed704e480605e27afc84e10de22c4a8aedecbc829,pinyin,word,帽子,d416e904-358e-5943-84a0-01f0c995a3ea,definition,戴在头上保暖或遮阳的用品。,dài zài tóu shàng bǎo nuǎn huò zhē yáng de yòng pǐn 。,,,0,
content:781d93ab-3b36-5f63-8e2a-4096d24f0610,818948c207fcc3d180f6b4001261f37021f19e844ab6454847c8e3decb72736f,pinyin,word,垃圾,a794a4dd-5e09-573b-ae61-5c7c4bc343ed,headword,垃圾,lā jī,garbage,ごみ,0,
content:781d93ab-3b36-5f63-8e2a-4096d24f0610,818948c207fcc3d180f6b4001261f37021f19e844ab6454847c8e3decb72736f,pinyin,word,垃圾,0802c5e3-cd97-54ef-9253-20c094b80abe,definition,被丢弃的废物。,bèi diū qì de fèi wù 。,,,0,
content:9f475b52-27c6-5fcc-8952-19146b8181c9,e214924ff6921437c53a7beea384095783fa8d76f12f789627e27c4c83bc8d71,pinyin,word,居住,39849fd4-4fa4-5e8b-8316-4ae88ac2d8ce,headword,居住,jū zhù,reside,住む,0,
content:9f475b52-27c6-5fcc-8952-19146b8181c9,e214924ff6921437c53a7beea384095783fa8d76f12f789627e27c4c83bc8d71,pinyin,word,居住,171385ad-ac99-5775-afde-13a4ef8fbaae,definition,在某个地方生活。,zài mǒu gè dì fang shēng huó 。,,,0,
content:c60d5b80-6dbf-534c-a8e4-3b1b01667cbe,03a5d3cd12774f0f0b5d71c21f80f5679fbd14c82c8bca209acdfeb7c2a6108c,pinyin,word,军队,815e2614-cfce-56cb-881b-a80d61611c94,headword,军队,jūn duì,army,軍隊,0,
content:c60d5b80-6dbf-534c-a8e4-3b1b01667cbe,03a5d3cd12774f0f0b5d71c21f80f5679fbd14c82c8bca209acdfeb7c2a6108c,pinyin,word,军队,1c70dca8-769d-5a50-b5bb-ef2abf5aa453,definition,国家组织的武装力量。,guó jiā zǔ zhī de wǔ zhuāng lì liàng 。,,,0,
content:2dbb06b3-d1f2-5678-880f-75c324eddcdf,d0e6b2309d2a71955cd046921e2ae337cfcefc542621fd6e414ed35f34996956,pinyin,word,子孙,ef0e444e-0332-5fde-ad4f-719f6ed5fd13,headword,子孙,zǐ sūn,descendants,子孫,0,
content:2dbb06b3-d1f2-5678-880f-75c324eddcdf,d0e6b2309d2a71955cd046921e2ae337cfcefc542621fd6e414ed35f34996956,pinyin,word,子孙,0362fa82-0d50-576b-b0dd-2837404b261b,definition,儿子、孙子以及以后的后代。,ér zi 、 sūn zi yǐ jí yǐ hòu de hòu dài 。,,,0,
content:c2adf0fc-6f94-56d4-8fc7-57d1ee4820a6,555d27c4e93d06bb392a8b15e657b63b5ea98dc28a9f092afe77bf1587fc6718,pinyin,word,午饭,45603d43-843d-5684-ad94-6b69b5766729,headword,午饭,wǔ fàn,lunch,昼ご飯,0,
content:c2adf0fc-6f94-56d4-8fc7-57d1ee4820a6,555d27c4e93d06bb392a8b15e657b63b5ea98dc28a9f092afe77bf1587fc6718,pinyin,word,午饭,acfaa7c3-20db-570b-af9c-6a298d408952,definition,中午吃的一顿饭。,zhōng wǔ chī de yī dùn fàn 。,,,0,
content:6f0b8adb-46bd-5a2d-88d7-ead3c5e94c61,d366dcf90362eb9918d86a857b43b0caa87cd94658a8e8e1300ae13858453d14,pinyin,word,批评,12891472-14a3-5e43-9b86-b18b2f73dc01,headword,批评,pī píng,criticize,批判する,0,
content:6f0b8adb-46bd-5a2d-88d7-ead3c5e94c61,d366dcf90362eb9918d86a857b43b0caa87cd94658a8e8e1300ae13858453d14,pinyin,word,批评,11ce61f9-6f68-56a7-831b-88b6f7a0bbaf,definition,指出缺点或错误。,zhǐ chū quē diǎn huò cuò wù 。,,,0,
content:d8d2cebb-a284-54d2-b626-f4383ccbb69d,816f2ad6529d9504dbaa756d092c2ec230a93bb0d58539637c130be39b87a932,pinyin,word,提拔,1d4dcada-8fc3-5751-8093-f6629b2e3409,headword,提拔,tí bá,promote,抜擢する,0,
content:d8d2cebb-a284-54d2-b626-f4383ccbb69d,816f2ad6529d9504dbaa756d092c2ec230a93bb0d58539637c130be39b87a932,pinyin,word,提拔,62d4ce01-63ee-5a16-9a17-6773694c4096,definition,选拔人才并提升职位。,xuǎn bá rén cái bìng tí shēng zhí wèi 。,,,0,
content:558156fc-7cdd-5210-b0e2-8bd136cc59e0,b86ed0f6db4533be3d407afee3d0836b1338f6b7390f58a69500d3fa37d58fec,pinyin,word,理发,c6ef6cd2-2776-57eb-9ac0-24aceec504c2,headword,理发,lǐ fà,have a haircut,散髪する,0,发=fà
content:558156fc-7cdd-5210-b0e2-8bd136cc59e0,b86ed0f6db4533be3d407afee3d0836b1338f6b7390f58a69500d3fa37d58fec,pinyin,word,理发,b3fc7a24-5aba-5ff4-8377-10c5228c2b46,definition,修剪和整理头发。,xiū jiǎn hé zhěng lǐ tóu fà 。,,,0,发=fà
content:3d0f065f-0f42-588a-89e7-860b16810265,c8581584e9f23009d89e39b28f9ca1dc4700cdb9a884749003d04746b67ae59e,pinyin,word,搭配,76ffa129-81bb-594b-99c4-0928863ceac2,headword,搭配,dā pèi,match,組み合わせる,0,
content:3d0f065f-0f42-588a-89e7-860b16810265,c8581584e9f23009d89e39b28f9ca1dc4700cdb9a884749003d04746b67ae59e,pinyin,word,搭配,60b92960-26de-56a0-9a64-2dc5ad45b936,definition,把合适的事物组合在一起。,bǎ hé shì de shì wù zǔ hé zài yì qǐ 。,,,0,一=yì
content:60b3b070-9383-54e4-b5f9-84b1e04d4c3f,25cd39ecd18f7fffde7925dc1eb97720d203fbe61c6e5b6fec5033a9038321a0,pinyin,word,打扫,f1a06fe5-fa22-52f9-a8a8-7ec4b8bae1d5,headword,打扫,dǎ sǎo,clean,掃除する,0,
content:60b3b070-9383-54e4-b5f9-84b1e04d4c3f,25cd39ecd18f7fffde7925dc1eb97720d203fbe61c6e5b6fec5033a9038321a0,pinyin,word,打扫,510c6a8d-2923-554c-a49e-8dd0b25f76f4,definition,清除垃圾、灰尘等，使地方干净。,qīng chú lā jī 、 huī chén děng ， shǐ dì fāng gān jìng 。,,,0,
content:aca3b6fe-11bc-584b-a64f-8448a2e2a480,cf958c349177b513910a6991f207bbc94745b5513277f5b4fcf226de1e3ab01e,pinyin,word,谈话,01503ce7-3cbc-5de3-8063-79cdec11847b,headword,谈话,tán huà,talk,話し合う,0,
content:aca3b6fe-11bc-584b-a64f-8448a2e2a480,cf958c349177b513910a6991f207bbc94745b5513277f5b4fcf226de1e3ab01e,pinyin,word,谈话,69928946-9156-5bd6-a0ca-45cc35fda415,definition,互相交谈。,hù xiāng jiāo tán 。,,,0,
content:90b9eb9b-afba-59c7-9a93-a73bb7677f83,c5ea6b726e4bbbe15f24f0ad3265ad75de1d61c06dfd7291a7200e6122a5c583,pinyin,word,捏造,b1406914-b8fb-5d44-b424-118858b90778,headword,捏造,niē zào,fabricate,でっち上げる,0,
content:90b9eb9b-afba-59c7-9a93-a73bb7677f83,c5ea6b726e4bbbe15f24f0ad3265ad75de1d61c06dfd7291a7200e6122a5c583,pinyin,word,捏造,3a53aa32-012d-52de-95e3-693fd1974fc3,definition,编造本来没有的事情。,biān zào běn lái méi yǒu de shì qíng 。,,,0,
content:621ce8d0-1004-5daa-aaf6-948d24194b59,6e5ce89c72b77fd4aa17f3dc5ef79286cbf188046a6200f85f6c442823de058a,pinyin,word,来往,a6c1a356-8c04-5d06-bc63-0de2a9da7c19,headword,来往,lái wǎng,come and go,行き来する,0,
content:621ce8d0-1004-5daa-aaf6-948d24194b59,6e5ce89c72b77fd4aa17f3dc5ef79286cbf188046a6200f85f6c442823de058a,pinyin,word,来往,620c6d76-b403-5b10-b7f0-de7420b553e1,definition,互相交往或来回走动。,hù xiāng jiāo wǎng huò lái huí zǒu dòng 。,,,0,
content:e2cdcfbb-a704-567f-add5-7e1443d772d1,358d4241579e7a070d05dbde66093e09f4d9d8a5c58d1192d3d6d848e16c4a36,pinyin,word,格式,b59c0c80-f0c9-5c14-b181-d471df1d2912,headword,格式,gé shì,format,書式,0,
content:e2cdcfbb-a704-567f-add5-7e1443d772d1,358d4241579e7a070d05dbde66093e09f4d9d8a5c58d1192d3d6d848e16c4a36,pinyin,word,格式,8cbf02d4-0ebf-51d5-afc1-19443ea46525,definition,规定的式样。,guī dìng de shì yàng 。,,,0,
content:15df35fd-c76f-53b5-a42d-5687ea18c55e,be6ce953b75f2a732d66a6e96bc74cc62ba93828bd521dff42ded36ebe547eb6,pinyin,word,河流,65edd9b5-89b0-564d-b3bd-427c13e08325,headword,河流,hé liú,river,河川,0,
content:15df35fd-c76f-53b5-a42d-5687ea18c55e,be6ce953b75f2a732d66a6e96bc74cc62ba93828bd521dff42ded36ebe547eb6,pinyin,word,河流,e149b041-ac24-5042-bd84-ac06aa1a8d87,definition,沿地表一定水道流动的水。,yán dì biǎo yí dìng shuǐ dào liú dòng de shuǐ 。,,,0,一=yí
content:81ba78ff-c0e5-53e6-9406-70795ec59367,962504f877da8e16ccf1c749f626a438efd53c78139d6a7523f3663af38fd118,pinyin,word,美好,637e8bbd-f3ad-50d5-9485-a0ed07c36a94,headword,美好,měi hǎo,beautiful,素晴らしい,0,
content:81ba78ff-c0e5-53e6-9406-70795ec59367,962504f877da8e16ccf1c749f626a438efd53c78139d6a7523f3663af38fd118,pinyin,word,美好,ca69571c-2dcb-5048-9339-0abda410855b,definition,美丽而令人满意。,měi lì ér lìng rén mǎn yì 。,,,0,
content:265cfed0-81f4-5a09-8371-14ebcd66f13a,f966f7bae15a8021798daa3da4062f08ad830480e4591b214b191187dc22332f,pinyin,word,记得,7bdd6176-ca50-58da-b12d-2a5848fa542d,headword,记得,jì de,remember,覚えている,0,
content:265cfed0-81f4-5a09-8371-14ebcd66f13a,f966f7bae15a8021798daa3da4062f08ad830480e4591b214b191187dc22332f,pinyin,word,记得,2c4f9931-7d92-530a-9e56-981ee612adf7,definition,没有忘记。,méi yǒu wàng jì 。,,,0,
content:8c2de21b-9700-5452-96c4-7e4c9a560d41,0297b613afe67b4eb80e1419a8abf6ba4c636be10ba380b6e8c965936c674195,pinyin,word,洗澡,fb4554ca-941a-57f8-ab0e-095faf98e630,headword,洗澡,xǐ zǎo,take a bath,風呂に入る,0,
content:8c2de21b-9700-5452-96c4-7e4c9a560d41,0297b613afe67b4eb80e1419a8abf6ba4c636be10ba380b6e8c965936c674195,pinyin,word,洗澡,4c846d14-0760-5b84-922a-56a4f43be8d6,definition,用水清洗身体。,yòng shuǐ qīng xǐ shēn tǐ 。,,,0,
content:c24b697c-9647-5dd3-a05c-66f999a50858,1aea49a05a5246567f59648f02ef08d72ce158bc4f80f649a57ea3664153ee1a,pinyin,word,好吃,e4fdfaaf-e050-5772-b374-8c37a151c818,headword,好吃,hǎo chī,delicious,おいしい,0,
content:c24b697c-9647-5dd3-a05c-66f999a50858,1aea49a05a5246567f59648f02ef08d72ce158bc4f80f649a57ea3664153ee1a,pinyin,word,好吃,a4d0df8f-1dc0-5d4e-a756-6231278c61b2,definition,味道好。,wèi dào hǎo 。,,,0,
content:8bb8e3e5-247a-54c7-abca-71d059c2b2e3,bf01af240ef05cdc7d2c66a0d365df76d030d15c3baecb2e160249796d6ab51d,pinyin,word,词典,fe2d6e7a-77f4-5677-833d-2633bc397cce,headword,词典,cí diǎn,dictionary,辞典,0,
content:8bb8e3e5-247a-54c7-abca-71d059c2b2e3,bf01af240ef05cdc7d2c66a0d365df76d030d15c3baecb2e160249796d6ab51d,pinyin,word,词典,cc37b8a3-544a-5f4d-b80a-023424095c99,definition,收集词语并解释意义或用法的工具书。,shōu jí cí yǔ bìng jiě shì yì yì huò yòng fǎ de gōng jù shū 。,,,0,
content:dbdf6f3c-0db9-5550-ac37-eefe0a3d17d2,8ad98b6a5d35527e5b8d7e2cc15d581f823bbe67c23b48a559a1b5808f4f5f02,pinyin,word,彼此,c4c34880-3272-5500-804a-161cfa9064cf,headword,彼此,bǐ cǐ,each other,お互い,0,
content:dbdf6f3c-0db9-5550-ac37-eefe0a3d17d2,8ad98b6a5d35527e5b8d7e2cc15d581f823bbe67c23b48a559a1b5808f4f5f02,pinyin,word,彼此,39f06790-51e9-5eee-b9f0-df859f363856,definition,对方和自己。,duì fāng hé zì jǐ 。,,,0,
content:d0f23917-2913-5890-bc03-cefa11f37922,2808193d5acb02c7a742f8ff7f38f6dcfbc9764cbdc5250e9082334bdadca718,pinyin,word,刺激,ac5765ed-62b7-50d8-a014-e4a194b4b6b7,headword,刺激,cì jī,stimulate,刺激する,0,
content:d0f23917-2913-5890-bc03-cefa11f37922,2808193d5acb02c7a742f8ff7f38f6dcfbc9764cbdc5250e9082334bdadca718,pinyin,word,刺激,f5096388-eb26-51df-8079-4342ab963b6a,definition,引起感觉或反应。,yǐn qǐ gǎn jué huò fǎn yìng 。,,,0,应=yìng
content:ea1595e6-e65d-5859-9a17-04fafe6ca2fd,3f5ac341f5c2844cfd1c85b424224662de0593d3bb78f042518bd506c175c6ef,pinyin,word,丝毫,eb017e30-1608-5018-8503-5bed798aea87,headword,丝毫,sī háo,the slightest bit,ほんの少し,0,
content:ea1595e6-e65d-5859-9a17-04fafe6ca2fd,3f5ac341f5c2844cfd1c85b424224662de0593d3bb78f042518bd506c175c6ef,pinyin,word,丝毫,bced6c77-bb4e-5177-a657-4464bb3d5157,definition,极小的一点。,jí xiǎo de yì diǎn 。,,,0,一=yì
content:986dbd7a-cc95-558f-be90-157062d3e44e,73945d43f9c3d1c22fc5cc149986e728d6f736298cdabc5a23573e85449abedc,pinyin,word,匆忙,be436479-b476-5054-bed8-bed6879c1f6f,headword,匆忙,cōng máng,hasty,慌ただしい,0,
content:986dbd7a-cc95-558f-be90-157062d3e44e,73945d43f9c3d1c22fc5cc149986e728d6f736298cdabc5a23573e85449abedc,pinyin,word,匆忙,3a6399d6-8723-527c-b42d-887b8e0c9a2b,definition,急急忙忙的样子。,jí jí máng máng de yàng zi 。,,,0,
content:c1b3e0fa-a9e0-549a-8edf-8edb39198543,d5ecb41f794e67da8f6aac303b4845d8a206a7aa6d86fbfd0103942b92301c13,pinyin,word,雨伞,ffde17ed-8277-5772-869e-3724b078a35a,headword,雨伞,yǔ sǎn,umbrella,雨傘,0,
content:c1b3e0fa-a9e0-549a-8edf-8edb39198543,d5ecb41f794e67da8f6aac303b4845d8a206a7aa6d86fbfd0103942b92301c13,pinyin,word,雨伞,21647da7-a265-5601-bf96-82bd169e174f,definition,遮雨的伞。,zhē yǔ de sǎn 。,,,0,
content:17436df8-dadf-5a39-9edd-16ca79896772,46b5c2cbd8f4a7bb00b0d67a25a2a6fd7ebbea5ecc1982716a82a9499d00bd6b,pinyin,word,额外,c067ccfb-e89a-536f-9307-b3ca9df09797,headword,额外,é wài,extra,追加の,0,
content:17436df8-dadf-5a39-9edd-16ca79896772,46b5c2cbd8f4a7bb00b0d67a25a2a6fd7ebbea5ecc1982716a82a9499d00bd6b,pinyin,word,额外,08505195-08ce-5e2a-8547-93da1ed3fe90,definition,超出规定数量或范围的。,chāo chū guī dìng shù liàng huò fàn wéi de 。,,,0,
content:6aa52510-de3a-5570-972c-8006b633c6ed,e41ccec48dce8af7183360722fb92d5209fd81ac6c369fb15675b6359aafd2f1,pinyin,word,回来,61aa175e-aa45-5308-9569-8bb9cd074904,headword,回来,huí lái,come back,戻ってくる,0,
content:6aa52510-de3a-5570-972c-8006b633c6ed,e41ccec48dce8af7183360722fb92d5209fd81ac6c369fb15675b6359aafd2f1,pinyin,word,回来,d6633ccd-1ffd-59e0-8e38-6e9d1c660c6d,definition,从别处回到这里。,cóng bié chù huí dào zhè lǐ 。,,,0,
content:627a164a-8725-56df-9f0b-698ba7416bc6,e06673925c0b8870a1709ced76945af4968d0df878a3ffda1c32a0e257c6470b,pinyin,word,雹子,04c958e4-6901-5d21-9d8d-5b4c609ca0fa,headword,雹子,báo zi,hail,ひょう,0,
content:627a164a-8725-56df-9f0b-698ba7416bc6,e06673925c0b8870a1709ced76945af4968d0df878a3ffda1c32a0e257c6470b,pinyin,word,雹子,aefc1ad3-6028-50b9-9ce4-84477c82f784,definition,从云中落下的冰粒或冰块。,cóng yún zhōng là xià de bīng lì huò bīng kuài 。,,,0,
content:0d004d1a-74d6-5372-93d6-03a47bc0ebc3,df433d03bfba8e588c74de1b31bc7e59fdc14ad9fb503e509dd536ffb4e60538,pinyin,word,不够,cf770339-61ae-586c-bf41-a38993954504,headword,不够,bù gòu,not enough,足りない,0,
content:0d004d1a-74d6-5372-93d6-03a47bc0ebc3,df433d03bfba8e588c74de1b31bc7e59fdc14ad9fb503e509dd536ffb4e60538,pinyin,word,不够,b4b8ce66-b245-554e-a316-4ff2554ca10e,definition,没有达到需要的数量或程度。,méi yǒu dá dào xū yào de shù liàng huò chéng dù 。,,,0,
content:ddbe8f4b-f3e1-5b14-bb43-7df61d12a86d,518d0960caf5c473c7c16bc052ed0fcf7caf8b0c762c79784f680f6d1fbdf49e,pinyin,word,纠正,abd949d0-83e7-515b-9233-cd3fe4ea3953,headword,纠正,jiū zhèng,correct,訂正する,0,
content:ddbe8f4b-f3e1-5b14-bb43-7df61d12a86d,518d0960caf5c473c7c16bc052ed0fcf7caf8b0c762c79784f680f6d1fbdf49e,pinyin,word,纠正,c98c86f8-ad1c-58b6-9fda-12d9032e8591,definition,把错误改正。,bǎ cuò wù gǎi zhèng 。,,,0,
content:fa76bb89-439a-51e5-a658-67b7f52fc3d7,495bbfbf635fd72191aec3e413f35309835b665b4233a5204ce8c4e8c2cc6499,pinyin,word,扭转,b6a33ba4-d66e-5a5f-8b1c-b12fc2472816,headword,扭转,niǔ zhuǎn,turn around,方向を変える,0,
content:fa76bb89-439a-51e5-a658-67b7f52fc3d7,495bbfbf635fd72191aec3e413f35309835b665b4233a5204ce8c4e8c2cc6499,pinyin,word,扭转,7333e0cb-e952-5999-963a-5d8b737c849a,definition,改变方向或局面。,gǎi biàn fāng xiàng huò jú miàn 。,,,0,
content:b5978cd5-e472-5e72-80ac-c8c109337315,24204c1c5cde2019dd3a2d1bd590e89fd2ec5fb10d1457a0ae490e225cbf1021,pinyin,word,锦绣,08ac7edd-4917-5d7e-89ff-9b2c65fb5fca,headword,锦绣,jǐn xiù,splendid,美しい,0,
content:b5978cd5-e472-5e72-80ac-c8c109337315,24204c1c5cde2019dd3a2d1bd590e89fd2ec5fb10d1457a0ae490e225cbf1021,pinyin,word,锦绣,e8f78507-e4c3-5bc6-afad-70c11b13af38,definition,精美鲜艳的丝织品，也形容美好。,jīng měi xiān yàn de sī zhī pǐn ， yě xíng róng měi hǎo 。,,,0,
content:87cf9b9d-3aba-56a6-9424-f84ac158e369,07c3aa7296a6f12c663408921fe5f8653a9357ac23ff233f12d4e040fc0e8921,pinyin,word,借口,dd4aca3b-eab0-57c1-b002-8e7a8a703837,headword,借口,jiè kǒu,excuse,言い訳,0,
content:87cf9b9d-3aba-56a6-9424-f84ac158e369,07c3aa7296a6f12c663408921fe5f8653a9357ac23ff233f12d4e040fc0e8921,pinyin,word,借口,cd32b4de-9c6b-5948-937c-2b1879e02f24,definition,为达到某种目的而提出的理由。,wèi dá dào mǒu zhǒng mù dì ér tí chū de lǐ yóu 。,,,0,
content:8b57ccf4-62f8-568e-a8b2-c550cc30908a,ff575e8342602336e47641b0a63001ae225f78bd6868b81e16f4a3978563e240,pinyin,word,二氧化碳,942aae89-c350-56b6-a66c-290a27858c63,headword,二氧化碳,èr yǎng huà tàn,carbon dioxide,二酸化炭素,0,
content:8b57ccf4-62f8-568e-a8b2-c550cc30908a,ff575e8342602336e47641b0a63001ae225f78bd6868b81e16f4a3978563e240,pinyin,word,二氧化碳,b1e0b9dc-55ab-5a5b-bf57-feed57a78260,definition,一种无色无味的气体。,yī zhǒng wú sè wú wèi de qì tǐ 。,,,0,
content:77f5e256-fcce-572b-b2bb-3a9330cbaa5f,f09adb6790b9be647d052774a49e429828507d2d3c89047e36138973692c00ac,pinyin,word,云彩,6fd969b4-b50d-5b66-a188-31a81f553b45,headword,云彩,yún cai,cloud,雲,0,
content:77f5e256-fcce-572b-b2bb-3a9330cbaa5f,f09adb6790b9be647d052774a49e429828507d2d3c89047e36138973692c00ac,pinyin,word,云彩,a3e35f58-faf5-5b73-96fd-26a2ff3c1be1,definition,天空中的云。,tiān kōng zhōng de yún 。,,,0,
content:5e380152-51f6-54bd-b6cb-84a2aa89fca8,648fc265426dc3bc8e0603b715a7fddf5001a93e11551e216ecefccf400259d6,pinyin,word,长期,40c92267-3f8f-5d84-87f2-0a3be5783699,headword,长期,cháng qī,long term,長期間,0,长=cháng
content:5e380152-51f6-54bd-b6cb-84a2aa89fca8,648fc265426dc3bc8e0603b715a7fddf5001a93e11551e216ecefccf400259d6,pinyin,word,长期,91d6f8c7-f927-57e7-a401-33ab085e1f55,definition,很长的一段时间。,hěn zhǎng de yī duàn shí jiān 。,,,0,
content:b72ca7ef-d0aa-50eb-a744-dd9b459ec1a3,1396e69184b02d000d98282972ab65c64fd62df6585a0a6e31f7b0e02e42ca66,pinyin,word,顶点,f2189a6d-d6fc-5e81-bce2-0f3f8ac57d48,headword,顶点,dǐng diǎn,peak,頂点,0,
content:b72ca7ef-d0aa-50eb-a744-dd9b459ec1a3,1396e69184b02d000d98282972ab65c64fd62df6585a0a6e31f7b0e02e42ca66,pinyin,word,顶点,5a6555bb-080c-5514-96bd-6c88d93a8985,definition,最高的点或程度。,zuì gāo de diǎn huò chéng dù 。,,,0,
content:864f7ff9-b7e5-541c-8a9b-fb127936bf62,e639d01422fb2fc8c8fa71c09d919652b5a749e8049d5710a3342104123782b6,pinyin,word,红旗,d20b8a1d-f8e8-5c03-9021-a972b5683106,headword,红旗,hóng qí,red flag,赤い旗,0,
content:864f7ff9-b7e5-541c-8a9b-fb127936bf62,e639d01422fb2fc8c8fa71c09d919652b5a749e8049d5710a3342104123782b6,pinyin,word,红旗,eae337b2-029e-5431-8111-8a3e9b9c4f5c,definition,红色的旗帜。,hóng sè de qí zhì 。,,,0,
content:a445ec88-c0fd-58a3-b411-58730fd942bb,836a766675a69a9fb7dbaceff852cc9efa06260c2be60de4e4bb8526c8d12c94,pinyin,word,靴子,303ef570-8e27-5b2e-b3c2-e696c0aba6c6,headword,靴子,xuē zi,boots,ブーツ,0,
content:a445ec88-c0fd-58a3-b411-58730fd942bb,836a766675a69a9fb7dbaceff852cc9efa06260c2be60de4e4bb8526c8d12c94,pinyin,word,靴子,050fc702-75d4-5f18-985f-8ece67d92f5d,definition,筒部较高的鞋。,tǒng bù jiào gāo de xié 。,,,0,
content:fd138cd2-5f4a-582c-bd9c-b49299810f93,ad6581ff221eb21c128f69ac708df5c4164ce67fd75d7d51976f4d0f8ebd10bd,pinyin,word,阿姨,89b2ac4d-8003-5d56-86ca-bbc0662635c9,headword,阿姨,ā yí,auntie,おばさん,0,
content:fd138cd2-5f4a-582c-bd9c-b49299810f93,ad6581ff221eb21c128f69ac708df5c4164ce67fd75d7d51976f4d0f8ebd10bd,pinyin,word,阿姨,a92f4228-4d60-57e1-a2f5-40fa27bbdb56,definition,对与母亲同辈女性的称呼。,duì yǔ mǔ qīn tóng bèi nǚ xìng de chēng hū 。,,,0,
content:c35f5ac2-527d-5bea-8553-c3676f2b0c99,c9969fe6874d0037beb2aa6dcf18a4e045970c1e11e477535f9d479e27cbcac3,pinyin,word,把手,19d66e40-822e-5099-995b-6d7eb1c709b5,headword,把手,bǎ shou,handle,取っ手,0,
content:c35f5ac2-527d-5bea-8553-c3676f2b0c99,c9969fe6874d0037beb2aa6dcf18a4e045970c1e11e477535f9d479e27cbcac3,pinyin,word,把手,9a11a0b0-cf68-5172-b78d-f0664e7363e6,definition,器物上便于用手握住的部分。,qì wù shàng biàn yú yòng shǒu wò zhù de bù fèn 。,,,0,
content:c48cabb6-3d79-5067-8701-db933a48ad0d,611b7a55bb167506440e2a4e2876a79b44f849c63a2c87641c214d5974dba1e6,pinyin,word,跑步,5c099c7b-f648-5f01-ac17-48ad35b56d8f,headword,跑步,pǎo bù,run,走る,0,
content:c48cabb6-3d79-5067-8701-db933a48ad0d,611b7a55bb167506440e2a4e2876a79b44f849c63a2c87641c214d5974dba1e6,pinyin,word,跑步,15347360-65f5-5bfa-85f4-aa0abdf4cb47,definition,两脚交替向前快速移动。,liǎng jiǎo jiāo tì xiàng qián kuài sù yí dòng 。,,,0,
content:e56a0c6c-c407-5597-a244-b8907d19e425,a8dff9ef4d016ceffd744784b682bbb72ab879631bd73e859a1956deb3782ced,pinyin,word,发票,7f82aeae-fa6b-505c-a14a-0e220eb45826,headword,发票,fā piào,invoice,領収書,0,
content:e56a0c6c-c407-5597-a244-b8907d19e425,a8dff9ef4d016ceffd744784b682bbb72ab879631bd73e859a1956deb3782ced,pinyin,word,发票,56bf7b02-0712-5912-9ade-a8fd258b3474,definition,购买商品或接受服务时开具的凭证。,gòu mǎi shāng pǐn huò jiē shòu fú wù shí kāi jù de píng zhèng 。,,,0,
content:91e713b3-74ee-5413-92d3-5760260812b3,d9b867d060a1b2e0ead72a7c4d4ce0919c90e8c5266256d9461179e670f292a8,pinyin,word,法律,07961dcf-8096-5b4b-8313-4e5890428fb8,headword,法律,fǎ lǜ,law,法律,0,
content:91e713b3-74ee-5413-92d3-5760260812b3,d9b867d060a1b2e0ead72a7c4d4ce0919c90e8c5266256d9461179e670f292a8,pinyin,word,法律,c753013e-7c1f-52f4-86b8-ae2f3516042c,definition,由国家制定或认可的行为规则。,yóu guó jiā zhì dìng huò rèn kě de xíng wéi guī zé 。,,,0,为=wéi
content:967db9ea-d356-5a91-88c1-6d48f8cd92f3,cc54ea430cb1544b8f1c5b563cd65baf2b02dd3491b1cf83c0bede13026a3233,pinyin,word,达到,9741d44c-153a-5cad-92e3-39934056c05e,headword,达到,dá dào,reach,達する,0,
content:967db9ea-d356-5a91-88c1-6d48f8cd92f3,cc54ea430cb1544b8f1c5b563cd65baf2b02dd3491b1cf83c0bede13026a3233,pinyin,word,达到,75d35c93-efd0-5bff-81c1-b7c9af9dca7b,definition,到达某个位置、程度或目标。,dào dá mǒu gè wèi zhì 、 chéng dù huò mù biāo 。,,,0,
content:2d9ed5eb-1873-5180-a444-22333494f897,c0f67d87fae239cb9dd55c21a59424f9307e70f7abafb9ca2c424a18b37189b2,pinyin,word,南方,bc6b93d2-c34c-5c24-a88f-259dafed704d,headword,南方,nán fāng,the south,南方,0,
content:2d9ed5eb-1873-5180-a444-22333494f897,c0f67d87fae239cb9dd55c21a59424f9307e70f7abafb9ca2c424a18b37189b2,pinyin,word,南方,35863afa-a2eb-5b11-a15e-1d7a33dd0b74,definition,南边的地区。,nán biān de dì qū 。,,,0,
content:cb814fcd-cca0-576f-a8fe-45510954097a,840afe158dcccbd970f66cd3b18f2f4c5a835c669088f9be8f5267d2ea57c1d1,pinyin,word,那边,d79b547c-030b-579f-9fe3-5de4dcff6906,headword,那边,nà biān,over there,あちら,0,
content:cb814fcd-cca0-576f-a8fe-45510954097a,840afe158dcccbd970f66cd3b18f2f4c5a835c669088f9be8f5267d2ea57c1d1,pinyin,word,那边,397e259d-8e49-584b-899f-3f6d5b132965,definition,离说话人较远的地方。,lí shuō huà rén jiào yuǎn de dì fāng 。,,,0,
content:76bbde5f-b387-5dc2-9253-aca25f64d12c,cd5972f4009dd6ac801001df0cae2ecb328e8a4a21b9b76df4d4a676163d782d,pinyin,word,辣椒,4a43b607-902e-58d6-abbf-851c95dd85f1,headword,辣椒,là jiāo,chili pepper,唐辛子,0,
content:76bbde5f-b387-5dc2-9253-aca25f64d12c,cd5972f4009dd6ac801001df0cae2ecb328e8a4a21b9b76df4d4a676163d782d,pinyin,word,辣椒,692265d7-650a-56ad-a995-a61e887551ab,definition,果实常有辣味的一种植物，也指它的果实。,guǒ shí cháng yǒu là wèi de yī zhǒng zhí wù ， yě zhǐ tā de guǒ shí 。,,,0,
content:722c2955-224c-535c-9b65-dda464e60757,85733614d75a44a24bd4daa35c4d7100efced34eb14d455ca24dd2b38bb45616,pinyin,word,水果,f8c2ec31-9131-54c7-9abc-dbdaeb5079eb,headword,水果,shuǐ guǒ,fruit,果物,0,
content:722c2955-224c-535c-9b65-dda464e60757,85733614d75a44a24bd4daa35c4d7100efced34eb14d455ca24dd2b38bb45616,pinyin,word,水果,93fdddbd-0a33-50e3-90d1-6fc47f0f7700,definition,可以食用的多汁植物果实。,kě yǐ shí yòng de duō zhī zhí wù guǒ shí 。,,,0,
content:bd8eaaa6-c544-54fe-9bb7-01083a2907d5,c1d614fbc6b4f6e766e99c14fe57fceb26f6262f65d4d571b7767168e31e8def,pinyin,word,告诉,a5382e47-4c5d-5ce8-bbaf-e3d9e565a775,headword,告诉,gào su,tell,伝える,0,
content:bd8eaaa6-c544-54fe-9bb7-01083a2907d5,c1d614fbc6b4f6e766e99c14fe57fceb26f6262f65d4d571b7767168e31e8def,pinyin,word,告诉,a80995c1-10de-5f0e-95d2-1c35db2caf72,definition,把事情说给别人听。,bǎ shì qíng shuō gěi bié rén tīng 。,,,0,
content:2d0d8ab7-0ed9-5b44-8448-b7220cf0a646,94ebc98286db005eaabed0ff56b1d79fe7dcac13fc52f4cad2a90a9762a4a67c,pinyin,word,科学,b3eb5490-5261-5739-9dbe-648f5848cdf8,headword,科学,kē xué,science,科学,0,
content:2d0d8ab7-0ed9-5b44-8448-b7220cf0a646,94ebc98286db005eaabed0ff56b1d79fe7dcac13fc52f4cad2a90a9762a4a67c,pinyin,word,科学,386562b9-8f93-5d35-b22b-4e4f3e79aeb4,definition,研究自然、社会等规律的知识体系。,yán jiū zì rán 、 shè huì děng guī lǜ de zhī shí tǐ xì 。,,,0,
content:a7c1f2de-b5f2-5c6a-bafe-a549e3579032,83a955c41e01bdd5bc53ac31d14d4b889a4abad8447dd149af68d3edf7a143dd,pinyin,word,咳嗽,869924b7-516b-5a72-81f0-ce8f949e6b9b,headword,咳嗽,ké sou,cough,咳をする,0,
content:a7c1f2de-b5f2-5c6a-bafe-a549e3579032,83a955c41e01bdd5bc53ac31d14d4b889a4abad8447dd149af68d3edf7a143dd,pinyin,word,咳嗽,ac5d3d96-ee38-5e55-b220-9bdf57f01d3e,definition,呼吸道受刺激时用力呼气发声。,hū xī dào shòu cì jī shí yòng lì hū qì fā shēng 。,,,0,
content:65c6d4aa-e721-565b-930e-955287f6c68a,900dcf25e4d11653c3ce1f0e8ed5366dbd99718d3b9d2a57ff740615bf8a6a82,pinyin,word,可以,7b7f6e9c-c9da-5e4d-97fc-765bacc617ea,headword,可以,kě yǐ,can,できる,0,
content:65c6d4aa-e721-565b-930e-955287f6c68a,900dcf25e4d11653c3ce1f0e8ed5366dbd99718d3b9d2a57ff740615bf8a6a82,pinyin,word,可以,697f3e91-29e9-5637-ad65-62d9492b3ffe,definition,表示可能或许可。,biǎo shì kě néng huò xǔ kě 。,,,0,
content:3feefe2e-b818-57c7-83e6-a65f190cff33,f78d4bc593c459f2b98e9e93dc4903f0f1ec8781ed24102a2eb69c3d780b36f7,pinyin,word,课本,78955f0d-3e2c-594d-89c9-a1a30f7f02a0,headword,课本,kè běn,textbook,教科書,0,
content:3feefe2e-b818-57c7-83e6-a65f190cff33,f78d4bc593c459f2b98e9e93dc4903f0f1ec8781ed24102a2eb69c3d780b36f7,pinyin,word,课本,8cd3b2bf-cb1d-57d7-afd7-e5a9781b551a,definition,上课学习使用的书。,shàng kè xué xí shǐ yòng de shū 。,,,0,
content:8271c2e8-f0e5-508d-95b0-171084f09084,b72d5a9044a5346d76cd59fdc1d72ab78c67b861990f8fd5cb9b19ea7f141132,pinyin,word,祝贺,96a400b5-47db-5816-abcb-5abde46f91b5,headword,祝贺,zhù hè,congratulate,祝う,0,
content:8271c2e8-f0e5-508d-95b0-171084f09084,b72d5a9044a5346d76cd59fdc1d72ab78c67b861990f8fd5cb9b19ea7f141132,pinyin,word,祝贺,b2743947-6eb7-54bb-8b6c-954e45507f4a,definition,对别人的喜事表示庆祝。,duì bié rén de xǐ shì biǎo shì qìng zhù 。,,,0,
content:5d98c4bc-d019-50c8-a94f-600fd7b1ad47,b00d20f3c47a640685e6dcf62f3467a5e7530adf70d4cd848c447514ab5fa17b,pinyin,word,鸡蛋,6b3f118f-27cf-5896-9112-88a46b5bbbc1,headword,鸡蛋,jī dàn,egg,鶏卵,0,
content:5d98c4bc-d019-50c8-a94f-600fd7b1ad47,b00d20f3c47a640685e6dcf62f3467a5e7530adf70d4cd848c447514ab5fa17b,pinyin,word,鸡蛋,d48405d5-7563-5d87-b2fc-9fdac2fb09ee,definition,母鸡产的卵。,mǔ jī chǎn de luǎn 。,,,0,
content:30194d69-c98b-519e-968a-24de5632feaa,aff432e700bed6e76dedbf4ec02670af8f4feebba88bfdd21e7158f819c98e59,pinyin,word,急忙,d991fa17-0907-538d-96cd-0c0a82aae737,headword,急忙,jí máng,hurriedly,急いで,0,
content:30194d69-c98b-519e-968a-24de5632feaa,aff432e700bed6e76dedbf4ec02670af8f4feebba88bfdd21e7158f819c98e59,pinyin,word,急忙,066c8814-b4db-54bf-b6bd-b83d86f00e1a,definition,心里着急，行动很快。,xīn lǐ zháo jí ， xíng dòng hěn kuài 。,,,0,
content:210d87d3-fb13-5083-b701-fe00ccefbe6a,502c3349705a8f3c9c2e5c02a9be256810846de5bf6b021b3cc18fb68a64a430,pinyin,word,起来,3dcaa3cd-a2b6-57de-b17c-5acfc2e6e7df,headword,起来,qǐ lái,get up,起きる,0,
content:210d87d3-fb13-5083-b701-fe00ccefbe6a,502c3349705a8f3c9c2e5c02a9be256810846de5bf6b021b3cc18fb68a64a430,pinyin,word,起来,704d5ffd-bddb-5fa2-830b-2ef72ffa365f,definition,从低处或躺坐的姿势起身。,cóng dī chù huò tǎng zuò de zī shì qǐ shēn 。,,,0,
content:1547d38e-3654-5fc5-b437-4ebf998bc66c,ccc6643df8231e09ee599463ee893e93e13272077e098cb8a6bc22ea979e98ae,pinyin,word,学习,f20f9503-6fc5-5c26-bbcf-6ba1dbfe1aad,headword,学习,xué xí,learn,学ぶ,0,
content:1547d38e-3654-5fc5-b437-4ebf998bc66c,ccc6643df8231e09ee599463ee893e93e13272077e098cb8a6bc22ea979e98ae,pinyin,word,学习,e0b60b50-15e8-5e94-a715-b8cdd1ba42b8,definition,通过阅读、听讲或练习获得知识和技能。,tōng guò yuè dú 、 tīng jiǎng huò liàn xí huò dé zhī shí hé jì néng 。,,,0,
content:5e0375ff-cbea-5348-be2e-76cbe42ed49d,21be648c1e05bc1b5834cc71ec87545ea0574da163ad83b75c53e82fb28f6ecd,pinyin,word,细心,89c3faa3-3e95-5d04-afda-05c5ec206939,headword,细心,xì xīn,careful,注意深い,0,
content:5e0375ff-cbea-5348-be2e-76cbe42ed49d,21be648c1e05bc1b5834cc71ec87545ea0574da163ad83b75c53e82fb28f6ecd,pinyin,word,细心,7e8ac342-1d74-5e86-b83b-da54f9870948,definition,做事认真，注意细节。,zuò shì rèn zhēn ， zhù yì xì jié 。,,,0,
content:b65ece0a-2f91-5727-8012-e643a76e338f,4829f69898ff11bb08749676994efb03a2365d8f02373cc02e0ef88f0274b5db,pinyin,word,直接,21abdf7a-f349-56a8-8187-56a8f655a723,headword,直接,zhí jiē,direct,直接,0,
content:b65ece0a-2f91-5727-8012-e643a76e338f,4829f69898ff11bb08749676994efb03a2365d8f02373cc02e0ef88f0274b5db,pinyin,word,直接,89926b85-6118-5ee0-81f4-bac7032614cd,definition,不经过中间环节。,bù jīng guò zhōng jiān huán jié 。,,,0,
content:3c8da541-efaa-5642-bb45-5b6fcec76950,bd331333b514b6b6b89ffd8f13617b8b935279b8b55ec88c87a84ecc8fc77267,pinyin,word,纸张,02b4ec8c-8f25-5298-931d-2dda7af0212d,headword,纸张,zhǐ zhāng,paper,紙,0,
content:3c8da541-efaa-5642-bb45-5b6fcec76950,bd331333b514b6b6b89ffd8f13617b8b935279b8b55ec88c87a84ecc8fc77267,pinyin,word,纸张,ca2c8692-17c6-538b-a033-6d6cdbea1beb,definition,纸的总称。,zhǐ de zǒng chēng 。,,,0,
content:7963f63f-190f-56f6-9841-cc3448b425f3,7518f17a10c07cf575139866dd38bb049c9e856afb0b7e56bafdad830d9e950a,pinyin,word,至少,830261cd-161c-559b-a49a-d7091a942d0a,headword,至少,zhì shǎo,at least,少なくとも,0,
content:7963f63f-190f-56f6-9841-cc3448b425f3,7518f17a10c07cf575139866dd38bb049c9e856afb0b7e56bafdad830d9e950a,pinyin,word,至少,e5c57d03-7ba8-5e4a-93cb-e981f37040e6,definition,表示最小的数量或最低的程度。,biǎo shì zuì xiǎo de shù liàng huò zuì dī de chéng dù 。,,,0,
content:3e442a5e-3358-582b-ae3d-637e71b5c066,39c49be7f8cbdb5598443d36defc10f2d94d69bf65e6029bec98a30532ad289f,pinyin,word,迟到,48b785fc-7848-5027-ab5d-7358de1b5012,headword,迟到,chí dào,arrive late,遅刻する,0,
content:3e442a5e-3358-582b-ae3d-637e71b5c066,39c49be7f8cbdb5598443d36defc10f2d94d69bf65e6029bec98a30532ad289f,pinyin,word,迟到,fe2c6fcc-9f4f-598a-8a0b-b2df3d2743f1,definition,比规定的时间晚到。,bǐ guī dìng de shí jiān wǎn dào 。,,,0,
content:93a19c7e-65fd-515e-ad07-8052a277f5d9,a11b91f1c3391965479655e2e0e624f36704ce7781137c1f37c8d8a5c26c1874,pinyin,word,尺子,41015354-99da-56cf-966a-809dc58a6a3a,headword,尺子,chǐ zi,ruler,定規,0,
content:93a19c7e-65fd-515e-ad07-8052a277f5d9,a11b91f1c3391965479655e2e0e624f36704ce7781137c1f37c8d8a5c26c1874,pinyin,word,尺子,1487ef61-8058-538c-b70d-7167c555ed07,definition,测量长度或画直线的工具。,cè liáng cháng dù huò huà zhí xiàn de gōng jù 。,,,0,长=cháng
content:40659688-9e1f-584c-8f63-9c71c3caac12,5569cb25696abec1549bb6bf9b99f1af048a52e847da8375267e7b9e0a81c7f6,pinyin,word,翅膀,fe5c204e-c135-5774-b124-8f256b54885e,headword,翅膀,chì bǎng,wing,翼,0,
content:40659688-9e1f-584c-8f63-9c71c3caac12,5569cb25696abec1549bb6bf9b99f1af048a52e847da8375267e7b9e0a81c7f6,pinyin,word,翅膀,e3cd1533-6096-52f3-b6bc-b123323d1ea0,definition,鸟或昆虫用来飞行的器官。,niǎo huò kūn chóng yòng lái fēi xíng de qì guān 。,,,0,
content:9f0b0779-b5aa-5592-9642-94b614c41cf9,ed232becbe01e4cd5e316f9dc02c21bc4491080dc9b0c046f4884b3e9c71f297,pinyin,word,诗人,1758fabf-05a9-5f26-93aa-eba3c2f880c5,headword,诗人,shī rén,poet,詩人,0,
content:9f0b0779-b5aa-5592-9642-94b614c41cf9,ed232becbe01e4cd5e316f9dc02c21bc4491080dc9b0c046f4884b3e9c71f297,pinyin,word,诗人,79b95f39-a7e9-5f6a-b8ed-aa142c33fe7b,definition,写诗的人。,xiě shī de rén 。,,,0,
content:20ed98ad-b29b-5aa1-8243-0a1442f28cca,721b6397d1d865ccaa192941abfc148c37cc2ce98c75e6b546561954eb5433e5,pinyin,word,时间,01f6d4e6-a9a9-59ae-bad0-a79d18b2ed2e,headword,时间,shí jiān,time,時間,0,
content:20ed98ad-b29b-5aa1-8243-0a1442f28cca,721b6397d1d865ccaa192941abfc148c37cc2ce98c75e6b546561954eb5433e5,pinyin,word,时间,1b1c7de5-a321-5ada-bb91-fbb10577aeb7,definition,事情发生或持续的时刻、长短。,shì qíng fā shēng huò chí xù de shí kè 、 cháng duǎn 。,,,0,长=cháng
content:4ff5f7c8-3d6b-5e8c-96b2-2c6f0d953e8a,b95f28d3b6e60d260fe5b651da2bb4b1a5f693486729eef23edede50d084b411,pinyin,word,历史,718691a5-005a-5682-addb-62eb30fe9406,headword,历史,lì shǐ,history,歴史,0,
content:4ff5f7c8-3d6b-5e8c-96b2-2c6f0d953e8a,b95f28d3b6e60d260fe5b651da2bb4b1a5f693486729eef23edede50d084b411,pinyin,word,历史,dab4ec27-b1c3-5d9f-9568-a44c6c3b66ca,definition,过去发生的事情及其发展过程。,guò qù fā shēng de shì qíng jí qí fā zhǎn guò chéng 。,,,0,
content:6bba43b8-87fe-5737-bbd0-69376d4e3509,50ced8f625f6f050897426b40669b45cb9966c99594f990bdf873176ad0cf0ee,pinyin,word,事情,4928fd5c-a1e9-5cc2-876c-b7e91a93200c,headword,事情,shì qing,matter,事柄,0,
content:6bba43b8-87fe-5737-bbd0-69376d4e3509,50ced8f625f6f050897426b40669b45cb9966c99594f990bdf873176ad0cf0ee,pinyin,word,事情,2d5b54b7-35c7-5420-83a0-47029a586f3c,definition,人们做的活动或发生的情况。,rén men zuò de huó dòng huò fā shēng de qíng kuàng 。,,,0,
content:1f2b0af5-edd6-5ab9-a96c-20bfb4d4031a,5a40f3608357ecd5e674c38d4c340f4f48e622841f3b53a7ecd7c29d8c769222,pinyin,word,忍耐,983e1a54-a801-5507-b7eb-6c7eca27ee69,headword,忍耐,rěn nài,endure,耐える,0,
content:1f2b0af5-edd6-5ab9-a96c-20bfb4d4031a,5a40f3608357ecd5e674c38d4c340f4f48e622841f3b53a7ecd7c29d8c769222,pinyin,word,忍耐,5557f42e-c5d8-56ec-8e0a-cebe0dd254ef,definition,把痛苦或不满的感觉克制住。,bǎ tòng kǔ huò bù mǎn de gǎn jué kè zhì zhù 。,,,0,
content:b1ab1ca6-8ecc-5ad2-a64b-595db6f36cc8,a45f35e1623859e91d224e41735998b55036b0f1ce7ea320c054b990c37e1ff7,pinyin,word,日记,267c3e03-3d0b-5950-b511-89a9ebe83f4b,headword,日记,rì jì,diary,日記,0,
content:b1ab1ca6-8ecc-5ad2-a64b-595db6f36cc8,a45f35e1623859e91d224e41735998b55036b0f1ce7ea320c054b990c37e1ff7,pinyin,word,日记,30b6cce3-0239-563d-a302-04b003997d6a,definition,按日期记录每天经历或想法的文字。,àn rì qī jì lù měi tiān jīng lì huò xiǎng fǎ de wén zì 。,,,0,
content:0480adad-b106-5c7f-b7b4-e6da41c6e61c,a9a046de1fb6d7e95fd7efb0cf3370b00b3a0ef697e2caf6e768969006c38814,pinyin,word,资源,82d9db40-82b4-5153-9eec-3abf6c4d2f83,headword,资源,zī yuán,resources,資源,0,
content:0480adad-b106-5c7f-b7b4-e6da41c6e61c,a9a046de1fb6d7e95fd7efb0cf3370b00b3a0ef697e2caf6e768969006c38814,pinyin,word,资源,11c578bf-49a6-592c-ab36-ca66afa25f1d,definition,可以利用的自然物或人力、物力。,kě yǐ lì yòng de zì rán wù huò rén lì 、 wù lì 。,,,0,
content:c587f258-8b14-580e-a2cb-92f12935b48d,a8a3eb70431b536a06a23f6609bce155278e86d6f2fe2bd31c1245de23da5f5e,pinyin,word,自己,9b18c225-085e-57db-b7b0-d50a4183239a,headword,自己,zì jǐ,oneself,自分,0,
content:c587f258-8b14-580e-a2cb-92f12935b48d,a8a3eb70431b536a06a23f6609bce155278e86d6f2fe2bd31c1245de23da5f5e,pinyin,word,自己,6a37b889-d157-55f1-9807-af0f6c4c3169,definition,指本人。,zhǐ běn rén 。,,,0,
content:a4493776-0c4a-515f-b7ce-5a637d8ff682,421114590c4dda43048c4f5de215653d7406f2fb871e64df8c04098b4ddc7210,pinyin,word,从来,b4afb50e-5098-5488-8255-48cd6154562f,headword,从来,cóng lái,always,これまでずっと,0,
content:a4493776-0c4a-515f-b7ce-5a637d8ff682,421114590c4dda43048c4f5de215653d7406f2fb871e64df8c04098b4ddc7210,pinyin,word,从来,24176410-a3b9-5d40-80f3-f820afc0c48e,definition,从过去到现在一直如此。,cóng guò qù dào xiàn zài yì zhí rú cǐ 。,,,0,一=yì
content:930c23b7-0afe-5eb0-9b59-7e7107c4471e,4f3713b58e713dedf484318a7ccbd1386a8647f5971dbf49c68b1296aa0b5ade,pinyin,word,死亡,15499c25-9c74-57cd-a76b-f88320b77168,headword,死亡,sǐ wáng,death,死亡,0,
content:930c23b7-0afe-5eb0-9b59-7e7107c4471e,4f3713b58e713dedf484318a7ccbd1386a8647f5971dbf49c68b1296aa0b5ade,pinyin,word,死亡,79c6f4cf-3f04-504d-9f49-e4bd986f308f,definition,生命结束。,shēng mìng jié shù 。,,,0,
content:056d73f9-44e2-58ba-9e0b-6b8b8b1f6153,af49c1eb2b226135e5f72cd2f8cbfb1508231c2ab7b65c982dc4a4c0c38962cc,pinyin,word,四季,89d8bd9a-8885-59c2-9145-7624b83e96f7,headword,四季,sì jì,four seasons,四季,0,
content:056d73f9-44e2-58ba-9e0b-6b8b8b1f6153,af49c1eb2b226135e5f72cd2f8cbfb1508231c2ab7b65c982dc4a4c0c38962cc,pinyin,word,四季,54eca647-ec8b-5504-b97b-010941a3c472,definition,春、夏、秋、冬四个季节。,chūn 、 xià 、 qiū 、 dōng sì gè jì jié 。,,,0,
content:af06125c-ccaf-53a1-8c89-72a0e3f143fd,b7c1f1dc6cfb156f047560ae17e43b43f8ba8e7a3613a852ccece959bdf84682,pinyin,word,移动,7d7ee93b-9c21-5470-af42-2fb2326fc347,headword,移动,yí dòng,move,移動する,0,
content:af06125c-ccaf-53a1-8c89-72a0e3f143fd,b7c1f1dc6cfb156f047560ae17e43b43f8ba8e7a3613a852ccece959bdf84682,pinyin,word,移动,b65f2652-0576-5f81-b95e-49170848ea62,definition,改变原来的位置。,gǎi biàn yuán lái de wèi zhì 。,,,0,
content:efe60b76-0877-5fd7-864d-409bceed219e,14114d914177f9ca28909e8875b4da8de39a83c10524e1590a642c247d0b8f86,pinyin,word,椅子,80fc7ca3-c636-5f79-a3ea-01506e38d7c2,headword,椅子,yǐ zi,chair,椅子,0,
content:efe60b76-0877-5fd7-864d-409bceed219e,14114d914177f9ca28909e8875b4da8de39a83c10524e1590a642c247d0b8f86,pinyin,word,椅子,2bab0483-161d-5919-9f73-dca0e109d86d,definition,有靠背、供人坐的家具。,yǒu kào bèi 、 gōng rén zuò de jiā jù 。,,,0,
content:0bec4121-4d97-56c1-908d-5e3bb4576031,9acaeaf3fbe53d46f72b1cec561ae277ae84e9b9ef9687dd6823025a7a29fc75,pinyin,word,意思,66b1a566-b014-5de3-9081-1d6fb1eadbb1,headword,意思,yì si,meaning,意味,0,
content:0bec4121-4d97-56c1-908d-5e3bb4576031,9acaeaf3fbe53d46f72b1cec561ae277ae84e9b9ef9687dd6823025a7a29fc75,pinyin,word,意思,366be8f6-1234-55e0-a3bb-3c27209739eb,definition,语言或行为所表达的含义。,yǔ yán huò xíng wéi suǒ biǎo dá de hán yì 。,,,0,为=wéi
content:79381456-0a58-5bc2-a478-f8ccbdd00872,af6ecfd5deb7fec01138f1f8bc9d17818b96ca10e4006221b33aa751f78218d0,pinyin,word,屋子,ca26d1f9-bf8f-547f-9d00-86bd736af627,headword,屋子,wū zi,room,部屋,0,
content:79381456-0a58-5bc2-a478-f8ccbdd00872,af6ecfd5deb7fec01138f1f8bc9d17818b96ca10e4006221b33aa751f78218d0,pinyin,word,屋子,c0331490-ee14-5277-8955-fc9608b0d0d0,definition,房屋里的房间。,fáng wū lǐ de fáng jiān 。,,,0,
content:1e706f89-ffea-58dc-a706-87c2b3dd64a7,372534774a8a45ef5535e81b601029e99305fa1bfc51641ae0ddc8432b8ba701,pinyin,word,无数,0e265b53-8ec1-5677-9bd3-7613d9fe36a7,headword,无数,wú shù,countless,無数,0,
content:1e706f89-ffea-58dc-a706-87c2b3dd64a7,372534774a8a45ef5535e81b601029e99305fa1bfc51641ae0ddc8432b8ba701,pinyin,word,无数,9a4bd94e-1816-5c08-b37e-42c50987bd31,definition,数量非常多。,shù liàng fēi cháng duō 。,,,0,
content:8507f6c0-aa4e-588e-b3cd-17027c800be9,3271d03cfb58b4412b868ba2a8cc600324804b5629c23485ba44309c6c544bd6,pinyin,word,物品,7bc5df69-5ab4-5af5-849b-0587c981aa33,headword,物品,wù pǐn,item,品物,0,
content:8507f6c0-aa4e-588e-b3cd-17027c800be9,3271d03cfb58b4412b868ba2a8cc600324804b5629c23485ba44309c6c544bd6,pinyin,word,物品,4a188771-c3a3-53f1-98cf-2252f60f63e8,definition,各种东西的统称。,gè zhǒng dōng xī de tǒng chēng 。,,,0,
content:7f28afcf-e2d9-5cac-9980-7a93a3ca6d73,add9f7ac3b2e129b1124b3c8fc7b91d508fc4d10cb2061424f107b4fc717422e,pinyin,word,金鱼,1aa4d6e7-8586-50fe-9cad-01f2e4156652,headword,金鱼,jīn yú,goldfish,金魚,0,
content:7f28afcf-e2d9-5cac-9980-7a93a3ca6d73,add9f7ac3b2e129b1124b3c8fc7b91d508fc4d10cb2061424f107b4fc717422e,pinyin,word,金鱼,67930b55-b6b1-503d-b733-8fea2d6678ab,definition,一种常作为观赏鱼饲养的鱼。,yī zhǒng cháng zuò wéi guān shǎng yú sì yǎng de yú 。,,,0,为=wéi
content:6fb53568-999b-57bc-af32-d27b73c57131,2eb3779227c23fac452cdf2159d8df17f410c51dd09c422dd03000644de44743,pinyin,word,玉米,20b4514f-503c-5c95-ba55-72c74433fbc5,headword,玉米,yù mǐ,corn,トウモロコシ,0,
content:6fb53568-999b-57bc-af32-d27b73c57131,2eb3779227c23fac452cdf2159d8df17f410c51dd09c422dd03000644de44743,pinyin,word,玉米,b72e025c-c436-5663-bce3-840824693590,definition,一种结棒状果穗的粮食作物。,yī zhǒng jié bàng zhuàng guǒ suì de liáng shí zuò wù 。,,,0,
content:28ad89e1-2a7e-583b-8221-0333147cac8a,3996e23c30976972a95dda309df8a96b3756c1d964ed9eb34670a931d6e1a975,pinyin,word,恶心,8dbc220d-32a4-5c23-82cc-b1c622cb66bc,headword,恶心,ě xin,nauseous,吐き気がする,0,恶=ě
content:28ad89e1-2a7e-583b-8221-0333147cac8a,3996e23c30976972a95dda309df8a96b3756c1d964ed9eb34670a931d6e1a975,pinyin,word,恶心,d9933f58-4d17-5b79-ac3a-81fc339e3cfb,definition,想呕吐，或令人感到厌恶。,xiǎng ǒu tù ， huò lìng rén gǎn dào yàn wù 。,,,0,恶=wù
content:b1c3c30b-8a71-5311-9299-8499d88e34ba,e8f6bab43ca90047001f4066d8aad72a5f4f1d0b78a778cac7c219c2dfdbb19e,pinyin,word,饥饿,a219307b-1ac2-5a6f-b951-2978895ca774,headword,饥饿,jī è,hunger,空腹,0,
content:b1c3c30b-8a71-5311-9299-8499d88e34ba,e8f6bab43ca90047001f4066d8aad72a5f4f1d0b78a778cac7c219c2dfdbb19e,pinyin,word,饥饿,954d4b52-4f92-56b3-8ef3-b41d5163515d,definition,肚子空、想吃东西的感觉。,dǔ zi kōng 、 xiǎng chī dōng xī de gǎn jué 。,,,0,
content:f1413b61-41c2-57b9-94a8-c7267eb219c8,4400bb9010edaef33852329d4200296391fed589c6997c55c6bd5d2950bf6fdb,pinyin,word,悲哀,022f4630-af7c-5dbc-ab66-1748663b9530,headword,悲哀,bēi āi,sorrow,悲しみ,0,
content:f1413b61-41c2-57b9-94a8-c7267eb219c8,4400bb9010edaef33852329d4200296391fed589c6997c55c6bd5d2950bf6fdb,pinyin,word,悲哀,76e24d06-abce-55e9-badf-1aae3ddaafe4,definition,伤心、难过。,shāng xīn 、 nán guò 。,,,0,
content:02c566a7-2b7d-551e-977c-6d4a451b6f6e,c39d7f197410ea2443739c5d32fd0528c9f2a20bf37c6d4ae4edad62da926134,pinyin,word,爱好,becfea56-43bc-5644-9ba5-53bfc8ca001a,headword,爱好,ài hào,hobby,趣味,0,
content:02c566a7-2b7d-551e-977c-6d4a451b6f6e,c39d7f197410ea2443739c5d32fd0528c9f2a20bf37c6d4ae4edad62da926134,pinyin,word,爱好,933694e7-6467-5fe9-ace0-ee2269dec428,definition,对某种事物特别喜欢。,duì mǒu zhǒng shì wù tè bié xǐ huān 。,,,0,
content:99d7b008-cfea-5331-b760-c99a22dff751,39f0d4079300677df16ef0c7de1c132b07ac5c440170abe6da509618e6856b26,pinyin,word,杯子,d341b94b-d3fa-5e4a-836b-1e1b9ee4d4a9,headword,杯子,bēi zi,cup,コップ,0,
content:99d7b008-cfea-5331-b760-c99a22dff751,39f0d4079300677df16ef0c7de1c132b07ac5c440170abe6da509618e6856b26,pinyin,word,杯子,53fb94b1-17ef-5388-8a63-f9ccc24a197a,definition,盛水或其他饮料的器具。,shèng shuǐ huò qí tā yǐn liào de qì jù 。,,,0,
content:effddc61-f1d8-5466-95e9-50518c0f8155,89f8bb6c6c647ea06628a0b9d1837fd98f88082a1686f464dfc88ece0cad658f,pinyin,word,肥皂,4d1c2118-9d3e-56c3-a52c-01808302e01f,headword,肥皂,féi zào,soap,石けん,0,
content:effddc61-f1d8-5466-95e9-50518c0f8155,89f8bb6c6c647ea06628a0b9d1837fd98f88082a1686f464dfc88ece0cad658f,pinyin,word,肥皂,c5d93222-202c-523f-8db8-854ee2eea097,definition,洗涤时用的一种清洁用品。,xǐ dí shí yòng de yī zhǒng qīng jié yòng pǐn 。,,,0,
content:87136e95-72e0-5fb1-b8e2-b58d2cafc177,c728fbc7749001bd71cee3adf7b457bc4e2a80a4822fd1fc25edebbe2782aca3,pinyin,word,北方,22ba6605-0202-52b8-86b0-5ba920f84640,headword,北方,běi fāng,the north,北方,0,
content:87136e95-72e0-5fb1-b8e2-b58d2cafc177,c728fbc7749001bd71cee3adf7b457bc4e2a80a4822fd1fc25edebbe2782aca3,pinyin,word,北方,9121a03e-2b46-5132-86f1-14680ac86bea,definition,北边的地区。,běi biān de dì qū 。,,,0,
content:f822d72d-180d-5cde-9662-4cf3d29d932b,5f36b3c2f4fff853eb36c932ba2c76a19daff654dea22ae415647a3478128bd4,pinyin,word,宝贝,c9f53118-1541-578f-ab99-73a853de9faa,headword,宝贝,bǎo bèi,treasure,宝物,0,
content:f822d72d-180d-5cde-9662-4cf3d29d932b,5f36b3c2f4fff853eb36c932ba2c76a19daff654dea22ae415647a3478128bd4,pinyin,word,宝贝,5b0e9ffc-8f52-561d-87f0-32e3fe3de805,definition,珍贵或受到珍爱的东西。,zhēn guì huò shòu dào zhēn ài de dōng xī 。,,,0,
content:8d2bf243-2434-5126-b3f7-5e0c793fbdf3,b73a1f7bb2711ba5e11e30f81f60ed6d2f9c950fc8472db8d4aba2d267a006ff,pinyin,word,归还,8a5d39db-202a-52e7-bea6-3f1f24b99b1d,headword,归还,guī huán,return something,返す,0,
content:8d2bf243-2434-5126-b3f7-5e0c793fbdf3,b73a1f7bb2711ba5e11e30f81f60ed6d2f9c950fc8472db8d4aba2d267a006ff,pinyin,word,归还,d365c4db-a9c1-521a-afaa-00ee9f0c29d4,definition,把借来的东西交还原主。,bǎ jiè lái de dōng xī jiāo huán yuán zhǔ 。,,,0,
content:1cf9ab6d-db6d-5edb-ab22-46909ccf6588,0c5a12bc839f86c43410a7ac54ddf76a622856e07fda64f48bc7d6e44c95e06b,pinyin,word,魔鬼,00c4e415-e5a7-5bac-9839-27997db9a2f3,headword,魔鬼,mó guǐ,devil,悪魔,0,
content:1cf9ab6d-db6d-5edb-ab22-46909ccf6588,0c5a12bc839f86c43410a7ac54ddf76a622856e07fda64f48bc7d6e44c95e06b,pinyin,word,魔鬼,696ff39c-bd89-502e-908d-8cc1c2c6677e,definition,传说中害人的鬼怪。,chuán shuō zhōng hài rén de guǐ guài 。,,,0,
content:0183db59-0d33-5225-8184-fdbc72ae4b67,c357f8988400026afa53a3db610fdf6be2c40881c64b6c3a0f00317068d504cc,pinyin,word,贵重,76c4f9a6-505c-5b45-8270-7a4cfa63acb6,headword,贵重,guì zhòng,valuable,貴重な,0,
content:0183db59-0d33-5225-8184-fdbc72ae4b67,c357f8988400026afa53a3db610fdf6be2c40881c64b6c3a0f00317068d504cc,pinyin,word,贵重,2daa353d-9c2a-5385-8b42-73ce3334474b,definition,价值很高，值得珍惜。,jià zhí hěn gāo ， zhí de zhēn xī 。,,,0,
content:06a2bd09-432f-5283-8ae7-8f93c279de29,3cd2b8dbb75d2954e130dcc2435db665e2568cc806bf5225cdb2216a35c01efc,pinyin,word,包子,44a1c8f5-363a-53b8-954c-a2499ecc5d5d,headword,包子,bāo zi,steamed bun,肉まん,0,
content:06a2bd09-432f-5283-8ae7-8f93c279de29,3cd2b8dbb75d2954e130dcc2435db665e2568cc806bf5225cdb2216a35c01efc,pinyin,word,包子,804b740b-610c-5fe0-a901-fa3f92c0ea50,definition,用面皮包馅蒸成的食品。,yòng miàn pí bāo xiàn zhēng chéng de shí pǐn 。,,,0,
content:52c3c36a-095a-56ef-b0df-298ed6e72df0,9124963047022cf2091a7a1b7d250409691801017a1953b8914e0b81ac27ee54,pinyin,word,抱歉,265b80fc-a451-5bb5-bdf5-42aba013fc4c,headword,抱歉,bào qiàn,sorry,申し訳ない,0,
content:52c3c36a-095a-56ef-b0df-298ed6e72df0,9124963047022cf2091a7a1b7d250409691801017a1953b8914e0b81ac27ee54,pinyin,word,抱歉,e2f86dee-58d8-5a48-af8b-8070275d0138,definition,因过失而感到对不起别人。,yīn guò shī ér gǎn dào duì bù qǐ bié rén 。,,,0,
content:65c2f169-4603-5094-8533-d97077e7ffdb,51c868a0b7ad995139ad9b60a38d450285b31f334ca2800ad05e4da911bd39e8,pinyin,word,沟通,8f31c0f9-0f89-5643-83bf-e052fdca7608,headword,沟通,gōu tōng,communicate,意思を通わせる,0,
content:65c2f169-4603-5094-8533-d97077e7ffdb,51c868a0b7ad995139ad9b60a38d450285b31f334ca2800ad05e4da911bd39e8,pinyin,word,沟通,2fb66b62-3344-5fc9-8e72-df19d82a5cd3,definition,彼此交流，使能够理解。,bǐ cǐ jiāo liú ， shǐ néng gòu lǐ jiě 。,,,0,
content:a8fdebf2-bd7a-5bef-be1b-15b56a2efb46,42cb1b0370341fa6e324a1938c58fee1e8208d92f99adadf9641401a0186ea88,pinyin,word,楼房,c7653587-f0bd-560c-9440-c5524e14a915,headword,楼房,lóu fáng,multistory building,二階建て以上の建物,0,
content:a8fdebf2-bd7a-5bef-be1b-15b56a2efb46,42cb1b0370341fa6e324a1938c58fee1e8208d92f99adadf9641401a0186ea88,pinyin,word,楼房,9e6ba7b4-54e7-5dd4-aca6-407dc8d966da,definition,两层或两层以上的房屋。,liǎng céng huò liǎng céng yǐ shàng de fáng wū 。,,,0,
content:5604270a-02dc-52f6-8677-42be07c4e72a,fce3b21a0a7e997037c6820f34a18bc16b32fec3f18941bc59eeb18aeec3b82f,pinyin,word,柳树,6e3288a0-e37a-5237-8980-5ac752eec240,headword,柳树,liǔ shù,willow,柳,0,
content:5604270a-02dc-52f6-8677-42be07c4e72a,fce3b21a0a7e997037c6820f34a18bc16b32fec3f18941bc59eeb18aeec3b82f,pinyin,word,柳树,de4b0723-6c7c-57ec-ab3e-2cdc4c87dd40,definition,枝条细长、叶片狭长的一种树。,zhī tiáo xì cháng 、 yè piàn xiá cháng de yī zhǒng shù 。,,,0,长=cháng; 长=cháng
content:a0aee2c6-72f4-5c83-a42f-3eb99a0a1c06,4de12f0835be7b09fedeb969875546d2818a31baf273da1987d5cf73aec99074,pinyin,word,街道,310dc117-9192-5239-986c-ae9bc07afa9f,headword,街道,jiē dào,street,街路,0,
content:a0aee2c6-72f4-5c83-a42f-3eb99a0a1c06,4de12f0835be7b09fedeb969875546d2818a31baf273da1987d5cf73aec99074,pinyin,word,街道,965743c2-932e-5338-9136-c9cead88c108,definition,城镇中供人车通行的道路。,chéng zhèn zhōng gōng rén chē tōng xíng de dào lù 。,,,0,
content:efa7ca1f-cdc6-5880-9290-7a63dcdc2617,a12b18e963d1e405c414c59704eb3fa5351253d24c4d44a4a37728f59107ed57,pinyin,word,节日,1b758eb6-cd9e-5123-9da3-5e01caafddd3,headword,节日,jié rì,festival,祝日,0,
content:efa7ca1f-cdc6-5880-9290-7a63dcdc2617,a12b18e963d1e405c414c59704eb3fa5351253d24c4d44a4a37728f59107ed57,pinyin,word,节日,c1708625-52a0-54e5-826f-b7ccd8314827,definition,庆祝或纪念的日子。,qìng zhù huò jì niàn de rì zi 。,,,0,
content:4473ec70-6e77-5ea2-8ac0-bd5a1c8b3114,af32b9965ec11dcabd875303d54c3710587031412e622861386afe341d35c706,pinyin,word,了解,7e6ddb1f-fde2-5e18-942b-bcb073a56b56,headword,了解,liǎo jiě,understand,理解する,0,
content:4473ec70-6e77-5ea2-8ac0-bd5a1c8b3114,af32b9965ec11dcabd875303d54c3710587031412e622861386afe341d35c706,pinyin,word,了解,72922e25-3a96-5287-9394-6e1c2d5bb9c8,definition,知道事情的情况或道理。,zhī dào shì qíng de qíng kuàng huò dào lǐ 。,,,0,
content:9237050a-d260-5439-8600-db16ac510bd3,8f511a7314f90fae2a3d0a52341014776c4e6cc5a94a95caa5e0bc216092e272,pinyin,word,约会,77e6cdbd-10a1-5248-a0a4-7f0f0fc5658a,headword,约会,yuē huì,appointment,会う約束,0,
content:9237050a-d260-5439-8600-db16ac510bd3,8f511a7314f90fae2a3d0a52341014776c4e6cc5a94a95caa5e0bc216092e272,pinyin,word,约会,ff90eadf-976d-5a80-84fe-529450b6971e,definition,约定时间见面。,yuē dìng shí jiān jiàn miàn 。,,,0,
content:68fa8bac-9c42-57d7-aa2c-a94688cec491,2a958c7e31d36f9e9150b7099c391682c85b14e125f44c5dd727110c2e05394a,pinyin,word,雪花,f585da10-3ceb-59c7-a9c6-7511ac5959f3,headword,雪花,xuě huā,snowflake,雪の結晶,0,
content:68fa8bac-9c42-57d7-aa2c-a94688cec491,2a958c7e31d36f9e9150b7099c391682c85b14e125f44c5dd727110c2e05394a,pinyin,word,雪花,b0144371-34d4-573f-aaae-e3a33b3eb6ed,definition,从云中落下的白色冰晶。,cóng yún zhōng là xià de bái sè bīng jīng 。,,,0,
content:678e532d-413b-5893-98a6-30a722f158b9,70b142eb9749be37ac388e516fd634ebeb0ce4c1f15d6f99a897bfa5ce056f10,pinyin,word,儿童,a5c95994-97da-5801-a16a-8112e88ce139,headword,儿童,ér tóng,child,子供,0,
content:678e532d-413b-5893-98a6-30a722f158b9,70b142eb9749be37ac388e516fd634ebeb0ce4c1f15d6f99a897bfa5ce056f10,pinyin,word,儿童,6918b5c2-2336-53a4-8f3e-a30beba4be2b,definition,年纪小的人。,nián jì xiǎo de rén 。,,,0,
content:2c14c07c-e43f-5d7b-b3dc-362c8c8fd91b,4e451879e814d7e18a1e478d12a24dfecca287be0c705d7872d8979c45021ecd,pinyin,word,安全,c981cbe2-a549-5388-a9bf-70a8fae5c962,headword,安全,ān quán,safe,安全な,0,
content:2c14c07c-e43f-5d7b-b3dc-362c8c8fd91b,4e451879e814d7e18a1e478d12a24dfecca287be0c705d7872d8979c45021ecd,pinyin,word,安全,6698462a-2287-5cb8-b0ca-dff6f93a2f57,definition,没有危险。,méi yǒu wēi xiǎn 。,,,0,
content:329561f1-16c9-5d9b-b103-c78d209eb522,5be786288aafb3a48cdded9b038f48d61b5f0ada209bc20e981af3c50923b653,pinyin,word,寒冷,d6a8d185-f215-5a76-ac47-e1b54d0a1663,headword,寒冷,hán lěng,cold,寒い,0,
content:329561f1-16c9-5d9b-b103-c78d209eb522,5be786288aafb3a48cdded9b038f48d61b5f0ada209bc20e981af3c50923b653,pinyin,word,寒冷,bf05d3a0-f234-5e7b-9c61-d96035eb7d08,definition,温度低，让人觉得冷。,wēn dù dī ， ràng rén jué de lěng 。,,,0,
content:0d09d6ec-c0d7-5676-ad90-137d456f12bb,00dac2123229740b1ce7c3646ad7cd6251da4cabc0c4fa84d5162be98e49d5fe,pinyin,word,展览,a5924a63-c46c-5a2b-9540-24556380e610,headword,展览,zhǎn lǎn,exhibition,展覧会,0,
content:0d09d6ec-c0d7-5676-ad90-137d456f12bb,00dac2123229740b1ce7c3646ad7cd6251da4cabc0c4fa84d5162be98e49d5fe,pinyin,word,展览,e081a190-ea69-52d9-a1fb-5c7e50ef1704,definition,把物品陈列出来供人观看。,bǎ wù pǐn chén liè chū lái gōng rén guān kàn 。,,,0,
content:911bd761-738b-5b2b-b572-db7037f73401,98a58ba865946895c1db06a04e971b84813d74887ffdf436f604122c50e42385,pinyin,word,海岸,6bc1affc-b7b3-5dad-aadf-e40f9aeacee1,headword,海岸,hǎi àn,coast,海岸,0,
content:911bd761-738b-5b2b-b572-db7037f73401,98a58ba865946895c1db06a04e971b84813d74887ffdf436f604122c50e42385,pinyin,word,海岸,c329f281-36ce-57e6-a170-5998257daf3b,definition,海洋边缘的陆地。,hǎi yáng biān yuán de lù dì 。,,,0,
content:d031a016-c07f-5f6e-b2a4-eb2cf4b424f0,3a9e23ad9a67c9477092ff4109a0076540b607a2997926e386554c07f67127b0,pinyin,word,根本,c636f863-d664-52c0-9fc0-2cd4adef739f,headword,根本,gēn běn,foundation,根本,0,
content:d031a016-c07f-5f6e-b2a4-eb2cf4b424f0,3a9e23ad9a67c9477092ff4109a0076540b607a2997926e386554c07f67127b0,pinyin,word,根本,6cb2dd1e-03e7-5586-a13f-0e986da62a41,definition,事物最主要、最基础的部分。,shì wù zuì zhǔ yào 、 zuì jī chǔ de bù fèn 。,,,0,
content:f99d4e5c-a790-5afa-b1cb-ef0ceabe87a4,036e9ee01a0932e7acae5a1f183408c01d7734309640188d3d76b8a0cb4059e3,pinyin,word,认真,5325c3f1-1162-55d6-a2e1-beb2ed644c8b,headword,认真,rèn zhēn,serious,真剣な,0,
content:f99d4e5c-a790-5afa-b1cb-ef0ceabe87a4,036e9ee01a0932e7acae5a1f183408c01d7734309640188d3d76b8a0cb4059e3,pinyin,word,认真,514ed523-8c9f-5072-8480-6b99d5ce65d4,definition,严肃对待，仔细去做。,yán sù duì dài ， zǐ xì qù zuò 。,,,0,
content:934037ff-6bc4-56a6-84fb-a427b6390e67,2ade5eefb55c8532dde246be2101eae447f93b875cf11b8b7c2742f382bc663a,pinyin,word,音乐,2d321614-83f2-5588-94e8-fc7dae27e889,headword,音乐,yīn yuè,music,音楽,0,乐=yuè
content:934037ff-6bc4-56a6-84fb-a427b6390e67,2ade5eefb55c8532dde246be2101eae447f93b875cf11b8b7c2742f382bc663a,pinyin,word,音乐,da1da789-3f51-51ad-afbf-60472ecff543,definition,通过有组织的声音表达感情的艺术。,tōng guò yǒu zǔ zhī de shēng yīn biǎo dá gǎn qíng de yì shù 。,,,0,
content:b97c6fa1-9118-5504-9e7d-4eb784cca7ee,8a58fc99f5c498d58844dfdf469fd929ef16e9fb78407f4d0f5dd9082f39bb5e,pinyin,word,银行,1d3b79c1-b2a3-5b24-9083-5a8a7c6d7ba1,headword,银行,yín háng,bank,銀行,0,
content:b97c6fa1-9118-5504-9e7d-4eb784cca7ee,8a58fc99f5c498d58844dfdf469fd929ef16e9fb78407f4d0f5dd9082f39bb5e,pinyin,word,银行,bb290f50-7179-58c9-8132-37983670b291,definition,办理存款、贷款等业务的机构。,bàn lǐ cún kuǎn 、 dài kuǎn děng yè wù de jī gòu 。,,,0,
content:4191ba7c-ba03-5dbd-a3a5-14a9947b046b,2466917496120f0f7e2589621b42579541eeb7bf03193bd534f99b6fff482e8d,pinyin,word,引导,f00422c2-f1bd-53fa-a4d9-04cce2a80af1,headword,引导,yǐn dǎo,guide,導く,0,
content:4191ba7c-ba03-5dbd-a3a5-14a9947b046b,2466917496120f0f7e2589621b42579541eeb7bf03193bd534f99b6fff482e8d,pinyin,word,引导,b7d9b460-9910-5841-8a02-b9b07efeee92,definition,带领别人朝某个方向前进。,dài lǐng bié rén cháo mǒu gè fāng xiàng qián jìn 。,,,0,
content:b66365d3-2f8e-5393-b03a-4110894f9da4,94cc6e385f7e44cc1689978ce92d0a75c56508043996e7343eb5750ab48ac10e,pinyin,word,印象,a1b5eba0-a929-5c27-903e-60db94b5a8ba,headword,印象,yìn xiàng,impression,印象,0,
content:b66365d3-2f8e-5393-b03a-4110894f9da4,94cc6e385f7e44cc1689978ce92d0a75c56508043996e7343eb5750ab48ac10e,pinyin,word,印象,19c271da-62a1-5a25-b90f-9ea4dff0cbc6,definition,事物在头脑中留下的形象或感觉。,shì wù zài tóu nǎo zhōng liú xià de xíng xiàng huò gǎn jué 。,,,0,
content:0b27cecc-040e-5f71-bc61-afa67c5bb579,b0984bc98148bedf4fba0beb6238322db247c1a3193949b4bba5736ea0f647f2,pinyin,word,温暖,093fedbb-0041-57f2-b1e8-f5c19146bf36,headword,温暖,wēn nuǎn,warm,暖かい,0,
content:0b27cecc-040e-5f71-bc61-afa67c5bb579,b0984bc98148bedf4fba0beb6238322db247c1a3193949b4bba5736ea0f647f2,pinyin,word,温暖,c22fd4f3-7652-54df-9740-172a07368156,definition,不冷不热，使人舒服。,bù lěng bù rè ， shǐ rén shū fú 。,,,0,
content:3e3f896b-6412-53ae-9a76-5cf8371c05af,64ab8b998ec1b52c2f5db55efd24b01138f08d55bc633edfab901845d80bf189,pinyin,word,轮船,a9fe870d-519c-5812-a0b3-fd64bbc9aa1a,headword,轮船,lún chuán,ship,汽船,0,
content:3e3f896b-6412-53ae-9a76-5cf8371c05af,64ab8b998ec1b52c2f5db55efd24b01138f08d55bc633edfab901845d80bf189,pinyin,word,轮船,baee5035-ed66-525b-834d-3c64775ccdd2,definition,用动力机械推动的大船。,yòng dòng lì jī xiè tuī dòng de dà chuán 。,,,0,
content:c9eb0e8d-3a85-5918-8481-f6677fdd9fea,427c7fdec1ba7ef7e68170c3f5577674372532722a853b06fe599ae07c9aa776,pinyin,word,准确,b0b4ae9e-c531-5eb3-b765-82d5ad8ae05e,headword,准确,zhǔn què,accurate,正確な,0,
content:c9eb0e8d-3a85-5918-8481-f6677fdd9fea,427c7fdec1ba7ef7e68170c3f5577674372532722a853b06fe599ae07c9aa776,pinyin,word,准确,6b6da6de-e23f-5b34-9db0-9e2e9883d992,definition,符合实际或要求，没有差错。,fú hé shí jì huò yāo qiú ， méi yǒu chā cuò 。,,,0,
content:81080520-f358-5b10-8389-fa7c228a6b58,cb78656d1203cd1280de0dca9035a0221aca90e9cb3328cff2fe66472b43c571,pinyin,word,讨论,fd90e46c-e91d-5e44-916c-60a0881406a9,headword,讨论,tǎo lùn,discuss,討論する,0,
content:81080520-f358-5b10-8389-fa7c228a6b58,cb78656d1203cd1280de0dca9035a0221aca90e9cb3328cff2fe66472b43c571,pinyin,word,讨论,754ecf1f-1f3d-521e-885f-02cd2c46cbbb,definition,交换意见，探讨问题。,jiāo huàn yì jiàn ， tàn tǎo wèn tí 。,,,0,
content:cbb723d7-33bf-52d0-851a-5fc05e7ae7fd,455e7d3d601520dd4cc42ea21adbe3913d0332dabb973e97b1e5fd61fdf97b9b,pinyin,word,允许,30f1af8b-8078-5fe1-8937-233077edb242,headword,允许,yǔn xǔ,allow,許す,0,
content:cbb723d7-33bf-52d0-851a-5fc05e7ae7fd,455e7d3d601520dd4cc42ea21adbe3913d0332dabb973e97b1e5fd61fdf97b9b,pinyin,word,允许,d0459bbe-ffc0-5eda-b249-34dd3a98211c,definition,同意别人做某件事。,tóng yì bié rén zuò mǒu jiàn shì 。,,,0,
content:e41c3550-0170-50e0-beae-0f49fa598e9a,6ec092f5ff10a2bb715746f41ab46bef6ca2cb146bc52277bdc47022aba3f04b,pinyin,word,运动,6ee2636e-7c5e-5bde-9c80-af13dca402a8,headword,运动,yùn dòng,exercise,運動,0,
content:e41c3550-0170-50e0-beae-0f49fa598e9a,6ec092f5ff10a2bb715746f41ab46bef6ca2cb146bc52277bdc47022aba3f04b,pinyin,word,运动,68b56c4f-a01b-55a0-9108-68cbc29b6935,definition,为锻炼身体而进行的活动。,wèi duàn liàn shēn tǐ ér jìn xíng de huó dòng 。,,,0,
content:a113bb6a-d1c9-5c34-96df-09a62e496090,2ca8180fd183d10b1c0b849c1d9bbd1e0a2b9c08e399054e6131b94ce1cb3897,pinyin,word,帮助,f24b176b-1125-5ed6-8676-e5bb8ceaf885,headword,帮助,bāng zhù,help,助ける,0,
content:a113bb6a-d1c9-5c34-96df-09a62e496090,2ca8180fd183d10b1c0b849c1d9bbd1e0a2b9c08e399054e6131b94ce1cb3897,pinyin,word,帮助,b3f8236f-31f3-52e4-b075-38d6291281f9,definition,替别人出力、解决困难。,tì bié rén chū lì 、 jiě jué kùn nán 。,,,0,
content:c36f6b6a-1d20-5ca9-9e9a-4c950e47cb99,5e29397d8f4e6d57a8d9152686d1e4e1878dd410fbad9a5c91a7c13641ce5f33,pinyin,word,绑架,9485a96d-4af7-5070-8324-2d59c38bdb4c,headword,绑架,bǎng jià,kidnap,誘拐する,0,
content:c36f6b6a-1d20-5ca9-9e9a-4c950e47cb99,5e29397d8f4e6d57a8d9152686d1e4e1878dd410fbad9a5c91a7c13641ce5f33,pinyin,word,绑架,d51e2dd3-31dd-504e-904e-88215285b07d,definition,用暴力把人劫走并控制起来。,yòng bào lì bǎ rén jié zǒu bìng kòng zhì qǐ lái 。,,,0,
content:a8b6574a-ed4e-52c4-b8a0-39bb87182cd0,d5a6596f52147a1aafe76ff92f323beabb40812c420ef3e93230e0bf1f3002fe,pinyin,word,棒球,d6862854-0730-57f1-ab04-30d99f9a71e9,headword,棒球,bàng qiú,baseball,野球,0,
content:a8b6574a-ed4e-52c4-b8a0-39bb87182cd0,d5a6596f52147a1aafe76ff92f323beabb40812c420ef3e93230e0bf1f3002fe,pinyin,word,棒球,6edad0cd-012a-5b98-9cfb-f5aca8342a66,definition,使用球棒击球的一种球类运动。,shǐ yòng qiú bàng jī qiú de yī zhǒng qiú lèi yùn dòng 。,,,0,
content:4135a8c5-e894-5799-9b6c-7c5eb7985695,3e6488fd9cff3f144e4797ff943d25595fa05ab67f229d8a2efa1747af24829e,pinyin,word,电灯,8f2af0ac-0497-5f38-8f7b-440f3054295f,headword,电灯,diàn dēng,electric lamp,電灯,0,
content:4135a8c5-e894-5799-9b6c-7c5eb7985695,3e6488fd9cff3f144e4797ff943d25595fa05ab67f229d8a2efa1747af24829e,pinyin,word,电灯,0ae6e97c-4467-5223-a015-51444d417ff4,definition,用电发光的照明器具。,yòng diàn fā guāng de zhào míng qì jù 。,,,0,
content:44872b7e-982e-5227-b823-1028fbe38882,482a2a6f37e6a92cdb8fdd0196919cd463c74a0f89de2556119a5154eab16f8a,pinyin,word,能够,f0c3f28c-61fe-55a8-938a-89b09e00434d,headword,能够,néng gòu,be able to,できる,0,
content:44872b7e-982e-5227-b823-1028fbe38882,482a2a6f37e6a92cdb8fdd0196919cd463c74a0f89de2556119a5154eab16f8a,pinyin,word,能够,1501eb2b-b9b9-544f-aec8-21f96614bef3,definition,表示有能力或条件做某事。,biǎo shì yǒu néng lì huò tiáo jiàn zuò mǒu shì 。,,,0,
content:4abd1fb8-6dce-5238-9c7c-d544c975ac3f,9f231a940a76618baa988bcb022b3f414989aeee1957053b8074c06f4e0aa91f,pinyin,word,等待,163cd04c-03ac-5f30-a762-5a5279b23d28,headword,等待,děng dài,wait,待つ,0,
content:4abd1fb8-6dce-5238-9c7c-d544c975ac3f,9f231a940a76618baa988bcb022b3f414989aeee1957053b8074c06f4e0aa91f,pinyin,word,等待,0b5cb5cc-4181-5cd0-ac02-7fc3c78e8254,definition,不采取行动，等候人或事情到来。,bù cǎi qǔ xíng dòng ， děng hòu rén huò shì qíng dào lái 。,,,0,
content:2e17321d-e67d-5058-bb1d-984bf3434185,615670f241ab17f607ed1c54520ca1ba9ee26869fbb116ca7e218ca504ac8a29,pinyin,word,凳子,5d4c1482-98a3-5889-b3c8-875705961d3a,headword,凳子,dèng zi,stool,腰掛け,0,
content:2e17321d-e67d-5058-bb1d-984bf3434185,615670f241ab17f607ed1c54520ca1ba9ee26869fbb116ca7e218ca504ac8a29,pinyin,word,凳子,c7084f74-a55c-534c-9749-6e66f0eb7d5e,definition,没有靠背的坐具。,méi yǒu kào bèi de zuò jù 。,,,0,
content:a681f368-7ecc-57eb-ad44-1d75c6c36758,7b6ef2b76a7f0fcaaa377ff9f4312fdedda2ef9f4d2446b1e6b5dac9421bdc59,pinyin,word,叮嘱,abaa91db-9a5b-52a2-a74a-66a3b03202f6,headword,叮嘱,dīng zhǔ,urge,念を押す,0,
content:a681f368-7ecc-57eb-ad44-1d75c6c36758,7b6ef2b76a7f0fcaaa377ff9f4312fdedda2ef9f4d2446b1e6b5dac9421bdc59,pinyin,word,叮嘱,771b1f07-59ce-58a0-a768-82bc05934f18,definition,反复告诉别人要注意什么。,fǎn fù gào sù bié rén yào zhù yì shén me 。,,,0,
content:d6b5e628-2f9a-5663-a697-8e44897d52d2,f2580ba664f66b4e263d7420845c6d50423f7a12a50c86c6a14211b5a42bf38b,pinyin,word,停止,f6d6811c-9310-52d1-ac97-fe86d7bb7917,headword,停止,tíng zhǐ,stop,止まる,0,
content:d6b5e628-2f9a-5663-a697-8e44897d52d2,f2580ba664f66b4e263d7420845c6d50423f7a12a50c86c6a14211b5a42bf38b,pinyin,word,停止,390ab3a4-f42f-5826-9a92-8fd9c9ef1ed0,definition,不再继续进行。,bù zài jì xù jìn xíng 。,,,0,
content:dc6d8b93-1f33-5e98-8f8e-8334699eb72c,bd5dfea24f12f7641b22fffcdcb80470ddbfae45f309c21e48e5141dc9ac528f,pinyin,word,决定,f67c641d-24ae-5259-8bad-bc21b206b8f1,headword,决定,jué dìng,decide,決める,0,
content:dc6d8b93-1f33-5e98-8f8e-8334699eb72c,bd5dfea24f12f7641b22fffcdcb80470ddbfae45f309c21e48e5141dc9ac528f,pinyin,word,决定,a3a35b2f-4df8-5af8-b083-973367b80cb0,definition,经过考虑后作出选择。,jīng guò kǎo lǜ hòu zuò chū xuǎn zé 。,,,0,
content:052cc2a6-1433-5a5f-94eb-37267d099253,eb8d207dbcf4ee522bf02ddea4c3d5b18b01e687080476dfb452f4b3ee93b782,pinyin,word,懂得,78a08cb1-2d8a-51a6-944d-ac51dae419fa,headword,懂得,dǒng de,understand,分かる,0,
content:052cc2a6-1433-5a5f-94eb-37267d099253,eb8d207dbcf4ee522bf02ddea4c3d5b18b01e687080476dfb452f4b3ee93b782,pinyin,word,懂得,9fbc566c-450d-566f-abd2-d4d0496c79b2,definition,知道、理解。,zhī dào 、 lǐ jiě 。,,,0,
content:5944db1c-7443-5311-bf3c-cedf5c5d91ba,78e417a7c5ad36da786f23a472f154f3b307076d4ad47fcf45021d79a7bb8454,pinyin,word,动物,49dfa984-4aa2-5fa8-8758-8ae02c140f7e,headword,动物,dòng wù,animal,動物,0,
content:5944db1c-7443-5311-bf3c-cedf5c5d91ba,78e417a7c5ad36da786f23a472f154f3b307076d4ad47fcf45021d79a7bb8454,pinyin,word,动物,e4370880-0ab6-57a8-9eef-65833d601d6f,definition,以有机物为食、通常能够自主活动的生物。,yǐ yǒu jī wù wèi shí 、 tōng cháng néng gòu zì zhǔ huó dòng de shēng wù 。,,,0,
content:267a6aeb-400d-5d38-ae67-db563e54a442,d587b89b41f483ebc902d06b8d621eb1eebc8dde31f880cbc22017b1a0bef062,pinyin,word,爷爷,b90adaff-f776-5282-b387-db2276ad7df0,headword,爷爷,yé ye,paternal grandfather,父方の祖父,0,
content:267a6aeb-400d-5d38-ae67-db563e54a442,d587b89b41f483ebc902d06b8d621eb1eebc8dde31f880cbc22017b1a0bef062,pinyin,word,爷爷,c67eaa3f-4298-578e-a4ac-20667ee29ec8,definition,父亲的父亲。,fù qīn de fù qīn 。,,,0,
content:95655448-72c6-5211-9ec8-5edf52d50f46,1fee876247fe538f9a2f0c6b38913ce3188c441ffeaad30fc4e1ee75a000312f,pinyin,word,野外,7c9f3cfd-8e5d-58b9-9179-416180fff463,headword,野外,yě wài,the wild,野外,0,
content:95655448-72c6-5211-9ec8-5edf52d50f46,1fee876247fe538f9a2f0c6b38913ce3188c441ffeaad30fc4e1ee75a000312f,pinyin,word,野外,9af03217-b4e3-521d-bad4-f5d0cd048b96,definition,离居民区较远的室外地方。,lí jū mín qū jiào yuǎn de shì wài dì fāng 。,,,0,
content:eba464dd-9bc8-5bd7-9ffb-e8c403c2df6d,9e12ed6d6be3179f008f4abfef5be17fc8bc944964f4fa3d6c38f8d78eed1d59,pinyin,word,夜晚,d67575a5-b6fe-5fca-ba82-44bafe14bb6c,headword,夜晚,yè wǎn,night,夜,0,
content:eba464dd-9bc8-5bd7-9ffb-e8c403c2df6d,9e12ed6d6be3179f008f4abfef5be17fc8bc944964f4fa3d6c38f8d78eed1d59,pinyin,word,夜晚,e01c30cf-8d88-5f03-8f93-354356b35d36,definition,天黑以后到天亮以前的时间。,tiān hēi yǐ hòu dào tiān liàng yǐ qián de shí jiān 。,,,0,
content:9d61960b-65ae-5d67-b267-72ef68f2dec9,129b069e991c54253de97795bd6e722b33466b364307c2fece8b0c36615a5c1c,pinyin,word,冤枉,6a72cb68-7dff-5a9d-9feb-25f7533abb98,headword,冤枉,yuān wang,be wronged,ぬれぎぬを着せられる,0,
content:9d61960b-65ae-5d67-b267-72ef68f2dec9,129b069e991c54253de97795bd6e722b33466b364307c2fece8b0c36615a5c1c,pinyin,word,冤枉,ffb17ac5-95f2-59fe-8474-34e42b761dde,definition,受到不公正的指责或对待。,shòu dào bù gōng zhèng de zhǐ zé huò duì dài 。,,,0,
content:480d41dc-6101-56aa-8027-489a278b5544,5c9629187752133c9485081ce153719c08c9652e799ad2964dbfcbd094f6a651,pinyin,word,元旦,c94ac2ae-c9a1-522a-9c92-87a80df406a6,headword,元旦,yuán dàn,New Year's Day,元日,0,
content:480d41dc-6101-56aa-8027-489a278b5544,5c9629187752133c9485081ce153719c08c9652e799ad2964dbfcbd094f6a651,pinyin,word,元旦,f38485c0-b2a6-5324-9653-18ef16325fde,definition,公历一月一日。,gōng lì yí yuè yī rì 。,,,0,一=yí
content:c4861030-f6d3-55b9-80d7-17601e869bec,5778c492b59b7bd8749d5d234620853981f30b860937fc2a4a6ad913fbff2aab,pinyin,word,远方,15b7d58f-c270-5151-bc09-70aac51303c5,headword,远方,yuǎn fāng,faraway place,遠方,0,
content:c4861030-f6d3-55b9-80d7-17601e869bec,5778c492b59b7bd8749d5d234620853981f30b860937fc2a4a6ad913fbff2aab,pinyin,word,远方,d78c82ef-bad1-53c6-bcb0-133cbf5f85b7,definition,距离很远的地方。,jù lí hěn yuǎn de dì fāng 。,,,0,
content:77edbae8-9816-503b-830a-16a3a39fe6a1,d4f7dffe4f011b049088044432a9cf4727a5992665f6adbb4297e510803908dd,pinyin,word,医院,b1c6c3c8-0c40-57dd-aa1c-b917deffde65,headword,医院,yī yuàn,hospital,病院,0,
content:77edbae8-9816-503b-830a-16a3a39fe6a1,d4f7dffe4f011b049088044432a9cf4727a5992665f6adbb4297e510803908dd,pinyin,word,医院,d85a803a-055a-53a7-8677-cd7ef96b5581,definition,给病人诊断和治疗的机构。,gěi bìng rén zhěn duàn hé zhì liáo de jī gòu 。,,,0,
content:207717f5-a141-5b36-ac95-3020f847dd03,2d8139829ff3eb6f4fc95e616ee55072da6d2087cb93e73529d75a12b5705ad2,pinyin,word,英雄,e9e09145-e3b9-5f21-a9d1-82b0397ed503,headword,英雄,yīng xióng,hero,英雄,0,
content:207717f5-a141-5b36-ac95-3020f847dd03,2d8139829ff3eb6f4fc95e616ee55072da6d2087cb93e73529d75a12b5705ad2,pinyin,word,英雄,494845c9-d83a-5dc6-a4fa-e64b6a3c2c47,definition,勇敢并作出杰出贡献的人。,yǒng gǎn bìng zuò chū jié chū gòng xiàn de rén 。,,,0,
content:0d12ad8c-e389-57de-b681-9819118ad905,abf9804d75814927b08ea4b3fcea96901edf4e0ef8b9f24ea3118f456be1cb63,pinyin,word,欢迎,4366cf04-0853-5a2b-b37a-1d3f6e7c7733,headword,欢迎,huān yíng,welcome,歓迎する,0,
content:0d12ad8c-e389-57de-b681-9819118ad905,abf9804d75814927b08ea4b3fcea96901edf4e0ef8b9f24ea3118f456be1cb63,pinyin,word,欢迎,de51779d-85ca-5839-ad9c-54449dbe3195,definition,高兴地迎接别人到来。,gāo xìng dì yíng jiē bié rén dào lái 。,,,0,
content:dfa93bfb-484b-5a6a-ba6c-49fb923858dd,b8523ab815c09f4c5e3f1dad3e94c66705c22ab257bd0ebb82a2604e84830d26,pinyin,word,电影,75c5aa49-c7a2-5f6d-92f4-caa5b150f66a,headword,电影,diàn yǐng,movie,映画,0,
content:dfa93bfb-484b-5a6a-ba6c-49fb923858dd,b8523ab815c09f4c5e3f1dad3e94c66705c22ab257bd0ebb82a2604e84830d26,pinyin,word,电影,c2e2e7b0-a81f-5d30-98a0-586a7f8f23dd,definition,用连续画面表现故事等内容的艺术。,yòng lián xù huà miàn biǎo xiàn gù shì děng nèi róng de yì shù 。,,,0,
content:4032a711-58b5-5035-a86d-db445314f18d,6f57b86dea2dbf261a0469fe78185e187bb0da3083f70421a8524baf976a38d9,pinyin,word,坚硬,d65e625d-225d-57bc-91a6-911914e6fcf4,headword,坚硬,jiān yìng,hard,硬い,0,
content:4032a711-58b5-5035-a86d-db445314f18d,6f57b86dea2dbf261a0469fe78185e187bb0da3083f70421a8524baf976a38d9,pinyin,word,坚硬,a9acb97b-0386-54f7-a45c-2b17ec2682ab,definition,很硬，不容易变形。,hěn yìng ， bù róng yì biàn xíng 。,,,0,
content:941312e4-c7fa-5531-a367-44fd9ab8336b,eb455aa3e92716cb4d5c068feb45fd56c492e995f5bb0a84090f7769a51f55d7,pinyin,word,八方,17e1d2f0-14df-54a8-9436-594f1b7430b5,headword,八方,bā fāng,all directions,四方八方,0,
content:941312e4-c7fa-5531-a367-44fd9ab8336b,eb455aa3e92716cb4d5c068feb45fd56c492e995f5bb0a84090f7769a51f55d7,pinyin,word,八方,97945e62-a4d2-5e92-8b95-359095c24b83,definition,四周各个方向。,sì zhōu gè gè fāng xiàng 。,,,0,
content:e2f702fe-2fa2-5fbb-a51e-15bd4bfaa1aa,c02d552ab7865d171b12dbdb4561a19da1f6f61e9b8bce79eff4c97c37b0b977,pinyin,word,趴下,1c1ecc4c-f468-5a0a-a8cf-aa09584d3966,headword,趴下,pā xià,lie face down,うつ伏せになる,0,
content:e2f702fe-2fa2-5fbb-a51e-15bd4bfaa1aa,c02d552ab7865d171b12dbdb4561a19da1f6f61e9b8bce79eff4c97c37b0b977,pinyin,word,趴下,658f41b8-09b6-5725-9af5-84b3fe74e408,definition,身体朝下伏在地面或物体上。,shēn tǐ cháo xià fú zài dì miàn huò wù tǐ shàng 。,,,0,
content:8d4c1804-56d9-56e3-b331-6a34978fde95,ce3ae754c2164374caa340d8e02a50a6da39b3306d4f2cc1b20c8fb7b63c20bf,pinyin,word,山坡,340892b6-3d36-5fcc-b4b6-76aadb5644e2,headword,山坡,shān pō,hillside,山の斜面,0,
content:8d4c1804-56d9-56e3-b331-6a34978fde95,ce3ae754c2164374caa340d8e02a50a6da39b3306d4f2cc1b20c8fb7b63c20bf,pinyin,word,山坡,87ed2f52-2f70-588f-9219-9c827d48a2a8,definition,山体倾斜的表面。,shān tǐ qīng xié de biǎo miàn 。,,,0,
content:094de235-63c9-53b1-a977-823b2623ad4b,e25994cd7dd32bee8670be061d047d9684163b2f82a96429581427adad003c2f,pinyin,word,爬山,04f0c1e0-8438-53f0-8d99-807ea107df7c,headword,爬山,pá shān,climb a mountain,山に登る,0,
content:094de235-63c9-53b1-a977-823b2623ad4b,e25994cd7dd32bee8670be061d047d9684163b2f82a96429581427adad003c2f,pinyin,word,爬山,58b1bc41-26ff-5dee-9473-609dbc0d0975,definition,沿山路向高处走。,yán shān lù xiàng gāo chù zǒu 。,,,0,
content:eb339c11-257d-5245-9088-9f3dec393ab7,d2bc1efe5ef8cda9895d1a3e022597cb11b1ad4272139221c67a9afc50542e3d,pinyin,word,责骂,2a4663f2-cd72-5b5f-8af4-e7662c9a2219,headword,责骂,zé mà,scold,叱る,0,
content:eb339c11-257d-5245-9088-9f3dec393ab7,d2bc1efe5ef8cda9895d1a3e022597cb11b1ad4272139221c67a9afc50542e3d,pinyin,word,责骂,44b4b0b7-b60a-5638-b7dd-7a3a7108454e,definition,用严厉的话批评别人。,yòng yán lì de huà pī píng bié rén 。,,,0,
content:226183f5-1a2e-5eac-8f52-e908943b1413,e2c189d08e463554ec55a98cd8674c4fc6a0d7a31b6e81bc536943060b0943fc,pinyin,word,大门,9bea190a-d06f-5f6f-a052-da48e2599461,headword,大门,dà mén,main entrance,正門,0,
content:226183f5-1a2e-5eac-8f52-e908943b1413,e2c189d08e463554ec55a98cd8674c4fc6a0d7a31b6e81bc536943060b0943fc,pinyin,word,大门,e900941c-90b2-5b4b-8512-9fc8c07c5c40,definition,房屋或院子的主要出入口。,fáng wū huò yuàn zi de zhǔ yào chū rù kǒu 。,,,0,
content:51d4b405-fa13-5d43-9bc3-03e0ea4f1171,90879b5b318d0d1820ba719220393745cdf3bd1d59819b1a4feada34ff516ae6,pinyin,word,他们,7bb5e389-bc5d-54c5-be96-3d3570fdfd14,headword,他们,tā men,they,彼ら,0,
content:51d4b405-fa13-5d43-9bc3-03e0ea4f1171,90879b5b318d0d1820ba719220393745cdf3bd1d59819b1a4feada34ff516ae6,pinyin,word,他们,90723d07-69d6-574f-a4be-948de9f52763,definition,指说话人和听话人以外的若干人。,zhǐ shuō huà rén hé tīng huà rén yǐ wài de ruò gān rén 。,,,0,
content:d15cff59-8c96-5db1-a3b5-6612d51a4325,e460cd7904e0ce503edda7001307edf57eebd46fcc18b44ac09abe8d1558d84d,pinyin,word,吞咽,09625536-7f08-5c22-950d-1c639e771792,headword,吞咽,tūn yàn,swallow,飲み込む,0,
content:d15cff59-8c96-5db1-a3b5-6612d51a4325,e460cd7904e0ce503edda7001307edf57eebd46fcc18b44ac09abe8d1558d84d,pinyin,word,吞咽,531776b3-1ade-5288-b91d-c5fd96a75f7d,definition,使食物或液体从口中进入食道。,shǐ shí wù huò yè tǐ cóng kǒu zhōng jìn rù shí dào 。,,,0,
content:4321248f-d018-50ee-ac46-a10bb23d6597,d4ce4d1c22dc8a64443652ed3e5a8950431f61215bc3303edacb697df8b09316,pinyin,word,抬头,5419cd21-559d-5db6-82bd-1fede2951664,headword,抬头,tái tóu,raise one's head,顔を上げる,0,
content:4321248f-d018-50ee-ac46-a10bb23d6597,d4ce4d1c22dc8a64443652ed3e5a8950431f61215bc3303edacb697df8b09316,pinyin,word,抬头,0eff982a-7203-5d57-aa33-b6d714825a33,definition,把头向上举起。,bǎ tóu xiàng shàng jǔ qǐ 。,,,0,
content:32d25a43-a29d-552b-bda7-0804a72ae58b,fb2321d3b18c2fb5f49919d4e984868baab7493319fc28cbfaadd84a6d37f562,pinyin,word,宝塔,c7834cc4-b54b-535f-99f7-a2f5e0c91291,headword,宝塔,bǎo tǎ,pagoda,仏塔,0,
content:32d25a43-a29d-552b-bda7-0804a72ae58b,fb2321d3b18c2fb5f49919d4e984868baab7493319fc28cbfaadd84a6d37f562,pinyin,word,宝塔,d6cfd8fc-fd89-576d-8af1-01466beb01d6,definition,多层的塔，也常指佛教建筑中的塔。,duō céng de tǎ ， yě cháng zhǐ fó jiào jiàn zhù zhōng de tǎ 。,,,0,
content:9ad89995-d320-5a43-9c46-65236fe4792b,cb2c9b50b4d5f97bcaac755428ed732d4ade81b8ec94fbd14d95b550d57d1a0b,pinyin,word,踏步,3ccd1f51-b57e-5104-9ba0-f583973f126d,headword,踏步,tà bù,step in place,足踏みする,0,
content:9ad89995-d320-5a43-9c46-65236fe4792b,cb2c9b50b4d5f97bcaac755428ed732d4ade81b8ec94fbd14d95b550d57d1a0b,pinyin,word,踏步,85bf252d-166d-5262-ab39-6f240e6b1f6d,definition,两脚交替抬起和落下。,liǎng jiǎo jiāo tì tái qǐ hé luò xià 。,,,0,
content:5b366ed7-1cb5-52d5-ad47-636e4d222dd3,b8f2f5e3f3662dd348494e368fd41e8dbcf455b05d181a7611eca4ea282b0009,pinyin,word,拿手,2c3b28e7-6b7a-539d-a535-1d0a2deb3534,headword,拿手,ná shǒu,be good at,得意な,0,
content:5b366ed7-1cb5-52d5-ad47-636e4d222dd3,b8f2f5e3f3662dd348494e368fd41e8dbcf455b05d181a7611eca4ea282b0009,pinyin,word,拿手,18e42ed7-13b5-57e1-8c8f-ba178ce229ec,definition,擅长做的。,shàn cháng zuò de 。,,,0,长=cháng
content:fb22058c-5aaa-56b5-a808-4e73cd4e7d3d,f6eddbf654a9fbedcc786641bd24050126505587e5e5d0f278b960c90484cc18,pinyin,word,哪里,788345a6-2610-5bf5-b14c-f9347a484f48,headword,哪里,nǎ lǐ,where,どこ,0,
content:fb22058c-5aaa-56b5-a808-4e73cd4e7d3d,f6eddbf654a9fbedcc786641bd24050126505587e5e5d0f278b960c90484cc18,pinyin,word,哪里,680a5752-2369-5c39-a722-90a6768e2020,definition,询问地方。,xún wèn dì fang 。,,,0,
content:2896302c-07b5-56e2-9d8a-c77c7ce58a77,dae41ab1fbe9db0355eea34821c21d8b88ab09c9ac925c7a6460be44f0a41d10,pinyin,word,拉手,3cb4f6fa-1f42-5e7d-950d-aa9632d8dde5,headword,拉手,lā shǒu,hold hands,手をつなぐ,0,
content:2896302c-07b5-56e2-9d8a-c77c7ce58a77,dae41ab1fbe9db0355eea34821c21d8b88ab09c9ac925c7a6460be44f0a41d10,pinyin,word,拉手,56aed434-9057-5cec-995e-ab5c7c192cd1,definition,用手拉住另一人的手。,yòng shǒu lā zhù lìng yī rén de shǒu 。,,,0,
content:eff2d2bb-6d7b-5615-8139-447d201c3de3,641b6e2333befab990e2a483272d65362895a4c50332d64d846f41b378f6c5c6,pinyin,word,喇叭,8f76e605-440c-54c1-858b-b7948810459f,headword,喇叭,lǎ ba,horn,ラッパ,0,
content:eff2d2bb-6d7b-5615-8139-447d201c3de3,641b6e2333befab990e2a483272d65362895a4c50332d64d846f41b378f6c5c6,pinyin,word,喇叭,8b64526b-b968-5d55-99d4-f3272a1992f1,definition,一种管乐器，也指能扩大声音的装置。,yī zhǒng guǎn yuè qì ， yě zhǐ néng kuò dà shēng yīn de zhuāng zhì 。,,,0,乐=yuè
content:60250dc7-8308-5a88-a273-8f3177f756ff,341c907f68db3df8eb543b38694ee0062e648a0ad3153b2b73745790b20dda00,pinyin,word,歌曲,83fb47cd-52ab-5f2b-917f-819097dbd543,headword,歌曲,gē qǔ,song,歌,0,
content:60250dc7-8308-5a88-a273-8f3177f756ff,341c907f68db3df8eb543b38694ee0062e648a0ad3153b2b73745790b20dda00,pinyin,word,歌曲,98d232a9-14ca-568e-a723-0fe25a7b4ab5,definition,可以演唱的音乐作品。,kě yǐ yǎn chàng de yīn yuè zuò pǐn 。,,,0,乐=yuè
content:b2b3221d-e8c9-5dcd-8e0e-5430cdcbb3e0,4d4c806e8fe90582f7bd5fb2e271bb8be6717bb583fbe15a7590c25c364d28d7,pinyin,word,个别,6c18479d-4362-571a-bcf3-10884b446279,headword,个别,gè bié,individual,個別の,0,
content:b2b3221d-e8c9-5dcd-8e0e-5430cdcbb3e0,4d4c806e8fe90582f7bd5fb2e271bb8be6717bb583fbe15a7590c25c364d28d7,pinyin,word,个别,de761c01-5b1e-54de-85e5-beaa3fd07110,definition,单个的或少数的。,dān gè de huò shǎo shù de 。,,,0,
content:491c7034-5718-5650-97b6-e547f4996de6,cc5ad272f13792faddac17907ead6bef2bd69b0be3df647ec13cf1d9fb1028cf,pinyin,word,喝水,329ca450-2255-584e-90b6-4ca415fd9e51,headword,喝水,hē shuǐ,drink water,水を飲む,0,
content:491c7034-5718-5650-97b6-e547f4996de6,cc5ad272f13792faddac17907ead6bef2bd69b0be3df647ec13cf1d9fb1028cf,pinyin,word,喝水,d52937b9-69b9-59a6-8af8-ef1f570ffc3b,definition,把水饮入口中。,bǎ shuǐ yǐn rù kǒu zhōng 。,,,0,
content:4f69170f-a138-51b6-86f9-1c83f27ae8cb,44ca05c56b04e107a5cf21685b1ce6b32f9057417519a3c52d30922961c6a7f4,pinyin,word,火车,5bd8d76d-62a6-582f-a909-38e69aad6904,headword,火车,huǒ chē,train,列車,0,
content:4f69170f-a138-51b6-86f9-1c83f27ae8cb,44ca05c56b04e107a5cf21685b1ce6b32f9057417519a3c52d30922961c6a7f4,pinyin,word,火车,45d7d723-e64a-5ea8-9f7a-e2db5ebf4334,definition,沿轨道行驶的列车。,yán guǐ dào xíng shǐ de liè chē 。,,,0,
content:2697cad6-20df-59ec-bb60-1f607435378c,08d366883a8729041b8fc335986a313bb1c4fee6c7dea2d075d838fe636eed17,pinyin,word,几何,d67973f4-538c-5d92-b283-aeb2fb8371b4,headword,几何,jǐ hé,geometry,幾何学,0,
content:2697cad6-20df-59ec-bb60-1f607435378c,08d366883a8729041b8fc335986a313bb1c4fee6c7dea2d075d838fe636eed17,pinyin,word,几何,350e0b4f-f009-50ae-9025-37af3661d465,definition,研究图形、大小和空间关系的数学分支。,yán jiū tú xíng 、 dà xiǎo hé kōng jiān guān xi de shù xué fēn zhī 。,,,0,
content:a8c616d5-4c13-5ba9-baef-54255e809c4e,25f1787ce3acab9da76b123b352c241039081dcb0a75fd4dd3793c8319295d32,pinyin,word,七彩,9bbb5bf4-ee67-5bb6-95df-8c59a4112e28,headword,七彩,qī cǎi,seven colors,七色,0,
content:a8c616d5-4c13-5ba9-baef-54255e809c4e,25f1787ce3acab9da76b123b352c241039081dcb0a75fd4dd3793c8319295d32,pinyin,word,七彩,4d2a14fd-d0c4-5e59-b3ab-2e65f149bd0c,definition,多种鲜明的颜色。,duō zhǒng xiān míng de yán sè 。,,,0,
content:e009eefa-2256-54cb-bf04-0cebd2f04bba,bcbe2f408c9f760a6cc49a793b6c1a3237e5b25f9d959cf78a9384221741a3e1,pinyin,word,骑马,5b6e3b6e-be5d-58bf-bd44-e9feea4b2855,headword,骑马,qí mǎ,ride a horse,馬に乗る,0,
content:e009eefa-2256-54cb-bf04-0cebd2f04bba,bcbe2f408c9f760a6cc49a793b6c1a3237e5b25f9d959cf78a9384221741a3e1,pinyin,word,骑马,bfccb290-ada5-5da3-a6c5-1f0adb8958b2,definition,坐在马背上行进。,zuò zài mǎ bèi shàng xíng jìn 。,,,0,
content:02d982d6-5359-5b9c-bdc0-267fd162e0c5,8169e139d489ab7cc8a9071224bf9df0ea0bcf5b7f84fcadca2452594e565b48,pinyin,word,知道,30dbf31e-08bf-5094-9017-a9727af341b9,headword,知道,zhī dao,know,知っている,0,
content:02d982d6-5359-5b9c-bdc0-267fd162e0c5,8169e139d489ab7cc8a9071224bf9df0ea0bcf5b7f84fcadca2452594e565b48,pinyin,word,知道,0170c629-fc58-5f01-be05-1a83aa4f17b6,definition,了解某种情况或知识。,liǎo jiě mǒu zhǒng qíng kuàng huò zhī shi 。,,,0,
content:4d885927-3ce5-5008-868f-3e4fcd522612,b1c539fa1f40c0d83cc2f5bad9b3a06dad78d65c42f8f29a120879777b225882,pinyin,word,赤红,0f7a348d-45f7-55e3-87b3-b4b6f1dab725,headword,赤红,chì hóng,bright red,真っ赤な,0,
content:4d885927-3ce5-5008-868f-3e4fcd522612,b1c539fa1f40c0d83cc2f5bad9b3a06dad78d65c42f8f29a120879777b225882,pinyin,word,赤红,90057b6e-f49f-593e-9b9f-782e3d20bf65,definition,鲜明的红色。,xiān míng de hóng sè 。,,,0,
content:5e3a5e86-9e86-575e-a419-4d633f7e6f01,4f0dfe9c9bb6cb5d094af6ae7be4e66f38e711778b687da167f6d1af9410879f,pinyin,word,十分,bcaef5db-9900-5454-8295-529856cd52cd,headword,十分,shí fēn,very,とても,0,
content:5e3a5e86-9e86-575e-a419-4d633f7e6f01,4f0dfe9c9bb6cb5d094af6ae7be4e66f38e711778b687da167f6d1af9410879f,pinyin,word,十分,ecbf66ed-8395-5c95-a27e-f31c48b0e1bb,definition,表示程度很高。,biǎo shì chéng dù hěn gāo 。,,,0,
content:7fa71387-5378-587a-8d22-d677e7743275,8c74e84519e84691be4b3185636ae2630aec2ff2bbce98cbf9faa21a2fa780e3,pinyin,word,是否,7d023768-7f7b-5458-aad1-b94bd7106da1,headword,是否,shì fǒu,whether,かどうか,0,
content:7fa71387-5378-587a-8d22-d677e7743275,8c74e84519e84691be4b3185636ae2630aec2ff2bbce98cbf9faa21a2fa780e3,pinyin,word,是否,bc4060dd-17d8-5980-814c-cdd49b904766,definition,是不是。,shì bù shì 。,,,0,
content:e8dff736-9c86-57eb-abd4-305962ca68fb,a9f0604aab303db4005e3bf25388647cd39e1606bb2b82d98f817ffad874b6a6,pinyin,word,文字,c2ee2a5a-02c5-5666-b017-e61b27d86eb6,headword,文字,wén zì,written characters,文字,0,
content:e8dff736-9c86-57eb-abd4-305962ca68fb,a9f0604aab303db4005e3bf25388647cd39e1606bb2b82d98f817ffad874b6a6,pinyin,word,文字,df256191-7bc6-556c-84fb-59784686767b,definition,记录语言的书写符号。,jì lù yǔ yán de shū xiě fú hào 。,,,0,
content:ab51d7a2-1f37-55df-ab24-2a270ef028ed,e5df42ed314de5edfd979119ca02dec15917ab63f583323f24bd4332d39b7be1,pinyin,word,雌雄,424fe617-5c00-5fc3-9e07-d7eefc34d144,headword,雌雄,cī xióng,female and male,雌雄,0,雌=cī
content:ab51d7a2-1f37-55df-ab24-2a270ef028ed,e5df42ed314de5edfd979119ca02dec15917ab63f583323f24bd4332d39b7be1,pinyin,word,雌雄,aec238a5-e3e3-5af0-a5df-716044ba00b1,definition,雌性和雄性。,cī xìng hé xióng xìng 。,,,0,雌=cī
content:e730dcfb-8fdf-53b4-ba0e-8f189aa9e137,2fd1fd4bba60c979a47907525bf3f8e06a54b7a0327fb6b736aa2d55b41301ea,pinyin,word,次数,4e7fb211-cffd-50a2-a87c-d970632db22f,headword,次数,cì shù,number of times,回数,0,
content:e730dcfb-8fdf-53b4-ba0e-8f189aa9e137,2fd1fd4bba60c979a47907525bf3f8e06a54b7a0327fb6b736aa2d55b41301ea,pinyin,word,次数,83e253ef-7517-5f0c-8fa1-ca4ca4ee8307,definition,某种行为或事情发生的数量。,mǒu zhǒng xíng wéi huò shì qíng fā shēng de shù liàng 。,,,0,为=wéi
content:8a16e43a-d252-5979-9c04-ec51b5beae49,53fba5db2d8e542ff54d0424c3cd624a6689e415529ce6bcc0364ec676496f53,pinyin,word,五官,42e9bd55-5f9d-5972-8cc1-bf0a54f45e34,headword,五官,wǔ guān,facial features,顔の各部,0,
content:8a16e43a-d252-5979-9c04-ec51b5beae49,53fba5db2d8e542ff54d0424c3cd624a6689e415529ce6bcc0364ec676496f53,pinyin,word,五官,cbcae716-2e10-51df-83e6-68a1b4bdd785,definition,通常指耳、目、口、鼻、舌，也泛指面部器官。,tōng cháng zhǐ ěr 、 mù 、 kǒu 、 bí 、 shé ， yě fàn zhǐ miàn bù qì guān 。,,,0,
content:191d966c-3880-53fa-9e7d-61014678a532,609c8c5a82c22d959dc52672fe572d4c3bdf3991f73cbb886e8c1a8edcf417c5,pinyin,word,白鹅,c76fed5d-31e8-5bf1-9a77-153440a82af1,headword,白鹅,bái é,white goose,白いガチョウ,0,
content:191d966c-3880-53fa-9e7d-61014678a532,609c8c5a82c22d959dc52672fe572d4c3bdf3991f73cbb886e8c1a8edcf417c5,pinyin,word,白鹅,6641d90d-c692-57b0-9eb5-0e78e2540c0c,definition,羽毛主要呈白色的鹅。,yǔ máo zhǔ yào chéng bái sè de é 。,,,0,
content:0e39bec2-d5ab-55fb-bb0e-d5e60f1d77ef,bc481057d8143a65260b2aec783052c83e8406da7ae93d9cae3f06d2c6855b18,pinyin,word,淤泥,08307959-cd2d-5a8d-bcc3-bea4cdd83e00,headword,淤泥,yū ní,silt,泥,0,
content:0e39bec2-d5ab-55fb-bb0e-d5e60f1d77ef,bc481057d8143a65260b2aec783052c83e8406da7ae93d9cae3f06d2c6855b18,pinyin,word,淤泥,b344c570-b7f2-5c68-a609-7fdb4466467c,definition,水中沉积的细软泥土。,shuǐ zhōng chén jī de xì ruǎn ní tǔ 。,,,0,
content:3146c376-bc53-54ed-9347-5332f67c9f82,087b03f788af6478b0ebc82c6e4468b72ecb855cf7f9904b08da40815e696eda,pinyin,word,癌症,9816a3d2-93e6-5eed-8225-30d52c4b7756,headword,癌症,ái zhèng,cancer,がん,0,
content:3146c376-bc53-54ed-9347-5332f67c9f82,087b03f788af6478b0ebc82c6e4468b72ecb855cf7f9904b08da40815e696eda,pinyin,word,癌症,60008040-9389-5905-bd38-b376b0dcf7dc,definition,恶性肿瘤疾病的统称。,è xìng zhǒng liú jí bìng de tǒng chēng 。,,,0,
content:c8b49867-9755-5e65-8618-981301aa339b,c900671bb91e9a280dae8172ff4237d62a99022983073259e59a56a34b576532,pinyin,word,矮小,e3dee390-285b-5d06-88fe-ea63b7af126b,headword,矮小,ǎi xiǎo,short and small,背が低く小さい,0,
content:c8b49867-9755-5e65-8618-981301aa339b,c900671bb91e9a280dae8172ff4237d62a99022983073259e59a56a34b576532,pinyin,word,矮小,8977b820-6754-52b3-8e51-dc1112e0fdd2,definition,身材或物体的高度较低。,shēn cái huò wù tǐ de gāo dù jiào dī 。,,,0,
content:76ad1a6b-b9ea-5ee8-b9cc-32d97d10f6fe,0d86862d313f412da6ab564e9d70b03f731cbba7a23187d1f0d9f1e68996ae9e,pinyin,word,小狗,7de2a94b-6bd7-5492-8a35-6aa724c29c78,headword,小狗,xiǎo gǒu,puppy,子犬,0,
content:76ad1a6b-b9ea-5ee8-b9cc-32d97d10f6fe,0d86862d313f412da6ab564e9d70b03f731cbba7a23187d1f0d9f1e68996ae9e,pinyin,word,小狗,b5ced1ee-b778-56e1-ac50-00fdc63c8cf0,definition,幼小的狗，也可亲切地称呼狗。,yòu xiǎo de gǒu ， yě kě qīn qiè de chēng hu gǒu 。,,,0,
content:51eb0361-b313-5edf-a5f2-ea115c996656,20d76259e7db988fdc2f0787aa791ead9889c4d03da26654d407cfe0f867eed9,pinyin,word,溜冰,d9b8c995-c848-58c9-9699-78fc7248f4a8,headword,溜冰,liū bīng,ice skate,スケートをする,0,
content:51eb0361-b313-5edf-a5f2-ea115c996656,20d76259e7db988fdc2f0787aa791ead9889c4d03da26654d407cfe0f867eed9,pinyin,word,溜冰,303f1ef2-34b6-5627-bf63-caf1e0292539,definition,穿冰鞋在冰面上滑行。,chuān bīng xié zài bīng miàn shàng huá xíng 。,,,0,
content:9b945269-786a-5608-896e-2c3bcb9e9c6f,d7762e548a2db4e3a1a838c9b5da57d4ae0d03760a77e742b0d789eb4e0f7523,pinyin,word,六月,7f686325-7dca-500c-99c9-5d7c57ba0718,headword,六月,liù yuè,June,六月,0,
content:9b945269-786a-5608-896e-2c3bcb9e9c6f,d7762e548a2db4e3a1a838c9b5da57d4ae0d03760a77e742b0d789eb4e0f7523,pinyin,word,六月,0bebe0d9-e459-57cc-abc3-e12cf1678e82,definition,一年中的第六个月。,yī nián zhōng de dì liù gè yuè 。,,,0,
content:bd8eb0b8-dc7b-57a7-b62d-f13c60ea1422,46bfae78be39cc3096c9ac508eb82e133bfc9777a34aae356b451745a6ecb23d,pinyin,word,奔跑,dbae6999-435b-5798-bb8a-edfea7b5fe6d,headword,奔跑,bēn pǎo,run,走る,0,
content:bd8eb0b8-dc7b-57a7-b62d-f13c60ea1422,46bfae78be39cc3096c9ac508eb82e133bfc9777a34aae356b451745a6ecb23d,pinyin,word,奔跑,93eb0c26-2b95-56a7-a88b-e72ea40ff65a,definition,快速地跑。,kuài sù de pǎo 。,,,0,
content:f6927645-a415-5b2e-8aeb-e98e1e03fe63,4db1be1e1b70b73bd981fc2b0fb1f11953b20fc6865180759f3f8b02f35fde32,pinyin,word,笨重,ae6ca277-1f39-5e09-a241-3d0edd8df01c,headword,笨重,bèn zhòng,heavy and bulky,重くて扱いにくい,0,
content:f6927645-a415-5b2e-8aeb-e98e1e03fe63,4db1be1e1b70b73bd981fc2b0fb1f11953b20fc6865180759f3f8b02f35fde32,pinyin,word,笨重,0d8646c0-52cb-5e65-899c-73a3ca0e5fc3,definition,体积大或重量大，移动不方便。,tǐ jī dà huò zhòng liàng dà ， yí dòng bù fāng biàn 。,,,0,
content:0f93b296-5a61-552f-9dfd-d92691baaa9c,8366c27819cb6bb95530ce71083896f407876f47c9f1dce2d496cf50b0fc53d9,pinyin,word,头晕,56b6b148-dd62-54ed-acf0-c6bc0dcd3879,headword,头晕,tóu yūn,feel dizzy,めまいがする,0,
content:0f93b296-5a61-552f-9dfd-d92691baaa9c,8366c27819cb6bb95530ce71083896f407876f47c9f1dce2d496cf50b0fc53d9,pinyin,word,头晕,20fc5332-2235-5efc-9288-661b4d6d598c,definition,感到头部昏沉或周围在旋转。,gǎn dào tóu bù hūn chén huò zhōu wéi zài xuán zhuǎn 。,,,0,
content:b9aad9cf-b5ed-57ab-82cf-2c86c2055600,6441f160bfae61637fce96fbf743a7487415d62fe08150dc475948f35f7f566c,pinyin,word,园丁,b2f7a522-6a7e-54b7-83b3-75cacf43be6c,headword,园丁,yuán dīng,gardener,庭師,0,
content:b9aad9cf-b5ed-57ab-82cf-2c86c2055600,6441f160bfae61637fce96fbf743a7487415d62fe08150dc475948f35f7f566c,pinyin,word,园丁,b8c9d1fa-61f3-5b1a-9371-a12fb6d20a90,definition,从事花木种植和照料的人。,cóng shì huā mù zhòng zhí hé zhào liào de rén 。,,,0,
content:9379ae7f-c840-5118-8d5e-8f6d4b7ac93f,9f013ba9600382739008f42e5547713cc1f7455a1285b27f265e1245a77fd021,pinyin,word,椰子,8c2c908c-b126-5e11-9d6a-96a9659e8396,headword,椰子,yē zi,coconut,ココナッツ,0,
content:9379ae7f-c840-5118-8d5e-8f6d4b7ac93f,9f013ba9600382739008f42e5547713cc1f7455a1285b27f265e1245a77fd021,pinyin,word,椰子,594cad75-8908-505d-82d8-cf03cfb88fb1,definition,椰树的果实，外壳坚硬，内有汁液和果肉。,yē shù de guǒ shí ， wài ké jiān yìng ， nèi yǒu zhī yè hé guǒ ròu 。,,,0,
