audioKey,file,sha256,durationSeconds,author,sourceUrl,license,licenseUrl,changes,licenseReview,listeningReview
ba1,Pinyin/ba1.wav,d4a5a059354d7e35ff672bdc957dc1557eea1cd5532f1ae8c12a0298bfbfc6d5,0.984,Chen Wang; audio-cmn / Hugo Lopez,https://github.com/hugolpz/audio-cmn/blob/ff9ed3d0c631195bd2c06f39450f3264c7124040/64k/syllabs/cmn-ba1.mp3,CC BY-SA (source does not specify version),https://github.com/hugolpz/audio-cmn/blob/ff9ed3d0c631195bd2c06f39450f3264c7124040/README.md,Decoded MP3 to mono 24 kHz PCM16 WAV; no concatenation or phonetic edits.,BLOCKED,NOT RUN
ba2,Pinyin/ba2.wav,d2d54a8ab51ec8d1396bf07f565921963d83f4ace1e1253be60c8bdd0f96ef77,0.936,Chen Wang; audio-cmn / Hugo Lopez,https://github.com/hugolpz/audio-cmn/blob/ff9ed3d0c631195bd2c06f39450f3264c7124040/64k/syllabs/cmn-ba2.mp3,CC BY-SA (source does not specify version),https://github.com/hugolpz/audio-cmn/blob/ff9ed3d0c631195bd2c06f39450f3264c7124040/README.md,Decoded MP3 to mono 24 kHz PCM16 WAV; no concatenation or phonetic edits.,BLOCKED,NOT RUN
ba3,Pinyin/ba3.wav,e8c0a122387cdb4da7fa36415ab0b2dfcc7b1ca3b723cfc51f43adc7d39135ee,1.176,Chen Wang; audio-cmn / Hugo Lopez,https://github.com/hugolpz/audio-cmn/blob/ff9ed3d0c631195bd2c06f39450f3264c7124040/64k/syllabs/cmn-ba3.mp3,CC BY-SA (source does not specify version),https://github.com/hugolpz/audio-cmn/blob/ff9ed3d0c631195bd2c06f39450f3264c7124040/README.md,Decoded MP3 to mono 24 kHz PCM16 WAV; no concatenation or phonetic edits.,BLOCKED,NOT RUN
ba4,Pinyin/ba4.wav,066f98d700dfa9e1d4ecf789758522b24e13c312b602aa905ade6aa8730c846b,0.936,Chen Wang; audio-cmn / Hugo Lopez,https://github.com/hugolpz/audio-cmn/blob/ff9ed3d0c631195bd2c06f39450f3264c7124040/64k/syllabs/cmn-ba4.mp3,CC BY-SA (source does not specify version),https://github.com/hugolpz/audio-cmn/blob/ff9ed3d0c631195bd2c06f39450f3264c7124040/README.md,Decoded MP3 to mono 24 kHz PCM16 WAV; no concatenation or phonetic edits.,BLOCKED,NOT RUN
pa2,Pinyin/pa2.wav,a99dc487d3ed6de7633701dc6ce265fd280bc8b58228c366fda50359927560dd,0.936,Chen Wang; audio-cmn / Hugo Lopez,https://github.com/hugolpz/audio-cmn/blob/ff9ed3d0c631195bd2c06f39450f3264c7124040/64k/syllabs/cmn-pa2.mp3,CC BY-SA (source does not specify version),https://github.com/hugolpz/audio-cmn/blob/ff9ed3d0c631195bd2c06f39450f3264c7124040/README.md,Decoded MP3 to mono 24 kHz PCM16 WAV; no concatenation or phonetic edits.,BLOCKED,NOT RUN
pa4,Pinyin/pa4.wav,f00739289920cf8ef805affe5617d6adaed7e98a22d46d2664e44b9cea175abe,0.95,Yue Tan; SWAC / audio-cmn / Hugo Lopez,https://github.com/hugolpz/audio-cmn/blob/ff9ed3d0c631195bd2c06f39450f3264c7124040/64k/hsk/cmn-%E6%80%95.mp3,CC BY-SA (source does not specify version),https://github.com/hugolpz/audio-cmn/blob/ff9ed3d0c631195bd2c06f39450f3264c7124040/README.md,Decoded MP3 to mono 24 kHz PCM16 WAV; no concatenation or phonetic edits.,BLOCKED,NOT RUN
ma2,Pinyin/ma2.wav,4d7b18e254c4b5ee1aecff7e52f553fd9c95950e46d26545c08a2f012fecbaf0,0.984,Chen Wang; audio-cmn / Hugo Lopez,https://github.com/hugolpz/audio-cmn/blob/ff9ed3d0c631195bd2c06f39450f3264c7124040/64k/syllabs/cmn-ma2.mp3,CC BY-SA (source does not specify version),https://github.com/hugolpz/audio-cmn/blob/ff9ed3d0c631195bd2c06f39450f3264c7124040/README.md,Decoded MP3 to mono 24 kHz PCM16 WAV; no concatenation or phonetic edits.,BLOCKED,NOT RUN
ma3,Pinyin/ma3.wav,252395434f0452a74c267384be67cc693444ff1c8fb935a5bf45358a6e7add9b,1.392,Chen Wang; audio-cmn / Hugo Lopez,https://github.com/hugolpz/audio-cmn/blob/ff9ed3d0c631195bd2c06f39450f3264c7124040/64k/syllabs/cmn-ma3.mp3,CC BY-SA (source does not specify version),https://github.com/hugolpz/audio-cmn/blob/ff9ed3d0c631195bd2c06f39450f3264c7124040/README.md,Decoded MP3 to mono 24 kHz PCM16 WAV; no concatenation or phonetic edits.,BLOCKED,NOT RUN
pa1,Pinyin/pa1.wav,506ca270ff2dfd6d08795a8b4d6edcd19b2a0aed8f9d882a841453d213bb084d,0.9,Yue Tan; SWAC / audio-cmn / Hugo Lopez,https://github.com/hugolpz/audio-cmn/blob/ff9ed3d0c631195bd2c06f39450f3264c7124040/64k/hsk/cmn-%E8%B6%B4.mp3,CC BY-SA (source does not specify version),https://github.com/hugolpz/audio-cmn/blob/ff9ed3d0c631195bd2c06f39450f3264c7124040/README.md,Decoded MP3 to mono 24 kHz PCM16 WAV; no concatenation or phonetic edits.,BLOCKED,NOT RUN
po1,Pinyin/po1.wav,8a521d2ba2ee08d7fd61b78e63f63145351d7240a7655bada76d9b6149a34c52,0.984,Chen Wang; audio-cmn / Hugo Lopez,https://github.com/hugolpz/audio-cmn/blob/ff9ed3d0c631195bd2c06f39450f3264c7124040/64k/syllabs/cmn-po1.mp3,CC BY-SA (source does not specify version),https://github.com/hugolpz/audio-cmn/blob/ff9ed3d0c631195bd2c06f39450f3264c7124040/README.md,Decoded MP3 to mono 24 kHz PCM16 WAV; no concatenation or phonetic edits.,BLOCKED,NOT RUN
po2,Pinyin/po2.wav,8652ae45e92e151da8b7771bc5f648d9b0e8c11661084e4a843bb944735f4cfd,1.128,Chen Wang; audio-cmn / Hugo Lopez,https://github.com/hugolpz/audio-cmn/blob/ff9ed3d0c631195bd2c06f39450f3264c7124040/64k/syllabs/cmn-po2.mp3,CC BY-SA (source does not specify version),https://github.com/hugolpz/audio-cmn/blob/ff9ed3d0c631195bd2c06f39450f3264c7124040/README.md,Decoded MP3 to mono 24 kHz PCM16 WAV; no concatenation or phonetic edits.,BLOCKED,NOT RUN
pao3,Pinyin/pao3.wav,eb58cd4e5f18f62096f40be97c7b7b86a87beabb1d227c5a2c8471cbd295e868,1.392,Chen Wang; audio-cmn / Hugo Lopez,https://github.com/hugolpz/audio-cmn/blob/ff9ed3d0c631195bd2c06f39450f3264c7124040/64k/syllabs/cmn-pao3.mp3,CC BY-SA (source does not specify version),https://github.com/hugolpz/audio-cmn/blob/ff9ed3d0c631195bd2c06f39450f3264c7124040/README.md,Decoded MP3 to mono 24 kHz PCM16 WAV; no concatenation or phonetic edits.,BLOCKED,NOT RUN
po4,Pinyin/po4.wav,4ca5ddfc48c62b111b596d79f96dab9b9587749c821f7bad04e43eee97c5bc56,1.08,Chen Wang; audio-cmn / Hugo Lopez,https://github.com/hugolpz/audio-cmn/blob/ff9ed3d0c631195bd2c06f39450f3264c7124040/64k/syllabs/cmn-po4.mp3,CC BY-SA (source does not specify version),https://github.com/hugolpz/audio-cmn/blob/ff9ed3d0c631195bd2c06f39450f3264c7124040/README.md,Decoded MP3 to mono 24 kHz PCM16 WAV; no concatenation or phonetic edits.,BLOCKED,NOT RUN
ma1,Pinyin/ma1.wav,656fd14d042b3c679f0dcc3d4ba4cdf0cd2f3c3e6c459f04ab1258c7f6b63a67,1.032,Chen Wang; audio-cmn / Hugo Lopez,https://github.com/hugolpz/audio-cmn/blob/ff9ed3d0c631195bd2c06f39450f3264c7124040/64k/syllabs/cmn-ma1.mp3,CC BY-SA (source does not specify version),https://github.com/hugolpz/audio-cmn/blob/ff9ed3d0c631195bd2c06f39450f3264c7124040/README.md,Decoded MP3 to mono 24 kHz PCM16 WAV; no concatenation or phonetic edits.,BLOCKED,NOT RUN
ma4,Pinyin/ma4.wav,838c84e0b281003452a6d361f5b9b4dc23a3b3229dcb509f80a6bb6fe049c8c1,0.936,Chen Wang; audio-cmn / Hugo Lopez,https://github.com/hugolpz/audio-cmn/blob/ff9ed3d0c631195bd2c06f39450f3264c7124040/64k/syllabs/cmn-ma4.mp3,CC BY-SA (source does not specify version),https://github.com/hugolpz/audio-cmn/blob/ff9ed3d0c631195bd2c06f39450f3264c7124040/README.md,Decoded MP3 to mono 24 kHz PCM16 WAV; no concatenation or phonetic edits.,BLOCKED,NOT RUN
fa1,Pinyin/fa1.wav,386cb3ded290e1351b9c3d7363016cea275484875d9e4b5f4cd9bd5ca72633d4,1.08,Chen Wang; audio-cmn / Hugo Lopez,https://github.com/hugolpz/audio-cmn/blob/ff9ed3d0c631195bd2c06f39450f3264c7124040/64k/syllabs/cmn-fa1.mp3,CC BY-SA (source does not specify version),https://github.com/hugolpz/audio-cmn/blob/ff9ed3d0c631195bd2c06f39450f3264c7124040/README.md,Decoded MP3 to mono 24 kHz PCM16 WAV; no concatenation or phonetic edits.,BLOCKED,NOT RUN
fa2,Pinyin/fa2.wav,14e4ede5aac111ba46a66808f436e650f6305e54eec5c67c1372ccfe004c9367,0.888,Chen Wang; audio-cmn / Hugo Lopez,https://github.com/hugolpz/audio-cmn/blob/ff9ed3d0c631195bd2c06f39450f3264c7124040/64k/syllabs/cmn-fa2.mp3,CC BY-SA (source does not specify version),https://github.com/hugolpz/audio-cmn/blob/ff9ed3d0c631195bd2c06f39450f3264c7124040/README.md,Decoded MP3 to mono 24 kHz PCM16 WAV; no concatenation or phonetic edits.,BLOCKED,NOT RUN
fei2,Pinyin/fei2.wav,7a3dc76d6fc9b6a1700049801fe458d6b59c0544bee3ce324deca3dec1b81c94,0.984,Chen Wang; audio-cmn / Hugo Lopez,https://github.com/hugolpz/audio-cmn/blob/ff9ed3d0c631195bd2c06f39450f3264c7124040/64k/syllabs/cmn-fei2.mp3,CC BY-SA (source does not specify version),https://github.com/hugolpz/audio-cmn/blob/ff9ed3d0c631195bd2c06f39450f3264c7124040/README.md,Decoded MP3 to mono 24 kHz PCM16 WAV; no concatenation or phonetic edits.,BLOCKED,NOT RUN
fa3,Pinyin/fa3.wav,f52c8f18b5490a444bb081b0fe49c381bbce15bab2d58d2607e37a230a3e81ec,1.128,Chen Wang; audio-cmn / Hugo Lopez,https://github.com/hugolpz/audio-cmn/blob/ff9ed3d0c631195bd2c06f39450f3264c7124040/64k/syllabs/cmn-fa3.mp3,CC BY-SA (source does not specify version),https://github.com/hugolpz/audio-cmn/blob/ff9ed3d0c631195bd2c06f39450f3264c7124040/README.md,Decoded MP3 to mono 24 kHz PCM16 WAV; no concatenation or phonetic edits.,BLOCKED,NOT RUN
fa4,Pinyin/fa4.wav,469ef6d96ef4394d7a51316b10ead15396720507b1ed1bb8b6531133a14e93b9,0.888,Chen Wang; audio-cmn / Hugo Lopez,https://github.com/hugolpz/audio-cmn/blob/ff9ed3d0c631195bd2c06f39450f3264c7124040/64k/syllabs/cmn-fa4.mp3,CC BY-SA (source does not specify version),https://github.com/hugolpz/audio-cmn/blob/ff9ed3d0c631195bd2c06f39450f3264c7124040/README.md,Decoded MP3 to mono 24 kHz PCM16 WAV; no concatenation or phonetic edits.,BLOCKED,NOT RUN
da1,Pinyin/da1.wav,b720c1c808411c5ca9eb1f7f9462eeadaff18e888c5d0d39fbf8446f971d2753,0.984,Chen Wang; audio-cmn / Hugo Lopez,https://github.com/hugolpz/audio-cmn/blob/ff9ed3d0c631195bd2c06f39450f3264c7124040/64k/syllabs/cmn-da1.mp3,CC BY-SA (source does not specify version),https://github.com/hugolpz/audio-cmn/blob/ff9ed3d0c631195bd2c06f39450f3264c7124040/README.md,Decoded MP3 to mono 24 kHz PCM16 WAV; no concatenation or phonetic edits.,BLOCKED,NOT RUN
da2,Pinyin/da2.wav,1f7212f069e697cae979f65fe3131859eb68c8f9872cdb4177aaac12a7adac8f,1.032,Chen Wang; audio-cmn / Hugo Lopez,https://github.com/hugolpz/audio-cmn/blob/ff9ed3d0c631195bd2c06f39450f3264c7124040/64k/syllabs/cmn-da2.mp3,CC BY-SA (source does not specify version),https://github.com/hugolpz/audio-cmn/blob/ff9ed3d0c631195bd2c06f39450f3264c7124040/README.md,Decoded MP3 to mono 24 kHz PCM16 WAV; no concatenation or phonetic edits.,BLOCKED,NOT RUN
da3,Pinyin/da3.wav,82407abc8da1b9acf92f471e531f5c60d233aef4596e4c9987613483347886de,1.128,Chen Wang; audio-cmn / Hugo Lopez,https://github.com/hugolpz/audio-cmn/blob/ff9ed3d0c631195bd2c06f39450f3264c7124040/64k/syllabs/cmn-da3.mp3,CC BY-SA (source does not specify version),https://github.com/hugolpz/audio-cmn/blob/ff9ed3d0c631195bd2c06f39450f3264c7124040/README.md,Decoded MP3 to mono 24 kHz PCM16 WAV; no concatenation or phonetic edits.,BLOCKED,NOT RUN
da4,Pinyin/da4.wav,eeeb1631792286e95433686e09092a53fa010c91e05d09e7e7a6a28a294678ad,0.888,Chen Wang; audio-cmn / Hugo Lopez,https://github.com/hugolpz/audio-cmn/blob/ff9ed3d0c631195bd2c06f39450f3264c7124040/64k/syllabs/cmn-da4.mp3,CC BY-SA (source does not specify version),https://github.com/hugolpz/audio-cmn/blob/ff9ed3d0c631195bd2c06f39450f3264c7124040/README.md,Decoded MP3 to mono 24 kHz PCM16 WAV; no concatenation or phonetic edits.,BLOCKED,NOT RUN
ta1,Pinyin/ta1.wav,28cfc88178a8098674a3c25916dd83a8b6babd55c98638847e3c742729c5366d,0.936,Chen Wang; audio-cmn / Hugo Lopez,https://github.com/hugolpz/audio-cmn/blob/ff9ed3d0c631195bd2c06f39450f3264c7124040/64k/syllabs/cmn-ta1.mp3,CC BY-SA (source does not specify version),https://github.com/hugolpz/audio-cmn/blob/ff9ed3d0c631195bd2c06f39450f3264c7124040/README.md,Decoded MP3 to mono 24 kHz PCM16 WAV; no concatenation or phonetic edits.,BLOCKED,NOT RUN
tun1,Pinyin/tun1.wav,6f63f12af9c6ebc701f36cebc8c2e829ff7bbe6fb449530f758f109f83967c96,1.128,Chen Wang; audio-cmn / Hugo Lopez,https://github.com/hugolpz/audio-cmn/blob/ff9ed3d0c631195bd2c06f39450f3264c7124040/64k/syllabs/cmn-tun1.mp3,CC BY-SA (source does not specify version),https://github.com/hugolpz/audio-cmn/blob/ff9ed3d0c631195bd2c06f39450f3264c7124040/README.md,Decoded MP3 to mono 24 kHz PCM16 WAV; no concatenation or phonetic edits.,BLOCKED,NOT RUN
tai2,Pinyin/tai2.wav,38e783fa67fd12f3b8bf2ae899326debe9a1a43f5ed61254fcae20405ab95acc,1.08,Chen Wang; audio-cmn / Hugo Lopez,https://github.com/hugolpz/audio-cmn/blob/ff9ed3d0c631195bd2c06f39450f3264c7124040/64k/syllabs/cmn-tai2.mp3,CC BY-SA (source does not specify version),https://github.com/hugolpz/audio-cmn/blob/ff9ed3d0c631195bd2c06f39450f3264c7124040/README.md,Decoded MP3 to mono 24 kHz PCM16 WAV; no concatenation or phonetic edits.,BLOCKED,NOT RUN
ta3,Pinyin/ta3.wav,371e42715be9f3a2644a707122602d27f563095477c7f812864b4a0eaa7278d8,1.128,Chen Wang; audio-cmn / Hugo Lopez,https://github.com/hugolpz/audio-cmn/blob/ff9ed3d0c631195bd2c06f39450f3264c7124040/64k/syllabs/cmn-ta3.mp3,CC BY-SA (source does not specify version),https://github.com/hugolpz/audio-cmn/blob/ff9ed3d0c631195bd2c06f39450f3264c7124040/README.md,Decoded MP3 to mono 24 kHz PCM16 WAV; no concatenation or phonetic edits.,BLOCKED,NOT RUN
ta4,Pinyin/ta4.wav,5dc6372800c6512e7ae73507d66dcba6cb7c03b2ca162b5617de015a75d27c26,0.984,Chen Wang; audio-cmn / Hugo Lopez,https://github.com/hugolpz/audio-cmn/blob/ff9ed3d0c631195bd2c06f39450f3264c7124040/64k/syllabs/cmn-ta4.mp3,CC BY-SA (source does not specify version),https://github.com/hugolpz/audio-cmn/blob/ff9ed3d0c631195bd2c06f39450f3264c7124040/README.md,Decoded MP3 to mono 24 kHz PCM16 WAV; no concatenation or phonetic edits.,BLOCKED,NOT RUN
nie1,Pinyin/nie1.wav,7c4961993b72399a44099f4de2d9327ec1ac1b7a174aea966775ada73f900c0d,0.888,Chen Wang; audio-cmn / Hugo Lopez,https://github.com/hugolpz/audio-cmn/blob/ff9ed3d0c631195bd2c06f39450f3264c7124040/64k/syllabs/cmn-nie1.mp3,CC BY-SA (source does not specify version),https://github.com/hugolpz/audio-cmn/blob/ff9ed3d0c631195bd2c06f39450f3264c7124040/README.md,Decoded MP3 to mono 24 kHz PCM16 WAV; no concatenation or phonetic edits.,BLOCKED,NOT RUN
na2,Pinyin/na2.wav,89f4aa6b40b550498555f9302a82376400656bf06fac5cb5550a0b770d0bb205,1.08,Chen Wang; audio-cmn / Hugo Lopez,https://github.com/hugolpz/audio-cmn/blob/ff9ed3d0c631195bd2c06f39450f3264c7124040/64k/syllabs/cmn-na2.mp3,CC BY-SA (source does not specify version),https://github.com/hugolpz/audio-cmn/blob/ff9ed3d0c631195bd2c06f39450f3264c7124040/README.md,Decoded MP3 to mono 24 kHz PCM16 WAV; no concatenation or phonetic edits.,BLOCKED,NOT RUN
neng2,Pinyin/neng2.wav,2b00aaee60218f491e7d1c6ed57cee50a913e2d9b20ef7332a3e9264d9845895,0.984,Chen Wang; audio-cmn / Hugo Lopez,https://github.com/hugolpz/audio-cmn/blob/ff9ed3d0c631195bd2c06f39450f3264c7124040/64k/syllabs/cmn-neng2.mp3,CC BY-SA (source does not specify version),https://github.com/hugolpz/audio-cmn/blob/ff9ed3d0c631195bd2c06f39450f3264c7124040/README.md,Decoded MP3 to mono 24 kHz PCM16 WAV; no concatenation or phonetic edits.,BLOCKED,NOT RUN
nan2,Pinyin/nan2.wav,52f1843d298584f671357e3896b51ac9c22c232dbfab706db1a2547f4bb5edcc,1.128,Chen Wang; audio-cmn / Hugo Lopez,https://github.com/hugolpz/audio-cmn/blob/ff9ed3d0c631195bd2c06f39450f3264c7124040/64k/syllabs/cmn-nan2.mp3,CC BY-SA (source does not specify version),https://github.com/hugolpz/audio-cmn/blob/ff9ed3d0c631195bd2c06f39450f3264c7124040/README.md,Decoded MP3 to mono 24 kHz PCM16 WAV; no concatenation or phonetic edits.,BLOCKED,NOT RUN
na3,Pinyin/na3.wav,f0dff145989a4950324cf5c96f410c2a448b3a3682e5048ef842addde7655ea5,1.224,Chen Wang; audio-cmn / Hugo Lopez,https://github.com/hugolpz/audio-cmn/blob/ff9ed3d0c631195bd2c06f39450f3264c7124040/64k/syllabs/cmn-na3.mp3,CC BY-SA (source does not specify version),https://github.com/hugolpz/audio-cmn/blob/ff9ed3d0c631195bd2c06f39450f3264c7124040/README.md,Decoded MP3 to mono 24 kHz PCM16 WAV; no concatenation or phonetic edits.,BLOCKED,NOT RUN
na4,Pinyin/na4.wav,1cfa1df6000b8da81ec6fa3eed76617a067753589a4a2c8a6cbeae659dd53634,0.888,Chen Wang; audio-cmn / Hugo Lopez,https://github.com/hugolpz/audio-cmn/blob/ff9ed3d0c631195bd2c06f39450f3264c7124040/64k/syllabs/cmn-na4.mp3,CC BY-SA (source does not specify version),https://github.com/hugolpz/audio-cmn/blob/ff9ed3d0c631195bd2c06f39450f3264c7124040/README.md,Decoded MP3 to mono 24 kHz PCM16 WAV; no concatenation or phonetic edits.,BLOCKED,NOT RUN
la1,Pinyin/la1.wav,ecead5c1f29f4c066f8cf4df23d39ab031a963cfd5489e79bd92e4203bc53df4,1.032,Chen Wang; audio-cmn / Hugo Lopez,https://github.com/hugolpz/audio-cmn/blob/ff9ed3d0c631195bd2c06f39450f3264c7124040/64k/syllabs/cmn-la1.mp3,CC BY-SA (source does not specify version),https://github.com/hugolpz/audio-cmn/blob/ff9ed3d0c631195bd2c06f39450f3264c7124040/README.md,Decoded MP3 to mono 24 kHz PCM16 WAV; no concatenation or phonetic edits.,BLOCKED,NOT RUN
lou2,Pinyin/lou2.wav,693b39e9f9d3b336cb91b0c051206b8a82466cc00741f65bb3ccf26ffe37a144,1.176,Chen Wang; audio-cmn / Hugo Lopez,https://github.com/hugolpz/audio-cmn/blob/ff9ed3d0c631195bd2c06f39450f3264c7124040/64k/syllabs/cmn-lou2.mp3,CC BY-SA (source does not specify version),https://github.com/hugolpz/audio-cmn/blob/ff9ed3d0c631195bd2c06f39450f3264c7124040/README.md,Decoded MP3 to mono 24 kHz PCM16 WAV; no concatenation or phonetic edits.,BLOCKED,NOT RUN
la3,Pinyin/la3.wav,ea8cae9f88cdab9754b467553b107772f9da50194b1e5c585b54060286197721,1.344,Chen Wang; audio-cmn / Hugo Lopez,https://github.com/hugolpz/audio-cmn/blob/ff9ed3d0c631195bd2c06f39450f3264c7124040/64k/syllabs/cmn-la3.mp3,CC BY-SA (source does not specify version),https://github.com/hugolpz/audio-cmn/blob/ff9ed3d0c631195bd2c06f39450f3264c7124040/README.md,Decoded MP3 to mono 24 kHz PCM16 WAV; no concatenation or phonetic edits.,BLOCKED,NOT RUN
la4,Pinyin/la4.wav,498edc26c5b6419f5a999cccb71644244e3daada847f06b8a7ebf93389a5eee2,0.984,Chen Wang; audio-cmn / Hugo Lopez,https://github.com/hugolpz/audio-cmn/blob/ff9ed3d0c631195bd2c06f39450f3264c7124040/64k/syllabs/cmn-la4.mp3,CC BY-SA (source does not specify version),https://github.com/hugolpz/audio-cmn/blob/ff9ed3d0c631195bd2c06f39450f3264c7124040/README.md,Decoded MP3 to mono 24 kHz PCM16 WAV; no concatenation or phonetic edits.,BLOCKED,NOT RUN
ge1,Pinyin/ge1.wav,4f83c16f46b42227fbf8d76bfc33735e5ca0f35d510621dcea04cd08d5063c35,0.984,Chen Wang; audio-cmn / Hugo Lopez,https://github.com/hugolpz/audio-cmn/blob/ff9ed3d0c631195bd2c06f39450f3264c7124040/64k/syllabs/cmn-ge1.mp3,CC BY-SA (source does not specify version),https://github.com/hugolpz/audio-cmn/blob/ff9ed3d0c631195bd2c06f39450f3264c7124040/README.md,Decoded MP3 to mono 24 kHz PCM16 WAV; no concatenation or phonetic edits.,BLOCKED,NOT RUN
ge2,Pinyin/ge2.wav,d4f1672762b5c677a891bcdfc0304d28fca96d4826b7360d0e13bda66ad0047e,1.08,Chen Wang; audio-cmn / Hugo Lopez,https://github.com/hugolpz/audio-cmn/blob/ff9ed3d0c631195bd2c06f39450f3264c7124040/64k/syllabs/cmn-ge2.mp3,CC BY-SA (source does not specify version),https://github.com/hugolpz/audio-cmn/blob/ff9ed3d0c631195bd2c06f39450f3264c7124040/README.md,Decoded MP3 to mono 24 kHz PCM16 WAV; no concatenation or phonetic edits.,BLOCKED,NOT RUN
ge3,Pinyin/ge3.wav,47718155993ab15b6a65d3d7d80dd8cf16df07ceabdc0a76930bdaa174cc2e70,1.176,Chen Wang; audio-cmn / Hugo Lopez,https://github.com/hugolpz/audio-cmn/blob/ff9ed3d0c631195bd2c06f39450f3264c7124040/64k/syllabs/cmn-ge3.mp3,CC BY-SA (source does not specify version),https://github.com/hugolpz/audio-cmn/blob/ff9ed3d0c631195bd2c06f39450f3264c7124040/README.md,Decoded MP3 to mono 24 kHz PCM16 WAV; no concatenation or phonetic edits.,BLOCKED,NOT RUN
ge4,Pinyin/ge4.wav,27cad8e54245a63a02e5e0bc501df69ca4cc1f6e3878aa4563347c60de7f86fc,0.936,Chen Wang; audio-cmn / Hugo Lopez,https://github.com/hugolpz/audio-cmn/blob/ff9ed3d0c631195bd2c06f39450f3264c7124040/64k/syllabs/cmn-ge4.mp3,CC BY-SA (source does not specify version),https://github.com/hugolpz/audio-cmn/blob/ff9ed3d0c631195bd2c06f39450f3264c7124040/README.md,Decoded MP3 to mono 24 kHz PCM16 WAV; no concatenation or phonetic edits.,BLOCKED,NOT RUN
ke1,Pinyin/ke1.wav,176cd9755378d16f8d78b05a675827b7ff091d2ca41bda8319026b037a50664b,1.08,Chen Wang; audio-cmn / Hugo Lopez,https://github.com/hugolpz/audio-cmn/blob/ff9ed3d0c631195bd2c06f39450f3264c7124040/64k/syllabs/cmn-ke1.mp3,CC BY-SA (source does not specify version),https://github.com/hugolpz/audio-cmn/blob/ff9ed3d0c631195bd2c06f39450f3264c7124040/README.md,Decoded MP3 to mono 24 kHz PCM16 WAV; no concatenation or phonetic edits.,BLOCKED,NOT RUN
ke2,Pinyin/ke2.wav,920bf32cd367d3b8d16fb8e8320e733c7051d22e546d8bffd325646a3b6e469b,1.08,Chen Wang; audio-cmn / Hugo Lopez,https://github.com/hugolpz/audio-cmn/blob/ff9ed3d0c631195bd2c06f39450f3264c7124040/64k/syllabs/cmn-ke2.mp3,CC BY-SA (source does not specify version),https://github.com/hugolpz/audio-cmn/blob/ff9ed3d0c631195bd2c06f39450f3264c7124040/README.md,Decoded MP3 to mono 24 kHz PCM16 WAV; no concatenation or phonetic edits.,BLOCKED,NOT RUN
ke3,Pinyin/ke3.wav,a66c347ebc55e97e68ff2b8aa0352bec28fd53673857961550deb0501f299edf,1.344,Chen Wang; audio-cmn / Hugo Lopez,https://github.com/hugolpz/audio-cmn/blob/ff9ed3d0c631195bd2c06f39450f3264c7124040/64k/syllabs/cmn-ke3.mp3,CC BY-SA (source does not specify version),https://github.com/hugolpz/audio-cmn/blob/ff9ed3d0c631195bd2c06f39450f3264c7124040/README.md,Decoded MP3 to mono 24 kHz PCM16 WAV; no concatenation or phonetic edits.,BLOCKED,NOT RUN
ke4,Pinyin/ke4.wav,1b8cccfc1b437ffd109d26988ae751151c3cdabb3c4118cf38c8fc8a0306b34b,0.984,Chen Wang; audio-cmn / Hugo Lopez,https://github.com/hugolpz/audio-cmn/blob/ff9ed3d0c631195bd2c06f39450f3264c7124040/64k/syllabs/cmn-ke4.mp3,CC BY-SA (source does not specify version),https://github.com/hugolpz/audio-cmn/blob/ff9ed3d0c631195bd2c06f39450f3264c7124040/README.md,Decoded MP3 to mono 24 kHz PCM16 WAV; no concatenation or phonetic edits.,BLOCKED,NOT RUN
he1,Pinyin/he1.wav,68247f9ea1fb2c7fa726b1b93f6d3a866f20ff658c2b8cfa87e5e62009d2c344,1.176,Chen Wang; audio-cmn / Hugo Lopez,https://github.com/hugolpz/audio-cmn/blob/ff9ed3d0c631195bd2c06f39450f3264c7124040/64k/syllabs/cmn-he1.mp3,CC BY-SA (source does not specify version),https://github.com/hugolpz/audio-cmn/blob/ff9ed3d0c631195bd2c06f39450f3264c7124040/README.md,Decoded MP3 to mono 24 kHz PCM16 WAV; no concatenation or phonetic edits.,BLOCKED,NOT RUN
he2,Pinyin/he2.wav,52948706476f80d8044497dda6c89ffecc3e6ed055a2acb2b7405f5746516f95,1.08,Chen Wang; audio-cmn / Hugo Lopez,https://github.com/hugolpz/audio-cmn/blob/ff9ed3d0c631195bd2c06f39450f3264c7124040/64k/syllabs/cmn-he2.mp3,CC BY-SA (source does not specify version),https://github.com/hugolpz/audio-cmn/blob/ff9ed3d0c631195bd2c06f39450f3264c7124040/README.md,Decoded MP3 to mono 24 kHz PCM16 WAV; no concatenation or phonetic edits.,BLOCKED,NOT RUN
hong2,Pinyin/hong2.wav,6159c5db787705c7d1debb89eecaff5b3f6556752261769a8c68e301000631eb,1.08,Chen Wang; audio-cmn / Hugo Lopez,https://github.com/hugolpz/audio-cmn/blob/ff9ed3d0c631195bd2c06f39450f3264c7124040/64k/syllabs/cmn-hong2.mp3,CC BY-SA (source does not specify version),https://github.com/hugolpz/audio-cmn/blob/ff9ed3d0c631195bd2c06f39450f3264c7124040/README.md,Decoded MP3 to mono 24 kHz PCM16 WAV; no concatenation or phonetic edits.,BLOCKED,NOT RUN
hui2,Pinyin/hui2.wav,f975896ae2b989c88a448abf0bc0ce7793d5789dda9ba7cf70b1914dfc729e7a,1.032,Chen Wang; audio-cmn / Hugo Lopez,https://github.com/hugolpz/audio-cmn/blob/ff9ed3d0c631195bd2c06f39450f3264c7124040/64k/syllabs/cmn-hui2.mp3,CC BY-SA (source does not specify version),https://github.com/hugolpz/audio-cmn/blob/ff9ed3d0c631195bd2c06f39450f3264c7124040/README.md,Decoded MP3 to mono 24 kHz PCM16 WAV; no concatenation or phonetic edits.,BLOCKED,NOT RUN
huo3,Pinyin/huo3.wav,ec0965f1b3baf62ec6bd4abca2573c87d1a44e18329b8d4485e53b8cfd25e477,1.392,Chen Wang; audio-cmn / Hugo Lopez,https://github.com/hugolpz/audio-cmn/blob/ff9ed3d0c631195bd2c06f39450f3264c7124040/64k/syllabs/cmn-huo3.mp3,CC BY-SA (source does not specify version),https://github.com/hugolpz/audio-cmn/blob/ff9ed3d0c631195bd2c06f39450f3264c7124040/README.md,Decoded MP3 to mono 24 kHz PCM16 WAV; no concatenation or phonetic edits.,BLOCKED,NOT RUN
he4,Pinyin/he4.wav,67d2f7b2889931429b461f96d4e6ac60953797c137a2dd1e3a03a9c3d0e2c6c3,1.032,Chen Wang; audio-cmn / Hugo Lopez,https://github.com/hugolpz/audio-cmn/blob/ff9ed3d0c631195bd2c06f39450f3264c7124040/64k/syllabs/cmn-he4.mp3,CC BY-SA (source does not specify version),https://github.com/hugolpz/audio-cmn/blob/ff9ed3d0c631195bd2c06f39450f3264c7124040/README.md,Decoded MP3 to mono 24 kHz PCM16 WAV; no concatenation or phonetic edits.,BLOCKED,NOT RUN
ji1,Pinyin/ji1.wav,b4a1493cc2fbed7456b36f21610e2bcbdba50729772da63f57dd170b050d413a,1.032,Chen Wang; audio-cmn / Hugo Lopez,https://github.com/hugolpz/audio-cmn/blob/ff9ed3d0c631195bd2c06f39450f3264c7124040/64k/syllabs/cmn-ji1.mp3,CC BY-SA (source does not specify version),https://github.com/hugolpz/audio-cmn/blob/ff9ed3d0c631195bd2c06f39450f3264c7124040/README.md,Decoded MP3 to mono 24 kHz PCM16 WAV; no concatenation or phonetic edits.,BLOCKED,NOT RUN
ji2,Pinyin/ji2.wav,77bc0b28345c4f846e93f3141519cbb93207bb21544de089c9a905049d653896,1.08,Chen Wang; audio-cmn / Hugo Lopez,https://github.com/hugolpz/audio-cmn/blob/ff9ed3d0c631195bd2c06f39450f3264c7124040/64k/syllabs/cmn-ji2.mp3,CC BY-SA (source does not specify version),https://github.com/hugolpz/audio-cmn/blob/ff9ed3d0c631195bd2c06f39450f3264c7124040/README.md,Decoded MP3 to mono 24 kHz PCM16 WAV; no concatenation or phonetic edits.,BLOCKED,NOT RUN
ji3,Pinyin/ji3.wav,4d3501368d7dc5c7070230e1d51f4ec365e40ab3109e3f7d049b984fced99106,1.44,Chen Wang; audio-cmn / Hugo Lopez,https://github.com/hugolpz/audio-cmn/blob/ff9ed3d0c631195bd2c06f39450f3264c7124040/64k/syllabs/cmn-ji3.mp3,CC BY-SA (source does not specify version),https://github.com/hugolpz/audio-cmn/blob/ff9ed3d0c631195bd2c06f39450f3264c7124040/README.md,Decoded MP3 to mono 24 kHz PCM16 WAV; no concatenation or phonetic edits.,BLOCKED,NOT RUN
ji4,Pinyin/ji4.wav,9de4bcd0890e90a0d2b444e29f6fe486e68148ed206cd8193fff40e89dd764ef,0.984,Chen Wang; audio-cmn / Hugo Lopez,https://github.com/hugolpz/audio-cmn/blob/ff9ed3d0c631195bd2c06f39450f3264c7124040/64k/syllabs/cmn-ji4.mp3,CC BY-SA (source does not specify version),https://github.com/hugolpz/audio-cmn/blob/ff9ed3d0c631195bd2c06f39450f3264c7124040/README.md,Decoded MP3 to mono 24 kHz PCM16 WAV; no concatenation or phonetic edits.,BLOCKED,NOT RUN
qi1,Pinyin/qi1.wav,e0df2dfb00dbbbeb7d090c9aa6d70ef1e00873934c3e281c1db9096b17eca0c1,1.128,Chen Wang; audio-cmn / Hugo Lopez,https://github.com/hugolpz/audio-cmn/blob/ff9ed3d0c631195bd2c06f39450f3264c7124040/64k/syllabs/cmn-qi1.mp3,CC BY-SA (source does not specify version),https://github.com/hugolpz/audio-cmn/blob/ff9ed3d0c631195bd2c06f39450f3264c7124040/README.md,Decoded MP3 to mono 24 kHz PCM16 WAV; no concatenation or phonetic edits.,BLOCKED,NOT RUN
qi2,Pinyin/qi2.wav,485867985ad04fe21649fe8de4da01ea86b59965e0e5d2a0e3a00ffbefbe495c,1.176,Chen Wang; audio-cmn / Hugo Lopez,https://github.com/hugolpz/audio-cmn/blob/ff9ed3d0c631195bd2c06f39450f3264c7124040/64k/syllabs/cmn-qi2.mp3,CC BY-SA (source does not specify version),https://github.com/hugolpz/audio-cmn/blob/ff9ed3d0c631195bd2c06f39450f3264c7124040/README.md,Decoded MP3 to mono 24 kHz PCM16 WAV; no concatenation or phonetic edits.,BLOCKED,NOT RUN
qi3,Pinyin/qi3.wav,5a7a604dda7500c189681d1441634dd84707cf6e47a9a6276b9b296a210bdfa2,1.488,Chen Wang; audio-cmn / Hugo Lopez,https://github.com/hugolpz/audio-cmn/blob/ff9ed3d0c631195bd2c06f39450f3264c7124040/64k/syllabs/cmn-qi3.mp3,CC BY-SA (source does not specify version),https://github.com/hugolpz/audio-cmn/blob/ff9ed3d0c631195bd2c06f39450f3264c7124040/README.md,Decoded MP3 to mono 24 kHz PCM16 WAV; no concatenation or phonetic edits.,BLOCKED,NOT RUN
qi4,Pinyin/qi4.wav,a2ba02959be839e0247c3dcda5b665e6740343c816fe93994426d2e45a4602f1,1.128,Chen Wang; audio-cmn / Hugo Lopez,https://github.com/hugolpz/audio-cmn/blob/ff9ed3d0c631195bd2c06f39450f3264c7124040/64k/syllabs/cmn-qi4.mp3,CC BY-SA (source does not specify version),https://github.com/hugolpz/audio-cmn/blob/ff9ed3d0c631195bd2c06f39450f3264c7124040/README.md,Decoded MP3 to mono 24 kHz PCM16 WAV; no concatenation or phonetic edits.,BLOCKED,NOT RUN
xi1,Pinyin/xi1.wav,85e3dd7ea27f8751a2718e3f993dfb61298fa4aaf1e4a571cf39d6a9bbb5251d,1.08,Chen Wang; audio-cmn / Hugo Lopez,https://github.com/hugolpz/audio-cmn/blob/ff9ed3d0c631195bd2c06f39450f3264c7124040/64k/syllabs/cmn-xi1.mp3,CC BY-SA (source does not specify version),https://github.com/hugolpz/audio-cmn/blob/ff9ed3d0c631195bd2c06f39450f3264c7124040/README.md,Decoded MP3 to mono 24 kHz PCM16 WAV; no concatenation or phonetic edits.,BLOCKED,NOT RUN
xue1,Pinyin/xue1.wav,65aba2b5e056624b80f8d73ee49fc4e76323d9b616f0a0da369ff8c6dbf496e1,1.176,Chen Wang; audio-cmn / Hugo Lopez,https://github.com/hugolpz/audio-cmn/blob/ff9ed3d0c631195bd2c06f39450f3264c7124040/64k/syllabs/cmn-xue1.mp3,CC BY-SA (source does not specify version),https://github.com/hugolpz/audio-cmn/blob/ff9ed3d0c631195bd2c06f39450f3264c7124040/README.md,Decoded MP3 to mono 24 kHz PCM16 WAV; no concatenation or phonetic edits.,BLOCKED,NOT RUN
xi2,Pinyin/xi2.wav,6a5db00b920976954badce7a9c794256ede8254a530af37b2f02ee38f39cf882,1.176,Chen Wang; audio-cmn / Hugo Lopez,https://github.com/hugolpz/audio-cmn/blob/ff9ed3d0c631195bd2c06f39450f3264c7124040/64k/syllabs/cmn-xi2.mp3,CC BY-SA (source does not specify version),https://github.com/hugolpz/audio-cmn/blob/ff9ed3d0c631195bd2c06f39450f3264c7124040/README.md,Decoded MP3 to mono 24 kHz PCM16 WAV; no concatenation or phonetic edits.,BLOCKED,NOT RUN
xue2,Pinyin/xue2.wav,23cf74c015193d8417857f6a1f0d21740b9f869dda09c8376e6dbb21499761f3,1.032,Chen Wang; audio-cmn / Hugo Lopez,https://github.com/hugolpz/audio-cmn/blob/ff9ed3d0c631195bd2c06f39450f3264c7124040/64k/syllabs/cmn-xue2.mp3,CC BY-SA (source does not specify version),https://github.com/hugolpz/audio-cmn/blob/ff9ed3d0c631195bd2c06f39450f3264c7124040/README.md,Decoded MP3 to mono 24 kHz PCM16 WAV; no concatenation or phonetic edits.,BLOCKED,NOT RUN
xi3,Pinyin/xi3.wav,358c03e29a347678ee27ce9d88d8c720fec94b886a1d734b631738bb722d364c,1.632,Chen Wang; audio-cmn / Hugo Lopez,https://github.com/hugolpz/audio-cmn/blob/ff9ed3d0c631195bd2c06f39450f3264c7124040/64k/syllabs/cmn-xi3.mp3,CC BY-SA (source does not specify version),https://github.com/hugolpz/audio-cmn/blob/ff9ed3d0c631195bd2c06f39450f3264c7124040/README.md,Decoded MP3 to mono 24 kHz PCM16 WAV; no concatenation or phonetic edits.,BLOCKED,NOT RUN
xue3,Pinyin/xue3.wav,de33505a7f34304a026a149cd421d4f9e9879a982b907f3d1498a05c44dc89cb,1.488,Chen Wang; audio-cmn / Hugo Lopez,https://github.com/hugolpz/audio-cmn/blob/ff9ed3d0c631195bd2c06f39450f3264c7124040/64k/syllabs/cmn-xue3.mp3,CC BY-SA (source does not specify version),https://github.com/hugolpz/audio-cmn/blob/ff9ed3d0c631195bd2c06f39450f3264c7124040/README.md,Decoded MP3 to mono 24 kHz PCM16 WAV; no concatenation or phonetic edits.,BLOCKED,NOT RUN
xi4,Pinyin/xi4.wav,056994ede987d12b76f4893496e20162e6a4a875916ff80c56dd065b076dd16e,1.08,Chen Wang; audio-cmn / Hugo Lopez,https://github.com/hugolpz/audio-cmn/blob/ff9ed3d0c631195bd2c06f39450f3264c7124040/64k/syllabs/cmn-xi4.mp3,CC BY-SA (source does not specify version),https://github.com/hugolpz/audio-cmn/blob/ff9ed3d0c631195bd2c06f39450f3264c7124040/README.md,Decoded MP3 to mono 24 kHz PCM16 WAV; no concatenation or phonetic edits.,BLOCKED,NOT RUN
zhi1,Pinyin/zhi1.wav,3bf1327d1e49f0e52669eb2c91206e78a1a85605149274a7c8f234de49c75264,1.08,Chen Wang; audio-cmn / Hugo Lopez,https://github.com/hugolpz/audio-cmn/blob/ff9ed3d0c631195bd2c06f39450f3264c7124040/64k/syllabs/cmn-zhi1.mp3,CC BY-SA (source does not specify version),https://github.com/hugolpz/audio-cmn/blob/ff9ed3d0c631195bd2c06f39450f3264c7124040/README.md,Decoded MP3 to mono 24 kHz PCM16 WAV; no concatenation or phonetic edits.,BLOCKED,NOT RUN
zhi2,Pinyin/zhi2.wav,68977be73aa7ff04335b8014520d1557520e5c164c330468f2cc18e5b64eceaf,1.08,Chen Wang; audio-cmn / Hugo Lopez,https://github.com/hugolpz/audio-cmn/blob/ff9ed3d0c631195bd2c06f39450f3264c7124040/64k/syllabs/cmn-zhi2.mp3,CC BY-SA (source does not specify version),https://github.com/hugolpz/audio-cmn/blob/ff9ed3d0c631195bd2c06f39450f3264c7124040/README.md,Decoded MP3 to mono 24 kHz PCM16 WAV; no concatenation or phonetic edits.,BLOCKED,NOT RUN
zhi3,Pinyin/zhi3.wav,74f78983a1f736287acbce7d8b2e4639c59b5e54387883df6fe666c0f200fb6b,1.296,Chen Wang; audio-cmn / Hugo Lopez,https://github.com/hugolpz/audio-cmn/blob/ff9ed3d0c631195bd2c06f39450f3264c7124040/64k/syllabs/cmn-zhi3.mp3,CC BY-SA (source does not specify version),https://github.com/hugolpz/audio-cmn/blob/ff9ed3d0c631195bd2c06f39450f3264c7124040/README.md,Decoded MP3 to mono 24 kHz PCM16 WAV; no concatenation or phonetic edits.,BLOCKED,NOT RUN
zhun3,Pinyin/zhun3.wav,2e56e4a83b53578ed3c0884e66957fe9c9bedbcb1ec96a607ae88578bdd85038,1.44,Chen Wang; audio-cmn / Hugo Lopez,https://github.com/hugolpz/audio-cmn/blob/ff9ed3d0c631195bd2c06f39450f3264c7124040/64k/syllabs/cmn-zhun3.mp3,CC BY-SA (source does not specify version),https://github.com/hugolpz/audio-cmn/blob/ff9ed3d0c631195bd2c06f39450f3264c7124040/README.md,Decoded MP3 to mono 24 kHz PCM16 WAV; no concatenation or phonetic edits.,BLOCKED,NOT RUN
zhi4,Pinyin/zhi4.wav,af9d441b5c15fa0f3c517f4388e348647f2bcd4df33ac704278a0eef45684195,0.936,Chen Wang; audio-cmn / Hugo Lopez,https://github.com/hugolpz/audio-cmn/blob/ff9ed3d0c631195bd2c06f39450f3264c7124040/64k/syllabs/cmn-zhi4.mp3,CC BY-SA (source does not specify version),https://github.com/hugolpz/audio-cmn/blob/ff9ed3d0c631195bd2c06f39450f3264c7124040/README.md,Decoded MP3 to mono 24 kHz PCM16 WAV; no concatenation or phonetic edits.,BLOCKED,NOT RUN
chi1,Pinyin/chi1.wav,8fa46c62200ae22607f2ee788ba68a5fb089c6d87f5b56930e2b9e241f874a30,1.0,Yue Tan; SWAC / audio-cmn / Hugo Lopez,https://github.com/hugolpz/audio-cmn/blob/ff9ed3d0c631195bd2c06f39450f3264c7124040/64k/hsk/cmn-%E5%90%83.mp3,CC BY-SA (source does not specify version),https://github.com/hugolpz/audio-cmn/blob/ff9ed3d0c631195bd2c06f39450f3264c7124040/README.md,Decoded MP3 to mono 24 kHz PCM16 WAV; no concatenation or phonetic edits.,BLOCKED,NOT RUN
chi2,Pinyin/chi2.wav,8521ef1c4592a323fc3c14cd0c95172df9d9fab57f3c4ee4bb745c423be8c11c,1.08,Chen Wang; audio-cmn / Hugo Lopez,https://github.com/hugolpz/audio-cmn/blob/ff9ed3d0c631195bd2c06f39450f3264c7124040/64k/syllabs/cmn-chi2.mp3,CC BY-SA (source does not specify version),https://github.com/hugolpz/audio-cmn/blob/ff9ed3d0c631195bd2c06f39450f3264c7124040/README.md,Decoded MP3 to mono 24 kHz PCM16 WAV; no concatenation or phonetic edits.,BLOCKED,NOT RUN
chang2,Pinyin/chang2.wav,099c5d22c221d2942234b9f0c8c70bc93a975be480599e525cba755324afd3b9,1.032,Chen Wang; audio-cmn / Hugo Lopez,https://github.com/hugolpz/audio-cmn/blob/ff9ed3d0c631195bd2c06f39450f3264c7124040/64k/syllabs/cmn-chang2.mp3,CC BY-SA (source does not specify version),https://github.com/hugolpz/audio-cmn/blob/ff9ed3d0c631195bd2c06f39450f3264c7124040/README.md,Decoded MP3 to mono 24 kHz PCM16 WAV; no concatenation or phonetic edits.,BLOCKED,NOT RUN
chi3,Pinyin/chi3.wav,846007394dc4418f29e9ff2779539c780ff34efdfd48477995e9eee959accc49,1.296,Chen Wang; audio-cmn / Hugo Lopez,https://github.com/hugolpz/audio-cmn/blob/ff9ed3d0c631195bd2c06f39450f3264c7124040/64k/syllabs/cmn-chi3.mp3,CC BY-SA (source does not specify version),https://github.com/hugolpz/audio-cmn/blob/ff9ed3d0c631195bd2c06f39450f3264c7124040/README.md,Decoded MP3 to mono 24 kHz PCM16 WAV; no concatenation or phonetic edits.,BLOCKED,NOT RUN
chi4,Pinyin/chi4.wav,73ceb463a8b1e946aa6373a34abc0a75ff4149868d76d87ea3ed6dc7efd8dc67,0.936,Chen Wang; audio-cmn / Hugo Lopez,https://github.com/hugolpz/audio-cmn/blob/ff9ed3d0c631195bd2c06f39450f3264c7124040/64k/syllabs/cmn-chi4.mp3,CC BY-SA (source does not specify version),https://github.com/hugolpz/audio-cmn/blob/ff9ed3d0c631195bd2c06f39450f3264c7124040/README.md,Decoded MP3 to mono 24 kHz PCM16 WAV; no concatenation or phonetic edits.,BLOCKED,NOT RUN
shi1,Pinyin/shi1.wav,03ea515ed5969004dd4760e023d7672dc2a323cab237a39c8fea4915788f4d86,1.128,Chen Wang; audio-cmn / Hugo Lopez,https://github.com/hugolpz/audio-cmn/blob/ff9ed3d0c631195bd2c06f39450f3264c7124040/64k/syllabs/cmn-shi1.mp3,CC BY-SA (source does not specify version),https://github.com/hugolpz/audio-cmn/blob/ff9ed3d0c631195bd2c06f39450f3264c7124040/README.md,Decoded MP3 to mono 24 kHz PCM16 WAV; no concatenation or phonetic edits.,BLOCKED,NOT RUN
shi2,Pinyin/shi2.wav,b8c2b0b2fd5a96265de1209e190f853b6ef3c12899a3332d0d43b48059efe6c1,1.224,Chen Wang; audio-cmn / Hugo Lopez,https://github.com/hugolpz/audio-cmn/blob/ff9ed3d0c631195bd2c06f39450f3264c7124040/64k/syllabs/cmn-shi2.mp3,CC BY-SA (source does not specify version),https://github.com/hugolpz/audio-cmn/blob/ff9ed3d0c631195bd2c06f39450f3264c7124040/README.md,Decoded MP3 to mono 24 kHz PCM16 WAV; no concatenation or phonetic edits.,BLOCKED,NOT RUN
shi3,Pinyin/shi3.wav,577771f8e45fc5badc0c23655540f1ace87d035330e9ca61ae384adfe6545765,1.392,Chen Wang; audio-cmn / Hugo Lopez,https://github.com/hugolpz/audio-cmn/blob/ff9ed3d0c631195bd2c06f39450f3264c7124040/64k/syllabs/cmn-shi3.mp3,CC BY-SA (source does not specify version),https://github.com/hugolpz/audio-cmn/blob/ff9ed3d0c631195bd2c06f39450f3264c7124040/README.md,Decoded MP3 to mono 24 kHz PCM16 WAV; no concatenation or phonetic edits.,BLOCKED,NOT RUN
shi4,Pinyin/shi4.wav,3c92a76ef1039078e8b2278fcf08e05fa8825b01f4623cdee49e8f3d4862945d,1.128,Chen Wang; audio-cmn / Hugo Lopez,https://github.com/hugolpz/audio-cmn/blob/ff9ed3d0c631195bd2c06f39450f3264c7124040/64k/syllabs/cmn-shi4.mp3,CC BY-SA (source does not specify version),https://github.com/hugolpz/audio-cmn/blob/ff9ed3d0c631195bd2c06f39450f3264c7124040/README.md,Decoded MP3 to mono 24 kHz PCM16 WAV; no concatenation or phonetic edits.,BLOCKED,NOT RUN
ren2,Pinyin/ren2.wav,029893e9c033fe048d1c8babfcd26f5491bab597244ed1332c3ee9f09c137822,1.08,Chen Wang; audio-cmn / Hugo Lopez,https://github.com/hugolpz/audio-cmn/blob/ff9ed3d0c631195bd2c06f39450f3264c7124040/64k/syllabs/cmn-ren2.mp3,CC BY-SA (source does not specify version),https://github.com/hugolpz/audio-cmn/blob/ff9ed3d0c631195bd2c06f39450f3264c7124040/README.md,Decoded MP3 to mono 24 kHz PCM16 WAV; no concatenation or phonetic edits.,BLOCKED,NOT RUN
ren3,Pinyin/ren3.wav,7a83a2e8c21eecdd9c1e44ef98ac4bd03d0efc3bc4a08445b334fc6442a9f400,1.584,Chen Wang; audio-cmn / Hugo Lopez,https://github.com/hugolpz/audio-cmn/blob/ff9ed3d0c631195bd2c06f39450f3264c7124040/64k/syllabs/cmn-ren3.mp3,CC BY-SA (source does not specify version),https://github.com/hugolpz/audio-cmn/blob/ff9ed3d0c631195bd2c06f39450f3264c7124040/README.md,Decoded MP3 to mono 24 kHz PCM16 WAV; no concatenation or phonetic edits.,BLOCKED,NOT RUN
ri4,Pinyin/ri4.wav,942d0f458e9c98e323b304759c455cc8272548381fb8b5252f79b914e79b0c73,1.032,Chen Wang; audio-cmn / Hugo Lopez,https://github.com/hugolpz/audio-cmn/blob/ff9ed3d0c631195bd2c06f39450f3264c7124040/64k/syllabs/cmn-ri4.mp3,CC BY-SA (source does not specify version),https://github.com/hugolpz/audio-cmn/blob/ff9ed3d0c631195bd2c06f39450f3264c7124040/README.md,Decoded MP3 to mono 24 kHz PCM16 WAV; no concatenation or phonetic edits.,BLOCKED,NOT RUN
ren4,Pinyin/ren4.wav,f2e296baf79fc0da79242b0a8ab0f4ff5c3813f6848cdac454cb44ef709a24aa,1.08,Chen Wang; audio-cmn / Hugo Lopez,https://github.com/hugolpz/audio-cmn/blob/ff9ed3d0c631195bd2c06f39450f3264c7124040/64k/syllabs/cmn-ren4.mp3,CC BY-SA (source does not specify version),https://github.com/hugolpz/audio-cmn/blob/ff9ed3d0c631195bd2c06f39450f3264c7124040/README.md,Decoded MP3 to mono 24 kHz PCM16 WAV; no concatenation or phonetic edits.,BLOCKED,NOT RUN
zi1,Pinyin/zi1.wav,3a995f612fbe8016eec2d3edf31dcb3d77dabcb2d74f7c63664055916c04aa48,1.032,Chen Wang; audio-cmn / Hugo Lopez,https://github.com/hugolpz/audio-cmn/blob/ff9ed3d0c631195bd2c06f39450f3264c7124040/64k/syllabs/cmn-zi1.mp3,CC BY-SA (source does not specify version),https://github.com/hugolpz/audio-cmn/blob/ff9ed3d0c631195bd2c06f39450f3264c7124040/README.md,Decoded MP3 to mono 24 kHz PCM16 WAV; no concatenation or phonetic edits.,BLOCKED,NOT RUN
zi3,Pinyin/zi3.wav,0407740cc52cc144639ef60e988c41a03c41bb20ec83d9e897733a9be35fcc84,1.44,Chen Wang; audio-cmn / Hugo Lopez,https://github.com/hugolpz/audio-cmn/blob/ff9ed3d0c631195bd2c06f39450f3264c7124040/64k/syllabs/cmn-zi3.mp3,CC BY-SA (source does not specify version),https://github.com/hugolpz/audio-cmn/blob/ff9ed3d0c631195bd2c06f39450f3264c7124040/README.md,Decoded MP3 to mono 24 kHz PCM16 WAV; no concatenation or phonetic edits.,BLOCKED,NOT RUN
zi4,Pinyin/zi4.wav,2a45185c0ec97a8af996ba20de8dd95decda5b2cebfe2f38282368eb79854e64,1.08,Chen Wang; audio-cmn / Hugo Lopez,https://github.com/hugolpz/audio-cmn/blob/ff9ed3d0c631195bd2c06f39450f3264c7124040/64k/syllabs/cmn-zi4.mp3,CC BY-SA (source does not specify version),https://github.com/hugolpz/audio-cmn/blob/ff9ed3d0c631195bd2c06f39450f3264c7124040/README.md,Decoded MP3 to mono 24 kHz PCM16 WAV; no concatenation or phonetic edits.,BLOCKED,NOT RUN
cong1,Pinyin/cong1.wav,32c907ac9c4e5b0e4d32893068af48d84750f82830285bab5b8efdd61c73c344,1.176,Chen Wang; audio-cmn / Hugo Lopez,https://github.com/hugolpz/audio-cmn/blob/ff9ed3d0c631195bd2c06f39450f3264c7124040/64k/syllabs/cmn-cong1.mp3,CC BY-SA (source does not specify version),https://github.com/hugolpz/audio-cmn/blob/ff9ed3d0c631195bd2c06f39450f3264c7124040/README.md,Decoded MP3 to mono 24 kHz PCM16 WAV; no concatenation or phonetic edits.,BLOCKED,NOT RUN
ci2,Pinyin/ci2.wav,8500e5481b438949ec98b81b315289123abbf8c6bf4e982665e827d9eb1af330,1.128,Chen Wang; audio-cmn / Hugo Lopez,https://github.com/hugolpz/audio-cmn/blob/ff9ed3d0c631195bd2c06f39450f3264c7124040/64k/syllabs/cmn-ci2.mp3,CC BY-SA (source does not specify version),https://github.com/hugolpz/audio-cmn/blob/ff9ed3d0c631195bd2c06f39450f3264c7124040/README.md,Decoded MP3 to mono 24 kHz PCM16 WAV; no concatenation or phonetic edits.,BLOCKED,NOT RUN
ci3,Pinyin/ci3.wav,6b82e2a26446bb899d8e64756417ac99be5a402608fe05977bd87867b3db7a8e,1.392,Chen Wang; audio-cmn / Hugo Lopez,https://github.com/hugolpz/audio-cmn/blob/ff9ed3d0c631195bd2c06f39450f3264c7124040/64k/syllabs/cmn-ci3.mp3,CC BY-SA (source does not specify version),https://github.com/hugolpz/audio-cmn/blob/ff9ed3d0c631195bd2c06f39450f3264c7124040/README.md,Decoded MP3 to mono 24 kHz PCM16 WAV; no concatenation or phonetic edits.,BLOCKED,NOT RUN
ci4,Pinyin/ci4.wav,698d7a762653248acbf193f44e62f2ae7c2cdfba6f29d98198878ba4149fe688,1.032,Chen Wang; audio-cmn / Hugo Lopez,https://github.com/hugolpz/audio-cmn/blob/ff9ed3d0c631195bd2c06f39450f3264c7124040/64k/syllabs/cmn-ci4.mp3,CC BY-SA (source does not specify version),https://github.com/hugolpz/audio-cmn/blob/ff9ed3d0c631195bd2c06f39450f3264c7124040/README.md,Decoded MP3 to mono 24 kHz PCM16 WAV; no concatenation or phonetic edits.,BLOCKED,NOT RUN
si1,Pinyin/si1.wav,9d8bbf6b3367cc93865c9ede4f6d3b18c1156b4e4cc0bb542f73fc1a2c3ce8db,1.176,Chen Wang; audio-cmn / Hugo Lopez,https://github.com/hugolpz/audio-cmn/blob/ff9ed3d0c631195bd2c06f39450f3264c7124040/64k/syllabs/cmn-si1.mp3,CC BY-SA (source does not specify version),https://github.com/hugolpz/audio-cmn/blob/ff9ed3d0c631195bd2c06f39450f3264c7124040/README.md,Decoded MP3 to mono 24 kHz PCM16 WAV; no concatenation or phonetic edits.,BLOCKED,NOT RUN
si3,Pinyin/si3.wav,d1582f43cbdb0082c5af3a3d1731ed7b371e663d4adc94da70a212212e2b3fba,1.44,Chen Wang; audio-cmn / Hugo Lopez,https://github.com/hugolpz/audio-cmn/blob/ff9ed3d0c631195bd2c06f39450f3264c7124040/64k/syllabs/cmn-si3.mp3,CC BY-SA (source does not specify version),https://github.com/hugolpz/audio-cmn/blob/ff9ed3d0c631195bd2c06f39450f3264c7124040/README.md,Decoded MP3 to mono 24 kHz PCM16 WAV; no concatenation or phonetic edits.,BLOCKED,NOT RUN
san3,Pinyin/san3.wav,58be20c78183be0e3cc71e95baf23b25d32b3c573de92c768db39a2616cd84ff,1.488,Chen Wang; audio-cmn / Hugo Lopez,https://github.com/hugolpz/audio-cmn/blob/ff9ed3d0c631195bd2c06f39450f3264c7124040/64k/syllabs/cmn-san3.mp3,CC BY-SA (source does not specify version),https://github.com/hugolpz/audio-cmn/blob/ff9ed3d0c631195bd2c06f39450f3264c7124040/README.md,Decoded MP3 to mono 24 kHz PCM16 WAV; no concatenation or phonetic edits.,BLOCKED,NOT RUN
si4,Pinyin/si4.wav,3ca286d666fd3d79594bd36f39168e0b41f0cd8e4ded7a4d2b4df94b300427b7,1.128,Chen Wang; audio-cmn / Hugo Lopez,https://github.com/hugolpz/audio-cmn/blob/ff9ed3d0c631195bd2c06f39450f3264c7124040/64k/syllabs/cmn-si4.mp3,CC BY-SA (source does not specify version),https://github.com/hugolpz/audio-cmn/blob/ff9ed3d0c631195bd2c06f39450f3264c7124040/README.md,Decoded MP3 to mono 24 kHz PCM16 WAV; no concatenation or phonetic edits.,BLOCKED,NOT RUN
yi1,Pinyin/yi1.wav,590058d9c7cac27f6129246f6e7f687197d8fec928da03c627bcfe91d0f98f4f,1.032,Chen Wang; audio-cmn / Hugo Lopez,https://github.com/hugolpz/audio-cmn/blob/ff9ed3d0c631195bd2c06f39450f3264c7124040/64k/syllabs/cmn-yi1.mp3,CC BY-SA (source does not specify version),https://github.com/hugolpz/audio-cmn/blob/ff9ed3d0c631195bd2c06f39450f3264c7124040/README.md,Decoded MP3 to mono 24 kHz PCM16 WAV; no concatenation or phonetic edits.,BLOCKED,NOT RUN
yi2,Pinyin/yi2.wav,b8e0f261d6249333f3d5280d78e0e6d2d0cb691ac38e0096f250eac07fcfb355,1.08,Chen Wang; audio-cmn / Hugo Lopez,https://github.com/hugolpz/audio-cmn/blob/ff9ed3d0c631195bd2c06f39450f3264c7124040/64k/syllabs/cmn-yi2.mp3,CC BY-SA (source does not specify version),https://github.com/hugolpz/audio-cmn/blob/ff9ed3d0c631195bd2c06f39450f3264c7124040/README.md,Decoded MP3 to mono 24 kHz PCM16 WAV; no concatenation or phonetic edits.,BLOCKED,NOT RUN
yi3,Pinyin/yi3.wav,58e66bbd8f578e6924c84a3e473d06900a69243ae9bebc92d9155c9fbd548f79,1.296,Chen Wang; audio-cmn / Hugo Lopez,https://github.com/hugolpz/audio-cmn/blob/ff9ed3d0c631195bd2c06f39450f3264c7124040/64k/syllabs/cmn-yi3.mp3,CC BY-SA (source does not specify version),https://github.com/hugolpz/audio-cmn/blob/ff9ed3d0c631195bd2c06f39450f3264c7124040/README.md,Decoded MP3 to mono 24 kHz PCM16 WAV; no concatenation or phonetic edits.,BLOCKED,NOT RUN
yi4,Pinyin/yi4.wav,739ad6d22ad5a97bc65e66134daf162fe6666cf9dde7c783b626eb5dfba0d99e,0.984,Chen Wang; audio-cmn / Hugo Lopez,https://github.com/hugolpz/audio-cmn/blob/ff9ed3d0c631195bd2c06f39450f3264c7124040/64k/syllabs/cmn-yi4.mp3,CC BY-SA (source does not specify version),https://github.com/hugolpz/audio-cmn/blob/ff9ed3d0c631195bd2c06f39450f3264c7124040/README.md,Decoded MP3 to mono 24 kHz PCM16 WAV; no concatenation or phonetic edits.,BLOCKED,NOT RUN
wu1,Pinyin/wu1.wav,408f4e2b8b4339084793d19786e835f824af06f9ab9134148e787eb4a2f6b850,1.032,Chen Wang; audio-cmn / Hugo Lopez,https://github.com/hugolpz/audio-cmn/blob/ff9ed3d0c631195bd2c06f39450f3264c7124040/64k/syllabs/cmn-wu1.mp3,CC BY-SA (source does not specify version),https://github.com/hugolpz/audio-cmn/blob/ff9ed3d0c631195bd2c06f39450f3264c7124040/README.md,Decoded MP3 to mono 24 kHz PCM16 WAV; no concatenation or phonetic edits.,BLOCKED,NOT RUN
wu2,Pinyin/wu2.wav,f4d5ef1dd3c60f96dbee7e413765cda07a9902709fd7a151d95105ed30ba2978,0.936,Chen Wang; audio-cmn / Hugo Lopez,https://github.com/hugolpz/audio-cmn/blob/ff9ed3d0c631195bd2c06f39450f3264c7124040/64k/syllabs/cmn-wu2.mp3,CC BY-SA (source does not specify version),https://github.com/hugolpz/audio-cmn/blob/ff9ed3d0c631195bd2c06f39450f3264c7124040/README.md,Decoded MP3 to mono 24 kHz PCM16 WAV; no concatenation or phonetic edits.,BLOCKED,NOT RUN
wu3,Pinyin/wu3.wav,bbf8269e0ce5619f35d1382e2c2b1ecb6e00fded9500e267879aa1a9ef241938,1.44,Chen Wang; audio-cmn / Hugo Lopez,https://github.com/hugolpz/audio-cmn/blob/ff9ed3d0c631195bd2c06f39450f3264c7124040/64k/syllabs/cmn-wu3.mp3,CC BY-SA (source does not specify version),https://github.com/hugolpz/audio-cmn/blob/ff9ed3d0c631195bd2c06f39450f3264c7124040/README.md,Decoded MP3 to mono 24 kHz PCM16 WAV; no concatenation or phonetic edits.,BLOCKED,NOT RUN
wu4,Pinyin/wu4.wav,9f32dd53e180882abf0eb1947be64ce45c24530e7658f6d93c99101367527ba9,1.032,Chen Wang; audio-cmn / Hugo Lopez,https://github.com/hugolpz/audio-cmn/blob/ff9ed3d0c631195bd2c06f39450f3264c7124040/64k/syllabs/cmn-wu4.mp3,CC BY-SA (source does not specify version),https://github.com/hugolpz/audio-cmn/blob/ff9ed3d0c631195bd2c06f39450f3264c7124040/README.md,Decoded MP3 to mono 24 kHz PCM16 WAV; no concatenation or phonetic edits.,BLOCKED,NOT RUN
a1,Pinyin/a1.wav,905753b242a0a5ad0529374fd796470e7296a2133eec8efe11587a6daee3d431,0.984,Chen Wang; audio-cmn / Hugo Lopez,https://github.com/hugolpz/audio-cmn/blob/ff9ed3d0c631195bd2c06f39450f3264c7124040/64k/syllabs/cmn-a1.mp3,CC BY-SA (source does not specify version),https://github.com/hugolpz/audio-cmn/blob/ff9ed3d0c631195bd2c06f39450f3264c7124040/README.md,Decoded MP3 to mono 24 kHz PCM16 WAV; no concatenation or phonetic edits.,BLOCKED,NOT RUN
o1,Pinyin/o1.wav,068afd5b161dd34b9eeac8fa84916b3b8dab21fe43a22682294aebcfb31089b8,0.888,Chen Wang; audio-cmn / Hugo Lopez,https://github.com/hugolpz/audio-cmn/blob/ff9ed3d0c631195bd2c06f39450f3264c7124040/64k/syllabs/cmn-o1.mp3,CC BY-SA (source does not specify version),https://github.com/hugolpz/audio-cmn/blob/ff9ed3d0c631195bd2c06f39450f3264c7124040/README.md,Decoded MP3 to mono 24 kHz PCM16 WAV; no concatenation or phonetic edits.,BLOCKED,NOT RUN
o2,Pinyin/o2.wav,9738162b2d2127b92f1cc7d5c38474b4761d661e16e9f3958037ad5c7e01e84c,0.936,Chen Wang; audio-cmn / Hugo Lopez,https://github.com/hugolpz/audio-cmn/blob/ff9ed3d0c631195bd2c06f39450f3264c7124040/64k/syllabs/cmn-o2.mp3,CC BY-SA (source does not specify version),https://github.com/hugolpz/audio-cmn/blob/ff9ed3d0c631195bd2c06f39450f3264c7124040/README.md,Decoded MP3 to mono 24 kHz PCM16 WAV; no concatenation or phonetic edits.,BLOCKED,NOT RUN
o4,Pinyin/o4.wav,ab9f0ac45784fd3e576862d66b5ae09a38c5dd55549e454131e4bff682fdc7e8,0.888,Chen Wang; audio-cmn / Hugo Lopez,https://github.com/hugolpz/audio-cmn/blob/ff9ed3d0c631195bd2c06f39450f3264c7124040/64k/syllabs/cmn-o4.mp3,CC BY-SA (source does not specify version),https://github.com/hugolpz/audio-cmn/blob/ff9ed3d0c631195bd2c06f39450f3264c7124040/README.md,Decoded MP3 to mono 24 kHz PCM16 WAV; no concatenation or phonetic edits.,BLOCKED,NOT RUN
e2,Pinyin/e2.wav,d1ba803b9699ed401a833b6067ecd375b4b7aa4b29c8c8d3f4e5d0d95b483fe3,0.984,Chen Wang; audio-cmn / Hugo Lopez,https://github.com/hugolpz/audio-cmn/blob/ff9ed3d0c631195bd2c06f39450f3264c7124040/64k/syllabs/cmn-e2.mp3,CC BY-SA (source does not specify version),https://github.com/hugolpz/audio-cmn/blob/ff9ed3d0c631195bd2c06f39450f3264c7124040/README.md,Decoded MP3 to mono 24 kHz PCM16 WAV; no concatenation or phonetic edits.,BLOCKED,NOT RUN
e3,Pinyin/e3.wav,0f8d966df5b0d36dcf164843f8368060b8014c7c7ab207c54692bae2ce71ed4e,1.176,Chen Wang; audio-cmn / Hugo Lopez,https://github.com/hugolpz/audio-cmn/blob/ff9ed3d0c631195bd2c06f39450f3264c7124040/64k/syllabs/cmn-e3.mp3,CC BY-SA (source does not specify version),https://github.com/hugolpz/audio-cmn/blob/ff9ed3d0c631195bd2c06f39450f3264c7124040/README.md,Decoded MP3 to mono 24 kHz PCM16 WAV; no concatenation or phonetic edits.,BLOCKED,NOT RUN
e4,Pinyin/e4.wav,8a9b0618ea2c9ea9013e433e4e85e905ed239bcc906108f4bb0fdf63cc19d4bc,0.936,Chen Wang; audio-cmn / Hugo Lopez,https://github.com/hugolpz/audio-cmn/blob/ff9ed3d0c631195bd2c06f39450f3264c7124040/64k/syllabs/cmn-e4.mp3,CC BY-SA (source does not specify version),https://github.com/hugolpz/audio-cmn/blob/ff9ed3d0c631195bd2c06f39450f3264c7124040/README.md,Decoded MP3 to mono 24 kHz PCM16 WAV; no concatenation or phonetic edits.,BLOCKED,NOT RUN
yu1,Pinyin/yu1.wav,c6ecad3fb29bd968c05bcf1ae3aed9f1762069c8e639fea90eb1f509bad921f5,0.936,Chen Wang; audio-cmn / Hugo Lopez,https://github.com/hugolpz/audio-cmn/blob/ff9ed3d0c631195bd2c06f39450f3264c7124040/64k/syllabs/cmn-yu1.mp3,CC BY-SA (source does not specify version),https://github.com/hugolpz/audio-cmn/blob/ff9ed3d0c631195bd2c06f39450f3264c7124040/README.md,Decoded MP3 to mono 24 kHz PCM16 WAV; no concatenation or phonetic edits.,BLOCKED,NOT RUN
yu2,Pinyin/yu2.wav,2ac07177b6284fddbda963969b76b0f8c5e0835b82492e52a1d92a232d1e2d1c,0.936,Chen Wang; audio-cmn / Hugo Lopez,https://github.com/hugolpz/audio-cmn/blob/ff9ed3d0c631195bd2c06f39450f3264c7124040/64k/syllabs/cmn-yu2.mp3,CC BY-SA (source does not specify version),https://github.com/hugolpz/audio-cmn/blob/ff9ed3d0c631195bd2c06f39450f3264c7124040/README.md,Decoded MP3 to mono 24 kHz PCM16 WAV; no concatenation or phonetic edits.,BLOCKED,NOT RUN
yu3,Pinyin/yu3.wav,152c4abb0cdc72e87f9c4c0d0b6b3632a46053c02ef5a13e3c718ec28de7ff94,1.176,Chen Wang; audio-cmn / Hugo Lopez,https://github.com/hugolpz/audio-cmn/blob/ff9ed3d0c631195bd2c06f39450f3264c7124040/64k/syllabs/cmn-yu3.mp3,CC BY-SA (source does not specify version),https://github.com/hugolpz/audio-cmn/blob/ff9ed3d0c631195bd2c06f39450f3264c7124040/README.md,Decoded MP3 to mono 24 kHz PCM16 WAV; no concatenation or phonetic edits.,BLOCKED,NOT RUN
yu4,Pinyin/yu4.wav,d681dd5adf2ff62cc8f32d3509795cb351cb3f011ec8ffb2da730daffa2efb7c,1.032,Chen Wang; audio-cmn / Hugo Lopez,https://github.com/hugolpz/audio-cmn/blob/ff9ed3d0c631195bd2c06f39450f3264c7124040/64k/syllabs/cmn-yu4.mp3,CC BY-SA (source does not specify version),https://github.com/hugolpz/audio-cmn/blob/ff9ed3d0c631195bd2c06f39450f3264c7124040/README.md,Decoded MP3 to mono 24 kHz PCM16 WAV; no concatenation or phonetic edits.,BLOCKED,NOT RUN
ai1,Pinyin/ai1.wav,82a43daef8ee4e2dbbf11bb624ab4bd0ce155f9ae90be1f9be3a681304ec3e50,0.984,Chen Wang; audio-cmn / Hugo Lopez,https://github.com/hugolpz/audio-cmn/blob/ff9ed3d0c631195bd2c06f39450f3264c7124040/64k/syllabs/cmn-ai1.mp3,CC BY-SA (source does not specify version),https://github.com/hugolpz/audio-cmn/blob/ff9ed3d0c631195bd2c06f39450f3264c7124040/README.md,Decoded MP3 to mono 24 kHz PCM16 WAV; no concatenation or phonetic edits.,BLOCKED,NOT RUN
ai2,Pinyin/ai2.wav,f9b1ddccf2a98810832ada405c5eb9fc29e0b1f6bc36594f1f1d2bde072f63b2,0.984,Chen Wang; audio-cmn / Hugo Lopez,https://github.com/hugolpz/audio-cmn/blob/ff9ed3d0c631195bd2c06f39450f3264c7124040/64k/syllabs/cmn-ai2.mp3,CC BY-SA (source does not specify version),https://github.com/hugolpz/audio-cmn/blob/ff9ed3d0c631195bd2c06f39450f3264c7124040/README.md,Decoded MP3 to mono 24 kHz PCM16 WAV; no concatenation or phonetic edits.,BLOCKED,NOT RUN
ai3,Pinyin/ai3.wav,504f2351fc59db034bd1f7f0efae8ec9967bb13e5af9136e468df0926dad3a4e,1.128,Chen Wang; audio-cmn / Hugo Lopez,https://github.com/hugolpz/audio-cmn/blob/ff9ed3d0c631195bd2c06f39450f3264c7124040/64k/syllabs/cmn-ai3.mp3,CC BY-SA (source does not specify version),https://github.com/hugolpz/audio-cmn/blob/ff9ed3d0c631195bd2c06f39450f3264c7124040/README.md,Decoded MP3 to mono 24 kHz PCM16 WAV; no concatenation or phonetic edits.,BLOCKED,NOT RUN
ai4,Pinyin/ai4.wav,ea58335b32192e8c315178ad6ee60f3277025ab1e17b624c3978d2dd4c946208,0.888,Chen Wang; audio-cmn / Hugo Lopez,https://github.com/hugolpz/audio-cmn/blob/ff9ed3d0c631195bd2c06f39450f3264c7124040/64k/syllabs/cmn-ai4.mp3,CC BY-SA (source does not specify version),https://github.com/hugolpz/audio-cmn/blob/ff9ed3d0c631195bd2c06f39450f3264c7124040/README.md,Decoded MP3 to mono 24 kHz PCM16 WAV; no concatenation or phonetic edits.,BLOCKED,NOT RUN
bei1,Pinyin/bei1.wav,ef0254decf107e76c3459764219f1ece66ad424c38e17e70ad628a0bab038ca0,1.032,Chen Wang; audio-cmn / Hugo Lopez,https://github.com/hugolpz/audio-cmn/blob/ff9ed3d0c631195bd2c06f39450f3264c7124040/64k/syllabs/cmn-bei1.mp3,CC BY-SA (source does not specify version),https://github.com/hugolpz/audio-cmn/blob/ff9ed3d0c631195bd2c06f39450f3264c7124040/README.md,Decoded MP3 to mono 24 kHz PCM16 WAV; no concatenation or phonetic edits.,BLOCKED,NOT RUN
bei3,Pinyin/bei3.wav,a4615256575ad70c22ffdbc8e09067fa08c978b4d47363469952e6d1d1718362,1.176,Chen Wang; audio-cmn / Hugo Lopez,https://github.com/hugolpz/audio-cmn/blob/ff9ed3d0c631195bd2c06f39450f3264c7124040/64k/syllabs/cmn-bei3.mp3,CC BY-SA (source does not specify version),https://github.com/hugolpz/audio-cmn/blob/ff9ed3d0c631195bd2c06f39450f3264c7124040/README.md,Decoded MP3 to mono 24 kHz PCM16 WAV; no concatenation or phonetic edits.,BLOCKED,NOT RUN
bei4,Pinyin/bei4.wav,b02b1bb51569dc2d740aa114d0c4cf0539841d740985d53ec142a3a599ad125f,0.936,Chen Wang; audio-cmn / Hugo Lopez,https://github.com/hugolpz/audio-cmn/blob/ff9ed3d0c631195bd2c06f39450f3264c7124040/64k/syllabs/cmn-bei4.mp3,CC BY-SA (source does not specify version),https://github.com/hugolpz/audio-cmn/blob/ff9ed3d0c631195bd2c06f39450f3264c7124040/README.md,Decoded MP3 to mono 24 kHz PCM16 WAV; no concatenation or phonetic edits.,BLOCKED,NOT RUN
gui1,Pinyin/gui1.wav,00e8cc71f3c520b02cca16fa4201d4d748cf4793fd37ec31f52f7760c6ec655e,0.984,Chen Wang; audio-cmn / Hugo Lopez,https://github.com/hugolpz/audio-cmn/blob/ff9ed3d0c631195bd2c06f39450f3264c7124040/64k/syllabs/cmn-gui1.mp3,CC BY-SA (source does not specify version),https://github.com/hugolpz/audio-cmn/blob/ff9ed3d0c631195bd2c06f39450f3264c7124040/README.md,Decoded MP3 to mono 24 kHz PCM16 WAV; no concatenation or phonetic edits.,BLOCKED,NOT RUN
gui3,Pinyin/gui3.wav,0d7e13b04794f70ba55224eb9ad4329f56e2411efbc5f226f0902f421ac9b795,1.296,Chen Wang; audio-cmn / Hugo Lopez,https://github.com/hugolpz/audio-cmn/blob/ff9ed3d0c631195bd2c06f39450f3264c7124040/64k/syllabs/cmn-gui3.mp3,CC BY-SA (source does not specify version),https://github.com/hugolpz/audio-cmn/blob/ff9ed3d0c631195bd2c06f39450f3264c7124040/README.md,Decoded MP3 to mono 24 kHz PCM16 WAV; no concatenation or phonetic edits.,BLOCKED,NOT RUN
gui4,Pinyin/gui4.wav,01795811ea4318277d12e7867e58aa3bbfcc13807ff6277c56a27739811d2551,1.032,Chen Wang; audio-cmn / Hugo Lopez,https://github.com/hugolpz/audio-cmn/blob/ff9ed3d0c631195bd2c06f39450f3264c7124040/64k/syllabs/cmn-gui4.mp3,CC BY-SA (source does not specify version),https://github.com/hugolpz/audio-cmn/blob/ff9ed3d0c631195bd2c06f39450f3264c7124040/README.md,Decoded MP3 to mono 24 kHz PCM16 WAV; no concatenation or phonetic edits.,BLOCKED,NOT RUN
bao1,Pinyin/bao1.wav,59e3cea9633283b5f2bb43d56853b15d4de63abe2ef549cc8a57702379527654,0.936,Chen Wang; audio-cmn / Hugo Lopez,https://github.com/hugolpz/audio-cmn/blob/ff9ed3d0c631195bd2c06f39450f3264c7124040/64k/syllabs/cmn-bao1.mp3,CC BY-SA (source does not specify version),https://github.com/hugolpz/audio-cmn/blob/ff9ed3d0c631195bd2c06f39450f3264c7124040/README.md,Decoded MP3 to mono 24 kHz PCM16 WAV; no concatenation or phonetic edits.,BLOCKED,NOT RUN
bao2,Pinyin/bao2.wav,a172bb4d6682309acde8319a717a292eb56beba7ff9ea9082f7b3b773cba56eb,1.032,Chen Wang; audio-cmn / Hugo Lopez,https://github.com/hugolpz/audio-cmn/blob/ff9ed3d0c631195bd2c06f39450f3264c7124040/64k/syllabs/cmn-bao2.mp3,CC BY-SA (source does not specify version),https://github.com/hugolpz/audio-cmn/blob/ff9ed3d0c631195bd2c06f39450f3264c7124040/README.md,Decoded MP3 to mono 24 kHz PCM16 WAV; no concatenation or phonetic edits.,BLOCKED,NOT RUN
bao3,Pinyin/bao3.wav,40d9e639fab58e27fee6ab2f367767be82b7af84327507580f07ccb3d96c9fc4,1.176,Chen Wang; audio-cmn / Hugo Lopez,https://github.com/hugolpz/audio-cmn/blob/ff9ed3d0c631195bd2c06f39450f3264c7124040/64k/syllabs/cmn-bao3.mp3,CC BY-SA (source does not specify version),https://github.com/hugolpz/audio-cmn/blob/ff9ed3d0c631195bd2c06f39450f3264c7124040/README.md,Decoded MP3 to mono 24 kHz PCM16 WAV; no concatenation or phonetic edits.,BLOCKED,NOT RUN
bao4,Pinyin/bao4.wav,c7afcf0af7a92efdb776a6ea6314f8743f1868f1cd20f99043251432cd4e1f4c,0.936,Chen Wang; audio-cmn / Hugo Lopez,https://github.com/hugolpz/audio-cmn/blob/ff9ed3d0c631195bd2c06f39450f3264c7124040/64k/syllabs/cmn-bao4.mp3,CC BY-SA (source does not specify version),https://github.com/hugolpz/audio-cmn/blob/ff9ed3d0c631195bd2c06f39450f3264c7124040/README.md,Decoded MP3 to mono 24 kHz PCM16 WAV; no concatenation or phonetic edits.,BLOCKED,NOT RUN
gou1,Pinyin/gou1.wav,1a1a2e26a22214564fdbb6cd6831987683f9d7ae82af57b84db23a1a30f49ada,0.984,Chen Wang; audio-cmn / Hugo Lopez,https://github.com/hugolpz/audio-cmn/blob/ff9ed3d0c631195bd2c06f39450f3264c7124040/64k/syllabs/cmn-gou1.mp3,CC BY-SA (source does not specify version),https://github.com/hugolpz/audio-cmn/blob/ff9ed3d0c631195bd2c06f39450f3264c7124040/README.md,Decoded MP3 to mono 24 kHz PCM16 WAV; no concatenation or phonetic edits.,BLOCKED,NOT RUN
gou3,Pinyin/gou3.wav,07a6e464544b7ae9e8ca25c75a4df37e4dd3edc6c278507693d3870d360ff481,1.176,Chen Wang; audio-cmn / Hugo Lopez,https://github.com/hugolpz/audio-cmn/blob/ff9ed3d0c631195bd2c06f39450f3264c7124040/64k/syllabs/cmn-gou3.mp3,CC BY-SA (source does not specify version),https://github.com/hugolpz/audio-cmn/blob/ff9ed3d0c631195bd2c06f39450f3264c7124040/README.md,Decoded MP3 to mono 24 kHz PCM16 WAV; no concatenation or phonetic edits.,BLOCKED,NOT RUN
gou4,Pinyin/gou4.wav,9b11e9dd1f6d243f14379e9dafd68fdf379adeb2ac40668d7190f79bad29bb24,0.936,Chen Wang; audio-cmn / Hugo Lopez,https://github.com/hugolpz/audio-cmn/blob/ff9ed3d0c631195bd2c06f39450f3264c7124040/64k/syllabs/cmn-gou4.mp3,CC BY-SA (source does not specify version),https://github.com/hugolpz/audio-cmn/blob/ff9ed3d0c631195bd2c06f39450f3264c7124040/README.md,Decoded MP3 to mono 24 kHz PCM16 WAV; no concatenation or phonetic edits.,BLOCKED,NOT RUN
liu1,Pinyin/liu1.wav,5c0955eac50050fee2f17325031a4c4fb492d6ad5293db76083052eb5f6a86e2,1.032,Chen Wang; audio-cmn / Hugo Lopez,https://github.com/hugolpz/audio-cmn/blob/ff9ed3d0c631195bd2c06f39450f3264c7124040/64k/syllabs/cmn-liu1.mp3,CC BY-SA (source does not specify version),https://github.com/hugolpz/audio-cmn/blob/ff9ed3d0c631195bd2c06f39450f3264c7124040/README.md,Decoded MP3 to mono 24 kHz PCM16 WAV; no concatenation or phonetic edits.,BLOCKED,NOT RUN
liu2,Pinyin/liu2.wav,cf16604285680dd1843742a04136f4a486a1724172b4ccf97554abb58be28305,0.936,Chen Wang; audio-cmn / Hugo Lopez,https://github.com/hugolpz/audio-cmn/blob/ff9ed3d0c631195bd2c06f39450f3264c7124040/64k/syllabs/cmn-liu2.mp3,CC BY-SA (source does not specify version),https://github.com/hugolpz/audio-cmn/blob/ff9ed3d0c631195bd2c06f39450f3264c7124040/README.md,Decoded MP3 to mono 24 kHz PCM16 WAV; no concatenation or phonetic edits.,BLOCKED,NOT RUN
liu3,Pinyin/liu3.wav,f07f17c455db84fb7f996cc525647e874eef3a8a003a74fe85c6a2f2105985a7,1.44,Chen Wang; audio-cmn / Hugo Lopez,https://github.com/hugolpz/audio-cmn/blob/ff9ed3d0c631195bd2c06f39450f3264c7124040/64k/syllabs/cmn-liu3.mp3,CC BY-SA (source does not specify version),https://github.com/hugolpz/audio-cmn/blob/ff9ed3d0c631195bd2c06f39450f3264c7124040/README.md,Decoded MP3 to mono 24 kHz PCM16 WAV; no concatenation or phonetic edits.,BLOCKED,NOT RUN
liu4,Pinyin/liu4.wav,5ab582ee7dc39db39350e196747de89c2a43fe90595b4bf932b1405a0d9c8f13,1.032,Chen Wang; audio-cmn / Hugo Lopez,https://github.com/hugolpz/audio-cmn/blob/ff9ed3d0c631195bd2c06f39450f3264c7124040/64k/syllabs/cmn-liu4.mp3,CC BY-SA (source does not specify version),https://github.com/hugolpz/audio-cmn/blob/ff9ed3d0c631195bd2c06f39450f3264c7124040/README.md,Decoded MP3 to mono 24 kHz PCM16 WAV; no concatenation or phonetic edits.,BLOCKED,NOT RUN
jie1,Pinyin/jie1.wav,b661bdbcfca84ea17140254f2f65336fa5a65e19c4d0b6b663ff38d751282ff6,1.08,Chen Wang; audio-cmn / Hugo Lopez,https://github.com/hugolpz/audio-cmn/blob/ff9ed3d0c631195bd2c06f39450f3264c7124040/64k/syllabs/cmn-jie1.mp3,CC BY-SA (source does not specify version),https://github.com/hugolpz/audio-cmn/blob/ff9ed3d0c631195bd2c06f39450f3264c7124040/README.md,Decoded MP3 to mono 24 kHz PCM16 WAV; no concatenation or phonetic edits.,BLOCKED,NOT RUN
jie2,Pinyin/jie2.wav,b781f3a2c67bbac018f0eaa9523ee0ee06b7f0697b9e5ce418b54193940fa346,1.08,Chen Wang; audio-cmn / Hugo Lopez,https://github.com/hugolpz/audio-cmn/blob/ff9ed3d0c631195bd2c06f39450f3264c7124040/64k/syllabs/cmn-jie2.mp3,CC BY-SA (source does not specify version),https://github.com/hugolpz/audio-cmn/blob/ff9ed3d0c631195bd2c06f39450f3264c7124040/README.md,Decoded MP3 to mono 24 kHz PCM16 WAV; no concatenation or phonetic edits.,BLOCKED,NOT RUN
jie3,Pinyin/jie3.wav,c14db4f0932d17282b86bbd780c0c52852cef6b199e033de239ac66d6fe1f429,1.344,Chen Wang; audio-cmn / Hugo Lopez,https://github.com/hugolpz/audio-cmn/blob/ff9ed3d0c631195bd2c06f39450f3264c7124040/64k/syllabs/cmn-jie3.mp3,CC BY-SA (source does not specify version),https://github.com/hugolpz/audio-cmn/blob/ff9ed3d0c631195bd2c06f39450f3264c7124040/README.md,Decoded MP3 to mono 24 kHz PCM16 WAV; no concatenation or phonetic edits.,BLOCKED,NOT RUN
jie4,Pinyin/jie4.wav,a9787ffeff5f14f409c844ac545679111ebfc036d0a209f65bf385f3a3955f95,0.888,Chen Wang; audio-cmn / Hugo Lopez,https://github.com/hugolpz/audio-cmn/blob/ff9ed3d0c631195bd2c06f39450f3264c7124040/64k/syllabs/cmn-jie4.mp3,CC BY-SA (source does not specify version),https://github.com/hugolpz/audio-cmn/blob/ff9ed3d0c631195bd2c06f39450f3264c7124040/README.md,Decoded MP3 to mono 24 kHz PCM16 WAV; no concatenation or phonetic edits.,BLOCKED,NOT RUN
yue1,Pinyin/yue1.wav,7cb987b9650c3e5290858f59b789e4940a1c93cc0992deaee016c33baf7eadec,0.936,Chen Wang; audio-cmn / Hugo Lopez,https://github.com/hugolpz/audio-cmn/blob/ff9ed3d0c631195bd2c06f39450f3264c7124040/64k/syllabs/cmn-yue1.mp3,CC BY-SA (source does not specify version),https://github.com/hugolpz/audio-cmn/blob/ff9ed3d0c631195bd2c06f39450f3264c7124040/README.md,Decoded MP3 to mono 24 kHz PCM16 WAV; no concatenation or phonetic edits.,BLOCKED,NOT RUN
yue4,Pinyin/yue4.wav,9babeec02b96c0eb65c0e4d05e3000323865c18c48acde45e32374c011081a8b,0.984,Chen Wang; audio-cmn / Hugo Lopez,https://github.com/hugolpz/audio-cmn/blob/ff9ed3d0c631195bd2c06f39450f3264c7124040/64k/syllabs/cmn-yue4.mp3,CC BY-SA (source does not specify version),https://github.com/hugolpz/audio-cmn/blob/ff9ed3d0c631195bd2c06f39450f3264c7124040/README.md,Decoded MP3 to mono 24 kHz PCM16 WAV; no concatenation or phonetic edits.,BLOCKED,NOT RUN
er2,Pinyin/er2.wav,f788d3f8fd00b088beb0a8d6714f155774cdffeeb8dbcc1a684fefecae629ddd,1.08,Chen Wang; audio-cmn / Hugo Lopez,https://github.com/hugolpz/audio-cmn/blob/ff9ed3d0c631195bd2c06f39450f3264c7124040/64k/syllabs/cmn-er2.mp3,CC BY-SA (source does not specify version),https://github.com/hugolpz/audio-cmn/blob/ff9ed3d0c631195bd2c06f39450f3264c7124040/README.md,Decoded MP3 to mono 24 kHz PCM16 WAV; no concatenation or phonetic edits.,BLOCKED,NOT RUN
er3,Pinyin/er3.wav,bb38bea8ac32301377289471e2972f8d4d272c07b599fa450467d7b691a4d6de,1.176,Chen Wang; audio-cmn / Hugo Lopez,https://github.com/hugolpz/audio-cmn/blob/ff9ed3d0c631195bd2c06f39450f3264c7124040/64k/syllabs/cmn-er3.mp3,CC BY-SA (source does not specify version),https://github.com/hugolpz/audio-cmn/blob/ff9ed3d0c631195bd2c06f39450f3264c7124040/README.md,Decoded MP3 to mono 24 kHz PCM16 WAV; no concatenation or phonetic edits.,BLOCKED,NOT RUN
er4,Pinyin/er4.wav,20f82be0940d0ec17dd2c5bff3f652938ecd8c72316a5e532a2977195fd0f572,0.888,Chen Wang; audio-cmn / Hugo Lopez,https://github.com/hugolpz/audio-cmn/blob/ff9ed3d0c631195bd2c06f39450f3264c7124040/64k/syllabs/cmn-er4.mp3,CC BY-SA (source does not specify version),https://github.com/hugolpz/audio-cmn/blob/ff9ed3d0c631195bd2c06f39450f3264c7124040/README.md,Decoded MP3 to mono 24 kHz PCM16 WAV; no concatenation or phonetic edits.,BLOCKED,NOT RUN
an1,Pinyin/an1.wav,7414ff8fb6449d13542c1b2cd50504c314f6e5ddbebb50b9f55002e5d6c548f0,1.032,Chen Wang; audio-cmn / Hugo Lopez,https://github.com/hugolpz/audio-cmn/blob/ff9ed3d0c631195bd2c06f39450f3264c7124040/64k/syllabs/cmn-an1.mp3,CC BY-SA (source does not specify version),https://github.com/hugolpz/audio-cmn/blob/ff9ed3d0c631195bd2c06f39450f3264c7124040/README.md,Decoded MP3 to mono 24 kHz PCM16 WAV; no concatenation or phonetic edits.,BLOCKED,NOT RUN
an4,Pinyin/an4.wav,071e7b7b3e53bd3c2991b6fa7167147ff6b3340ca61d3b2e006ea49b3c253081,0.936,Chen Wang; audio-cmn / Hugo Lopez,https://github.com/hugolpz/audio-cmn/blob/ff9ed3d0c631195bd2c06f39450f3264c7124040/64k/syllabs/cmn-an4.mp3,CC BY-SA (source does not specify version),https://github.com/hugolpz/audio-cmn/blob/ff9ed3d0c631195bd2c06f39450f3264c7124040/README.md,Decoded MP3 to mono 24 kHz PCM16 WAV; no concatenation or phonetic edits.,BLOCKED,NOT RUN
ben1,Pinyin/ben1.wav,2b5d3dca391a48f58089e7d22f6ebee3622e06860b84d946117e1b1982516a8e,0.888,Chen Wang; audio-cmn / Hugo Lopez,https://github.com/hugolpz/audio-cmn/blob/ff9ed3d0c631195bd2c06f39450f3264c7124040/64k/syllabs/cmn-ben1.mp3,CC BY-SA (source does not specify version),https://github.com/hugolpz/audio-cmn/blob/ff9ed3d0c631195bd2c06f39450f3264c7124040/README.md,Decoded MP3 to mono 24 kHz PCM16 WAV; no concatenation or phonetic edits.,BLOCKED,NOT RUN
ben3,Pinyin/ben3.wav,e3f9d70e4191bd98505778b1343b17f36f626619493c498a8a17b8d2c3856efc,1.296,Chen Wang; audio-cmn / Hugo Lopez,https://github.com/hugolpz/audio-cmn/blob/ff9ed3d0c631195bd2c06f39450f3264c7124040/64k/syllabs/cmn-ben3.mp3,CC BY-SA (source does not specify version),https://github.com/hugolpz/audio-cmn/blob/ff9ed3d0c631195bd2c06f39450f3264c7124040/README.md,Decoded MP3 to mono 24 kHz PCM16 WAV; no concatenation or phonetic edits.,BLOCKED,NOT RUN
ben4,Pinyin/ben4.wav,4fbac82c9a8e49683d51cc3f369f007b21b69e59b7cfbce5ddf57b87c34a42ea,0.936,Chen Wang; audio-cmn / Hugo Lopez,https://github.com/hugolpz/audio-cmn/blob/ff9ed3d0c631195bd2c06f39450f3264c7124040/64k/syllabs/cmn-ben4.mp3,CC BY-SA (source does not specify version),https://github.com/hugolpz/audio-cmn/blob/ff9ed3d0c631195bd2c06f39450f3264c7124040/README.md,Decoded MP3 to mono 24 kHz PCM16 WAV; no concatenation or phonetic edits.,BLOCKED,NOT RUN
yin1,Pinyin/yin1.wav,3797bf3c9f883e2beb81687073a88541892edb5c1de7fa16a87bf71771a8e0b4,1.032,Chen Wang; audio-cmn / Hugo Lopez,https://github.com/hugolpz/audio-cmn/blob/ff9ed3d0c631195bd2c06f39450f3264c7124040/64k/syllabs/cmn-yin1.mp3,CC BY-SA (source does not specify version),https://github.com/hugolpz/audio-cmn/blob/ff9ed3d0c631195bd2c06f39450f3264c7124040/README.md,Decoded MP3 to mono 24 kHz PCM16 WAV; no concatenation or phonetic edits.,BLOCKED,NOT RUN
yin2,Pinyin/yin2.wav,d5c0fc99caa736b3ba33ba8c06220e8b2c018edf26f74ee256eb407033e5f08b,1.128,Chen Wang; audio-cmn / Hugo Lopez,https://github.com/hugolpz/audio-cmn/blob/ff9ed3d0c631195bd2c06f39450f3264c7124040/64k/syllabs/cmn-yin2.mp3,CC BY-SA (source does not specify version),https://github.com/hugolpz/audio-cmn/blob/ff9ed3d0c631195bd2c06f39450f3264c7124040/README.md,Decoded MP3 to mono 24 kHz PCM16 WAV; no concatenation or phonetic edits.,BLOCKED,NOT RUN
yin3,Pinyin/yin3.wav,01c6a7e0d59a4b82df7d78c180e4e40107ef89f7169104c90583b05cc90e9ca8,1.344,Chen Wang; audio-cmn / Hugo Lopez,https://github.com/hugolpz/audio-cmn/blob/ff9ed3d0c631195bd2c06f39450f3264c7124040/64k/syllabs/cmn-yin3.mp3,CC BY-SA (source does not specify version),https://github.com/hugolpz/audio-cmn/blob/ff9ed3d0c631195bd2c06f39450f3264c7124040/README.md,Decoded MP3 to mono 24 kHz PCM16 WAV; no concatenation or phonetic edits.,BLOCKED,NOT RUN
yin4,Pinyin/yin4.wav,eada6f3f0b7043357ac1af1475d13cf9a440d31fd46a907ece3f3c1909548ca6,1.032,Chen Wang; audio-cmn / Hugo Lopez,https://github.com/hugolpz/audio-cmn/blob/ff9ed3d0c631195bd2c06f39450f3264c7124040/64k/syllabs/cmn-yin4.mp3,CC BY-SA (source does not specify version),https://github.com/hugolpz/audio-cmn/blob/ff9ed3d0c631195bd2c06f39450f3264c7124040/README.md,Decoded MP3 to mono 24 kHz PCM16 WAV; no concatenation or phonetic edits.,BLOCKED,NOT RUN
lun2,Pinyin/lun2.wav,e65489f902c3df0e072dce8049c9cab58477ff1d719ea7c7dfff0f87a0b49e12,0.984,Chen Wang; audio-cmn / Hugo Lopez,https://github.com/hugolpz/audio-cmn/blob/ff9ed3d0c631195bd2c06f39450f3264c7124040/64k/syllabs/cmn-lun2.mp3,CC BY-SA (source does not specify version),https://github.com/hugolpz/audio-cmn/blob/ff9ed3d0c631195bd2c06f39450f3264c7124040/README.md,Decoded MP3 to mono 24 kHz PCM16 WAV; no concatenation or phonetic edits.,BLOCKED,NOT RUN
lun4,Pinyin/lun4.wav,74fea508d658e44c5136185508ea0b5d170056816d275468955177f516738af4,1.08,Chen Wang; audio-cmn / Hugo Lopez,https://github.com/hugolpz/audio-cmn/blob/ff9ed3d0c631195bd2c06f39450f3264c7124040/64k/syllabs/cmn-lun4.mp3,CC BY-SA (source does not specify version),https://github.com/hugolpz/audio-cmn/blob/ff9ed3d0c631195bd2c06f39450f3264c7124040/README.md,Decoded MP3 to mono 24 kHz PCM16 WAV; no concatenation or phonetic edits.,BLOCKED,NOT RUN
yun1,Pinyin/yun1.wav,581c560fcad894368bc8dfc27a3d6fa55ac92242567491048d79f5eecb8abb64,1.032,Chen Wang; audio-cmn / Hugo Lopez,https://github.com/hugolpz/audio-cmn/blob/ff9ed3d0c631195bd2c06f39450f3264c7124040/64k/syllabs/cmn-yun1.mp3,CC BY-SA (source does not specify version),https://github.com/hugolpz/audio-cmn/blob/ff9ed3d0c631195bd2c06f39450f3264c7124040/README.md,Decoded MP3 to mono 24 kHz PCM16 WAV; no concatenation or phonetic edits.,BLOCKED,NOT RUN
yun2,Pinyin/yun2.wav,d822edd148cfdbb5b321bf9cf1724e2d2b55c00c8e7848a83606eddf55284f09,1.176,Chen Wang; audio-cmn / Hugo Lopez,https://github.com/hugolpz/audio-cmn/blob/ff9ed3d0c631195bd2c06f39450f3264c7124040/64k/syllabs/cmn-yun2.mp3,CC BY-SA (source does not specify version),https://github.com/hugolpz/audio-cmn/blob/ff9ed3d0c631195bd2c06f39450f3264c7124040/README.md,Decoded MP3 to mono 24 kHz PCM16 WAV; no concatenation or phonetic edits.,BLOCKED,NOT RUN
yun3,Pinyin/yun3.wav,de5176e758782f600f840afb89c10667370e6cbc08f3ec9c584249cfe2af151a,1.176,Chen Wang; audio-cmn / Hugo Lopez,https://github.com/hugolpz/audio-cmn/blob/ff9ed3d0c631195bd2c06f39450f3264c7124040/64k/syllabs/cmn-yun3.mp3,CC BY-SA (source does not specify version),https://github.com/hugolpz/audio-cmn/blob/ff9ed3d0c631195bd2c06f39450f3264c7124040/README.md,Decoded MP3 to mono 24 kHz PCM16 WAV; no concatenation or phonetic edits.,BLOCKED,NOT RUN
yun4,Pinyin/yun4.wav,4678283e5e72616c937ebc4e3c031095580c52e2321600675fb895924f991f0a,1.032,Chen Wang; audio-cmn / Hugo Lopez,https://github.com/hugolpz/audio-cmn/blob/ff9ed3d0c631195bd2c06f39450f3264c7124040/64k/syllabs/cmn-yun4.mp3,CC BY-SA (source does not specify version),https://github.com/hugolpz/audio-cmn/blob/ff9ed3d0c631195bd2c06f39450f3264c7124040/README.md,Decoded MP3 to mono 24 kHz PCM16 WAV; no concatenation or phonetic edits.,BLOCKED,NOT RUN
bang1,Pinyin/bang1.wav,0a5557e1ed8b693bf95f2ac52842a9629df9ffd48e9aab60aa280c305544a886,0.984,Chen Wang; audio-cmn / Hugo Lopez,https://github.com/hugolpz/audio-cmn/blob/ff9ed3d0c631195bd2c06f39450f3264c7124040/64k/syllabs/cmn-bang1.mp3,CC BY-SA (source does not specify version),https://github.com/hugolpz/audio-cmn/blob/ff9ed3d0c631195bd2c06f39450f3264c7124040/README.md,Decoded MP3 to mono 24 kHz PCM16 WAV; no concatenation or phonetic edits.,BLOCKED,NOT RUN
bang3,Pinyin/bang3.wav,c77c086d5880e0fec70e79f1f5231712fc36511db8d1c2348a14174aad60f2f1,1.224,Chen Wang; audio-cmn / Hugo Lopez,https://github.com/hugolpz/audio-cmn/blob/ff9ed3d0c631195bd2c06f39450f3264c7124040/64k/syllabs/cmn-bang3.mp3,CC BY-SA (source does not specify version),https://github.com/hugolpz/audio-cmn/blob/ff9ed3d0c631195bd2c06f39450f3264c7124040/README.md,Decoded MP3 to mono 24 kHz PCM16 WAV; no concatenation or phonetic edits.,BLOCKED,NOT RUN
bang4,Pinyin/bang4.wav,5560f98c1086acb1315ab6297884f788b1c027f1c7e0a485971c15d3730f0b46,0.888,Chen Wang; audio-cmn / Hugo Lopez,https://github.com/hugolpz/audio-cmn/blob/ff9ed3d0c631195bd2c06f39450f3264c7124040/64k/syllabs/cmn-bang4.mp3,CC BY-SA (source does not specify version),https://github.com/hugolpz/audio-cmn/blob/ff9ed3d0c631195bd2c06f39450f3264c7124040/README.md,Decoded MP3 to mono 24 kHz PCM16 WAV; no concatenation or phonetic edits.,BLOCKED,NOT RUN
deng1,Pinyin/deng1.wav,27f18557ea4c476852932983e2d8e02de8b7d17e1c266b17175795aa24a1fddb,0.936,Chen Wang; audio-cmn / Hugo Lopez,https://github.com/hugolpz/audio-cmn/blob/ff9ed3d0c631195bd2c06f39450f3264c7124040/64k/syllabs/cmn-deng1.mp3,CC BY-SA (source does not specify version),https://github.com/hugolpz/audio-cmn/blob/ff9ed3d0c631195bd2c06f39450f3264c7124040/README.md,Decoded MP3 to mono 24 kHz PCM16 WAV; no concatenation or phonetic edits.,BLOCKED,NOT RUN
deng3,Pinyin/deng3.wav,054fed71ed556bb5967f48182935e9c465116f4e771a7f513726bbeee262d5db,1.224,Chen Wang; audio-cmn / Hugo Lopez,https://github.com/hugolpz/audio-cmn/blob/ff9ed3d0c631195bd2c06f39450f3264c7124040/64k/syllabs/cmn-deng3.mp3,CC BY-SA (source does not specify version),https://github.com/hugolpz/audio-cmn/blob/ff9ed3d0c631195bd2c06f39450f3264c7124040/README.md,Decoded MP3 to mono 24 kHz PCM16 WAV; no concatenation or phonetic edits.,BLOCKED,NOT RUN
deng4,Pinyin/deng4.wav,41238d8169d74dcb8336df7c3a575b6b49ac6713139c58c03c34c12be56440c3,0.936,Chen Wang; audio-cmn / Hugo Lopez,https://github.com/hugolpz/audio-cmn/blob/ff9ed3d0c631195bd2c06f39450f3264c7124040/64k/syllabs/cmn-deng4.mp3,CC BY-SA (source does not specify version),https://github.com/hugolpz/audio-cmn/blob/ff9ed3d0c631195bd2c06f39450f3264c7124040/README.md,Decoded MP3 to mono 24 kHz PCM16 WAV; no concatenation or phonetic edits.,BLOCKED,NOT RUN
ding1,Pinyin/ding1.wav,cb91af2b24ece6a851110624a4573184557f42f973507a7f95923ddfb0bcc196,0.888,Chen Wang; audio-cmn / Hugo Lopez,https://github.com/hugolpz/audio-cmn/blob/ff9ed3d0c631195bd2c06f39450f3264c7124040/64k/syllabs/cmn-ding1.mp3,CC BY-SA (source does not specify version),https://github.com/hugolpz/audio-cmn/blob/ff9ed3d0c631195bd2c06f39450f3264c7124040/README.md,Decoded MP3 to mono 24 kHz PCM16 WAV; no concatenation or phonetic edits.,BLOCKED,NOT RUN
ying2,Pinyin/ying2.wav,bd6d9ed8d2ca5fb97b41a1fd128fe06005b64836075e72a03059df729167a8f1,1.176,Chen Wang; audio-cmn / Hugo Lopez,https://github.com/hugolpz/audio-cmn/blob/ff9ed3d0c631195bd2c06f39450f3264c7124040/64k/syllabs/cmn-ying2.mp3,CC BY-SA (source does not specify version),https://github.com/hugolpz/audio-cmn/blob/ff9ed3d0c631195bd2c06f39450f3264c7124040/README.md,Decoded MP3 to mono 24 kHz PCM16 WAV; no concatenation or phonetic edits.,BLOCKED,NOT RUN
ding3,Pinyin/ding3.wav,997ef5728d8431a31d1931612cdb7415261660173d1324c0aa4adb3166be2193,1.176,Chen Wang; audio-cmn / Hugo Lopez,https://github.com/hugolpz/audio-cmn/blob/ff9ed3d0c631195bd2c06f39450f3264c7124040/64k/syllabs/cmn-ding3.mp3,CC BY-SA (source does not specify version),https://github.com/hugolpz/audio-cmn/blob/ff9ed3d0c631195bd2c06f39450f3264c7124040/README.md,Decoded MP3 to mono 24 kHz PCM16 WAV; no concatenation or phonetic edits.,BLOCKED,NOT RUN
ding4,Pinyin/ding4.wav,ba2a9d34059537a3cfa86577a0519976b74e36ce25521c87cfdd35982dc0d38a,0.984,Chen Wang; audio-cmn / Hugo Lopez,https://github.com/hugolpz/audio-cmn/blob/ff9ed3d0c631195bd2c06f39450f3264c7124040/64k/syllabs/cmn-ding4.mp3,CC BY-SA (source does not specify version),https://github.com/hugolpz/audio-cmn/blob/ff9ed3d0c631195bd2c06f39450f3264c7124040/README.md,Decoded MP3 to mono 24 kHz PCM16 WAV; no concatenation or phonetic edits.,BLOCKED,NOT RUN
dong1,Pinyin/dong1.wav,a1a6d16a821b54188895ce7ff1944b70f9084122b3669fa10f44f649c8cbf445,0.984,Chen Wang; audio-cmn / Hugo Lopez,https://github.com/hugolpz/audio-cmn/blob/ff9ed3d0c631195bd2c06f39450f3264c7124040/64k/syllabs/cmn-dong1.mp3,CC BY-SA (source does not specify version),https://github.com/hugolpz/audio-cmn/blob/ff9ed3d0c631195bd2c06f39450f3264c7124040/README.md,Decoded MP3 to mono 24 kHz PCM16 WAV; no concatenation or phonetic edits.,BLOCKED,NOT RUN
dong3,Pinyin/dong3.wav,f9e5e88e74f6d7c335b9518f5e8cd85df63eff7f1913aebdb2dc1cde7df2dc5b,1.224,Chen Wang; audio-cmn / Hugo Lopez,https://github.com/hugolpz/audio-cmn/blob/ff9ed3d0c631195bd2c06f39450f3264c7124040/64k/syllabs/cmn-dong3.mp3,CC BY-SA (source does not specify version),https://github.com/hugolpz/audio-cmn/blob/ff9ed3d0c631195bd2c06f39450f3264c7124040/README.md,Decoded MP3 to mono 24 kHz PCM16 WAV; no concatenation or phonetic edits.,BLOCKED,NOT RUN
dong4,Pinyin/dong4.wav,9d91404c3066e1bdc73afe3466eb72039794afdc20cb256b04efdbcbcc9dffb2,0.936,Chen Wang; audio-cmn / Hugo Lopez,https://github.com/hugolpz/audio-cmn/blob/ff9ed3d0c631195bd2c06f39450f3264c7124040/64k/syllabs/cmn-dong4.mp3,CC BY-SA (source does not specify version),https://github.com/hugolpz/audio-cmn/blob/ff9ed3d0c631195bd2c06f39450f3264c7124040/README.md,Decoded MP3 to mono 24 kHz PCM16 WAV; no concatenation or phonetic edits.,BLOCKED,NOT RUN
ci1,Pinyin/ci1.wav,597656b4f077c5b67bde4cd456d923383e9215489d075290c10a8d54b0edb5bc,1.08,Chen Wang; audio-cmn / Hugo Lopez,https://github.com/hugolpz/audio-cmn/blob/ff9ed3d0c631195bd2c06f39450f3264c7124040/64k/syllabs/cmn-ci1.mp3,CC BY-SA (source does not specify version),https://github.com/hugolpz/audio-cmn/blob/ff9ed3d0c631195bd2c06f39450f3264c7124040/README.md,Decoded MP3 to mono 24 kHz PCM16 WAV; no concatenation or phonetic edits.,BLOCKED,NOT RUN
ye1,Pinyin/ye1.wav,39cfabb5000825c8160c91e80909ba115eb5a146ecb420f6d6aa475a4f905725,1.08,Chen Wang; audio-cmn / Hugo Lopez,https://github.com/hugolpz/audio-cmn/blob/ff9ed3d0c631195bd2c06f39450f3264c7124040/64k/syllabs/cmn-ye1.mp3,CC BY-SA (source does not specify version),https://github.com/hugolpz/audio-cmn/blob/ff9ed3d0c631195bd2c06f39450f3264c7124040/README.md,Decoded MP3 to mono 24 kHz PCM16 WAV; no concatenation or phonetic edits.,BLOCKED,NOT RUN
ye2,Pinyin/ye2.wav,e650617c1f5b568492ae411537b703b7186910934785db3b6c7b73b76432c343,1.08,Chen Wang; audio-cmn / Hugo Lopez,https://github.com/hugolpz/audio-cmn/blob/ff9ed3d0c631195bd2c06f39450f3264c7124040/64k/syllabs/cmn-ye2.mp3,CC BY-SA (source does not specify version),https://github.com/hugolpz/audio-cmn/blob/ff9ed3d0c631195bd2c06f39450f3264c7124040/README.md,Decoded MP3 to mono 24 kHz PCM16 WAV; no concatenation or phonetic edits.,BLOCKED,NOT RUN
ye3,Pinyin/ye3.wav,8ae08af54fcf733a17e298fce1ca6a8dda1bf24d04cc93b8602937e6efaeac0c,1.224,Chen Wang; audio-cmn / Hugo Lopez,https://github.com/hugolpz/audio-cmn/blob/ff9ed3d0c631195bd2c06f39450f3264c7124040/64k/syllabs/cmn-ye3.mp3,CC BY-SA (source does not specify version),https://github.com/hugolpz/audio-cmn/blob/ff9ed3d0c631195bd2c06f39450f3264c7124040/README.md,Decoded MP3 to mono 24 kHz PCM16 WAV; no concatenation or phonetic edits.,BLOCKED,NOT RUN
ye4,Pinyin/ye4.wav,c1e9b2ec0d30bbd8db854b91e87e2cc68359b7cb4c0ac4edfdeb2e59e77abea9,0.984,Chen Wang; audio-cmn / Hugo Lopez,https://github.com/hugolpz/audio-cmn/blob/ff9ed3d0c631195bd2c06f39450f3264c7124040/64k/syllabs/cmn-ye4.mp3,CC BY-SA (source does not specify version),https://github.com/hugolpz/audio-cmn/blob/ff9ed3d0c631195bd2c06f39450f3264c7124040/README.md,Decoded MP3 to mono 24 kHz PCM16 WAV; no concatenation or phonetic edits.,BLOCKED,NOT RUN
yuan1,Pinyin/yuan1.wav,b7f5f259174c05ce25ee938e9f67d02c3c51045ffdf9ac3999ab0601f9ac1f9f,1.128,Chen Wang; audio-cmn / Hugo Lopez,https://github.com/hugolpz/audio-cmn/blob/ff9ed3d0c631195bd2c06f39450f3264c7124040/64k/syllabs/cmn-yuan1.mp3,CC BY-SA (source does not specify version),https://github.com/hugolpz/audio-cmn/blob/ff9ed3d0c631195bd2c06f39450f3264c7124040/README.md,Decoded MP3 to mono 24 kHz PCM16 WAV; no concatenation or phonetic edits.,BLOCKED,NOT RUN
yuan2,Pinyin/yuan2.wav,a125c4a9f1c040d73736a12ce5876432f116897ca3dd86e920a181e5d284b0da,1.176,Chen Wang; audio-cmn / Hugo Lopez,https://github.com/hugolpz/audio-cmn/blob/ff9ed3d0c631195bd2c06f39450f3264c7124040/64k/syllabs/cmn-yuan2.mp3,CC BY-SA (source does not specify version),https://github.com/hugolpz/audio-cmn/blob/ff9ed3d0c631195bd2c06f39450f3264c7124040/README.md,Decoded MP3 to mono 24 kHz PCM16 WAV; no concatenation or phonetic edits.,BLOCKED,NOT RUN
yuan3,Pinyin/yuan3.wav,a5e87e2fb332fb97f487682939a07591dee006749724d62f26448be146f757ca,1.44,Chen Wang; audio-cmn / Hugo Lopez,https://github.com/hugolpz/audio-cmn/blob/ff9ed3d0c631195bd2c06f39450f3264c7124040/64k/syllabs/cmn-yuan3.mp3,CC BY-SA (source does not specify version),https://github.com/hugolpz/audio-cmn/blob/ff9ed3d0c631195bd2c06f39450f3264c7124040/README.md,Decoded MP3 to mono 24 kHz PCM16 WAV; no concatenation or phonetic edits.,BLOCKED,NOT RUN
yuan4,Pinyin/yuan4.wav,6df9b95da4e4ac81a4cec62fdad5f23b7532417612199e1b6970da18f5b656bc,0.936,Chen Wang; audio-cmn / Hugo Lopez,https://github.com/hugolpz/audio-cmn/blob/ff9ed3d0c631195bd2c06f39450f3264c7124040/64k/syllabs/cmn-yuan4.mp3,CC BY-SA (source does not specify version),https://github.com/hugolpz/audio-cmn/blob/ff9ed3d0c631195bd2c06f39450f3264c7124040/README.md,Decoded MP3 to mono 24 kHz PCM16 WAV; no concatenation or phonetic edits.,BLOCKED,NOT RUN
ying1,Pinyin/ying1.wav,d62d0d68cfc482bcb11a18ae0a4899298a6b7808f9094a874030b3d5286ef127,1.176,Chen Wang; audio-cmn / Hugo Lopez,https://github.com/hugolpz/audio-cmn/blob/ff9ed3d0c631195bd2c06f39450f3264c7124040/64k/syllabs/cmn-ying1.mp3,CC BY-SA (source does not specify version),https://github.com/hugolpz/audio-cmn/blob/ff9ed3d0c631195bd2c06f39450f3264c7124040/README.md,Decoded MP3 to mono 24 kHz PCM16 WAV; no concatenation or phonetic edits.,BLOCKED,NOT RUN
ying3,Pinyin/ying3.wav,79dda29f2c637b8c4c0178525fdcea340dd00f10874ea26d8496307b707e496a,1.224,Chen Wang; audio-cmn / Hugo Lopez,https://github.com/hugolpz/audio-cmn/blob/ff9ed3d0c631195bd2c06f39450f3264c7124040/64k/syllabs/cmn-ying3.mp3,CC BY-SA (source does not specify version),https://github.com/hugolpz/audio-cmn/blob/ff9ed3d0c631195bd2c06f39450f3264c7124040/README.md,Decoded MP3 to mono 24 kHz PCM16 WAV; no concatenation or phonetic edits.,BLOCKED,NOT RUN
ying4,Pinyin/ying4.wav,64fc07a0c3e4d1e0130a1af7437c1dc90e9f4985c78bf5f0072a717bc352f886,0.984,Chen Wang; audio-cmn / Hugo Lopez,https://github.com/hugolpz/audio-cmn/blob/ff9ed3d0c631195bd2c06f39450f3264c7124040/64k/syllabs/cmn-ying4.mp3,CC BY-SA (source does not specify version),https://github.com/hugolpz/audio-cmn/blob/ff9ed3d0c631195bd2c06f39450f3264c7124040/README.md,Decoded MP3 to mono 24 kHz PCM16 WAV; no concatenation or phonetic edits.,BLOCKED,NOT RUN
bo1,Pinyin/bo1.wav,ff2f6eb2dd1fb554962077b9be60e0727f9b52f50bae9913200d5d913a52dbb8,0.936,Chen Wang; audio-cmn / Hugo Lopez,https://github.com/hugolpz/audio-cmn/blob/ff9ed3d0c631195bd2c06f39450f3264c7124040/64k/syllabs/cmn-bo1.mp3,CC BY-SA (source does not specify version),https://github.com/hugolpz/audio-cmn/blob/ff9ed3d0c631195bd2c06f39450f3264c7124040/README.md,Decoded MP3 to mono 24 kHz PCM16 WAV; no concatenation or phonetic edits.,BLOCKED,NOT RUN
mo1,Pinyin/mo1.wav,c6f6afb9b06d15b154bfdebc98f264e0710a4edbd6d47bc0636d1fb931536261,1.032,Chen Wang; audio-cmn / Hugo Lopez,https://github.com/hugolpz/audio-cmn/blob/ff9ed3d0c631195bd2c06f39450f3264c7124040/64k/syllabs/cmn-mo1.mp3,CC BY-SA (source does not specify version),https://github.com/hugolpz/audio-cmn/blob/ff9ed3d0c631195bd2c06f39450f3264c7124040/README.md,Decoded MP3 to mono 24 kHz PCM16 WAV; no concatenation or phonetic edits.,BLOCKED,NOT RUN
fo1,Pinyin/fo1.wav,f5b973760ebc8564fac2db01958557c1e1b6fd9bc18a9e33889c2c2cf1ca6de0,0.936,Chen Wang; audio-cmn / Hugo Lopez,https://github.com/hugolpz/audio-cmn/blob/ff9ed3d0c631195bd2c06f39450f3264c7124040/64k/syllabs/cmn-fo1.mp3,CC BY-SA (source does not specify version),https://github.com/hugolpz/audio-cmn/blob/ff9ed3d0c631195bd2c06f39450f3264c7124040/README.md,Decoded MP3 to mono 24 kHz PCM16 WAV; no concatenation or phonetic edits.,BLOCKED,NOT RUN
de1,Pinyin/de1.wav,00fbc04fba4d9531ffb74c084a4cde217fd4051aa9768042009eafdac46051b5,0.984,Chen Wang; audio-cmn / Hugo Lopez,https://github.com/hugolpz/audio-cmn/blob/ff9ed3d0c631195bd2c06f39450f3264c7124040/64k/syllabs/cmn-de1.mp3,CC BY-SA (source does not specify version),https://github.com/hugolpz/audio-cmn/blob/ff9ed3d0c631195bd2c06f39450f3264c7124040/README.md,Decoded MP3 to mono 24 kHz PCM16 WAV; no concatenation or phonetic edits.,BLOCKED,NOT RUN
te1,Pinyin/te1.wav,8934bd3fe277b9f119c3264d3c29c3104f1830862483ac19bed9b188a476abd8,1.08,Chen Wang; audio-cmn / Hugo Lopez,https://github.com/hugolpz/audio-cmn/blob/ff9ed3d0c631195bd2c06f39450f3264c7124040/64k/syllabs/cmn-te1.mp3,CC BY-SA (source does not specify version),https://github.com/hugolpz/audio-cmn/blob/ff9ed3d0c631195bd2c06f39450f3264c7124040/README.md,Decoded MP3 to mono 24 kHz PCM16 WAV; no concatenation or phonetic edits.,BLOCKED,NOT RUN
ne1,Pinyin/ne1.wav,d3e08ed439bc7a66b82d3c65901ffeed972bdf3287e9e22509e648aa1d1d92da,0.888,Chen Wang; audio-cmn / Hugo Lopez,https://github.com/hugolpz/audio-cmn/blob/ff9ed3d0c631195bd2c06f39450f3264c7124040/64k/syllabs/cmn-ne1.mp3,CC BY-SA (source does not specify version),https://github.com/hugolpz/audio-cmn/blob/ff9ed3d0c631195bd2c06f39450f3264c7124040/README.md,Decoded MP3 to mono 24 kHz PCM16 WAV; no concatenation or phonetic edits.,BLOCKED,NOT RUN
le1,Pinyin/le1.wav,7a522fbce6d9d623d1f726c1094e017d7f1de0d7e13ca90b8e5b33d10c554bb1,0.984,Chen Wang; audio-cmn / Hugo Lopez,https://github.com/hugolpz/audio-cmn/blob/ff9ed3d0c631195bd2c06f39450f3264c7124040/64k/syllabs/cmn-le1.mp3,CC BY-SA (source does not specify version),https://github.com/hugolpz/audio-cmn/blob/ff9ed3d0c631195bd2c06f39450f3264c7124040/README.md,Decoded MP3 to mono 24 kHz PCM16 WAV; no concatenation or phonetic edits.,BLOCKED,NOT RUN
ri1,Pinyin/ri1.wav,f49025c2d98fea16f82c9bb1917f12d7206d1f1ab2ae4008928bfc23cc53d64b,0.984,Chen Wang; audio-cmn / Hugo Lopez,https://github.com/hugolpz/audio-cmn/blob/ff9ed3d0c631195bd2c06f39450f3264c7124040/64k/syllabs/cmn-ri1.mp3,CC BY-SA (source does not specify version),https://github.com/hugolpz/audio-cmn/blob/ff9ed3d0c631195bd2c06f39450f3264c7124040/README.md,Decoded MP3 to mono 24 kHz PCM16 WAV; no concatenation or phonetic edits.,BLOCKED,NOT RUN
e1,Pinyin/e1.wav,f41ccc1c5322b439f1e81506734c9b63fe43d1452d091e1314207f15681f0c3f,0.888,Chen Wang; audio-cmn / Hugo Lopez,https://github.com/hugolpz/audio-cmn/blob/ff9ed3d0c631195bd2c06f39450f3264c7124040/64k/syllabs/cmn-e1.mp3,CC BY-SA (source does not specify version),https://github.com/hugolpz/audio-cmn/blob/ff9ed3d0c631195bd2c06f39450f3264c7124040/README.md,Decoded MP3 to mono 24 kHz PCM16 WAV; no concatenation or phonetic edits.,BLOCKED,NOT RUN
ei1,Pinyin/ei1.wav,84932bf1bba50ca5c2138d48cbe3258124536c01d6364f8b8a2be080814b3c57,0.984,Chen Wang; audio-cmn / Hugo Lopez,https://github.com/hugolpz/audio-cmn/blob/ff9ed3d0c631195bd2c06f39450f3264c7124040/64k/syllabs/cmn-ei1.mp3,CC BY-SA (source does not specify version),https://github.com/hugolpz/audio-cmn/blob/ff9ed3d0c631195bd2c06f39450f3264c7124040/README.md,Decoded MP3 to mono 24 kHz PCM16 WAV; no concatenation or phonetic edits.,BLOCKED,NOT RUN
wei1,Pinyin/wei1.wav,52c672f761749272a224dcaafed72fee8796bdadac141f285ea8cd5ea98c1c48,1.08,Chen Wang; audio-cmn / Hugo Lopez,https://github.com/hugolpz/audio-cmn/blob/ff9ed3d0c631195bd2c06f39450f3264c7124040/64k/syllabs/cmn-wei1.mp3,CC BY-SA (source does not specify version),https://github.com/hugolpz/audio-cmn/blob/ff9ed3d0c631195bd2c06f39450f3264c7124040/README.md,Decoded MP3 to mono 24 kHz PCM16 WAV; no concatenation or phonetic edits.,BLOCKED,NOT RUN
ao1,Pinyin/ao1.wav,213c4337fb7cbff7af9bea3d709b90f242d1fe8b2c96046a701a4ace3e17de97,0.936,Chen Wang; audio-cmn / Hugo Lopez,https://github.com/hugolpz/audio-cmn/blob/ff9ed3d0c631195bd2c06f39450f3264c7124040/64k/syllabs/cmn-ao1.mp3,CC BY-SA (source does not specify version),https://github.com/hugolpz/audio-cmn/blob/ff9ed3d0c631195bd2c06f39450f3264c7124040/README.md,Decoded MP3 to mono 24 kHz PCM16 WAV; no concatenation or phonetic edits.,BLOCKED,NOT RUN
ou1,Pinyin/ou1.wav,d9c36d5d837bb2b357bdc60fe66e06cc038a8d33ab7ed46abc5f0947b187204e,0.984,Chen Wang; audio-cmn / Hugo Lopez,https://github.com/hugolpz/audio-cmn/blob/ff9ed3d0c631195bd2c06f39450f3264c7124040/64k/syllabs/cmn-ou1.mp3,CC BY-SA (source does not specify version),https://github.com/hugolpz/audio-cmn/blob/ff9ed3d0c631195bd2c06f39450f3264c7124040/README.md,Decoded MP3 to mono 24 kHz PCM16 WAV; no concatenation or phonetic edits.,BLOCKED,NOT RUN
you1,Pinyin/you1.wav,0e04cc913a6d9137bc26bdfdee13323356680a9696cdc0ce9791aeba6f014138,1.08,Chen Wang; audio-cmn / Hugo Lopez,https://github.com/hugolpz/audio-cmn/blob/ff9ed3d0c631195bd2c06f39450f3264c7124040/64k/syllabs/cmn-you1.mp3,CC BY-SA (source does not specify version),https://github.com/hugolpz/audio-cmn/blob/ff9ed3d0c631195bd2c06f39450f3264c7124040/README.md,Decoded MP3 to mono 24 kHz PCM16 WAV; no concatenation or phonetic edits.,BLOCKED,NOT RUN
er1,Pinyin/er1.wav,13fd5992225740c25bd33df74839ad3e8813ebc3f520b947f7b575b3bd236f07,0.984,Chen Wang; audio-cmn / Hugo Lopez,https://github.com/hugolpz/audio-cmn/blob/ff9ed3d0c631195bd2c06f39450f3264c7124040/64k/syllabs/cmn-er1.mp3,CC BY-SA (source does not specify version),https://github.com/hugolpz/audio-cmn/blob/ff9ed3d0c631195bd2c06f39450f3264c7124040/README.md,Decoded MP3 to mono 24 kHz PCM16 WAV; no concatenation or phonetic edits.,BLOCKED,NOT RUN
en1,Pinyin/en1.wav,902ff18b198197dc9d7b92e300102e53a2ab8f1c331e3ab163e7b77869c34d3a,1.032,Chen Wang; audio-cmn / Hugo Lopez,https://github.com/hugolpz/audio-cmn/blob/ff9ed3d0c631195bd2c06f39450f3264c7124040/64k/syllabs/cmn-en1.mp3,CC BY-SA (source does not specify version),https://github.com/hugolpz/audio-cmn/blob/ff9ed3d0c631195bd2c06f39450f3264c7124040/README.md,Decoded MP3 to mono 24 kHz PCM16 WAV; no concatenation or phonetic edits.,BLOCKED,NOT RUN
wen1,Pinyin/wen1.wav,bad8a2fc2531014948435481930a67ae6a76ff4b82a43cef7eaf22ee57970762,1.176,Chen Wang; audio-cmn / Hugo Lopez,https://github.com/hugolpz/audio-cmn/blob/ff9ed3d0c631195bd2c06f39450f3264c7124040/64k/syllabs/cmn-wen1.mp3,CC BY-SA (source does not specify version),https://github.com/hugolpz/audio-cmn/blob/ff9ed3d0c631195bd2c06f39450f3264c7124040/README.md,Decoded MP3 to mono 24 kHz PCM16 WAV; no concatenation or phonetic edits.,BLOCKED,NOT RUN
ang1,Pinyin/ang1.wav,338bf5d005b244856a8736c48de381e4cf95496d52746528321c2efbc907a232,0.984,Chen Wang; audio-cmn / Hugo Lopez,https://github.com/hugolpz/audio-cmn/blob/ff9ed3d0c631195bd2c06f39450f3264c7124040/64k/syllabs/cmn-ang1.mp3,CC BY-SA (source does not specify version),https://github.com/hugolpz/audio-cmn/blob/ff9ed3d0c631195bd2c06f39450f3264c7124040/README.md,Decoded MP3 to mono 24 kHz PCM16 WAV; no concatenation or phonetic edits.,BLOCKED,NOT RUN
eng1,Pinyin/eng1.wav,3fcf4843341bc9dc5cc5a645ceafeee36cc5e22022bb03d21ad17cd7b0f81b54,1.08,Chen Wang; audio-cmn / Hugo Lopez,https://github.com/hugolpz/audio-cmn/blob/ff9ed3d0c631195bd2c06f39450f3264c7124040/64k/syllabs/cmn-eng1.mp3,CC BY-SA (source does not specify version),https://github.com/hugolpz/audio-cmn/blob/ff9ed3d0c631195bd2c06f39450f3264c7124040/README.md,Decoded MP3 to mono 24 kHz PCM16 WAV; no concatenation or phonetic edits.,BLOCKED,NOT RUN
word-fcd5a26be11d5b30bc4b2627d490bb60,Pinyin/word-fcd5a26be11d5b30bc4b2627d490bb60.wav,6fcf635cbd8a6196f09d6711d51fb3a327d1bd279ec22650f7876d2b4752965f,1.15,Yue Tan; SWAC / audio-cmn / Hugo Lopez,https://github.com/hugolpz/audio-cmn/blob/ff9ed3d0c631195bd2c06f39450f3264c7124040/64k/hsk/cmn-%E6%B3%A2%E6%B5%AA.mp3,CC BY-SA (source does not specify version),https://github.com/hugolpz/audio-cmn/blob/ff9ed3d0c631195bd2c06f39450f3264c7124040/README.md,Decoded MP3 to mono 24 kHz PCM16 WAV; no concatenation or phonetic edits.,BLOCKED,NOT RUN
word-8f003dd6f05d5369a5d8ed57bd9f039c,Pinyin/word-8f003dd6f05d5369a5d8ed57bd9f039c.wav,94f868f7b2814a61752f0de450068c633e2cae5e313696d6be3c24a31d022a5a,1.3,Yue Tan; SWAC / audio-cmn / Hugo Lopez,https://github.com/hugolpz/audio-cmn/blob/ff9ed3d0c631195bd2c06f39450f3264c7124040/64k/hsk/cmn-%E6%92%AD%E6%94%BE.mp3,CC BY-SA (source does not specify version),https://github.com/hugolpz/audio-cmn/blob/ff9ed3d0c631195bd2c06f39450f3264c7124040/README.md,Decoded MP3 to mono 24 kHz PCM16 WAV; no concatenation or phonetic edits.,BLOCKED,NOT RUN
word-022f4630af7c5dbcab661748663b9530,Pinyin/word-022f4630af7c5dbcab661748663b9530.wav,e941271e9324c353d1d32ed7cc5a811a10cad1385c3956db676f1b6b7068b32a,1.25,Yue Tan; SWAC / audio-cmn / Hugo Lopez,https://github.com/hugolpz/audio-cmn/blob/ff9ed3d0c631195bd2c06f39450f3264c7124040/64k/hsk/cmn-%E6%82%B2%E5%93%80.mp3,CC BY-SA (source does not specify version),https://github.com/hugolpz/audio-cmn/blob/ff9ed3d0c631195bd2c06f39450f3264c7124040/README.md,Decoded MP3 to mono 24 kHz PCM16 WAV; no concatenation or phonetic edits.,BLOCKED,NOT RUN
word-d341b94bd3fa5e4a836b1e1b9ee4d4a9,Pinyin/word-d341b94bd3fa5e4a836b1e1b9ee4d4a9.wav,5fffa3ab80884577ba02799a7f795c70b75b20f971421d3dd6e38f9f70d5f029,1.15,Yue Tan; SWAC / audio-cmn / Hugo Lopez,https://github.com/hugolpz/audio-cmn/blob/ff9ed3d0c631195bd2c06f39450f3264c7124040/64k/hsk/cmn-%E6%9D%AF%E5%AD%90.mp3,CC BY-SA (source does not specify version),https://github.com/hugolpz/audio-cmn/blob/ff9ed3d0c631195bd2c06f39450f3264c7124040/README.md,Decoded MP3 to mono 24 kHz PCM16 WAV; no concatenation or phonetic edits.,BLOCKED,NOT RUN
word-44a1c8f5363a53b8954ca2499ecc5d5d,Pinyin/word-44a1c8f5363a53b8954ca2499ecc5d5d.wav,deb1f914abd4aad00f3767f36fd75ae1d060bf2e4e7abc9c69839c03c0a718fa,1.25,Yue Tan; SWAC / audio-cmn / Hugo Lopez,https://github.com/hugolpz/audio-cmn/blob/ff9ed3d0c631195bd2c06f39450f3264c7124040/64k/hsk/cmn-%E5%8C%85%E5%AD%90.mp3,CC BY-SA (source does not specify version),https://github.com/hugolpz/audio-cmn/blob/ff9ed3d0c631195bd2c06f39450f3264c7124040/README.md,Decoded MP3 to mono 24 kHz PCM16 WAV; no concatenation or phonetic edits.,BLOCKED,NOT RUN
word-f24b176b11255ed68676e5bb8ceaf885,Pinyin/word-f24b176b11255ed68676e5bb8ceaf885.wav,f69b4c523b4fa275d9e674012d9cb7daccbdc1f45cccff74c9d62f7b091874a8,1.2,Yue Tan; SWAC / audio-cmn / Hugo Lopez,https://github.com/hugolpz/audio-cmn/blob/ff9ed3d0c631195bd2c06f39450f3264c7124040/64k/hsk/cmn-%E5%B8%AE%E5%8A%A9.mp3,CC BY-SA (source does not specify version),https://github.com/hugolpz/audio-cmn/blob/ff9ed3d0c631195bd2c06f39450f3264c7124040/README.md,Decoded MP3 to mono 24 kHz PCM16 WAV; no concatenation or phonetic edits.,BLOCKED,NOT RUN
word-04c958e469015d219d8d5b4c609ca0fa,Pinyin/word-04c958e469015d219d8d5b4c609ca0fa.wav,c095207504a7264ab4115ca675ffe821b9888a67e097a442cc4c75d90cfe32b4,1.2,Yue Tan; SWAC / audio-cmn / Hugo Lopez,https://github.com/hugolpz/audio-cmn/blob/ff9ed3d0c631195bd2c06f39450f3264c7124040/64k/hsk/cmn-%E9%9B%B9%E5%AD%90.mp3,CC BY-SA (source does not specify version),https://github.com/hugolpz/audio-cmn/blob/ff9ed3d0c631195bd2c06f39450f3264c7124040/README.md,Decoded MP3 to mono 24 kHz PCM16 WAV; no concatenation or phonetic edits.,BLOCKED,NOT RUN
word-1d4dcada8fc357518093f6629b2e3409,Pinyin/word-1d4dcada8fc357518093f6629b2e3409.wav,8905549be7d6397f3bc5709cdc7c330925c54464d418f5b5f7a941102f9e3e7b,1.35,Yue Tan; SWAC / audio-cmn / Hugo Lopez,https://github.com/hugolpz/audio-cmn/blob/ff9ed3d0c631195bd2c06f39450f3264c7124040/64k/hsk/cmn-%E6%8F%90%E6%8B%94.mp3,CC BY-SA (source does not specify version),https://github.com/hugolpz/audio-cmn/blob/ff9ed3d0c631195bd2c06f39450f3264c7124040/README.md,Decoded MP3 to mono 24 kHz PCM16 WAV; no concatenation or phonetic edits.,BLOCKED,NOT RUN
word-c4c3488032725500804a161cfa9064cf,Pinyin/word-c4c3488032725500804a161cfa9064cf.wav,fc541a9539f94631252588b0a00230ee5ff086abb93499ad65d3d58ce69d11a1,1.5,Yue Tan; SWAC / audio-cmn / Hugo Lopez,https://github.com/hugolpz/audio-cmn/blob/ff9ed3d0c631195bd2c06f39450f3264c7124040/64k/hsk/cmn-%E5%BD%BC%E6%AD%A4.mp3,CC BY-SA (source does not specify version),https://github.com/hugolpz/audio-cmn/blob/ff9ed3d0c631195bd2c06f39450f3264c7124040/README.md,Decoded MP3 to mono 24 kHz PCM16 WAV; no concatenation or phonetic edits.,BLOCKED,NOT RUN
word-19d66e40822e5099995b6d7eb1c709b5,Pinyin/word-19d66e40822e5099995b6d7eb1c709b5.wav,b2b530f8e7aa1828b522b03640b6f3e7106cd266ed1c575983be1c26148047a0,1.05,Yue Tan; SWAC / audio-cmn / Hugo Lopez,https://github.com/hugolpz/audio-cmn/blob/ff9ed3d0c631195bd2c06f39450f3264c7124040/64k/hsk/cmn-%E6%8A%8A%E6%89%8B.mp3,CC BY-SA (source does not specify version),https://github.com/hugolpz/audio-cmn/blob/ff9ed3d0c631195bd2c06f39450f3264c7124040/README.md,Decoded MP3 to mono 24 kHz PCM16 WAV; no concatenation or phonetic edits.,BLOCKED,NOT RUN
word-22ba6605020252b886b05ba920f84640,Pinyin/word-22ba6605020252b886b05ba920f84640.wav,1e0e021bbeefc995f5789c2a1befabe485d883ee9c90a4dd5775847eaf9146bc,1.3,Yue Tan; SWAC / audio-cmn / Hugo Lopez,https://github.com/hugolpz/audio-cmn/blob/ff9ed3d0c631195bd2c06f39450f3264c7124040/64k/hsk/cmn-%E5%8C%97%E6%96%B9.mp3,CC BY-SA (source does not specify version),https://github.com/hugolpz/audio-cmn/blob/ff9ed3d0c631195bd2c06f39450f3264c7124040/README.md,Decoded MP3 to mono 24 kHz PCM16 WAV; no concatenation or phonetic edits.,BLOCKED,NOT RUN
word-c9f531181541578fab9973a853de9faa,Pinyin/word-c9f531181541578fab9973a853de9faa.wav,39db048f439b7f5238b3d71e135fcd2e4f878e0663b97422affaf4f0f5703d79,1.2,Yue Tan; SWAC / audio-cmn / Hugo Lopez,https://github.com/hugolpz/audio-cmn/blob/ff9ed3d0c631195bd2c06f39450f3264c7124040/64k/hsk/cmn-%E5%AE%9D%E8%B4%9D.mp3,CC BY-SA (source does not specify version),https://github.com/hugolpz/audio-cmn/blob/ff9ed3d0c631195bd2c06f39450f3264c7124040/README.md,Decoded MP3 to mono 24 kHz PCM16 WAV; no concatenation or phonetic edits.,BLOCKED,NOT RUN
word-9485a96d4af7507083242d59c38bdb4c,Pinyin/word-9485a96d4af7507083242d59c38bdb4c.wav,143dda7281227646f60ebcfa196562d28d8ff1d6363f514fb1c4efbd3ae9c0bf,1.25,Yue Tan; SWAC / audio-cmn / Hugo Lopez,https://github.com/hugolpz/audio-cmn/blob/ff9ed3d0c631195bd2c06f39450f3264c7124040/64k/hsk/cmn-%E7%BB%91%E6%9E%B6.mp3,CC BY-SA (source does not specify version),https://github.com/hugolpz/audio-cmn/blob/ff9ed3d0c631195bd2c06f39450f3264c7124040/README.md,Decoded MP3 to mono 24 kHz PCM16 WAV; no concatenation or phonetic edits.,BLOCKED,NOT RUN
word-5633d51e57eb50da9b39e0c68e9a52e0,Pinyin/word-5633d51e57eb50da9b39e0c68e9a52e0.wav,b2cbd4677d182a558939f1afee4f9f371c8bccb57887b744ff9121ea61be32e8,1.05,Yue Tan; SWAC / audio-cmn / Hugo Lopez,https://github.com/hugolpz/audio-cmn/blob/ff9ed3d0c631195bd2c06f39450f3264c7124040/64k/hsk/cmn-%E7%88%B8%E7%88%B8.mp3,CC BY-SA (source does not specify version),https://github.com/hugolpz/audio-cmn/blob/ff9ed3d0c631195bd2c06f39450f3264c7124040/README.md,Decoded MP3 to mono 24 kHz PCM16 WAV; no concatenation or phonetic edits.,BLOCKED,NOT RUN
word-cf77033961ae586cbf41a38993954504,Pinyin/word-cf77033961ae586cbf41a38993954504.wav,77095fac1ad9e11e9f966c5d527cad323b654a02bfe796d581804f1eed046baa,1.2,Yue Tan; SWAC / audio-cmn / Hugo Lopez,https://github.com/hugolpz/audio-cmn/blob/ff9ed3d0c631195bd2c06f39450f3264c7124040/64k/hsk/cmn-%E4%B8%8D%E5%A4%9F.mp3,CC BY-SA (source does not specify version),https://github.com/hugolpz/audio-cmn/blob/ff9ed3d0c631195bd2c06f39450f3264c7124040/README.md,Decoded MP3 to mono 24 kHz PCM16 WAV; no concatenation or phonetic edits.,BLOCKED,NOT RUN
word-265b80fca4515bb5bdf542aba013fc4c,Pinyin/word-265b80fca4515bb5bdf542aba013fc4c.wav,6b1a79de96c5a4d618b5f7eb0836ff54a0e9584ba6c55657a6759bb8bad32bf1,1.25,Yue Tan; SWAC / audio-cmn / Hugo Lopez,https://github.com/hugolpz/audio-cmn/blob/ff9ed3d0c631195bd2c06f39450f3264c7124040/64k/hsk/cmn-%E6%8A%B1%E6%AD%89.mp3,CC BY-SA (source does not specify version),https://github.com/hugolpz/audio-cmn/blob/ff9ed3d0c631195bd2c06f39450f3264c7124040/README.md,Decoded MP3 to mono 24 kHz PCM16 WAV; no concatenation or phonetic edits.,BLOCKED,NOT RUN
word-d6862854073057f1ab0430d99f9a71e9,Pinyin/word-d6862854073057f1ab0430d99f9a71e9.wav,d347202bc5624c2164eb2fd435b4865f905cdc4640b485049db293a7cb330e9e,1.35,Yue Tan; SWAC / audio-cmn / Hugo Lopez,https://github.com/hugolpz/audio-cmn/blob/ff9ed3d0c631195bd2c06f39450f3264c7124040/64k/hsk/cmn-%E6%A3%92%E7%90%83.mp3,CC BY-SA (source does not specify version),https://github.com/hugolpz/audio-cmn/blob/ff9ed3d0c631195bd2c06f39450f3264c7124040/README.md,Decoded MP3 to mono 24 kHz PCM16 WAV; no concatenation or phonetic edits.,BLOCKED,NOT RUN
word-1289147214a35e439b86b18b2f73dc01,Pinyin/word-1289147214a35e439b86b18b2f73dc01.wav,c8d9abad6a91a34920495cc266312fd27dcae3fb119f698cf350cbc1a5598a08,1.25,Yue Tan; SWAC / audio-cmn / Hugo Lopez,https://github.com/hugolpz/audio-cmn/blob/ff9ed3d0c631195bd2c06f39450f3264c7124040/64k/hsk/cmn-%E6%89%B9%E8%AF%84.mp3,CC BY-SA (source does not specify version),https://github.com/hugolpz/audio-cmn/blob/ff9ed3d0c631195bd2c06f39450f3264c7124040/README.md,Decoded MP3 to mono 24 kHz PCM16 WAV; no concatenation or phonetic edits.,BLOCKED,NOT RUN
word-8c5353bb3bce5e15a5c490fe8d55dbca,Pinyin/word-8c5353bb3bce5e15a5c490fe8d55dbca.wav,1ff8432fcc6e6de588f1c536b3aec0a11b9ac27df55252f4c279263c73f4f3d7,1.1,Yue Tan; SWAC / audio-cmn / Hugo Lopez,https://github.com/hugolpz/audio-cmn/blob/ff9ed3d0c631195bd2c06f39450f3264c7124040/64k/hsk/cmn-%E5%A9%86%E5%A9%86.mp3,CC BY-SA (source does not specify version),https://github.com/hugolpz/audio-cmn/blob/ff9ed3d0c631195bd2c06f39450f3264c7124040/README.md,Decoded MP3 to mono 24 kHz PCM16 WAV; no concatenation or phonetic edits.,BLOCKED,NOT RUN
word-929dd0f54eba51a5aa039732d916f0e0,Pinyin/word-929dd0f54eba51a5aa039732d916f0e0.wav,9bf2dfb69ac75c7ccaab0825926a7f0a4c668ca3b9714476676b429c5a19e073,1.4,Yue Tan; SWAC / audio-cmn / Hugo Lopez,https://github.com/hugolpz/audio-cmn/blob/ff9ed3d0c631195bd2c06f39450f3264c7124040/64k/hsk/cmn-%E8%8B%B9%E6%9E%9C.mp3,CC BY-SA (source does not specify version),https://github.com/hugolpz/audio-cmn/blob/ff9ed3d0c631195bd2c06f39450f3264c7124040/README.md,Decoded MP3 to mono 24 kHz PCM16 WAV; no concatenation or phonetic edits.,BLOCKED,NOT RUN
word-2c9c5151f0025198a600d2a392463a3c,Pinyin/word-2c9c5151f0025198a600d2a392463a3c.wav,2e8114e4bcb80fb548f8252cd39a8505ae837c3b2d9c3f192cc15d8ab235b656,1.15,Yue Tan; SWAC / audio-cmn / Hugo Lopez,https://github.com/hugolpz/audio-cmn/blob/ff9ed3d0c631195bd2c06f39450f3264c7124040/64k/hsk/cmn-%E6%9C%8B%E5%8F%8B.mp3,CC BY-SA (source does not specify version),https://github.com/hugolpz/audio-cmn/blob/ff9ed3d0c631195bd2c06f39450f3264c7124040/README.md,Decoded MP3 to mono 24 kHz PCM16 WAV; no concatenation or phonetic edits.,BLOCKED,NOT RUN
word-5c099c7bf6485f01ac1748ad35b56d8f,Pinyin/word-5c099c7bf6485f01ac1748ad35b56d8f.wav,1beac2ebd4453b86bbd01ac503f9acf1d128c7dfa4b3cfa0ef9ee35e5d85e160,1.25,Yue Tan; SWAC / audio-cmn / Hugo Lopez,https://github.com/hugolpz/audio-cmn/blob/ff9ed3d0c631195bd2c06f39450f3264c7124040/64k/hsk/cmn-%E8%B7%91%E6%AD%A5.mp3,CC BY-SA (source does not specify version),https://github.com/hugolpz/audio-cmn/blob/ff9ed3d0c631195bd2c06f39450f3264c7124040/README.md,Decoded MP3 to mono 24 kHz PCM16 WAV; no concatenation or phonetic edits.,BLOCKED,NOT RUN
word-11530eb4f15b5e699d2c7a48d27a3c07,Pinyin/word-11530eb4f15b5e699d2c7a48d27a3c07.wav,c62aa8c572756100c39c91cd6fcf35785025909427bbfe846faa72b45f79ec77,1.35,Yue Tan; SWAC / audio-cmn / Hugo Lopez,https://github.com/hugolpz/audio-cmn/blob/ff9ed3d0c631195bd2c06f39450f3264c7124040/64k/hsk/cmn-%E7%A0%B4%E5%9D%8F.mp3,CC BY-SA (source does not specify version),https://github.com/hugolpz/audio-cmn/blob/ff9ed3d0c631195bd2c06f39450f3264c7124040/README.md,Decoded MP3 to mono 24 kHz PCM16 WAV; no concatenation or phonetic edits.,BLOCKED,NOT RUN
word-ac67651fabc45856b7da95f1a5322b92,Pinyin/word-ac67651fabc45856b7da95f1a5322b92.wav,f893c7256ece2b19ae009d9d23a0c93694f2e72d9740c62529c8a0de0942290d,1.25,Yue Tan; SWAC / audio-cmn / Hugo Lopez,https://github.com/hugolpz/audio-cmn/blob/ff9ed3d0c631195bd2c06f39450f3264c7124040/64k/hsk/cmn-%E5%AE%B3%E6%80%95.mp3,CC BY-SA (source does not specify version),https://github.com/hugolpz/audio-cmn/blob/ff9ed3d0c631195bd2c06f39450f3264c7124040/README.md,Decoded MP3 to mono 24 kHz PCM16 WAV; no concatenation or phonetic edits.,BLOCKED,NOT RUN
word-df94afc73be956fa8972c313076e5a03,Pinyin/word-df94afc73be956fa8972c313076e5a03.wav,b70389082b5c632fbdd33fefbbb87a0128f00c0a6d88afa369106044e03a7521,1.0,Yue Tan; SWAC / audio-cmn / Hugo Lopez,https://github.com/hugolpz/audio-cmn/blob/ff9ed3d0c631195bd2c06f39450f3264c7124040/64k/hsk/cmn-%E5%A6%88%E5%A6%88.mp3,CC BY-SA (source does not specify version),https://github.com/hugolpz/audio-cmn/blob/ff9ed3d0c631195bd2c06f39450f3264c7124040/README.md,Decoded MP3 to mono 24 kHz PCM16 WAV; no concatenation or phonetic edits.,BLOCKED,NOT RUN
word-849354c1f51a53349ed5cb4297350bb5,Pinyin/word-849354c1f51a53349ed5cb4297350bb5.wav,19137b7899bd8383e3e462e09b348a0cd441ddeeea3d8b134b91b9ec275c48d0,1.2,Yue Tan; SWAC / audio-cmn / Hugo Lopez,https://github.com/hugolpz/audio-cmn/blob/ff9ed3d0c631195bd2c06f39450f3264c7124040/64k/hsk/cmn-%E6%8A%B9%E5%B8%83.mp3,CC BY-SA (source does not specify version),https://github.com/hugolpz/audio-cmn/blob/ff9ed3d0c631195bd2c06f39450f3264c7124040/README.md,Decoded MP3 to mono 24 kHz PCM16 WAV; no concatenation or phonetic edits.,BLOCKED,NOT RUN
word-8b591e077caa59cea0be63cb584e853a,Pinyin/word-8b591e077caa59cea0be63cb584e853a.wav,d9ee89f2f420f35bd6f35573c6b7f68505d2a2c7400d78b9aabaca3a70eef28c,1.25,Yue Tan; SWAC / audio-cmn / Hugo Lopez,https://github.com/hugolpz/audio-cmn/blob/ff9ed3d0c631195bd2c06f39450f3264c7124040/64k/hsk/cmn-%E9%BA%BB%E6%9C%A8.mp3,CC BY-SA (source does not specify version),https://github.com/hugolpz/audio-cmn/blob/ff9ed3d0c631195bd2c06f39450f3264c7124040/README.md,Decoded MP3 to mono 24 kHz PCM16 WAV; no concatenation or phonetic edits.,BLOCKED,NOT RUN
word-9409ead0c4875a8abe45a50aa5b4410f,Pinyin/word-9409ead0c4875a8abe45a50aa5b4410f.wav,9ab672c836df483285e989057934d678def160f87bd1f6b44caf6a27dc66d548,1.1,Yue Tan; SWAC / audio-cmn / Hugo Lopez,https://github.com/hugolpz/audio-cmn/blob/ff9ed3d0c631195bd2c06f39450f3264c7124040/64k/hsk/cmn-%E8%98%91%E8%8F%87.mp3,CC BY-SA (source does not specify version),https://github.com/hugolpz/audio-cmn/blob/ff9ed3d0c631195bd2c06f39450f3264c7124040/README.md,Decoded MP3 to mono 24 kHz PCM16 WAV; no concatenation or phonetic edits.,BLOCKED,NOT RUN
word-00c4e415e5a75bac983927997db9a2f3,Pinyin/word-00c4e415e5a75bac983927997db9a2f3.wav,1d411b03a45cf712f1aeb013be7e95e7f9676aa24e01d889c47a09996fc525e4,1.3,Yue Tan; SWAC / audio-cmn / Hugo Lopez,https://github.com/hugolpz/audio-cmn/blob/ff9ed3d0c631195bd2c06f39450f3264c7124040/64k/hsk/cmn-%E9%AD%94%E9%AC%BC.mp3,CC BY-SA (source does not specify version),https://github.com/hugolpz/audio-cmn/blob/ff9ed3d0c631195bd2c06f39450f3264c7124040/README.md,Decoded MP3 to mono 24 kHz PCM16 WAV; no concatenation or phonetic edits.,BLOCKED,NOT RUN
word-a448c8e0f706523bb4dabc9872ab9be8,Pinyin/word-a448c8e0f706523bb4dabc9872ab9be8.wav,19f05403b88993e15516baf290f4e3184f150540933eb210287850d9863f872b,1.45,Yue Tan; SWAC / audio-cmn / Hugo Lopez,https://github.com/hugolpz/audio-cmn/blob/ff9ed3d0c631195bd2c06f39450f3264c7124040/64k/hsk/cmn-%E9%A9%AC%E8%BD%A6.mp3,CC BY-SA (source does not specify version),https://github.com/hugolpz/audio-cmn/blob/ff9ed3d0c631195bd2c06f39450f3264c7124040/README.md,Decoded MP3 to mono 24 kHz PCM16 WAV; no concatenation or phonetic edits.,BLOCKED,NOT RUN
word-637e8bbdf3ad50d59485a0ed07c36a94,Pinyin/word-637e8bbdf3ad50d59485a0ed07c36a94.wav,b6fc213bd0c8dff2b755a262fa0a4a917eb2a34901bb9a03025ed5004c1ace32,1.4,Yue Tan; SWAC / audio-cmn / Hugo Lopez,https://github.com/hugolpz/audio-cmn/blob/ff9ed3d0c631195bd2c06f39450f3264c7124040/64k/hsk/cmn-%E7%BE%8E%E5%A5%BD.mp3,CC BY-SA (source does not specify version),https://github.com/hugolpz/audio-cmn/blob/ff9ed3d0c631195bd2c06f39450f3264c7124040/README.md,Decoded MP3 to mono 24 kHz PCM16 WAV; no concatenation or phonetic edits.,BLOCKED,NOT RUN
word-ff688b0d029057d29e7c8b7a963a83b7,Pinyin/word-ff688b0d029057d29e7c8b7a963a83b7.wav,7eb7bd35f03be4399b753c923a80437b6c22357b59ac4e39a46355af634d9714,1.2,Yue Tan; SWAC / audio-cmn / Hugo Lopez,https://github.com/hugolpz/audio-cmn/blob/ff9ed3d0c631195bd2c06f39450f3264c7124040/64k/hsk/cmn-%E5%B8%BD%E5%AD%90.mp3,CC BY-SA (source does not specify version),https://github.com/hugolpz/audio-cmn/blob/ff9ed3d0c631195bd2c06f39450f3264c7124040/README.md,Decoded MP3 to mono 24 kHz PCM16 WAV; no concatenation or phonetic edits.,BLOCKED,NOT RUN
word-ae473aae68b853a6bd94a74846ecea8a,Pinyin/word-ae473aae68b853a6bd94a74846ecea8a.wav,5ede470f1056c5889f0c25c08620474dca9735ec5bcb78b4bc34968e5ae75444,1.2,Yue Tan; SWAC / audio-cmn / Hugo Lopez,https://github.com/hugolpz/audio-cmn/blob/ff9ed3d0c631195bd2c06f39450f3264c7124040/64k/hsk/cmn-%E9%A3%9E%E6%9C%BA.mp3,CC BY-SA (source does not specify version),https://github.com/hugolpz/audio-cmn/blob/ff9ed3d0c631195bd2c06f39450f3264c7124040/README.md,Decoded MP3 to mono 24 kHz PCM16 WAV; no concatenation or phonetic edits.,BLOCKED,NOT RUN
word-7f82aeaefa6b505ca14a0e220eb45826,Pinyin/word-7f82aeaefa6b505ca14a0e220eb45826.wav,d771f493103093684fc6c1fe3473b686a9f91c6172b5d92437e7fd0fc9c087cc,1.2,Yue Tan; SWAC / audio-cmn / Hugo Lopez,https://github.com/hugolpz/audio-cmn/blob/ff9ed3d0c631195bd2c06f39450f3264c7124040/64k/hsk/cmn-%E5%8F%91%E7%A5%A8.mp3,CC BY-SA (source does not specify version),https://github.com/hugolpz/audio-cmn/blob/ff9ed3d0c631195bd2c06f39450f3264c7124040/README.md,Decoded MP3 to mono 24 kHz PCM16 WAV; no concatenation or phonetic edits.,BLOCKED,NOT RUN
word-1b1f4586c0c7530eb0fe198cb04dc6f0,Pinyin/word-1b1f4586c0c7530eb0fe198cb04dc6f0.wav,9ec4e8b1e62013eb48e5f0fa7cf9dded8fa0a7b351c12b53e20586f2ee16523d,1.2,Yue Tan; SWAC / audio-cmn / Hugo Lopez,https://github.com/hugolpz/audio-cmn/blob/ff9ed3d0c631195bd2c06f39450f3264c7124040/64k/hsk/cmn-%E4%BD%9B%E6%95%99.mp3,CC BY-SA (source does not specify version),https://github.com/hugolpz/audio-cmn/blob/ff9ed3d0c631195bd2c06f39450f3264c7124040/README.md,Decoded MP3 to mono 24 kHz PCM16 WAV; no concatenation or phonetic edits.,BLOCKED,NOT RUN
word-46ac98e7e37053ccb9035935bad2ab85,Pinyin/word-46ac98e7e37053ccb9035935bad2ab85.wav,97831bf8f4f1f78a9a39d87d8a1b51edc5c26a4ac0e25fc7453c0f61b4543435,1.3,Yue Tan; SWAC / audio-cmn / Hugo Lopez,https://github.com/hugolpz/audio-cmn/blob/ff9ed3d0c631195bd2c06f39450f3264c7124040/64k/hsk/cmn-%E7%BD%9A%E6%AC%BE.mp3,CC BY-SA (source does not specify version),https://github.com/hugolpz/audio-cmn/blob/ff9ed3d0c631195bd2c06f39450f3264c7124040/README.md,Decoded MP3 to mono 24 kHz PCM16 WAV; no concatenation or phonetic edits.,BLOCKED,NOT RUN
word-4d1c21189d3e56c3a52c01808302e01f,Pinyin/word-4d1c21189d3e56c3a52c01808302e01f.wav,cb9013953c12e1102604ead25677627d81a9eb1f9bfb7fab9c8b8382966debf1,1.25,Yue Tan; SWAC / audio-cmn / Hugo Lopez,https://github.com/hugolpz/audio-cmn/blob/ff9ed3d0c631195bd2c06f39450f3264c7124040/64k/hsk/cmn-%E8%82%A5%E7%9A%82.mp3,CC BY-SA (source does not specify version),https://github.com/hugolpz/audio-cmn/blob/ff9ed3d0c631195bd2c06f39450f3264c7124040/README.md,Decoded MP3 to mono 24 kHz PCM16 WAV; no concatenation or phonetic edits.,BLOCKED,NOT RUN
word-94ad25cb93fd528cbe4264b1567b7c82,Pinyin/word-94ad25cb93fd528cbe4264b1567b7c82.wav,8bf60bc7fbc1a14caaef649baae72005f1685354649408cab8169a17c885def2,1.35,Yue Tan; SWAC / audio-cmn / Hugo Lopez,https://github.com/hugolpz/audio-cmn/blob/ff9ed3d0c631195bd2c06f39450f3264c7124040/64k/hsk/cmn-%E5%8A%9E%E6%B3%95.mp3,CC BY-SA (source does not specify version),https://github.com/hugolpz/audio-cmn/blob/ff9ed3d0c631195bd2c06f39450f3264c7124040/README.md,Decoded MP3 to mono 24 kHz PCM16 WAV; no concatenation or phonetic edits.,BLOCKED,NOT RUN
word-07961dcf80965b4b83134e5890428fb8,Pinyin/word-07961dcf80965b4b83134e5890428fb8.wav,1f7f4b69abaf6d3c9ea950f351ade61454ecad5d17d688d0343f864811918852,1.2,Yue Tan; SWAC / audio-cmn / Hugo Lopez,https://github.com/hugolpz/audio-cmn/blob/ff9ed3d0c631195bd2c06f39450f3264c7124040/64k/hsk/cmn-%E6%B3%95%E5%BE%8B.mp3,CC BY-SA (source does not specify version),https://github.com/hugolpz/audio-cmn/blob/ff9ed3d0c631195bd2c06f39450f3264c7124040/README.md,Decoded MP3 to mono 24 kHz PCM16 WAV; no concatenation or phonetic edits.,BLOCKED,NOT RUN
word-c6ef6cd2277657eb9ac024aceec504c2,Pinyin/word-c6ef6cd2277657eb9ac024aceec504c2.wav,0c11996011935a98f0878006643a7b3899b6d3e9f47ac1d76d15ff97f36aa4ac,1.3,Yue Tan; SWAC / audio-cmn / Hugo Lopez,https://github.com/hugolpz/audio-cmn/blob/ff9ed3d0c631195bd2c06f39450f3264c7124040/64k/hsk/cmn-%E7%90%86%E5%8F%91.mp3,CC BY-SA (source does not specify version),https://github.com/hugolpz/audio-cmn/blob/ff9ed3d0c631195bd2c06f39450f3264c7124040/README.md,Decoded MP3 to mono 24 kHz PCM16 WAV; no concatenation or phonetic edits.,BLOCKED,NOT RUN
word-60282affd5e555f0a8f7b1d37a69d988,Pinyin/word-60282affd5e555f0a8f7b1d37a69d988.wav,72e5607f7830ee6baa6a5389c98716cbc07912344d808d0234fef8e193528d61,1.6,Yue Tan; SWAC / audio-cmn / Hugo Lopez,https://github.com/hugolpz/audio-cmn/blob/ff9ed3d0c631195bd2c06f39450f3264c7124040/64k/hsk/cmn-%E5%86%AC%E5%A4%A9.mp3,CC BY-SA (source does not specify version),https://github.com/hugolpz/audio-cmn/blob/ff9ed3d0c631195bd2c06f39450f3264c7124040/README.md,Decoded MP3 to mono 24 kHz PCM16 WAV; no concatenation or phonetic edits.,BLOCKED,NOT RUN
word-76ffa12981bb594b99c40928863ceac2,Pinyin/word-76ffa12981bb594b99c40928863ceac2.wav,a87840edc7a7a9e2cb3c7fe9b4a4a1d565d5992bcdad7ff92d9f4fbb02b6df58,1.25,Yue Tan; SWAC / audio-cmn / Hugo Lopez,https://github.com/hugolpz/audio-cmn/blob/ff9ed3d0c631195bd2c06f39450f3264c7124040/64k/hsk/cmn-%E6%90%AD%E9%85%8D.mp3,CC BY-SA (source does not specify version),https://github.com/hugolpz/audio-cmn/blob/ff9ed3d0c631195bd2c06f39450f3264c7124040/README.md,Decoded MP3 to mono 24 kHz PCM16 WAV; no concatenation or phonetic edits.,BLOCKED,NOT RUN
word-abaa91db9a5b52a2a74a66a3b03202f6,Pinyin/word-abaa91db9a5b52a2a74a66a3b03202f6.wav,1184eab8324b35c6febad81fa591e6cd496cea158de7c760b52169d6b027405c,1.3,Yue Tan; SWAC / audio-cmn / Hugo Lopez,https://github.com/hugolpz/audio-cmn/blob/ff9ed3d0c631195bd2c06f39450f3264c7124040/64k/hsk/cmn-%E5%8F%AE%E5%98%B1.mp3,CC BY-SA (source does not specify version),https://github.com/hugolpz/audio-cmn/blob/ff9ed3d0c631195bd2c06f39450f3264c7124040/README.md,Decoded MP3 to mono 24 kHz PCM16 WAV; no concatenation or phonetic edits.,BLOCKED,NOT RUN
word-9741d44c153a5cad92e339934056c05e,Pinyin/word-9741d44c153a5cad92e339934056c05e.wav,70a1f80935c3c63835d094d71aa9889481cd62e0a23451757ff5d173d1449de3,1.25,Yue Tan; SWAC / audio-cmn / Hugo Lopez,https://github.com/hugolpz/audio-cmn/blob/ff9ed3d0c631195bd2c06f39450f3264c7124040/64k/hsk/cmn-%E8%BE%BE%E5%88%B0.mp3,CC BY-SA (source does not specify version),https://github.com/hugolpz/audio-cmn/blob/ff9ed3d0c631195bd2c06f39450f3264c7124040/README.md,Decoded MP3 to mono 24 kHz PCM16 WAV; no concatenation or phonetic edits.,BLOCKED,NOT RUN
word-f1a06fe5fa2252f9a8a87ec4b8bae1d5,Pinyin/word-f1a06fe5fa2252f9a8a87ec4b8bae1d5.wav,1821aec4bbc3e49be0426db4d2d1c0072497e64e4dc61d9f67321ec5a7047124,1.25,Yue Tan; SWAC / audio-cmn / Hugo Lopez,https://github.com/hugolpz/audio-cmn/blob/ff9ed3d0c631195bd2c06f39450f3264c7124040/64k/hsk/cmn-%E6%89%93%E6%89%AB.mp3,CC BY-SA (source does not specify version),https://github.com/hugolpz/audio-cmn/blob/ff9ed3d0c631195bd2c06f39450f3264c7124040/README.md,Decoded MP3 to mono 24 kHz PCM16 WAV; no concatenation or phonetic edits.,BLOCKED,NOT RUN
word-f2189a6dd6fc5e81bce20f3f8ac57d48,Pinyin/word-f2189a6dd6fc5e81bce20f3f8ac57d48.wav,77bcfdf26ee371a036630869cdacebba42b4e81c8a768d24a68d8621c2595e01,1.2,Yue Tan; SWAC / audio-cmn / Hugo Lopez,https://github.com/hugolpz/audio-cmn/blob/ff9ed3d0c631195bd2c06f39450f3264c7124040/64k/hsk/cmn-%E9%A1%B6%E7%82%B9.mp3,CC BY-SA (source does not specify version),https://github.com/hugolpz/audio-cmn/blob/ff9ed3d0c631195bd2c06f39450f3264c7124040/README.md,Decoded MP3 to mono 24 kHz PCM16 WAV; no concatenation or phonetic edits.,BLOCKED,NOT RUN
word-163cd04c03ac5f30a7625a5279b23d28,Pinyin/word-163cd04c03ac5f30a7625a5279b23d28.wav,75f110d09bb38285b44713df0912c36fb40d7be4938f6559976f9ba0ba11f49c,1.25,Yue Tan; SWAC / audio-cmn / Hugo Lopez,https://github.com/hugolpz/audio-cmn/blob/ff9ed3d0c631195bd2c06f39450f3264c7124040/64k/hsk/cmn-%E7%AD%89%E5%BE%85.mp3,CC BY-SA (source does not specify version),https://github.com/hugolpz/audio-cmn/blob/ff9ed3d0c631195bd2c06f39450f3264c7124040/README.md,Decoded MP3 to mono 24 kHz PCM16 WAV; no concatenation or phonetic edits.,BLOCKED,NOT RUN
word-78a08cb12d8a51a6944dac51dae419fa,Pinyin/word-78a08cb12d8a51a6944dac51dae419fa.wav,c1e108dce302c9e81b960b2140106d7bfd187ae24aae315e0b19eeffc5c7eaa1,1.15,Yue Tan; SWAC / audio-cmn / Hugo Lopez,https://github.com/hugolpz/audio-cmn/blob/ff9ed3d0c631195bd2c06f39450f3264c7124040/64k/hsk/cmn-%E6%87%82%E5%BE%97.mp3,CC BY-SA (source does not specify version),https://github.com/hugolpz/audio-cmn/blob/ff9ed3d0c631195bd2c06f39450f3264c7124040/README.md,Decoded MP3 to mono 24 kHz PCM16 WAV; no concatenation or phonetic edits.,BLOCKED,NOT RUN
word-29270afaec315d51a6d36ba5f3be46fe,Pinyin/word-29270afaec315d51a6d36ba5f3be46fe.wav,5be6dab90b8a08de46b21820e71e0303f4bddb5d672f11a519ba8e76ff7e79b3,1.35,Yue Tan; SWAC / audio-cmn / Hugo Lopez,https://github.com/hugolpz/audio-cmn/blob/ff9ed3d0c631195bd2c06f39450f3264c7124040/64k/hsk/cmn-%E5%9C%B0%E5%9B%BE.mp3,CC BY-SA (source does not specify version),https://github.com/hugolpz/audio-cmn/blob/ff9ed3d0c631195bd2c06f39450f3264c7124040/README.md,Decoded MP3 to mono 24 kHz PCM16 WAV; no concatenation or phonetic edits.,BLOCKED,NOT RUN
word-8f2af0ac04975f388f7b440f3054295f,Pinyin/word-8f2af0ac04975f388f7b440f3054295f.wav,76eec301f67aaea4046607c71c787882b7f230dacd34630836589ca9c1378787,1.3,Yue Tan; SWAC / audio-cmn / Hugo Lopez,https://github.com/hugolpz/audio-cmn/blob/ff9ed3d0c631195bd2c06f39450f3264c7124040/64k/hsk/cmn-%E7%94%B5%E7%81%AF.mp3,CC BY-SA (source does not specify version),https://github.com/hugolpz/audio-cmn/blob/ff9ed3d0c631195bd2c06f39450f3264c7124040/README.md,Decoded MP3 to mono 24 kHz PCM16 WAV; no concatenation or phonetic edits.,BLOCKED,NOT RUN
word-5d4c148298a35889b3c8875705961d3a,Pinyin/word-5d4c148298a35889b3c8875705961d3a.wav,c48a71429d8214090eefd6765be3f73d1568f9261b9ef663483ae3c97b4c1286,1.1,Yue Tan; SWAC / audio-cmn / Hugo Lopez,https://github.com/hugolpz/audio-cmn/blob/ff9ed3d0c631195bd2c06f39450f3264c7124040/64k/hsk/cmn-%E5%87%B3%E5%AD%90.mp3,CC BY-SA (source does not specify version),https://github.com/hugolpz/audio-cmn/blob/ff9ed3d0c631195bd2c06f39450f3264c7124040/README.md,Decoded MP3 to mono 24 kHz PCM16 WAV; no concatenation or phonetic edits.,BLOCKED,NOT RUN
word-49dfa9844aa25fa887588ae02c140f7e,Pinyin/word-49dfa9844aa25fa887588ae02c140f7e.wav,734f936f2ca9c38784b2feffeb89e0bf06793578fd85a87f13a3f0970decdaec,1.2,Yue Tan; SWAC / audio-cmn / Hugo Lopez,https://github.com/hugolpz/audio-cmn/blob/ff9ed3d0c631195bd2c06f39450f3264c7124040/64k/hsk/cmn-%E5%8A%A8%E7%89%A9.mp3,CC BY-SA (source does not specify version),https://github.com/hugolpz/audio-cmn/blob/ff9ed3d0c631195bd2c06f39450f3264c7124040/README.md,Decoded MP3 to mono 24 kHz PCM16 WAV; no concatenation or phonetic edits.,BLOCKED,NOT RUN
word-75c5aa49c7a25f6d92f4caa5b150f66a,Pinyin/word-75c5aa49c7a25f6d92f4caa5b150f66a.wav,bbef2d2bb2edcc85ed5b52726d85b60b3783348ab1d07ea0236444ce430f298f,1.4,Yue Tan; SWAC / audio-cmn / Hugo Lopez,https://github.com/hugolpz/audio-cmn/blob/ff9ed3d0c631195bd2c06f39450f3264c7124040/64k/hsk/cmn-%E7%94%B5%E5%BD%B1.mp3,CC BY-SA (source does not specify version),https://github.com/hugolpz/audio-cmn/blob/ff9ed3d0c631195bd2c06f39450f3264c7124040/README.md,Decoded MP3 to mono 24 kHz PCM16 WAV; no concatenation or phonetic edits.,BLOCKED,NOT RUN
word-7c7bcf4281ed56458858da20c83c1297,Pinyin/word-7c7bcf4281ed56458858da20c83c1297.wav,0a72fb771122e2ddd1a104d1a270440d64cd966a5ecbd288279a98c66151e5d1,1.3,Yue Tan; SWAC / audio-cmn / Hugo Lopez,https://github.com/hugolpz/audio-cmn/blob/ff9ed3d0c631195bd2c06f39450f3264c7124040/64k/hsk/cmn-%E5%A4%A9%E7%A9%BA.mp3,CC BY-SA (source does not specify version),https://github.com/hugolpz/audio-cmn/blob/ff9ed3d0c631195bd2c06f39450f3264c7124040/README.md,Decoded MP3 to mono 24 kHz PCM16 WAV; no concatenation or phonetic edits.,BLOCKED,NOT RUN
word-01503ce73cbc5de3806379cdec11847b,Pinyin/word-01503ce73cbc5de3806379cdec11847b.wav,04afff755adcb52ad15b93a98a6f2173926cb03c9bfce36875e955ceddbaaf3e,1.25,Yue Tan; SWAC / audio-cmn / Hugo Lopez,https://github.com/hugolpz/audio-cmn/blob/ff9ed3d0c631195bd2c06f39450f3264c7124040/64k/hsk/cmn-%E8%B0%88%E8%AF%9D.mp3,CC BY-SA (source does not specify version),https://github.com/hugolpz/audio-cmn/blob/ff9ed3d0c631195bd2c06f39450f3264c7124040/README.md,Decoded MP3 to mono 24 kHz PCM16 WAV; no concatenation or phonetic edits.,BLOCKED,NOT RUN
word-f6d6811c931052d1ac97fe86d7bb7917,Pinyin/word-f6d6811c931052d1ac97fe86d7bb7917.wav,2d6eb5afa88ba30872b00cc409e04d28443be8f95fad4c03d12d0f8f4182e9b8,1.4,Yue Tan; SWAC / audio-cmn / Hugo Lopez,https://github.com/hugolpz/audio-cmn/blob/ff9ed3d0c631195bd2c06f39450f3264c7124040/64k/hsk/cmn-%E5%81%9C%E6%AD%A2.mp3,CC BY-SA (source does not specify version),https://github.com/hugolpz/audio-cmn/blob/ff9ed3d0c631195bd2c06f39450f3264c7124040/README.md,Decoded MP3 to mono 24 kHz PCM16 WAV; no concatenation or phonetic edits.,BLOCKED,NOT RUN
word-fd90e46ce91d5e44916c60a0881406a9,Pinyin/word-fd90e46ce91d5e44916c60a0881406a9.wav,01051d625f3e43f392d5f8412887c805b2da26cc76c3eb241e0662ae1d0c2a1c,1.2,Yue Tan; SWAC / audio-cmn / Hugo Lopez,https://github.com/hugolpz/audio-cmn/blob/ff9ed3d0c631195bd2c06f39450f3264c7124040/64k/hsk/cmn-%E8%AE%A8%E8%AE%BA.mp3,CC BY-SA (source does not specify version),https://github.com/hugolpz/audio-cmn/blob/ff9ed3d0c631195bd2c06f39450f3264c7124040/README.md,Decoded MP3 to mono 24 kHz PCM16 WAV; no concatenation or phonetic edits.,BLOCKED,NOT RUN
word-f286527c5f0857e08d333bbc3cb7ecb3,Pinyin/word-f286527c5f0857e08d333bbc3cb7ecb3.wav,078ca9e42b677535b9b443f0c1dd74bbb45e7e18f86de2da31f8d474bb8a7af9,1.05,Yue Tan; SWAC / audio-cmn / Hugo Lopez,https://github.com/hugolpz/audio-cmn/blob/ff9ed3d0c631195bd2c06f39450f3264c7124040/64k/hsk/cmn-%E5%85%94%E5%AD%90.mp3,CC BY-SA (source does not specify version),https://github.com/hugolpz/audio-cmn/blob/ff9ed3d0c631195bd2c06f39450f3264c7124040/README.md,Decoded MP3 to mono 24 kHz PCM16 WAV; no concatenation or phonetic edits.,BLOCKED,NOT RUN
word-c53bc09299bf5279a519516bab5ce234,Pinyin/word-c53bc09299bf5279a519516bab5ce234.wav,30b2da59cda5b4a928ff8f0c9889bcf5e194f33629c8eda4aa13d8195932d935,1.3,Yue Tan; SWAC / audio-cmn / Hugo Lopez,https://github.com/hugolpz/audio-cmn/blob/ff9ed3d0c631195bd2c06f39450f3264c7124040/64k/hsk/cmn-%E5%A4%AA%E9%98%B3.mp3,CC BY-SA (source does not specify version),https://github.com/hugolpz/audio-cmn/blob/ff9ed3d0c631195bd2c06f39450f3264c7124040/README.md,Decoded MP3 to mono 24 kHz PCM16 WAV; no concatenation or phonetic edits.,BLOCKED,NOT RUN
word-b1406914b8fb5d44b424118858b90778,Pinyin/word-b1406914b8fb5d44b424118858b90778.wav,8a78d603605a9fe3d72b3633cd971dd96180b71ea5ee20c7b64273620d5182dc,1.25,Yue Tan; SWAC / audio-cmn / Hugo Lopez,https://github.com/hugolpz/audio-cmn/blob/ff9ed3d0c631195bd2c06f39450f3264c7124040/64k/hsk/cmn-%E6%8D%8F%E9%80%A0.mp3,CC BY-SA (source does not specify version),https://github.com/hugolpz/audio-cmn/blob/ff9ed3d0c631195bd2c06f39450f3264c7124040/README.md,Decoded MP3 to mono 24 kHz PCM16 WAV; no concatenation or phonetic edits.,BLOCKED,NOT RUN
word-75808bbf85d858e09652f98625eb0e4f,Pinyin/word-75808bbf85d858e09652f98625eb0e4f.wav,37d6af3fb1cd2a8c6f37db76dc8f40935234152969a72aa9546cfd4a72ef571a,1.35,Yue Tan; SWAC / audio-cmn / Hugo Lopez,https://github.com/hugolpz/audio-cmn/blob/ff9ed3d0c631195bd2c06f39450f3264c7124040/64k/hsk/cmn-%E7%89%9B%E5%A5%B6.mp3,CC BY-SA (source does not specify version),https://github.com/hugolpz/audio-cmn/blob/ff9ed3d0c631195bd2c06f39450f3264c7124040/README.md,Decoded MP3 to mono 24 kHz PCM16 WAV; no concatenation or phonetic edits.,BLOCKED,NOT RUN
word-bc6b93d2c34c5c24a88f259dafed704d,Pinyin/word-bc6b93d2c34c5c24a88f259dafed704d.wav,8e126e9e480df25de0d2c6d5bba3ef6dbc84742e393e90a73dd1b69cdfe37c6a,1.25,Yue Tan; SWAC / audio-cmn / Hugo Lopez,https://github.com/hugolpz/audio-cmn/blob/ff9ed3d0c631195bd2c06f39450f3264c7124040/64k/hsk/cmn-%E5%8D%97%E6%96%B9.mp3,CC BY-SA (source does not specify version),https://github.com/hugolpz/audio-cmn/blob/ff9ed3d0c631195bd2c06f39450f3264c7124040/README.md,Decoded MP3 to mono 24 kHz PCM16 WAV; no concatenation or phonetic edits.,BLOCKED,NOT RUN
word-f0c3f28c61fe55a8938a89b09e00434d,Pinyin/word-f0c3f28c61fe55a8938a89b09e00434d.wav,ee449e91de6dfe2580f25e303b784d6cf398e62e796ded8359c3bbeff0b7fe65,1.15,Yue Tan; SWAC / audio-cmn / Hugo Lopez,https://github.com/hugolpz/audio-cmn/blob/ff9ed3d0c631195bd2c06f39450f3264c7124040/64k/hsk/cmn-%E8%83%BD%E5%A4%9F.mp3,CC BY-SA (source does not specify version),https://github.com/hugolpz/audio-cmn/blob/ff9ed3d0c631195bd2c06f39450f3264c7124040/README.md,Decoded MP3 to mono 24 kHz PCM16 WAV; no concatenation or phonetic edits.,BLOCKED,NOT RUN
word-bd6791e3711e5b34ab3fa4f171b8b5e5,Pinyin/word-bd6791e3711e5b34ab3fa4f171b8b5e5.wav,8f2181c83b4ef3b0a730bbe85676aaa3ac1001c5f732208804020f80fd97024a,1.15,Yue Tan; SWAC / audio-cmn / Hugo Lopez,https://github.com/hugolpz/audio-cmn/blob/ff9ed3d0c631195bd2c06f39450f3264c7124040/64k/hsk/cmn-%E5%A5%B6%E5%A5%B6.mp3,CC BY-SA (source does not specify version),https://github.com/hugolpz/audio-cmn/blob/ff9ed3d0c631195bd2c06f39450f3264c7124040/README.md,Decoded MP3 to mono 24 kHz PCM16 WAV; no concatenation or phonetic edits.,BLOCKED,NOT RUN
word-b6a33ba4d66e5a5f8b1cb12fc2472816,Pinyin/word-b6a33ba4d66e5a5f8b1cb12fc2472816.wav,dc1259da08d2589b5d8019e211eda2970aac34fc286f938e224f499a71cabcbb,1.25,Yue Tan; SWAC / audio-cmn / Hugo Lopez,https://github.com/hugolpz/audio-cmn/blob/ff9ed3d0c631195bd2c06f39450f3264c7124040/64k/hsk/cmn-%E6%89%AD%E8%BD%AC.mp3,CC BY-SA (source does not specify version),https://github.com/hugolpz/audio-cmn/blob/ff9ed3d0c631195bd2c06f39450f3264c7124040/README.md,Decoded MP3 to mono 24 kHz PCM16 WAV; no concatenation or phonetic edits.,BLOCKED,NOT RUN
word-d79b547c030b579f9fe35de4dcff6906,Pinyin/word-d79b547c030b579f9fe35de4dcff6906.wav,139d474a60e037f1959c220a58a63c65c7eed044b91f741cac523fd08b3c79a0,1.3,Yue Tan; SWAC / audio-cmn / Hugo Lopez,https://github.com/hugolpz/audio-cmn/blob/ff9ed3d0c631195bd2c06f39450f3264c7124040/64k/hsk/cmn-%E9%82%A3%E8%BE%B9.mp3,CC BY-SA (source does not specify version),https://github.com/hugolpz/audio-cmn/blob/ff9ed3d0c631195bd2c06f39450f3264c7124040/README.md,Decoded MP3 to mono 24 kHz PCM16 WAV; no concatenation or phonetic edits.,BLOCKED,NOT RUN
word-a794a4dd5e09573bae615c7c4bc343ed,Pinyin/word-a794a4dd5e09573bae615c7c4bc343ed.wav,ef77f6a411758581cd4fb7e21f3c4f59e01df3c2d3d81814e71c4f7231aa5afd,1.25,Yue Tan; SWAC / audio-cmn / Hugo Lopez,https://github.com/hugolpz/audio-cmn/blob/ff9ed3d0c631195bd2c06f39450f3264c7124040/64k/hsk/cmn-%E5%9E%83%E5%9C%BE.mp3,CC BY-SA (source does not specify version),https://github.com/hugolpz/audio-cmn/blob/ff9ed3d0c631195bd2c06f39450f3264c7124040/README.md,Decoded MP3 to mono 24 kHz PCM16 WAV; no concatenation or phonetic edits.,BLOCKED,NOT RUN
word-a6c1a3568c045d06bc630de2a9da7c19,Pinyin/word-a6c1a3568c045d06bc630de2a9da7c19.wav,8447975d93ce2f68ab32d75257479c34bb8cb5081656ccf49eadbac49fcee891,1.3,Yue Tan; SWAC / audio-cmn / Hugo Lopez,https://github.com/hugolpz/audio-cmn/blob/ff9ed3d0c631195bd2c06f39450f3264c7124040/64k/hsk/cmn-%E6%9D%A5%E5%BE%80.mp3,CC BY-SA (source does not specify version),https://github.com/hugolpz/audio-cmn/blob/ff9ed3d0c631195bd2c06f39450f3264c7124040/README.md,Decoded MP3 to mono 24 kHz PCM16 WAV; no concatenation or phonetic edits.,BLOCKED,NOT RUN
word-c7653587f0bd560c9440c5524e14a915,Pinyin/word-c7653587f0bd560c9440c5524e14a915.wav,ea75460f0c0c9c504b17b7f2a870106dd28da7f808448cd75c790dfa8dbf474a,1.35,Yue Tan; SWAC / audio-cmn / Hugo Lopez,https://github.com/hugolpz/audio-cmn/blob/ff9ed3d0c631195bd2c06f39450f3264c7124040/64k/hsk/cmn-%E6%A5%BC%E6%88%BF.mp3,CC BY-SA (source does not specify version),https://github.com/hugolpz/audio-cmn/blob/ff9ed3d0c631195bd2c06f39450f3264c7124040/README.md,Decoded MP3 to mono 24 kHz PCM16 WAV; no concatenation or phonetic edits.,BLOCKED,NOT RUN
word-a9fe870d519c5812a0b3fd64bbc9aa1a,Pinyin/word-a9fe870d519c5812a0b3fd64bbc9aa1a.wav,3a44eded44dcc92e1aa121781239709f2467b8c058931ae613634c40401a53af,1.35,Yue Tan; SWAC / audio-cmn / Hugo Lopez,https://github.com/hugolpz/audio-cmn/blob/ff9ed3d0c631195bd2c06f39450f3264c7124040/64k/hsk/cmn-%E8%BD%AE%E8%88%B9.mp3,CC BY-SA (source does not specify version),https://github.com/hugolpz/audio-cmn/blob/ff9ed3d0c631195bd2c06f39450f3264c7124040/README.md,Decoded MP3 to mono 24 kHz PCM16 WAV; no concatenation or phonetic edits.,BLOCKED,NOT RUN
word-717bfb9232465abc8bc9e7e5b757d361,Pinyin/word-717bfb9232465abc8bc9e7e5b757d361.wav,ee4f7b373644cd98e2140ce3418471e12af9a0e9a21093f6034d70166edcd3d4,1.25,Yue Tan; SWAC / audio-cmn / Hugo Lopez,https://github.com/hugolpz/audio-cmn/blob/ff9ed3d0c631195bd2c06f39450f3264c7124040/64k/hsk/cmn-%E8%80%81%E5%B8%88.mp3,CC BY-SA (source does not specify version),https://github.com/hugolpz/audio-cmn/blob/ff9ed3d0c631195bd2c06f39450f3264c7124040/README.md,Decoded MP3 to mono 24 kHz PCM16 WAV; no concatenation or phonetic edits.,BLOCKED,NOT RUN
word-2011554eb5b05fbfaa836b7f1bde0fab,Pinyin/word-2011554eb5b05fbfaa836b7f1bde0fab.wav,19cccaff5550912dd693f8c15b1267b54d6910d224b68bd986a80587ffc33df7,1.15,Yue Tan; SWAC / audio-cmn / Hugo Lopez,https://github.com/hugolpz/audio-cmn/blob/ff9ed3d0c631195bd2c06f39450f3264c7124040/64k/hsk/cmn-%E7%A4%BC%E7%89%A9.mp3,CC BY-SA (source does not specify version),https://github.com/hugolpz/audio-cmn/blob/ff9ed3d0c631195bd2c06f39450f3264c7124040/README.md,Decoded MP3 to mono 24 kHz PCM16 WAV; no concatenation or phonetic edits.,BLOCKED,NOT RUN
word-6e3288a0e37a523789805ac752eec240,Pinyin/word-6e3288a0e37a523789805ac752eec240.wav,995e76eae5c211839874aa8f3b1506ec09ee898ef12aead7c8bc7fdafee01717,1.35,Yue Tan; SWAC / audio-cmn / Hugo Lopez,https://github.com/hugolpz/audio-cmn/blob/ff9ed3d0c631195bd2c06f39450f3264c7124040/64k/hsk/cmn-%E6%9F%B3%E6%A0%91.mp3,CC BY-SA (source does not specify version),https://github.com/hugolpz/audio-cmn/blob/ff9ed3d0c631195bd2c06f39450f3264c7124040/README.md,Decoded MP3 to mono 24 kHz PCM16 WAV; no concatenation or phonetic edits.,BLOCKED,NOT RUN
word-7e6ddb1ffde25e18942bbcb073a56b56,Pinyin/word-7e6ddb1ffde25e18942bbcb073a56b56.wav,f9415f44239acb7ce2d5a6a78d69e5a4a3915325d75f8319d731d0669bca0ddb,1.35,Yue Tan; SWAC / audio-cmn / Hugo Lopez,https://github.com/hugolpz/audio-cmn/blob/ff9ed3d0c631195bd2c06f39450f3264c7124040/64k/hsk/cmn-%E4%BA%86%E8%A7%A3.mp3,CC BY-SA (source does not specify version),https://github.com/hugolpz/audio-cmn/blob/ff9ed3d0c631195bd2c06f39450f3264c7124040/README.md,Decoded MP3 to mono 24 kHz PCM16 WAV; no concatenation or phonetic edits.,BLOCKED,NOT RUN
word-4a43b607902e58d6abbf851c95dd85f1,Pinyin/word-4a43b607902e58d6abbf851c95dd85f1.wav,11e45ac3831cd690a5daab7954b2042a0eda2199f3b647b47df9140b143f3915,1.25,Yue Tan; SWAC / audio-cmn / Hugo Lopez,https://github.com/hugolpz/audio-cmn/blob/ff9ed3d0c631195bd2c06f39450f3264c7124040/64k/hsk/cmn-%E8%BE%A3%E6%A4%92.mp3,CC BY-SA (source does not specify version),https://github.com/hugolpz/audio-cmn/blob/ff9ed3d0c631195bd2c06f39450f3264c7124040/README.md,Decoded MP3 to mono 24 kHz PCM16 WAV; no concatenation or phonetic edits.,BLOCKED,NOT RUN
word-718691a5005a5682addb62eb30fe9406,Pinyin/word-718691a5005a5682addb62eb30fe9406.wav,4253c46fe91679e9e01abaf223c0b44bbea13169c32a8eed6b0130f58882167c,1.35,Yue Tan; SWAC / audio-cmn / Hugo Lopez,https://github.com/hugolpz/audio-cmn/blob/ff9ed3d0c631195bd2c06f39450f3264c7124040/64k/hsk/cmn-%E5%8E%86%E5%8F%B2.mp3,CC BY-SA (source does not specify version),https://github.com/hugolpz/audio-cmn/blob/ff9ed3d0c631195bd2c06f39450f3264c7124040/README.md,Decoded MP3 to mono 24 kHz PCM16 WAV; no concatenation or phonetic edits.,BLOCKED,NOT RUN
word-c60343db6d01538dac960b622b97ac8a,Pinyin/word-c60343db6d01538dac960b622b97ac8a.wav,e7accd773a3242fa16e09279b831b0f96e7cf20623f5154d2e971db93ce59533,1.05,Yue Tan; SWAC / audio-cmn / Hugo Lopez,https://github.com/hugolpz/audio-cmn/blob/ff9ed3d0c631195bd2c06f39450f3264c7124040/64k/hsk/cmn-%E5%93%A5%E5%93%A5.mp3,CC BY-SA (source does not specify version),https://github.com/hugolpz/audio-cmn/blob/ff9ed3d0c631195bd2c06f39450f3264c7124040/README.md,Decoded MP3 to mono 24 kHz PCM16 WAV; no concatenation or phonetic edits.,BLOCKED,NOT RUN
word-8a5d39db202a52e7bea63f1f24b99b1d,Pinyin/word-8a5d39db202a52e7bea63f1f24b99b1d.wav,f9770911d613e80e2c7dfce67bb7e068b3243c845dfe3cef79dc50716d6b58e3,1.3,Yue Tan; SWAC / audio-cmn / Hugo Lopez,https://github.com/hugolpz/audio-cmn/blob/ff9ed3d0c631195bd2c06f39450f3264c7124040/64k/hsk/cmn-%E5%BD%92%E8%BF%98.mp3,CC BY-SA (source does not specify version),https://github.com/hugolpz/audio-cmn/blob/ff9ed3d0c631195bd2c06f39450f3264c7124040/README.md,Decoded MP3 to mono 24 kHz PCM16 WAV; no concatenation or phonetic edits.,BLOCKED,NOT RUN
word-8f31c0f90f89564383bfe052fdca7608,Pinyin/word-8f31c0f90f89564383bfe052fdca7608.wav,1243e022b0fcd561d10e5e23a2ce902ad786cc93e681fe2dd7dd46051a1fb79b,1.3,Yue Tan; SWAC / audio-cmn / Hugo Lopez,https://github.com/hugolpz/audio-cmn/blob/ff9ed3d0c631195bd2c06f39450f3264c7124040/64k/hsk/cmn-%E6%B2%9F%E9%80%9A.mp3,CC BY-SA (source does not specify version),https://github.com/hugolpz/audio-cmn/blob/ff9ed3d0c631195bd2c06f39450f3264c7124040/README.md,Decoded MP3 to mono 24 kHz PCM16 WAV; no concatenation or phonetic edits.,BLOCKED,NOT RUN
word-c636f863d66452c09fc02cd4adef739f,Pinyin/word-c636f863d66452c09fc02cd4adef739f.wav,b0f104dc83c2749e96fab02e05e02b0a5bc9dbc92d05abaed312cfe12cd4e4e3,1.2,Yue Tan; SWAC / audio-cmn / Hugo Lopez,https://github.com/hugolpz/audio-cmn/blob/ff9ed3d0c631195bd2c06f39450f3264c7124040/64k/hsk/cmn-%E6%A0%B9%E6%9C%AC.mp3,CC BY-SA (source does not specify version),https://github.com/hugolpz/audio-cmn/blob/ff9ed3d0c631195bd2c06f39450f3264c7124040/README.md,Decoded MP3 to mono 24 kHz PCM16 WAV; no concatenation or phonetic edits.,BLOCKED,NOT RUN
word-b59c0c80f0c95c14b181d471df1d2912,Pinyin/word-b59c0c80f0c95c14b181d471df1d2912.wav,dc3c1e054442a577d7e0366d2f0c3bd66106aaba76cf8282221a7251ba59a683,1.25,Yue Tan; SWAC / audio-cmn / Hugo Lopez,https://github.com/hugolpz/audio-cmn/blob/ff9ed3d0c631195bd2c06f39450f3264c7124040/64k/hsk/cmn-%E6%A0%BC%E5%BC%8F.mp3,CC BY-SA (source does not specify version),https://github.com/hugolpz/audio-cmn/blob/ff9ed3d0c631195bd2c06f39450f3264c7124040/README.md,Decoded MP3 to mono 24 kHz PCM16 WAV; no concatenation or phonetic edits.,BLOCKED,NOT RUN
word-a5382e474c5d5ce8bbafe3d9e565a775,Pinyin/word-a5382e474c5d5ce8bbafe3d9e565a775.wav,bffecfbd177abcc4171edf35a5bf5f0a863892c338f9a5d075a45a0ebfd3654b,1.15,Yue Tan; SWAC / audio-cmn / Hugo Lopez,https://github.com/hugolpz/audio-cmn/blob/ff9ed3d0c631195bd2c06f39450f3264c7124040/64k/hsk/cmn-%E5%91%8A%E8%AF%89.mp3,CC BY-SA (source does not specify version),https://github.com/hugolpz/audio-cmn/blob/ff9ed3d0c631195bd2c06f39450f3264c7124040/README.md,Decoded MP3 to mono 24 kHz PCM16 WAV; no concatenation or phonetic edits.,BLOCKED,NOT RUN
word-76c4f9a6505c5b4582707a4cfa63acb6,Pinyin/word-76c4f9a6505c5b4582707a4cfa63acb6.wav,0a49394d4c6ad3af55cc00b30be26f4d921d438b0212ad470876c560df14aa13,1.2,Yue Tan; SWAC / audio-cmn / Hugo Lopez,https://github.com/hugolpz/audio-cmn/blob/ff9ed3d0c631195bd2c06f39450f3264c7124040/64k/hsk/cmn-%E8%B4%B5%E9%87%8D.mp3,CC BY-SA (source does not specify version),https://github.com/hugolpz/audio-cmn/blob/ff9ed3d0c631195bd2c06f39450f3264c7124040/README.md,Decoded MP3 to mono 24 kHz PCM16 WAV; no concatenation or phonetic edits.,BLOCKED,NOT RUN
word-b3eb5490526157399dbe648f5848cdf8,Pinyin/word-b3eb5490526157399dbe648f5848cdf8.wav,8de642d165bb8b44bc0d5a0781d4f4eda9770aa8db9674f57407598a1ce1cf82,1.35,Yue Tan; SWAC / audio-cmn / Hugo Lopez,https://github.com/hugolpz/audio-cmn/blob/ff9ed3d0c631195bd2c06f39450f3264c7124040/64k/hsk/cmn-%E7%A7%91%E5%AD%A6.mp3,CC BY-SA (source does not specify version),https://github.com/hugolpz/audio-cmn/blob/ff9ed3d0c631195bd2c06f39450f3264c7124040/README.md,Decoded MP3 to mono 24 kHz PCM16 WAV; no concatenation or phonetic edits.,BLOCKED,NOT RUN
word-869924b7516b5a7281f0ce8f949e6b9b,Pinyin/word-869924b7516b5a7281f0ce8f949e6b9b.wav,159930c556147ea9be8b73c56ec019eed2defedd6ae2866321eda1f85c9a520c,1.1,Yue Tan; SWAC / audio-cmn / Hugo Lopez,https://github.com/hugolpz/audio-cmn/blob/ff9ed3d0c631195bd2c06f39450f3264c7124040/64k/hsk/cmn-%E5%92%B3%E5%97%BD.mp3,CC BY-SA (source does not specify version),https://github.com/hugolpz/audio-cmn/blob/ff9ed3d0c631195bd2c06f39450f3264c7124040/README.md,Decoded MP3 to mono 24 kHz PCM16 WAV; no concatenation or phonetic edits.,BLOCKED,NOT RUN
word-7b7f6e9cc9da5e4d97fc765bacc617ea,Pinyin/word-7b7f6e9cc9da5e4d97fc765bacc617ea.wav,57374e1e9e865831d4ed69cb7dc2b1ea7e469999f4be0ade03b35a824fb3f907,1.3,Yue Tan; SWAC / audio-cmn / Hugo Lopez,https://github.com/hugolpz/audio-cmn/blob/ff9ed3d0c631195bd2c06f39450f3264c7124040/64k/hsk/cmn-%E5%8F%AF%E4%BB%A5.mp3,CC BY-SA (source does not specify version),https://github.com/hugolpz/audio-cmn/blob/ff9ed3d0c631195bd2c06f39450f3264c7124040/README.md,Decoded MP3 to mono 24 kHz PCM16 WAV; no concatenation or phonetic edits.,BLOCKED,NOT RUN
word-0cdd716e6b805a0faa6e4b49226e5111,Pinyin/word-0cdd716e6b805a0faa6e4b49226e5111.wav,8d5365ecebd39e662e2dd7782a8512e490d024491a59bc915766f90812b13f5c,1.2,Yue Tan; SWAC / audio-cmn / Hugo Lopez,https://github.com/hugolpz/audio-cmn/blob/ff9ed3d0c631195bd2c06f39450f3264c7124040/64k/hsk/cmn-%E5%BF%AB%E4%B9%90.mp3,CC BY-SA (source does not specify version),https://github.com/hugolpz/audio-cmn/blob/ff9ed3d0c631195bd2c06f39450f3264c7124040/README.md,Decoded MP3 to mono 24 kHz PCM16 WAV; no concatenation or phonetic edits.,BLOCKED,NOT RUN
word-78955f0d3e2c594d89c9a1a30f7f02a0,Pinyin/word-78955f0d3e2c594d89c9a1a30f7f02a0.wav,5d464bb4ac0804cb2c2f55fd25924b2ed8288d784320b9d74a768912f08c175e,1.2,Yue Tan; SWAC / audio-cmn / Hugo Lopez,https://github.com/hugolpz/audio-cmn/blob/ff9ed3d0c631195bd2c06f39450f3264c7124040/64k/hsk/cmn-%E8%AF%BE%E6%9C%AC.mp3,CC BY-SA (source does not specify version),https://github.com/hugolpz/audio-cmn/blob/ff9ed3d0c631195bd2c06f39450f3264c7124040/README.md,Decoded MP3 to mono 24 kHz PCM16 WAV; no concatenation or phonetic edits.,BLOCKED,NOT RUN
word-ea7250b96d915443aa03dd798f34b39e,Pinyin/word-ea7250b96d915443aa03dd798f34b39e.wav,8f74b7fb12554c04abfbd5dac12bff75f037b2fb2cde0558085045daba423c76,1.25,Yue Tan; SWAC / audio-cmn / Hugo Lopez,https://github.com/hugolpz/audio-cmn/blob/ff9ed3d0c631195bd2c06f39450f3264c7124040/64k/hsk/cmn-%E8%8A%B1%E6%9C%B5.mp3,CC BY-SA (source does not specify version),https://github.com/hugolpz/audio-cmn/blob/ff9ed3d0c631195bd2c06f39450f3264c7124040/README.md,Decoded MP3 to mono 24 kHz PCM16 WAV; no concatenation or phonetic edits.,BLOCKED,NOT RUN
word-4366cf0408535a2bb37a1d3f6e7c7733,Pinyin/word-4366cf0408535a2bb37a1d3f6e7c7733.wav,6439bdd05f2a8b60d56e60102cdbe4f6dd1f377f3ad5a0fc46a77d637bd0ffe6,1.3,Yue Tan; SWAC / audio-cmn / Hugo Lopez,https://github.com/hugolpz/audio-cmn/blob/ff9ed3d0c631195bd2c06f39450f3264c7124040/64k/hsk/cmn-%E6%AC%A2%E8%BF%8E.mp3,CC BY-SA (source does not specify version),https://github.com/hugolpz/audio-cmn/blob/ff9ed3d0c631195bd2c06f39450f3264c7124040/README.md,Decoded MP3 to mono 24 kHz PCM16 WAV; no concatenation or phonetic edits.,BLOCKED,NOT RUN
word-65edd9b589b0564db3bd427c13e08325,Pinyin/word-65edd9b589b0564db3bd427c13e08325.wav,2fffc1e123323883f51d94f04c6264c96b4b366c47a2f12ae21a45e151da5e2f,1.3,Yue Tan; SWAC / audio-cmn / Hugo Lopez,https://github.com/hugolpz/audio-cmn/blob/ff9ed3d0c631195bd2c06f39450f3264c7124040/64k/hsk/cmn-%E6%B2%B3%E6%B5%81.mp3,CC BY-SA (source does not specify version),https://github.com/hugolpz/audio-cmn/blob/ff9ed3d0c631195bd2c06f39450f3264c7124040/README.md,Decoded MP3 to mono 24 kHz PCM16 WAV; no concatenation or phonetic edits.,BLOCKED,NOT RUN
word-61aa175eaa45530895698bb9cd074904,Pinyin/word-61aa175eaa45530895698bb9cd074904.wav,ec4221b13392d63c858e7f82cb831d4de7f987a3e103cef51a579f9f9cdbfc6f,1.15,Yue Tan; SWAC / audio-cmn / Hugo Lopez,https://github.com/hugolpz/audio-cmn/blob/ff9ed3d0c631195bd2c06f39450f3264c7124040/64k/hsk/cmn-%E5%9B%9E%E6%9D%A5.mp3,CC BY-SA (source does not specify version),https://github.com/hugolpz/audio-cmn/blob/ff9ed3d0c631195bd2c06f39450f3264c7124040/README.md,Decoded MP3 to mono 24 kHz PCM16 WAV; no concatenation or phonetic edits.,BLOCKED,NOT RUN
word-d20b8a1df8e85c039021a972b5683106,Pinyin/word-d20b8a1df8e85c039021a972b5683106.wav,262ad1c87224fb7d3ce7114def896811008e920b91f0f737d2d83963845859e4,1.35,Yue Tan; SWAC / audio-cmn / Hugo Lopez,https://github.com/hugolpz/audio-cmn/blob/ff9ed3d0c631195bd2c06f39450f3264c7124040/64k/hsk/cmn-%E7%BA%A2%E6%97%97.mp3,CC BY-SA (source does not specify version),https://github.com/hugolpz/audio-cmn/blob/ff9ed3d0c631195bd2c06f39450f3264c7124040/README.md,Decoded MP3 to mono 24 kHz PCM16 WAV; no concatenation or phonetic edits.,BLOCKED,NOT RUN
word-d6a8d185f2155a76ac47e1b54d0a1663,Pinyin/word-d6a8d185f2155a76ac47e1b54d0a1663.wav,f3f7dfbdb51ccaed00ff0f8122d9c5ee8f6865a4c81f463c19079f8239b4005a,1.2,Yue Tan; SWAC / audio-cmn / Hugo Lopez,https://github.com/hugolpz/audio-cmn/blob/ff9ed3d0c631195bd2c06f39450f3264c7124040/64k/hsk/cmn-%E5%AF%92%E5%86%B7.mp3,CC BY-SA (source does not specify version),https://github.com/hugolpz/audio-cmn/blob/ff9ed3d0c631195bd2c06f39450f3264c7124040/README.md,Decoded MP3 to mono 24 kHz PCM16 WAV; no concatenation or phonetic edits.,BLOCKED,NOT RUN
word-e4fdfaafe0505772b3748c37a151c818,Pinyin/word-e4fdfaafe0505772b3748c37a151c818.wav,e47b292707ae970049b0eea364b481008bf76f9491e2191083e23190aa6391d1,1.25,Yue Tan; SWAC / audio-cmn / Hugo Lopez,https://github.com/hugolpz/audio-cmn/blob/ff9ed3d0c631195bd2c06f39450f3264c7124040/64k/hsk/cmn-%E5%A5%BD%E5%90%83.mp3,CC BY-SA (source does not specify version),https://github.com/hugolpz/audio-cmn/blob/ff9ed3d0c631195bd2c06f39450f3264c7124040/README.md,Decoded MP3 to mono 24 kHz PCM16 WAV; no concatenation or phonetic edits.,BLOCKED,NOT RUN
word-6bc1affcb7b35dadaadfe40f9aeacee1,Pinyin/word-6bc1affcb7b35dadaadfe40f9aeacee1.wav,675319e7fdc0d8232b3ba86a0277f89dc53a3a320647571ac082a7418f6b5477,1.25,Yue Tan; SWAC / audio-cmn / Hugo Lopez,https://github.com/hugolpz/audio-cmn/blob/ff9ed3d0c631195bd2c06f39450f3264c7124040/64k/hsk/cmn-%E6%B5%B7%E5%B2%B8.mp3,CC BY-SA (source does not specify version),https://github.com/hugolpz/audio-cmn/blob/ff9ed3d0c631195bd2c06f39450f3264c7124040/README.md,Decoded MP3 to mono 24 kHz PCM16 WAV; no concatenation or phonetic edits.,BLOCKED,NOT RUN
word-96a400b547db5816abcb5abde46f91b5,Pinyin/word-96a400b547db5816abcb5abde46f91b5.wav,602c4625967d0a05bad07140830af33499cfe4b606cfe90dea5c9972be1f7364,1.3,Yue Tan; SWAC / audio-cmn / Hugo Lopez,https://github.com/hugolpz/audio-cmn/blob/ff9ed3d0c631195bd2c06f39450f3264c7124040/64k/hsk/cmn-%E7%A5%9D%E8%B4%BA.mp3,CC BY-SA (source does not specify version),https://github.com/hugolpz/audio-cmn/blob/ff9ed3d0c631195bd2c06f39450f3264c7124040/README.md,Decoded MP3 to mono 24 kHz PCM16 WAV; no concatenation or phonetic edits.,BLOCKED,NOT RUN
word-39849fd44fa45e8b83164ae88ac2d8ce,Pinyin/word-39849fd44fa45e8b83164ae88ac2d8ce.wav,b983b658cb7b8c9a3166510b5462e5f89423d2a4863250ec6211ec934c858af7,1.2,Yue Tan; SWAC / audio-cmn / Hugo Lopez,https://github.com/hugolpz/audio-cmn/blob/ff9ed3d0c631195bd2c06f39450f3264c7124040/64k/hsk/cmn-%E5%B1%85%E4%BD%8F.mp3,CC BY-SA (source does not specify version),https://github.com/hugolpz/audio-cmn/blob/ff9ed3d0c631195bd2c06f39450f3264c7124040/README.md,Decoded MP3 to mono 24 kHz PCM16 WAV; no concatenation or phonetic edits.,BLOCKED,NOT RUN
word-815e2614cfce56cb881ba80d61611c94,Pinyin/word-815e2614cfce56cb881ba80d61611c94.wav,b4c8a33b16fbb96ae436e94863de28c6beff1f30dce3e020874ebcd72d42f75f,1.35,Yue Tan; SWAC / audio-cmn / Hugo Lopez,https://github.com/hugolpz/audio-cmn/blob/ff9ed3d0c631195bd2c06f39450f3264c7124040/64k/hsk/cmn-%E5%86%9B%E9%98%9F.mp3,CC BY-SA (source does not specify version),https://github.com/hugolpz/audio-cmn/blob/ff9ed3d0c631195bd2c06f39450f3264c7124040/README.md,Decoded MP3 to mono 24 kHz PCM16 WAV; no concatenation or phonetic edits.,BLOCKED,NOT RUN
word-abd949d083e7515b9233cd3fe4ea3953,Pinyin/word-abd949d083e7515b9233cd3fe4ea3953.wav,c1d5458d41e44dcbe4e735980f1f1ebcc4afe299c294849d80c36012256b7a41,1.3,Yue Tan; SWAC / audio-cmn / Hugo Lopez,https://github.com/hugolpz/audio-cmn/blob/ff9ed3d0c631195bd2c06f39450f3264c7124040/64k/hsk/cmn-%E7%BA%A0%E6%AD%A3.mp3,CC BY-SA (source does not specify version),https://github.com/hugolpz/audio-cmn/blob/ff9ed3d0c631195bd2c06f39450f3264c7124040/README.md,Decoded MP3 to mono 24 kHz PCM16 WAV; no concatenation or phonetic edits.,BLOCKED,NOT RUN
word-6b3f118f27cf5896911288a46b5bbbc1,Pinyin/word-6b3f118f27cf5896911288a46b5bbbc1.wav,db639d6d71a6df6284d8b229bb8152f950a4dd93564b2c64a9ae0188fd66f3c1,1.25,Yue Tan; SWAC / audio-cmn / Hugo Lopez,https://github.com/hugolpz/audio-cmn/blob/ff9ed3d0c631195bd2c06f39450f3264c7124040/64k/hsk/cmn-%E9%B8%A1%E8%9B%8B.mp3,CC BY-SA (source does not specify version),https://github.com/hugolpz/audio-cmn/blob/ff9ed3d0c631195bd2c06f39450f3264c7124040/README.md,Decoded MP3 to mono 24 kHz PCM16 WAV; no concatenation or phonetic edits.,BLOCKED,NOT RUN
word-1aa4d6e7858650fe9cad01f2e4156652,Pinyin/word-1aa4d6e7858650fe9cad01f2e4156652.wav,60da8ba9e4c6cf4fb8f08b864101af1f868d43af39a06a342065c82dd9db86fa,1.3,Yue Tan; SWAC / audio-cmn / Hugo Lopez,https://github.com/hugolpz/audio-cmn/blob/ff9ed3d0c631195bd2c06f39450f3264c7124040/64k/hsk/cmn-%E9%87%91%E9%B1%BC.mp3,CC BY-SA (source does not specify version),https://github.com/hugolpz/audio-cmn/blob/ff9ed3d0c631195bd2c06f39450f3264c7124040/README.md,Decoded MP3 to mono 24 kHz PCM16 WAV; no concatenation or phonetic edits.,BLOCKED,NOT RUN
word-a219307b1ac25a6fb9512978895ca774,Pinyin/word-a219307b1ac25a6fb9512978895ca774.wav,d7e523febb87b865793f0ce0978d36d456579a06dc5e41f7a5c76d188a17fbac,1.3,Yue Tan; SWAC / audio-cmn / Hugo Lopez,https://github.com/hugolpz/audio-cmn/blob/ff9ed3d0c631195bd2c06f39450f3264c7124040/64k/hsk/cmn-%E9%A5%A5%E9%A5%BF.mp3,CC BY-SA (source does not specify version),https://github.com/hugolpz/audio-cmn/blob/ff9ed3d0c631195bd2c06f39450f3264c7124040/README.md,Decoded MP3 to mono 24 kHz PCM16 WAV; no concatenation or phonetic edits.,BLOCKED,NOT RUN
word-310dc11791925239986cae9bc07afa9f,Pinyin/word-310dc11791925239986cae9bc07afa9f.wav,f3142d2680c722549897713fef16a9a6c95586998911ecdfedefe30a9784910d,1.25,Yue Tan; SWAC / audio-cmn / Hugo Lopez,https://github.com/hugolpz/audio-cmn/blob/ff9ed3d0c631195bd2c06f39450f3264c7124040/64k/hsk/cmn-%E8%A1%97%E9%81%93.mp3,CC BY-SA (source does not specify version),https://github.com/hugolpz/audio-cmn/blob/ff9ed3d0c631195bd2c06f39450f3264c7124040/README.md,Decoded MP3 to mono 24 kHz PCM16 WAV; no concatenation or phonetic edits.,BLOCKED,NOT RUN
word-d65e625d225d57bc91a6911914e6fcf4,Pinyin/word-d65e625d225d57bc91a6911914e6fcf4.wav,46d9cba719e72c7b0e313ec036341b7edc2dd8b2749429cce87291631bcc8ee3,1.25,Yue Tan; SWAC / audio-cmn / Hugo Lopez,https://github.com/hugolpz/audio-cmn/blob/ff9ed3d0c631195bd2c06f39450f3264c7124040/64k/hsk/cmn-%E5%9D%9A%E7%A1%AC.mp3,CC BY-SA (source does not specify version),https://github.com/hugolpz/audio-cmn/blob/ff9ed3d0c631195bd2c06f39450f3264c7124040/README.md,Decoded MP3 to mono 24 kHz PCM16 WAV; no concatenation or phonetic edits.,BLOCKED,NOT RUN
word-d991fa170907538d96cd0c0a82aae737,Pinyin/word-d991fa170907538d96cd0c0a82aae737.wav,56b98db09c3c8e090ff06d1f948e7e27a148f3721bdede65dc40c4d6be295b78,1.4,Yue Tan; SWAC / audio-cmn / Hugo Lopez,https://github.com/hugolpz/audio-cmn/blob/ff9ed3d0c631195bd2c06f39450f3264c7124040/64k/hsk/cmn-%E6%80%A5%E5%BF%99.mp3,CC BY-SA (source does not specify version),https://github.com/hugolpz/audio-cmn/blob/ff9ed3d0c631195bd2c06f39450f3264c7124040/README.md,Decoded MP3 to mono 24 kHz PCM16 WAV; no concatenation or phonetic edits.,BLOCKED,NOT RUN
word-1b758eb6cd9e51239da35e01caafddd3,Pinyin/word-1b758eb6cd9e51239da35e01caafddd3.wav,8ec8a86ea51752e1f106d3611ed1eb712c81a4e2ea33a905ed76622b9e489346,1.25,Yue Tan; SWAC / audio-cmn / Hugo Lopez,https://github.com/hugolpz/audio-cmn/blob/ff9ed3d0c631195bd2c06f39450f3264c7124040/64k/hsk/cmn-%E8%8A%82%E6%97%A5.mp3,CC BY-SA (source does not specify version),https://github.com/hugolpz/audio-cmn/blob/ff9ed3d0c631195bd2c06f39450f3264c7124040/README.md,Decoded MP3 to mono 24 kHz PCM16 WAV; no concatenation or phonetic edits.,BLOCKED,NOT RUN
word-f67c641d24ae52598badbc21b206b8f1,Pinyin/word-f67c641d24ae52598badbc21b206b8f1.wav,b806527735a126d538cb0e881bd4237de15d3e98dc6ca5e5bcda1de44be66d0d,1.25,Yue Tan; SWAC / audio-cmn / Hugo Lopez,https://github.com/hugolpz/audio-cmn/blob/ff9ed3d0c631195bd2c06f39450f3264c7124040/64k/hsk/cmn-%E5%86%B3%E5%AE%9A.mp3,CC BY-SA (source does not specify version),https://github.com/hugolpz/audio-cmn/blob/ff9ed3d0c631195bd2c06f39450f3264c7124040/README.md,Decoded MP3 to mono 24 kHz PCM16 WAV; no concatenation or phonetic edits.,BLOCKED,NOT RUN
word-e07db6c0ecf85bdda729116d4dd5ffa2,Pinyin/word-e07db6c0ecf85bdda729116d4dd5ffa2.wav,1084b242265bd70e0685c61bcb08a6b3172f785f5ee262b269e5d85bda9d7201,1.1,Yue Tan; SWAC / audio-cmn / Hugo Lopez,https://github.com/hugolpz/audio-cmn/blob/ff9ed3d0c631195bd2c06f39450f3264c7124040/64k/hsk/cmn-%E5%A7%90%E5%A7%90.mp3,CC BY-SA (source does not specify version),https://github.com/hugolpz/audio-cmn/blob/ff9ed3d0c631195bd2c06f39450f3264c7124040/README.md,Decoded MP3 to mono 24 kHz PCM16 WAV; no concatenation or phonetic edits.,BLOCKED,NOT RUN
word-08ac7edd49175d7e89ff9b2c65fb5fca,Pinyin/word-08ac7edd49175d7e89ff9b2c65fb5fca.wav,f83e6eaeb5cc6038cc51951f4374ad98157e281f79a67f75de4964cb52d569ea,1.25,Yue Tan; SWAC / audio-cmn / Hugo Lopez,https://github.com/hugolpz/audio-cmn/blob/ff9ed3d0c631195bd2c06f39450f3264c7124040/64k/hsk/cmn-%E9%94%A6%E7%BB%A3.mp3,CC BY-SA (source does not specify version),https://github.com/hugolpz/audio-cmn/blob/ff9ed3d0c631195bd2c06f39450f3264c7124040/README.md,Decoded MP3 to mono 24 kHz PCM16 WAV; no concatenation or phonetic edits.,BLOCKED,NOT RUN
word-7bdd6176ca5058dab12d2a5848fa542d,Pinyin/word-7bdd6176ca5058dab12d2a5848fa542d.wav,f4fadd8483dfcbc079c7414d2be3a3c37d5bb6224062f92f4aa931a242d06371,1.1,Yue Tan; SWAC / audio-cmn / Hugo Lopez,https://github.com/hugolpz/audio-cmn/blob/ff9ed3d0c631195bd2c06f39450f3264c7124040/64k/hsk/cmn-%E8%AE%B0%E5%BE%97.mp3,CC BY-SA (source does not specify version),https://github.com/hugolpz/audio-cmn/blob/ff9ed3d0c631195bd2c06f39450f3264c7124040/README.md,Decoded MP3 to mono 24 kHz PCM16 WAV; no concatenation or phonetic edits.,BLOCKED,NOT RUN
word-dd4aca3beab057c1b0028e7a8a703837,Pinyin/word-dd4aca3beab057c1b0028e7a8a703837.wav,a724901d2fa00d7af1aca71e16fdcf47d33f0b1cf4910f732e0c735b3464089f,1.3,Yue Tan; SWAC / audio-cmn / Hugo Lopez,https://github.com/hugolpz/audio-cmn/blob/ff9ed3d0c631195bd2c06f39450f3264c7124040/64k/hsk/cmn-%E5%80%9F%E5%8F%A3.mp3,CC BY-SA (source does not specify version),https://github.com/hugolpz/audio-cmn/blob/ff9ed3d0c631195bd2c06f39450f3264c7124040/README.md,Decoded MP3 to mono 24 kHz PCM16 WAV; no concatenation or phonetic edits.,BLOCKED,NOT RUN
word-3dcaa3cda2b657deb17c5acfc2e6e7df,Pinyin/word-3dcaa3cda2b657deb17c5acfc2e6e7df.wav,a6ea85243589f81a38c897779aa91655362824bafafd10de5abee6608e531719,1.35,Yue Tan; SWAC / audio-cmn / Hugo Lopez,https://github.com/hugolpz/audio-cmn/blob/ff9ed3d0c631195bd2c06f39450f3264c7124040/64k/hsk/cmn-%E8%B5%B7%E6%9D%A5.mp3,CC BY-SA (source does not specify version),https://github.com/hugolpz/audio-cmn/blob/ff9ed3d0c631195bd2c06f39450f3264c7124040/README.md,Decoded MP3 to mono 24 kHz PCM16 WAV; no concatenation or phonetic edits.,BLOCKED,NOT RUN
word-9cb712a0c24d5acaaaa11742c8fb0c37,Pinyin/word-9cb712a0c24d5acaaaa11742c8fb0c37.wav,6128f376e2348ae648f13ce7ed0175a7771902a37eec5fc907c02fdac4610ba7,1.4,Yue Tan; SWAC / audio-cmn / Hugo Lopez,https://github.com/hugolpz/audio-cmn/blob/ff9ed3d0c631195bd2c06f39450f3264c7124040/64k/hsk/cmn-%E6%B0%94%E7%90%83.mp3,CC BY-SA (source does not specify version),https://github.com/hugolpz/audio-cmn/blob/ff9ed3d0c631195bd2c06f39450f3264c7124040/README.md,Decoded MP3 to mono 24 kHz PCM16 WAV; no concatenation or phonetic edits.,BLOCKED,NOT RUN
word-0a3eb702183b5accb300847dc0111e7d,Pinyin/word-0a3eb702183b5accb300847dc0111e7d.wav,f503ea116b4ceb13645e42c3a044f03ea631dbfa5db20ac5bf1523ce02e0c88f,1.35,Yue Tan; SWAC / audio-cmn / Hugo Lopez,https://github.com/hugolpz/audio-cmn/blob/ff9ed3d0c631195bd2c06f39450f3264c7124040/64k/hsk/cmn-%E8%A5%BF%E7%93%9C.mp3,CC BY-SA (source does not specify version),https://github.com/hugolpz/audio-cmn/blob/ff9ed3d0c631195bd2c06f39450f3264c7124040/README.md,Decoded MP3 to mono 24 kHz PCM16 WAV; no concatenation or phonetic edits.,BLOCKED,NOT RUN
word-303ef5708e275b2eb3c2e696c0aba6c6,Pinyin/word-303ef5708e275b2eb3c2e696c0aba6c6.wav,3d81532ae6e06f6a4a6167d2c0d53823d0dda58a55ae1036c6f6425b1cdb04f5,1.2,Yue Tan; SWAC / audio-cmn / Hugo Lopez,https://github.com/hugolpz/audio-cmn/blob/ff9ed3d0c631195bd2c06f39450f3264c7124040/64k/hsk/cmn-%E9%9D%B4%E5%AD%90.mp3,CC BY-SA (source does not specify version),https://github.com/hugolpz/audio-cmn/blob/ff9ed3d0c631195bd2c06f39450f3264c7124040/README.md,Decoded MP3 to mono 24 kHz PCM16 WAV; no concatenation or phonetic edits.,BLOCKED,NOT RUN
word-f20f95036fc55c26bbcf6ba1dbfe1aad,Pinyin/word-f20f95036fc55c26bbcf6ba1dbfe1aad.wav,cc4aa289e48a83ef26832fe6e7a112132d16968ffe3992ebf1704dcbcf82ab37,1.3,Yue Tan; SWAC / audio-cmn / Hugo Lopez,https://github.com/hugolpz/audio-cmn/blob/ff9ed3d0c631195bd2c06f39450f3264c7124040/64k/hsk/cmn-%E5%AD%A6%E4%B9%A0.mp3,CC BY-SA (source does not specify version),https://github.com/hugolpz/audio-cmn/blob/ff9ed3d0c631195bd2c06f39450f3264c7124040/README.md,Decoded MP3 to mono 24 kHz PCM16 WAV; no concatenation or phonetic edits.,BLOCKED,NOT RUN
word-fb4554ca941a57f8ab0e095faf98e630,Pinyin/word-fb4554ca941a57f8ab0e095faf98e630.wav,f3ba468326be9ef76751d4121a4bd0d1049d3fb84af760f7ff7b00f294120837,1.35,Yue Tan; SWAC / audio-cmn / Hugo Lopez,https://github.com/hugolpz/audio-cmn/blob/ff9ed3d0c631195bd2c06f39450f3264c7124040/64k/hsk/cmn-%E6%B4%97%E6%BE%A1.mp3,CC BY-SA (source does not specify version),https://github.com/hugolpz/audio-cmn/blob/ff9ed3d0c631195bd2c06f39450f3264c7124040/README.md,Decoded MP3 to mono 24 kHz PCM16 WAV; no concatenation or phonetic edits.,BLOCKED,NOT RUN
word-f585da103ceb59c7a9c67511ac5959f3,Pinyin/word-f585da103ceb59c7a9c67511ac5959f3.wav,4fa7a91fca87694c00b5fc1006c2aeab9964d0ed7b232d28be26ac50fc9e257c,1.35,Yue Tan; SWAC / audio-cmn / Hugo Lopez,https://github.com/hugolpz/audio-cmn/blob/ff9ed3d0c631195bd2c06f39450f3264c7124040/64k/hsk/cmn-%E9%9B%AA%E8%8A%B1.mp3,CC BY-SA (source does not specify version),https://github.com/hugolpz/audio-cmn/blob/ff9ed3d0c631195bd2c06f39450f3264c7124040/README.md,Decoded MP3 to mono 24 kHz PCM16 WAV; no concatenation or phonetic edits.,BLOCKED,NOT RUN
word-89c3faa33e955d04afda05c5ec206939,Pinyin/word-89c3faa33e955d04afda05c5ec206939.wav,7ec7bf37eaddecbbd76586a20969575e0e2b6e594b930f6f606c5df97f98f769,1.4,Yue Tan; SWAC / audio-cmn / Hugo Lopez,https://github.com/hugolpz/audio-cmn/blob/ff9ed3d0c631195bd2c06f39450f3264c7124040/64k/hsk/cmn-%E7%BB%86%E5%BF%83.mp3,CC BY-SA (source does not specify version),https://github.com/hugolpz/audio-cmn/blob/ff9ed3d0c631195bd2c06f39450f3264c7124040/README.md,Decoded MP3 to mono 24 kHz PCM16 WAV; no concatenation or phonetic edits.,BLOCKED,NOT RUN
word-b06f830a41e559168ecd9106f40479f6,Pinyin/word-b06f830a41e559168ecd9106f40479f6.wav,766981a52fa6b1adee4f92fa50b20058b75ff742cd84179ed435151be87c56fd,1.15,Yue Tan; SWAC / audio-cmn / Hugo Lopez,https://github.com/hugolpz/audio-cmn/blob/ff9ed3d0c631195bd2c06f39450f3264c7124040/64k/hsk/cmn-%E8%9C%98%E8%9B%9B.mp3,CC BY-SA (source does not specify version),https://github.com/hugolpz/audio-cmn/blob/ff9ed3d0c631195bd2c06f39450f3264c7124040/README.md,Decoded MP3 to mono 24 kHz PCM16 WAV; no concatenation or phonetic edits.,BLOCKED,NOT RUN
word-21abdf7af34956a8818756a8f655a723,Pinyin/word-21abdf7af34956a8818756a8f655a723.wav,829cc5041bbe66007e38108382d2cdb5c577fd5abdf59ab1e35730222f42b038,1.3,Yue Tan; SWAC / audio-cmn / Hugo Lopez,https://github.com/hugolpz/audio-cmn/blob/ff9ed3d0c631195bd2c06f39450f3264c7124040/64k/hsk/cmn-%E7%9B%B4%E6%8E%A5.mp3,CC BY-SA (source does not specify version),https://github.com/hugolpz/audio-cmn/blob/ff9ed3d0c631195bd2c06f39450f3264c7124040/README.md,Decoded MP3 to mono 24 kHz PCM16 WAV; no concatenation or phonetic edits.,BLOCKED,NOT RUN
word-02b4ec8c8f255298931d2dda7af0212d,Pinyin/word-02b4ec8c8f255298931d2dda7af0212d.wav,0f9a1d64a3bec18cc5e53e7372d6c69a6dbe4692891bd4e09476961434c56bf1,1.3,Yue Tan; SWAC / audio-cmn / Hugo Lopez,https://github.com/hugolpz/audio-cmn/blob/ff9ed3d0c631195bd2c06f39450f3264c7124040/64k/hsk/cmn-%E7%BA%B8%E5%BC%A0.mp3,CC BY-SA (source does not specify version),https://github.com/hugolpz/audio-cmn/blob/ff9ed3d0c631195bd2c06f39450f3264c7124040/README.md,Decoded MP3 to mono 24 kHz PCM16 WAV; no concatenation or phonetic edits.,BLOCKED,NOT RUN
word-a5924a63c46c5a2b954024556380e610,Pinyin/word-a5924a63c46c5a2b954024556380e610.wav,8652b38ff55ffeab03e5b8a024be3659217f8c6c3719a3fc6dd7b23ea29b6789,1.3,Yue Tan; SWAC / audio-cmn / Hugo Lopez,https://github.com/hugolpz/audio-cmn/blob/ff9ed3d0c631195bd2c06f39450f3264c7124040/64k/hsk/cmn-%E5%B1%95%E8%A7%88.mp3,CC BY-SA (source does not specify version),https://github.com/hugolpz/audio-cmn/blob/ff9ed3d0c631195bd2c06f39450f3264c7124040/README.md,Decoded MP3 to mono 24 kHz PCM16 WAV; no concatenation or phonetic edits.,BLOCKED,NOT RUN
word-b0b4ae9ec5315eb3b76582d5ad8ae05e,Pinyin/word-b0b4ae9ec5315eb3b76582d5ad8ae05e.wav,1af04d4e0d04ad2d1cd2d15fdd32c54a34afa502f559b4c02116de0fbbbaae72,1.4,Yue Tan; SWAC / audio-cmn / Hugo Lopez,https://github.com/hugolpz/audio-cmn/blob/ff9ed3d0c631195bd2c06f39450f3264c7124040/64k/hsk/cmn-%E5%87%86%E7%A1%AE.mp3,CC BY-SA (source does not specify version),https://github.com/hugolpz/audio-cmn/blob/ff9ed3d0c631195bd2c06f39450f3264c7124040/README.md,Decoded MP3 to mono 24 kHz PCM16 WAV; no concatenation or phonetic edits.,BLOCKED,NOT RUN
word-830261cd161c559ba49ad7091a942d0a,Pinyin/word-830261cd161c559ba49ad7091a942d0a.wav,b6c8453a1b60d14413de98881837e80aa1feaff649c7d453e33450d01ba0e1ba,1.45,Yue Tan; SWAC / audio-cmn / Hugo Lopez,https://github.com/hugolpz/audio-cmn/blob/ff9ed3d0c631195bd2c06f39450f3264c7124040/64k/hsk/cmn-%E8%87%B3%E5%B0%91.mp3,CC BY-SA (source does not specify version),https://github.com/hugolpz/audio-cmn/blob/ff9ed3d0c631195bd2c06f39450f3264c7124040/README.md,Decoded MP3 to mono 24 kHz PCM16 WAV; no concatenation or phonetic edits.,BLOCKED,NOT RUN
word-1d62b473e86a584dab73070bcb297d53,Pinyin/word-1d62b473e86a584dab73070bcb297d53.wav,c0ff7218d56d251fa00c148045649a71b0c099e39e64b51d11ce190bf45df777,1.35,Yue Tan; SWAC / audio-cmn / Hugo Lopez,https://github.com/hugolpz/audio-cmn/blob/ff9ed3d0c631195bd2c06f39450f3264c7124040/64k/hsk/cmn-%E6%98%A5%E5%A4%A9.mp3,CC BY-SA (source does not specify version),https://github.com/hugolpz/audio-cmn/blob/ff9ed3d0c631195bd2c06f39450f3264c7124040/README.md,Decoded MP3 to mono 24 kHz PCM16 WAV; no concatenation or phonetic edits.,BLOCKED,NOT RUN
word-40c922673f8f5d8487f20a3be5783699,Pinyin/word-40c922673f8f5d8487f20a3be5783699.wav,7ff200ce7ecef4eb4364be78ea8a7aeb3054cbd14abb02b6ad0617d7ac870191,1.25,Yue Tan; SWAC / audio-cmn / Hugo Lopez,https://github.com/hugolpz/audio-cmn/blob/ff9ed3d0c631195bd2c06f39450f3264c7124040/64k/hsk/cmn-%E9%95%BF%E6%9C%9F.mp3,CC BY-SA (source does not specify version),https://github.com/hugolpz/audio-cmn/blob/ff9ed3d0c631195bd2c06f39450f3264c7124040/README.md,Decoded MP3 to mono 24 kHz PCM16 WAV; no concatenation or phonetic edits.,BLOCKED,NOT RUN
word-48b785fc78485027ab5d7358de1b5012,Pinyin/word-48b785fc78485027ab5d7358de1b5012.wav,2f6c690195137e7c3364e2a31c1abc7e7d70845dda8893547d56d49059c4eb0d,1.3,Yue Tan; SWAC / audio-cmn / Hugo Lopez,https://github.com/hugolpz/audio-cmn/blob/ff9ed3d0c631195bd2c06f39450f3264c7124040/64k/hsk/cmn-%E8%BF%9F%E5%88%B0.mp3,CC BY-SA (source does not specify version),https://github.com/hugolpz/audio-cmn/blob/ff9ed3d0c631195bd2c06f39450f3264c7124040/README.md,Decoded MP3 to mono 24 kHz PCM16 WAV; no concatenation or phonetic edits.,BLOCKED,NOT RUN
word-4101535499da56cf966a809dc58a6a3a,Pinyin/word-4101535499da56cf966a809dc58a6a3a.wav,492eeed990031cf29cd5e1e1b08a0e5586561b39ff562b8da853ca10e93ff411,1.15,Yue Tan; SWAC / audio-cmn / Hugo Lopez,https://github.com/hugolpz/audio-cmn/blob/ff9ed3d0c631195bd2c06f39450f3264c7124040/64k/hsk/cmn-%E5%B0%BA%E5%AD%90.mp3,CC BY-SA (source does not specify version),https://github.com/hugolpz/audio-cmn/blob/ff9ed3d0c631195bd2c06f39450f3264c7124040/README.md,Decoded MP3 to mono 24 kHz PCM16 WAV; no concatenation or phonetic edits.,BLOCKED,NOT RUN
word-fe5c204ec1355774b1248f256b54885e,Pinyin/word-fe5c204ec1355774b1248f256b54885e.wav,38eaa42f25a80f63b77861517e4190909e3aa805cc02b262dc24fc5ca3627c9a,1.45,Yue Tan; SWAC / audio-cmn / Hugo Lopez,https://github.com/hugolpz/audio-cmn/blob/ff9ed3d0c631195bd2c06f39450f3264c7124040/64k/hsk/cmn-%E7%BF%85%E8%86%80.mp3,CC BY-SA (source does not specify version),https://github.com/hugolpz/audio-cmn/blob/ff9ed3d0c631195bd2c06f39450f3264c7124040/README.md,Decoded MP3 to mono 24 kHz PCM16 WAV; no concatenation or phonetic edits.,BLOCKED,NOT RUN
word-a63a0fb3580b5877ab3fc829feaffa71,Pinyin/word-a63a0fb3580b5877ab3fc829feaffa71.wav,e6a42c6e70925bf970677b11e2c8d8ca4fb007b8f2f4a18ffe79320c99519deb,1.2,Yue Tan; SWAC / audio-cmn / Hugo Lopez,https://github.com/hugolpz/audio-cmn/blob/ff9ed3d0c631195bd2c06f39450f3264c7124040/64k/hsk/cmn-%E7%8B%AE%E5%AD%90.mp3,CC BY-SA (source does not specify version),https://github.com/hugolpz/audio-cmn/blob/ff9ed3d0c631195bd2c06f39450f3264c7124040/README.md,Decoded MP3 to mono 24 kHz PCM16 WAV; no concatenation or phonetic edits.,BLOCKED,NOT RUN
word-1758fabf05a95f2693aaeba3c2f880c5,Pinyin/word-1758fabf05a95f2693aaeba3c2f880c5.wav,437b4ddfa476bdadd2a3ab6919efca075b6d0fd9a5c9d4f4d4be27eaf6010808,1.35,Yue Tan; SWAC / audio-cmn / Hugo Lopez,https://github.com/hugolpz/audio-cmn/blob/ff9ed3d0c631195bd2c06f39450f3264c7124040/64k/hsk/cmn-%E8%AF%97%E4%BA%BA.mp3,CC BY-SA (source does not specify version),https://github.com/hugolpz/audio-cmn/blob/ff9ed3d0c631195bd2c06f39450f3264c7124040/README.md,Decoded MP3 to mono 24 kHz PCM16 WAV; no concatenation or phonetic edits.,BLOCKED,NOT RUN
word-01f6d4e6a9a959aebad0a79d18b2ed2e,Pinyin/word-01f6d4e6a9a959aebad0a79d18b2ed2e.wav,55f3d62f9980fb57ccc19169ddc6a10a85e716dc8ba5e6b9e3e646083eb368b9,1.35,Yue Tan; SWAC / audio-cmn / Hugo Lopez,https://github.com/hugolpz/audio-cmn/blob/ff9ed3d0c631195bd2c06f39450f3264c7124040/64k/hsk/cmn-%E6%97%B6%E9%97%B4.mp3,CC BY-SA (source does not specify version),https://github.com/hugolpz/audio-cmn/blob/ff9ed3d0c631195bd2c06f39450f3264c7124040/README.md,Decoded MP3 to mono 24 kHz PCM16 WAV; no concatenation or phonetic edits.,BLOCKED,NOT RUN
word-f8c2ec31913154c79abcdbdaeb5079eb,Pinyin/word-f8c2ec31913154c79abcdbdaeb5079eb.wav,e1e3413d7fb6ea7b7e8a62aeade48e7f0ab1469b867c548d83b7955586823215,1.35,Yue Tan; SWAC / audio-cmn / Hugo Lopez,https://github.com/hugolpz/audio-cmn/blob/ff9ed3d0c631195bd2c06f39450f3264c7124040/64k/hsk/cmn-%E6%B0%B4%E6%9E%9C.mp3,CC BY-SA (source does not specify version),https://github.com/hugolpz/audio-cmn/blob/ff9ed3d0c631195bd2c06f39450f3264c7124040/README.md,Decoded MP3 to mono 24 kHz PCM16 WAV; no concatenation or phonetic edits.,BLOCKED,NOT RUN
word-4928fd5ca1e95cc2876cb7e91a93200c,Pinyin/word-4928fd5ca1e95cc2876cb7e91a93200c.wav,34cafad967a592afba8635b246f9bff0e978a15a42f7a37989296bdbf9331b95,1.25,Yue Tan; SWAC / audio-cmn / Hugo Lopez,https://github.com/hugolpz/audio-cmn/blob/ff9ed3d0c631195bd2c06f39450f3264c7124040/64k/hsk/cmn-%E4%BA%8B%E6%83%85.mp3,CC BY-SA (source does not specify version),https://github.com/hugolpz/audio-cmn/blob/ff9ed3d0c631195bd2c06f39450f3264c7124040/README.md,Decoded MP3 to mono 24 kHz PCM16 WAV; no concatenation or phonetic edits.,BLOCKED,NOT RUN
word-9d3b0c87ea555730a0488bdaba1f6fb8,Pinyin/word-9d3b0c87ea555730a0488bdaba1f6fb8.wav,3ed45a4b9fa0b50d5921031ff23c2a5a993aa7326055dc2c68278146e6dcf720,1.3,Yue Tan; SWAC / audio-cmn / Hugo Lopez,https://github.com/hugolpz/audio-cmn/blob/ff9ed3d0c631195bd2c06f39450f3264c7124040/64k/hsk/cmn-%E4%BA%BA%E6%B0%91.mp3,CC BY-SA (source does not specify version),https://github.com/hugolpz/audio-cmn/blob/ff9ed3d0c631195bd2c06f39450f3264c7124040/README.md,Decoded MP3 to mono 24 kHz PCM16 WAV; no concatenation or phonetic edits.,BLOCKED,NOT RUN
word-3820ed1045c35403964253ba84f8c2a5,Pinyin/word-3820ed1045c35403964253ba84f8c2a5.wav,545dbd7408d01cdb98c9890e3ba67c490f76c2da206b5d6464a7ed0f78d3688f,1.15,Yue Tan; SWAC / audio-cmn / Hugo Lopez,https://github.com/hugolpz/audio-cmn/blob/ff9ed3d0c631195bd2c06f39450f3264c7124040/64k/hsk/cmn-%E5%AE%B9%E6%98%93.mp3,CC BY-SA (source does not specify version),https://github.com/hugolpz/audio-cmn/blob/ff9ed3d0c631195bd2c06f39450f3264c7124040/README.md,Decoded MP3 to mono 24 kHz PCM16 WAV; no concatenation or phonetic edits.,BLOCKED,NOT RUN
word-983e1a54a8015507b7eb6c7eca27ee69,Pinyin/word-983e1a54a8015507b7eb6c7eca27ee69.wav,e3da372cc00723fdf9ea1b7b30795230ee9da5663da865b5a99e94891e2b4cea,1.3,Yue Tan; SWAC / audio-cmn / Hugo Lopez,https://github.com/hugolpz/audio-cmn/blob/ff9ed3d0c631195bd2c06f39450f3264c7124040/64k/hsk/cmn-%E5%BF%8D%E8%80%90.mp3,CC BY-SA (source does not specify version),https://github.com/hugolpz/audio-cmn/blob/ff9ed3d0c631195bd2c06f39450f3264c7124040/README.md,Decoded MP3 to mono 24 kHz PCM16 WAV; no concatenation or phonetic edits.,BLOCKED,NOT RUN
word-267c3e033d0b5950b51189a9ebe83f4b,Pinyin/word-267c3e033d0b5950b51189a9ebe83f4b.wav,271257904e951df97edf0ecfd9f6698f3cd743e3fef874918ef06b8e3d8ab61a,1.25,Yue Tan; SWAC / audio-cmn / Hugo Lopez,https://github.com/hugolpz/audio-cmn/blob/ff9ed3d0c631195bd2c06f39450f3264c7124040/64k/hsk/cmn-%E6%97%A5%E8%AE%B0.mp3,CC BY-SA (source does not specify version),https://github.com/hugolpz/audio-cmn/blob/ff9ed3d0c631195bd2c06f39450f3264c7124040/README.md,Decoded MP3 to mono 24 kHz PCM16 WAV; no concatenation or phonetic edits.,BLOCKED,NOT RUN
word-5325c3f1116255d6a2e1beb2ed644c8b,Pinyin/word-5325c3f1116255d6a2e1beb2ed644c8b.wav,46a4230b45098ba75b4816770d770b9b214d862f75cb6ed8baab48e0d501ebe4,1.2,Yue Tan; SWAC / audio-cmn / Hugo Lopez,https://github.com/hugolpz/audio-cmn/blob/ff9ed3d0c631195bd2c06f39450f3264c7124040/64k/hsk/cmn-%E8%AE%A4%E7%9C%9F.mp3,CC BY-SA (source does not specify version),https://github.com/hugolpz/audio-cmn/blob/ff9ed3d0c631195bd2c06f39450f3264c7124040/README.md,Decoded MP3 to mono 24 kHz PCM16 WAV; no concatenation or phonetic edits.,BLOCKED,NOT RUN
word-82d9db4082b451539eec3abf6c4d2f83,Pinyin/word-82d9db4082b451539eec3abf6c4d2f83.wav,b213dab13d4553ced7a48f56c99491816f0b2039c3245a0948a8ced2d0d76ee2,1.45,Yue Tan; SWAC / audio-cmn / Hugo Lopez,https://github.com/hugolpz/audio-cmn/blob/ff9ed3d0c631195bd2c06f39450f3264c7124040/64k/hsk/cmn-%E8%B5%84%E6%BA%90.mp3,CC BY-SA (source does not specify version),https://github.com/hugolpz/audio-cmn/blob/ff9ed3d0c631195bd2c06f39450f3264c7124040/README.md,Decoded MP3 to mono 24 kHz PCM16 WAV; no concatenation or phonetic edits.,BLOCKED,NOT RUN
word-ef0e444e03325fdead4f719f6ed5fd13,Pinyin/word-ef0e444e03325fdead4f719f6ed5fd13.wav,9dae56b2e251d7bf37aeabfc8213fc82afb87fe78b970ab6843d07b11514091c,1.25,Yue Tan; SWAC / audio-cmn / Hugo Lopez,https://github.com/hugolpz/audio-cmn/blob/ff9ed3d0c631195bd2c06f39450f3264c7124040/64k/hsk/cmn-%E5%AD%90%E5%AD%99.mp3,CC BY-SA (source does not specify version),https://github.com/hugolpz/audio-cmn/blob/ff9ed3d0c631195bd2c06f39450f3264c7124040/README.md,Decoded MP3 to mono 24 kHz PCM16 WAV; no concatenation or phonetic edits.,BLOCKED,NOT RUN
word-9b18c225085e57dbb7b0d50a4183239a,Pinyin/word-9b18c225085e57dbb7b0d50a4183239a.wav,dfbe58e56cf6ee1def55035c6152097e6979867a19ad39827f78493456926629,1.3,Yue Tan; SWAC / audio-cmn / Hugo Lopez,https://github.com/hugolpz/audio-cmn/blob/ff9ed3d0c631195bd2c06f39450f3264c7124040/64k/hsk/cmn-%E8%87%AA%E5%B7%B1.mp3,CC BY-SA (source does not specify version),https://github.com/hugolpz/audio-cmn/blob/ff9ed3d0c631195bd2c06f39450f3264c7124040/README.md,Decoded MP3 to mono 24 kHz PCM16 WAV; no concatenation or phonetic edits.,BLOCKED,NOT RUN
word-be436479b4765054bed8bed6879c1f6f,Pinyin/word-be436479b4765054bed8bed6879c1f6f.wav,e73f8b2783e73215f3575fd56fd2871f8103feae5d7e4ab5a9ca8961790ad83f,1.4,Yue Tan; SWAC / audio-cmn / Hugo Lopez,https://github.com/hugolpz/audio-cmn/blob/ff9ed3d0c631195bd2c06f39450f3264c7124040/64k/hsk/cmn-%E5%8C%86%E5%BF%99.mp3,CC BY-SA (source does not specify version),https://github.com/hugolpz/audio-cmn/blob/ff9ed3d0c631195bd2c06f39450f3264c7124040/README.md,Decoded MP3 to mono 24 kHz PCM16 WAV; no concatenation or phonetic edits.,BLOCKED,NOT RUN
word-fe2d6e7a77f45677833d2633bc397cce,Pinyin/word-fe2d6e7a77f45677833d2633bc397cce.wav,0d659c6f039f0d3749f53ea276fd3372e82e0d29e834f97c29e24a2c7c349153,1.45,Yue Tan; SWAC / audio-cmn / Hugo Lopez,https://github.com/hugolpz/audio-cmn/blob/ff9ed3d0c631195bd2c06f39450f3264c7124040/64k/hsk/cmn-%E8%AF%8D%E5%85%B8.mp3,CC BY-SA (source does not specify version),https://github.com/hugolpz/audio-cmn/blob/ff9ed3d0c631195bd2c06f39450f3264c7124040/README.md,Decoded MP3 to mono 24 kHz PCM16 WAV; no concatenation or phonetic edits.,BLOCKED,NOT RUN
word-b4afb50e50985488825548cd6154562f,Pinyin/word-b4afb50e50985488825548cd6154562f.wav,ed0126f80829c25879da156f73aa7baf31af6e89b48c5c628a571f45fbf2dcb0,1.35,Yue Tan; SWAC / audio-cmn / Hugo Lopez,https://github.com/hugolpz/audio-cmn/blob/ff9ed3d0c631195bd2c06f39450f3264c7124040/64k/hsk/cmn-%E4%BB%8E%E6%9D%A5.mp3,CC BY-SA (source does not specify version),https://github.com/hugolpz/audio-cmn/blob/ff9ed3d0c631195bd2c06f39450f3264c7124040/README.md,Decoded MP3 to mono 24 kHz PCM16 WAV; no concatenation or phonetic edits.,BLOCKED,NOT RUN
word-7506811eda38550e858898ff7da0b4bc,Pinyin/word-7506811eda38550e858898ff7da0b4bc.wav,edef73e863ea347cdbef0e0aa511942a8fbe62a358ab39dfadf7d9e0af537f4b,1.35,Yue Tan; SWAC / audio-cmn / Hugo Lopez,https://github.com/hugolpz/audio-cmn/blob/ff9ed3d0c631195bd2c06f39450f3264c7124040/64k/hsk/cmn-%E8%8D%89%E5%9C%B0.mp3,CC BY-SA (source does not specify version),https://github.com/hugolpz/audio-cmn/blob/ff9ed3d0c631195bd2c06f39450f3264c7124040/README.md,Decoded MP3 to mono 24 kHz PCM16 WAV; no concatenation or phonetic edits.,BLOCKED,NOT RUN
word-ac5765ed62b750d8a014e4a194b4b6b7,Pinyin/word-ac5765ed62b750d8a014e4a194b4b6b7.wav,c4dbb336fe30e63987a1b2e6fee5fac149c19c3583cc4053fd4e8388255f6991,1.35,Yue Tan; SWAC / audio-cmn / Hugo Lopez,https://github.com/hugolpz/audio-cmn/blob/ff9ed3d0c631195bd2c06f39450f3264c7124040/64k/hsk/cmn-%E5%88%BA%E6%BF%80.mp3,CC BY-SA (source does not specify version),https://github.com/hugolpz/audio-cmn/blob/ff9ed3d0c631195bd2c06f39450f3264c7124040/README.md,Decoded MP3 to mono 24 kHz PCM16 WAV; no concatenation or phonetic edits.,BLOCKED,NOT RUN
word-1df35c090db15ee0b1701ab7403ca558,Pinyin/word-1df35c090db15ee0b1701ab7403ca558.wav,60ef7ee29e4d8bcfd25cc8930f6b601c21e16d110619289d2a38b6a6eb1f7d8b,1.4,Yue Tan; SWAC / audio-cmn / Hugo Lopez,https://github.com/hugolpz/audio-cmn/blob/ff9ed3d0c631195bd2c06f39450f3264c7124040/64k/hsk/cmn-%E6%A3%AE%E6%9E%97.mp3,CC BY-SA (source does not specify version),https://github.com/hugolpz/audio-cmn/blob/ff9ed3d0c631195bd2c06f39450f3264c7124040/README.md,Decoded MP3 to mono 24 kHz PCM16 WAV; no concatenation or phonetic edits.,BLOCKED,NOT RUN
word-eb017e301608501885035bed798aea87,Pinyin/word-eb017e301608501885035bed798aea87.wav,8f4f0c5e247ac0307e31be36a7975a52250887833242524b135f8bf221846bc7,1.35,Yue Tan; SWAC / audio-cmn / Hugo Lopez,https://github.com/hugolpz/audio-cmn/blob/ff9ed3d0c631195bd2c06f39450f3264c7124040/64k/hsk/cmn-%E4%B8%9D%E6%AF%AB.mp3,CC BY-SA (source does not specify version),https://github.com/hugolpz/audio-cmn/blob/ff9ed3d0c631195bd2c06f39450f3264c7124040/README.md,Decoded MP3 to mono 24 kHz PCM16 WAV; no concatenation or phonetic edits.,BLOCKED,NOT RUN
word-15499c259c7457cda76bf88320b77168,Pinyin/word-15499c259c7457cda76bf88320b77168.wav,728c4f6f3b297dfaacaafc0a70758bdb39ab3dc4d99dbd1b43d598e4e2eb04f0,1.4,Yue Tan; SWAC / audio-cmn / Hugo Lopez,https://github.com/hugolpz/audio-cmn/blob/ff9ed3d0c631195bd2c06f39450f3264c7124040/64k/hsk/cmn-%E6%AD%BB%E4%BA%A1.mp3,CC BY-SA (source does not specify version),https://github.com/hugolpz/audio-cmn/blob/ff9ed3d0c631195bd2c06f39450f3264c7124040/README.md,Decoded MP3 to mono 24 kHz PCM16 WAV; no concatenation or phonetic edits.,BLOCKED,NOT RUN
word-ffde17ed82775772869e3724b078a35a,Pinyin/word-ffde17ed82775772869e3724b078a35a.wav,b5ba7aadd8592c136925bc1c129d5b75fc8e54e1bbb1231231d5d148c8568437,1.35,Yue Tan; SWAC / audio-cmn / Hugo Lopez,https://github.com/hugolpz/audio-cmn/blob/ff9ed3d0c631195bd2c06f39450f3264c7124040/64k/hsk/cmn-%E9%9B%A8%E4%BC%9E.mp3,CC BY-SA (source does not specify version),https://github.com/hugolpz/audio-cmn/blob/ff9ed3d0c631195bd2c06f39450f3264c7124040/README.md,Decoded MP3 to mono 24 kHz PCM16 WAV; no concatenation or phonetic edits.,BLOCKED,NOT RUN
word-89d8bd9a888559c291457624b83e96f7,Pinyin/word-89d8bd9a888559c291457624b83e96f7.wav,d120aa52c31c6c8420cc4ca82a7c117da9a1d8d7ded9a9eea422d50e9cebf9d9,1.3,Yue Tan; SWAC / audio-cmn / Hugo Lopez,https://github.com/hugolpz/audio-cmn/blob/ff9ed3d0c631195bd2c06f39450f3264c7124040/64k/hsk/cmn-%E5%9B%9B%E5%AD%A3.mp3,CC BY-SA (source does not specify version),https://github.com/hugolpz/audio-cmn/blob/ff9ed3d0c631195bd2c06f39450f3264c7124040/README.md,Decoded MP3 to mono 24 kHz PCM16 WAV; no concatenation or phonetic edits.,BLOCKED,NOT RUN
word-038b9e22df0c51bc86420b10d6e45461,Pinyin/word-038b9e22df0c51bc86420b10d6e45461.wav,7926840471077b4e58edec1988fd24631f43a73ba061189b41a1f452f582eb05,1.05,Yue Tan; SWAC / audio-cmn / Hugo Lopez,https://github.com/hugolpz/audio-cmn/blob/ff9ed3d0c631195bd2c06f39450f3264c7124040/64k/hsk/cmn-%E8%A1%A3%E6%9C%8D.mp3,CC BY-SA (source does not specify version),https://github.com/hugolpz/audio-cmn/blob/ff9ed3d0c631195bd2c06f39450f3264c7124040/README.md,Decoded MP3 to mono 24 kHz PCM16 WAV; no concatenation or phonetic edits.,BLOCKED,NOT RUN
word-77e6cdbd10a15248a0a47f0f0fc5658a,Pinyin/word-77e6cdbd10a15248a0a47f0f0fc5658a.wav,b4603869eab02d301cbd496f00a3c34c88f610a22a75701555875ab27d28d744,1.25,Yue Tan; SWAC / audio-cmn / Hugo Lopez,https://github.com/hugolpz/audio-cmn/blob/ff9ed3d0c631195bd2c06f39450f3264c7124040/64k/hsk/cmn-%E7%BA%A6%E4%BC%9A.mp3,CC BY-SA (source does not specify version),https://github.com/hugolpz/audio-cmn/blob/ff9ed3d0c631195bd2c06f39450f3264c7124040/README.md,Decoded MP3 to mono 24 kHz PCM16 WAV; no concatenation or phonetic edits.,BLOCKED,NOT RUN
word-2d32161483f2558894e8fc7dae27e889,Pinyin/word-2d32161483f2558894e8fc7dae27e889.wav,828850c8532f52cfbab3ce3834deba6360d3199cefe00fac1aa0777eacbe797e,1.15,Yue Tan; SWAC / audio-cmn / Hugo Lopez,https://github.com/hugolpz/audio-cmn/blob/ff9ed3d0c631195bd2c06f39450f3264c7124040/64k/hsk/cmn-%E9%9F%B3%E4%B9%90.mp3,CC BY-SA (source does not specify version),https://github.com/hugolpz/audio-cmn/blob/ff9ed3d0c631195bd2c06f39450f3264c7124040/README.md,Decoded MP3 to mono 24 kHz PCM16 WAV; no concatenation or phonetic edits.,BLOCKED,NOT RUN
word-6a72cb687dff5a9d9feb25f7533abb98,Pinyin/word-6a72cb687dff5a9d9feb25f7533abb98.wav,c6f7e5e3c9fe1ccefabec984cfde4b9fc5da35cadbcc7e7050b007e030bc1bb6,1.15,Yue Tan; SWAC / audio-cmn / Hugo Lopez,https://github.com/hugolpz/audio-cmn/blob/ff9ed3d0c631195bd2c06f39450f3264c7124040/64k/hsk/cmn-%E5%86%A4%E6%9E%89.mp3,CC BY-SA (source does not specify version),https://github.com/hugolpz/audio-cmn/blob/ff9ed3d0c631195bd2c06f39450f3264c7124040/README.md,Decoded MP3 to mono 24 kHz PCM16 WAV; no concatenation or phonetic edits.,BLOCKED,NOT RUN
word-b1c6c3c80c4057ddaa1cb917deffde65,Pinyin/word-b1c6c3c80c4057ddaa1cb917deffde65.wav,22534fa26bca7ea1c8b767b0c6ca0e1ef87a2e0d30dc092eadfb1b1fb0d41ac3,1.15,Yue Tan; SWAC / audio-cmn / Hugo Lopez,https://github.com/hugolpz/audio-cmn/blob/ff9ed3d0c631195bd2c06f39450f3264c7124040/64k/hsk/cmn-%E5%8C%BB%E9%99%A2.mp3,CC BY-SA (source does not specify version),https://github.com/hugolpz/audio-cmn/blob/ff9ed3d0c631195bd2c06f39450f3264c7124040/README.md,Decoded MP3 to mono 24 kHz PCM16 WAV; no concatenation or phonetic edits.,BLOCKED,NOT RUN
word-e9e09145e3b95f21a9d182b0397ed503,Pinyin/word-e9e09145e3b95f21a9d182b0397ed503.wav,af32d96acb5796cb70531d9ca2a7750ebdd2b55dd90b73db95638d20a394a8d5,1.3,Yue Tan; SWAC / audio-cmn / Hugo Lopez,https://github.com/hugolpz/audio-cmn/blob/ff9ed3d0c631195bd2c06f39450f3264c7124040/64k/hsk/cmn-%E8%8B%B1%E9%9B%84.mp3,CC BY-SA (source does not specify version),https://github.com/hugolpz/audio-cmn/blob/ff9ed3d0c631195bd2c06f39450f3264c7124040/README.md,Decoded MP3 to mono 24 kHz PCM16 WAV; no concatenation or phonetic edits.,BLOCKED,NOT RUN
word-6fd969b4b50d5b66a18831a81f553b45,Pinyin/word-6fd969b4b50d5b66a18831a81f553b45.wav,6589debe6088e1885ab6bacbbfbccde8bb686f58b404ae9ccc5b111085541cf4,1.2,Yue Tan; SWAC / audio-cmn / Hugo Lopez,https://github.com/hugolpz/audio-cmn/blob/ff9ed3d0c631195bd2c06f39450f3264c7124040/64k/hsk/cmn-%E4%BA%91%E5%BD%A9.mp3,CC BY-SA (source does not specify version),https://github.com/hugolpz/audio-cmn/blob/ff9ed3d0c631195bd2c06f39450f3264c7124040/README.md,Decoded MP3 to mono 24 kHz PCM16 WAV; no concatenation or phonetic edits.,BLOCKED,NOT RUN
word-7d7ee93b9c215470af422fb2326fc347,Pinyin/word-7d7ee93b9c215470af422fb2326fc347.wav,be8a79df8eaebb41ba393ded75086340f1329d5f4cc4df976896c9afd2fad613,1.1,Yue Tan; SWAC / audio-cmn / Hugo Lopez,https://github.com/hugolpz/audio-cmn/blob/ff9ed3d0c631195bd2c06f39450f3264c7124040/64k/hsk/cmn-%E7%A7%BB%E5%8A%A8.mp3,CC BY-SA (source does not specify version),https://github.com/hugolpz/audio-cmn/blob/ff9ed3d0c631195bd2c06f39450f3264c7124040/README.md,Decoded MP3 to mono 24 kHz PCM16 WAV; no concatenation or phonetic edits.,BLOCKED,NOT RUN
word-1d3b79c1b2a35b2490835a8a7c6d7ba1,Pinyin/word-1d3b79c1b2a35b2490835a8a7c6d7ba1.wav,7fbe8b3d85f5a40ca639b96c5f043a4678fb3f88e008831860d1119738bf7858,1.25,Yue Tan; SWAC / audio-cmn / Hugo Lopez,https://github.com/hugolpz/audio-cmn/blob/ff9ed3d0c631195bd2c06f39450f3264c7124040/64k/hsk/cmn-%E9%93%B6%E8%A1%8C.mp3,CC BY-SA (source does not specify version),https://github.com/hugolpz/audio-cmn/blob/ff9ed3d0c631195bd2c06f39450f3264c7124040/README.md,Decoded MP3 to mono 24 kHz PCM16 WAV; no concatenation or phonetic edits.,BLOCKED,NOT RUN
word-b90adafff7765282b387db2276ad7df0,Pinyin/word-b90adafff7765282b387db2276ad7df0.wav,13ebd7d43f22e6f33f75b9605b07a3b65ad36a5c34c1a3239761a382f84fd716,1.1,Yue Tan; SWAC / audio-cmn / Hugo Lopez,https://github.com/hugolpz/audio-cmn/blob/ff9ed3d0c631195bd2c06f39450f3264c7124040/64k/hsk/cmn-%E7%88%B7%E7%88%B7.mp3,CC BY-SA (source does not specify version),https://github.com/hugolpz/audio-cmn/blob/ff9ed3d0c631195bd2c06f39450f3264c7124040/README.md,Decoded MP3 to mono 24 kHz PCM16 WAV; no concatenation or phonetic edits.,BLOCKED,NOT RUN
word-c94ac2aec9a1522a9c9287a80df406a6,Pinyin/word-c94ac2aec9a1522a9c9287a80df406a6.wav,0a28e221e9691d159f8cffa65883ce13ef725dc7d0f563ba3a70516cec15388e,1.25,Yue Tan; SWAC / audio-cmn / Hugo Lopez,https://github.com/hugolpz/audio-cmn/blob/ff9ed3d0c631195bd2c06f39450f3264c7124040/64k/hsk/cmn-%E5%85%83%E6%97%A6.mp3,CC BY-SA (source does not specify version),https://github.com/hugolpz/audio-cmn/blob/ff9ed3d0c631195bd2c06f39450f3264c7124040/README.md,Decoded MP3 to mono 24 kHz PCM16 WAV; no concatenation or phonetic edits.,BLOCKED,NOT RUN
word-80fc7ca3c6365f79a3ea01506e38d7c2,Pinyin/word-80fc7ca3c6365f79a3ea01506e38d7c2.wav,d060d797c08d55821e09ded5f474aa4557d2a5bb85b1c9e20ade119377f926e0,1.1,Yue Tan; SWAC / audio-cmn / Hugo Lopez,https://github.com/hugolpz/audio-cmn/blob/ff9ed3d0c631195bd2c06f39450f3264c7124040/64k/hsk/cmn-%E6%A4%85%E5%AD%90.mp3,CC BY-SA (source does not specify version),https://github.com/hugolpz/audio-cmn/blob/ff9ed3d0c631195bd2c06f39450f3264c7124040/README.md,Decoded MP3 to mono 24 kHz PCM16 WAV; no concatenation or phonetic edits.,BLOCKED,NOT RUN
word-f00422c2f1bd53faa4d904cce2a80af1,Pinyin/word-f00422c2f1bd53faa4d904cce2a80af1.wav,1a20cad3b743db9378c30c4ab44bd44116afa3755bdaa5e0e7afd247cca0ada9,1.3,Yue Tan; SWAC / audio-cmn / Hugo Lopez,https://github.com/hugolpz/audio-cmn/blob/ff9ed3d0c631195bd2c06f39450f3264c7124040/64k/hsk/cmn-%E5%BC%95%E5%AF%BC.mp3,CC BY-SA (source does not specify version),https://github.com/hugolpz/audio-cmn/blob/ff9ed3d0c631195bd2c06f39450f3264c7124040/README.md,Decoded MP3 to mono 24 kHz PCM16 WAV; no concatenation or phonetic edits.,BLOCKED,NOT RUN
word-30f1af8b80785fe18937233077edb242,Pinyin/word-30f1af8b80785fe18937233077edb242.wav,d47f5a612e2c91c9f667a26518b709646ed15396d36a5fd288f8d378cc723eda,1.3,Yue Tan; SWAC / audio-cmn / Hugo Lopez,https://github.com/hugolpz/audio-cmn/blob/ff9ed3d0c631195bd2c06f39450f3264c7124040/64k/hsk/cmn-%E5%85%81%E8%AE%B8.mp3,CC BY-SA (source does not specify version),https://github.com/hugolpz/audio-cmn/blob/ff9ed3d0c631195bd2c06f39450f3264c7124040/README.md,Decoded MP3 to mono 24 kHz PCM16 WAV; no concatenation or phonetic edits.,BLOCKED,NOT RUN
word-7c9f3cfd8e5d58b99179416180fff463,Pinyin/word-7c9f3cfd8e5d58b99179416180fff463.wav,1c1aabe45d96b53deb4afd1309fe2b14d45b9c9864a3a7198d177f28b31b68bd,1.25,Yue Tan; SWAC / audio-cmn / Hugo Lopez,https://github.com/hugolpz/audio-cmn/blob/ff9ed3d0c631195bd2c06f39450f3264c7124040/64k/hsk/cmn-%E9%87%8E%E5%A4%96.mp3,CC BY-SA (source does not specify version),https://github.com/hugolpz/audio-cmn/blob/ff9ed3d0c631195bd2c06f39450f3264c7124040/README.md,Decoded MP3 to mono 24 kHz PCM16 WAV; no concatenation or phonetic edits.,BLOCKED,NOT RUN
word-15b7d58fc2705151bc0970aac51303c5,Pinyin/word-15b7d58fc2705151bc0970aac51303c5.wav,f012b63ad09eadad427b7ea60afcb5064b7f36e89132e61efc70ef7d50f7e0a6,1.35,Yue Tan; SWAC / audio-cmn / Hugo Lopez,https://github.com/hugolpz/audio-cmn/blob/ff9ed3d0c631195bd2c06f39450f3264c7124040/64k/hsk/cmn-%E8%BF%9C%E6%96%B9.mp3,CC BY-SA (source does not specify version),https://github.com/hugolpz/audio-cmn/blob/ff9ed3d0c631195bd2c06f39450f3264c7124040/README.md,Decoded MP3 to mono 24 kHz PCM16 WAV; no concatenation or phonetic edits.,BLOCKED,NOT RUN
word-ddd310867ebf5ba48b013cb4c54a035b,Pinyin/word-ddd310867ebf5ba48b013cb4c54a035b.wav,ea53ec3152d3ec4f93852ba3fc02e478b0bbf4a31ae809d895116f9151050e09,1.1,Yue Tan; SWAC / audio-cmn / Hugo Lopez,https://github.com/hugolpz/audio-cmn/blob/ff9ed3d0c631195bd2c06f39450f3264c7124040/64k/hsk/cmn-%E6%9C%88%E4%BA%AE.mp3,CC BY-SA (source does not specify version),https://github.com/hugolpz/audio-cmn/blob/ff9ed3d0c631195bd2c06f39450f3264c7124040/README.md,Decoded MP3 to mono 24 kHz PCM16 WAV; no concatenation or phonetic edits.,BLOCKED,NOT RUN
word-66b1a566b0145de390811d6fb1eadbb1,Pinyin/word-66b1a566b0145de390811d6fb1eadbb1.wav,4951390bde2d73f781cce351bffb2161974cd0fcfa0538f484bd3553efda1297,1.1,Yue Tan; SWAC / audio-cmn / Hugo Lopez,https://github.com/hugolpz/audio-cmn/blob/ff9ed3d0c631195bd2c06f39450f3264c7124040/64k/hsk/cmn-%E6%84%8F%E6%80%9D.mp3,CC BY-SA (source does not specify version),https://github.com/hugolpz/audio-cmn/blob/ff9ed3d0c631195bd2c06f39450f3264c7124040/README.md,Decoded MP3 to mono 24 kHz PCM16 WAV; no concatenation or phonetic edits.,BLOCKED,NOT RUN
word-20b4514f503c5c95ba5572c74433fbc5,Pinyin/word-20b4514f503c5c95ba5572c74433fbc5.wav,acb79876da4411650ba1cd2578a8a3f6f17a897fd9691c116c0e0ddec116ca2f,1.4,Yue Tan; SWAC / audio-cmn / Hugo Lopez,https://github.com/hugolpz/audio-cmn/blob/ff9ed3d0c631195bd2c06f39450f3264c7124040/64k/hsk/cmn-%E7%8E%89%E7%B1%B3.mp3,CC BY-SA (source does not specify version),https://github.com/hugolpz/audio-cmn/blob/ff9ed3d0c631195bd2c06f39450f3264c7124040/README.md,Decoded MP3 to mono 24 kHz PCM16 WAV; no concatenation or phonetic edits.,BLOCKED,NOT RUN
word-a1b5eba0a9295c27903e60db94b5a8ba,Pinyin/word-a1b5eba0a9295c27903e60db94b5a8ba.wav,6fff3f438cbe12ed1de3a592b99f37e1e1b9eb2f657578aba52b8f21ab1c93df,1.2,Yue Tan; SWAC / audio-cmn / Hugo Lopez,https://github.com/hugolpz/audio-cmn/blob/ff9ed3d0c631195bd2c06f39450f3264c7124040/64k/hsk/cmn-%E5%8D%B0%E8%B1%A1.mp3,CC BY-SA (source does not specify version),https://github.com/hugolpz/audio-cmn/blob/ff9ed3d0c631195bd2c06f39450f3264c7124040/README.md,Decoded MP3 to mono 24 kHz PCM16 WAV; no concatenation or phonetic edits.,BLOCKED,NOT RUN
word-6ee2636e7c5e5bde9c80af13dca402a8,Pinyin/word-6ee2636e7c5e5bde9c80af13dca402a8.wav,00778e7ec1cb8216c7f8ca899f5ea49ee06f58ed1db2e1c52b7197785902106b,1.15,Yue Tan; SWAC / audio-cmn / Hugo Lopez,https://github.com/hugolpz/audio-cmn/blob/ff9ed3d0c631195bd2c06f39450f3264c7124040/64k/hsk/cmn-%E8%BF%90%E5%8A%A8.mp3,CC BY-SA (source does not specify version),https://github.com/hugolpz/audio-cmn/blob/ff9ed3d0c631195bd2c06f39450f3264c7124040/README.md,Decoded MP3 to mono 24 kHz PCM16 WAV; no concatenation or phonetic edits.,BLOCKED,NOT RUN
word-d67575a5b6fe5fcaba8244bafe14bb6c,Pinyin/word-d67575a5b6fe5fcaba8244bafe14bb6c.wav,b33a5a4583ae226be09615f6bb82cb81a1586cffb2fbe556e9a5713a2052762a,1.3,Yue Tan; SWAC / audio-cmn / Hugo Lopez,https://github.com/hugolpz/audio-cmn/blob/ff9ed3d0c631195bd2c06f39450f3264c7124040/64k/hsk/cmn-%E5%A4%9C%E6%99%9A.mp3,CC BY-SA (source does not specify version),https://github.com/hugolpz/audio-cmn/blob/ff9ed3d0c631195bd2c06f39450f3264c7124040/README.md,Decoded MP3 to mono 24 kHz PCM16 WAV; no concatenation or phonetic edits.,BLOCKED,NOT RUN
word-ca26d1f9bf8f547f9d0086bd736af627,Pinyin/word-ca26d1f9bf8f547f9d0086bd736af627.wav,41c3350dd9d5befbeb169999ad5522addb21f110a4616dc495b07744b3aa62a8,1.1,Yue Tan; SWAC / audio-cmn / Hugo Lopez,https://github.com/hugolpz/audio-cmn/blob/ff9ed3d0c631195bd2c06f39450f3264c7124040/64k/hsk/cmn-%E5%B1%8B%E5%AD%90.mp3,CC BY-SA (source does not specify version),https://github.com/hugolpz/audio-cmn/blob/ff9ed3d0c631195bd2c06f39450f3264c7124040/README.md,Decoded MP3 to mono 24 kHz PCM16 WAV; no concatenation or phonetic edits.,BLOCKED,NOT RUN
word-093fedbb004157f2b1e8f5c19146bf36,Pinyin/word-093fedbb004157f2b1e8f5c19146bf36.wav,c389688c3a0097b7c153fcdc6b2d5320c0f4a0f01dfcb88cdec288696ba45569,1.35,Yue Tan; SWAC / audio-cmn / Hugo Lopez,https://github.com/hugolpz/audio-cmn/blob/ff9ed3d0c631195bd2c06f39450f3264c7124040/64k/hsk/cmn-%E6%B8%A9%E6%9A%96.mp3,CC BY-SA (source does not specify version),https://github.com/hugolpz/audio-cmn/blob/ff9ed3d0c631195bd2c06f39450f3264c7124040/README.md,Decoded MP3 to mono 24 kHz PCM16 WAV; no concatenation or phonetic edits.,BLOCKED,NOT RUN
word-0e265b538ec156779bd37613d9fe36a7,Pinyin/word-0e265b538ec156779bd37613d9fe36a7.wav,19f2d01fcd36227c3d4e06cf292173ceca36a2d3c13072c433c4c547b1d20ceb,1.3,Yue Tan; SWAC / audio-cmn / Hugo Lopez,https://github.com/hugolpz/audio-cmn/blob/ff9ed3d0c631195bd2c06f39450f3264c7124040/64k/hsk/cmn-%E6%97%A0%E6%95%B0.mp3,CC BY-SA (source does not specify version),https://github.com/hugolpz/audio-cmn/blob/ff9ed3d0c631195bd2c06f39450f3264c7124040/README.md,Decoded MP3 to mono 24 kHz PCM16 WAV; no concatenation or phonetic edits.,BLOCKED,NOT RUN
word-2fc52eb9e4b8514cb2033f1e5ebc97df,Pinyin/word-2fc52eb9e4b8514cb2033f1e5ebc97df.wav,69032ad0f4037080b80cdeeae68eb4cad4e1fb7f081a23cb3c8fb15a8dbf0dec,1.1,Yue Tan; SWAC / audio-cmn / Hugo Lopez,https://github.com/hugolpz/audio-cmn/blob/ff9ed3d0c631195bd2c06f39450f3264c7124040/64k/hsk/cmn-%E6%88%91%E4%BB%AC.mp3,CC BY-SA (source does not specify version),https://github.com/hugolpz/audio-cmn/blob/ff9ed3d0c631195bd2c06f39450f3264c7124040/README.md,Decoded MP3 to mono 24 kHz PCM16 WAV; no concatenation or phonetic edits.,BLOCKED,NOT RUN
word-45603d43843d5684ad946b69b5766729,Pinyin/word-45603d43843d5684ad946b69b5766729.wav,859b0448270425618ca17faf735608741aa4a89ce6ba23074ac80847dd0e7299,1.2,Yue Tan; SWAC / audio-cmn / Hugo Lopez,https://github.com/hugolpz/audio-cmn/blob/ff9ed3d0c631195bd2c06f39450f3264c7124040/64k/hsk/cmn-%E5%8D%88%E9%A5%AD.mp3,CC BY-SA (source does not specify version),https://github.com/hugolpz/audio-cmn/blob/ff9ed3d0c631195bd2c06f39450f3264c7124040/README.md,Decoded MP3 to mono 24 kHz PCM16 WAV; no concatenation or phonetic edits.,BLOCKED,NOT RUN
word-7bc5df695ab45af5849b0587c981aa33,Pinyin/word-7bc5df695ab45af5849b0587c981aa33.wav,3d7916f1213f8d258fc189fb195bf378cac08f88891e533a5dc2a64baaf88cdc,1.3,Yue Tan; SWAC / audio-cmn / Hugo Lopez,https://github.com/hugolpz/audio-cmn/blob/ff9ed3d0c631195bd2c06f39450f3264c7124040/64k/hsk/cmn-%E7%89%A9%E5%93%81.mp3,CC BY-SA (source does not specify version),https://github.com/hugolpz/audio-cmn/blob/ff9ed3d0c631195bd2c06f39450f3264c7124040/README.md,Decoded MP3 to mono 24 kHz PCM16 WAV; no concatenation or phonetic edits.,BLOCKED,NOT RUN
word-89b2ac4d80035d5686cabbc0662635c9,Pinyin/word-89b2ac4d80035d5686cabbc0662635c9.wav,49a4d8a71b27a09d8315fb1a3b18cb327144649ff9f77b7a66eeeeaabaf8d823,1.2,Yue Tan; SWAC / audio-cmn / Hugo Lopez,https://github.com/hugolpz/audio-cmn/blob/ff9ed3d0c631195bd2c06f39450f3264c7124040/64k/hsk/cmn-%E9%98%BF%E5%A7%A8.mp3,CC BY-SA (source does not specify version),https://github.com/hugolpz/audio-cmn/blob/ff9ed3d0c631195bd2c06f39450f3264c7124040/README.md,Decoded MP3 to mono 24 kHz PCM16 WAV; no concatenation or phonetic edits.,BLOCKED,NOT RUN
word-c067ccfbe89a536f9307b3ca9df09797,Pinyin/word-c067ccfbe89a536f9307b3ca9df09797.wav,07c84c150bedeb4515534904c719d05ba5b1f91b49ffd0a72b4be3bd72cbc284,1.2,Yue Tan; SWAC / audio-cmn / Hugo Lopez,https://github.com/hugolpz/audio-cmn/blob/ff9ed3d0c631195bd2c06f39450f3264c7124040/64k/hsk/cmn-%E9%A2%9D%E5%A4%96.mp3,CC BY-SA (source does not specify version),https://github.com/hugolpz/audio-cmn/blob/ff9ed3d0c631195bd2c06f39450f3264c7124040/README.md,Decoded MP3 to mono 24 kHz PCM16 WAV; no concatenation or phonetic edits.,BLOCKED,NOT RUN
word-8dbc220d32a45c2382ccb1c622cb66bc,Pinyin/word-8dbc220d32a45c2382ccb1c622cb66bc.wav,2c00691e0efeb06b80e06489553aeb0e5c7ede2d43373591635fa4cf2b16a78c,1.15,Yue Tan; SWAC / audio-cmn / Hugo Lopez,https://github.com/hugolpz/audio-cmn/blob/ff9ed3d0c631195bd2c06f39450f3264c7124040/64k/hsk/cmn-%E6%81%B6%E5%BF%83.mp3,CC BY-SA (source does not specify version),https://github.com/hugolpz/audio-cmn/blob/ff9ed3d0c631195bd2c06f39450f3264c7124040/README.md,Decoded MP3 to mono 24 kHz PCM16 WAV; no concatenation or phonetic edits.,BLOCKED,NOT RUN
word-becfea5643bc56449ba553bfc8ca001a,Pinyin/word-becfea5643bc56449ba553bfc8ca001a.wav,e1c48b16e8820aff19f5d8356cc43cc8b5f7088077d7f824fdd1fc3e8425e20f,1.25,Yue Tan; SWAC / audio-cmn / Hugo Lopez,https://github.com/hugolpz/audio-cmn/blob/ff9ed3d0c631195bd2c06f39450f3264c7124040/64k/hsk/cmn-%E7%88%B1%E5%A5%BD.mp3,CC BY-SA (source does not specify version),https://github.com/hugolpz/audio-cmn/blob/ff9ed3d0c631195bd2c06f39450f3264c7124040/README.md,Decoded MP3 to mono 24 kHz PCM16 WAV; no concatenation or phonetic edits.,BLOCKED,NOT RUN
word-a5c9599497da5801a16a8112e88ce139,Pinyin/word-a5c9599497da5801a16a8112e88ce139.wav,5bf0dccb64bc234aa03dcbdfacce69350a0793ac831a0af6a73d934d8d372b62,1.4,Yue Tan; SWAC / audio-cmn / Hugo Lopez,https://github.com/hugolpz/audio-cmn/blob/ff9ed3d0c631195bd2c06f39450f3264c7124040/64k/hsk/cmn-%E5%84%BF%E7%AB%A5.mp3,CC BY-SA (source does not specify version),https://github.com/hugolpz/audio-cmn/blob/ff9ed3d0c631195bd2c06f39450f3264c7124040/README.md,Decoded MP3 to mono 24 kHz PCM16 WAV; no concatenation or phonetic edits.,BLOCKED,NOT RUN
word-6266bb5f7f2556aa9b93545275194b16,Pinyin/word-6266bb5f7f2556aa9b93545275194b16.wav,17b3eab8360ffb833e903081ddfef61820410c1e3d1b285bd9db215fc2498f3b,1.15,Yue Tan; SWAC / audio-cmn / Hugo Lopez,https://github.com/hugolpz/audio-cmn/blob/ff9ed3d0c631195bd2c06f39450f3264c7124040/64k/hsk/cmn-%E8%80%B3%E6%9C%B5.mp3,CC BY-SA (source does not specify version),https://github.com/hugolpz/audio-cmn/blob/ff9ed3d0c631195bd2c06f39450f3264c7124040/README.md,Decoded MP3 to mono 24 kHz PCM16 WAV; no concatenation or phonetic edits.,BLOCKED,NOT RUN
word-942aae89c35056b6a66c290a27858c63,Pinyin/word-942aae89c35056b6a66c290a27858c63.wav,038e89cfb75d43b1dd993428563db974bd685ad520cd6e1291a994ebdfc0ac4a,1.9,Yue Tan; SWAC / audio-cmn / Hugo Lopez,https://github.com/hugolpz/audio-cmn/blob/ff9ed3d0c631195bd2c06f39450f3264c7124040/64k/hsk/cmn-%E4%BA%8C%E6%B0%A7%E5%8C%96%E7%A2%B3.mp3,CC BY-SA (source does not specify version),https://github.com/hugolpz/audio-cmn/blob/ff9ed3d0c631195bd2c06f39450f3264c7124040/README.md,Decoded MP3 to mono 24 kHz PCM16 WAV; no concatenation or phonetic edits.,BLOCKED,NOT RUN
word-c981cbe2a5495388a9bf70a8fae5c962,Pinyin/word-c981cbe2a5495388a9bf70a8fae5c962.wav,7be537b3f95e774d8d70a9e851fc32c6f5f133b406f2a54f8e67f05f0c3ee926,1.35,Yue Tan; SWAC / audio-cmn / Hugo Lopez,https://github.com/hugolpz/audio-cmn/blob/ff9ed3d0c631195bd2c06f39450f3264c7124040/64k/hsk/cmn-%E5%AE%89%E5%85%A8.mp3,CC BY-SA (source does not specify version),https://github.com/hugolpz/audio-cmn/blob/ff9ed3d0c631195bd2c06f39450f3264c7124040/README.md,Decoded MP3 to mono 24 kHz PCM16 WAV; no concatenation or phonetic edits.,BLOCKED,NOT RUN
